variant	af	filter-pvalue	lrt-pvalue	beta	beta-std-err	intercept	PC1	PC2	notes
group_7680	9.90E-01	3.15E-01	1.00E+00	1.55E+00	3.42E+00	-2.29E+00	-2.42E+01	3.24E+01	bad-chisq
group_7665	9.90E-01	3.15E-01	1.00E+00	1.81E+00	3.47E+00	-2.61E+00	-2.41E+01	3.25E+01	bad-chisq
group_7641	9.90E-01	3.15E-01	1.00E+00	1.81E+00	3.47E+00	-2.61E+00	-2.41E+01	3.25E+01	bad-chisq
srpI	9.90E-01	3.15E-01	1.00E+00	1.81E+00	3.47E+00	-2.61E+00	-2.41E+01	3.25E+01	bad-chisq
group_7613	9.90E-01	3.15E-01	1.00E+00	-1.44E+00	3.43E+00	5.99E-01	-2.45E+01	3.25E+01	bad-chisq
group_7509	9.90E-01	3.15E-01	1.00E+00	-3.28E+00	3.47E+00	2.48E+00	-2.42E+01	3.25E+01	bad-chisq
group_7494	9.90E-01	3.15E-01	1.00E+00	1.55E+00	3.42E+00	-2.29E+00	-2.42E+01	3.24E+01	bad-chisq
group_7458	9.90E-01	3.15E-01	1.00E+00	-3.28E+00	3.47E+00	2.48E+00	-2.42E+01	3.25E+01	bad-chisq
group_7434	9.90E-01	3.15E-01	1.00E+00	1.81E+00	3.47E+00	-2.61E+00	-2.41E+01	3.25E+01	bad-chisq
group_7433	9.90E-01	3.15E-01	1.00E+00	1.81E+00	3.47E+00	-2.61E+00	-2.41E+01	3.25E+01	bad-chisq
group_7421	9.90E-01	3.15E-01	1.00E+00	-9.60E-01	3.47E+00	1.86E-01	-2.40E+01	3.22E+01	bad-chisq
group_7414	9.90E-01	3.15E-01	1.00E+00	-5.65E+01	3.47E+00	5.57E+01	-2.42E+01	3.26E+01	bad-chisq
group_7413	9.90E-01	3.15E-01	1.00E+00	-3.28E+00	3.47E+00	2.48E+00	-2.42E+01	3.25E+01	bad-chisq
group_7410	9.90E-01	3.15E-01	1.00E+00	-3.28E+00	3.47E+00	2.48E+00	-2.42E+01	3.25E+01	bad-chisq
group_7409	9.90E-01	3.15E-01	1.00E+00	-3.28E+00	3.47E+00	2.48E+00	-2.42E+01	3.25E+01	bad-chisq
pobR	9.90E-01	3.15E-01	1.00E+00	1.81E+00	3.47E+00	-2.61E+00	-2.41E+01	3.25E+01	bad-chisq
group_7387	9.90E-01	3.15E-01	1.00E+00	-5.65E+01	3.47E+00	5.57E+01	-2.42E+01	3.26E+01	bad-chisq
group_7384	9.90E-01	3.15E-01	1.00E+00	-3.28E+00	3.47E+00	2.48E+00	-2.42E+01	3.25E+01	bad-chisq
group_7365	9.90E-01	3.15E-01	1.00E+00	-9.60E-01	3.47E+00	1.86E-01	-2.40E+01	3.22E+01	bad-chisq
group_7292	9.90E-01	3.15E-01	9.58E-02	3.78E+00	3.34E+00	-4.67E+00	-2.62E+01	3.68E+01	bad-chisq
group_7290	9.90E-01	3.15E-01	1.00E+00	-5.65E+01	3.47E+00	5.57E+01	-2.42E+01	3.26E+01	bad-chisq
group_7283	9.90E-01	3.15E-01	1.00E+00	1.81E+00	3.47E+00	-2.61E+00	-2.41E+01	3.25E+01	bad-chisq
group_7282	9.90E-01	3.15E-01	1.00E+00	1.81E+00	3.47E+00	-2.61E+00	-2.41E+01	3.25E+01	bad-chisq
group_7278	9.90E-01	3.15E-01	1.00E+00	-5.65E+01	3.47E+00	5.57E+01	-2.42E+01	3.26E+01	bad-chisq
group_7273	9.90E-01	3.15E-01	1.00E+00	1.55E+00	3.42E+00	-2.29E+00	-2.42E+01	3.24E+01	bad-chisq
group_7260	9.90E-01	3.15E-01	1.00E+00	-9.60E-01	3.47E+00	1.86E-01	-2.40E+01	3.22E+01	bad-chisq
group_7256	9.90E-01	3.15E-01	1.00E+00	1.81E+00	3.47E+00	-2.61E+00	-2.41E+01	3.25E+01	bad-chisq
group_7255	9.90E-01	3.15E-01	1.00E+00	1.81E+00	3.47E+00	-2.61E+00	-2.41E+01	3.25E+01	bad-chisq
group_7207	9.90E-01	3.15E-01	1.00E+00	8.49E-01	3.44E+00	-1.62E+00	-2.40E+01	3.26E+01	bad-chisq
ant3IIa	9.90E-01	3.15E-01	1.00E+00	-5.65E+01	3.47E+00	5.57E+01	-2.42E+01	3.26E+01	bad-chisq
group_7201	9.90E-01	3.15E-01	1.00E+00	1.81E+00	3.47E+00	-2.61E+00	-2.41E+01	3.25E+01	bad-chisq
group_7136	9.90E-01	3.15E-01	1.00E+00	1.81E+00	3.47E+00	-2.61E+00	-2.41E+01	3.25E+01	bad-chisq
group_7130	9.90E-01	3.15E-01	1.00E+00	1.81E+00	3.47E+00	-2.61E+00	-2.41E+01	3.25E+01	bad-chisq
group_7070	9.90E-01	3.15E-01	1.00E+00	1.55E+00	3.42E+00	-2.29E+00	-2.42E+01	3.24E+01	bad-chisq
group_7042	9.90E-01	3.15E-01	1.00E+00	1.81E+00	3.47E+00	-2.61E+00	-2.41E+01	3.25E+01	bad-chisq
group_6997	9.90E-01	3.15E-01	1.00E+00	-5.65E+01	3.47E+00	5.57E+01	-2.42E+01	3.26E+01	bad-chisq
group_6984	9.90E-01	3.15E-01	1.00E+00	1.81E+00	3.47E+00	-2.61E+00	-2.41E+01	3.25E+01	bad-chisq
group_6983	9.90E-01	3.15E-01	1.00E+00	-5.65E+01	3.47E+00	5.57E+01	-2.42E+01	3.26E+01	bad-chisq
group_6968	9.90E-01	3.15E-01	1.00E+00	-5.65E+01	3.47E+00	5.57E+01	-2.42E+01	3.26E+01	bad-chisq
group_6963	9.90E-01	3.15E-01	1.00E+00	-9.60E-01	3.47E+00	1.86E-01	-2.40E+01	3.22E+01	bad-chisq
group_6951	9.90E-01	3.15E-01	1.00E+00	-5.65E+01	3.47E+00	5.57E+01	-2.42E+01	3.26E+01	bad-chisq
group_6939	9.90E-01	3.15E-01	1.00E+00	-5.65E+01	3.47E+00	5.57E+01	-2.42E+01	3.26E+01	bad-chisq
tcyC~~~artM	9.90E-01	3.15E-01	1.00E+00	-2.07E+00	3.47E+00	1.28E+00	-2.41E+01	3.24E+01	bad-chisq
group_6869	9.90E-01	3.15E-01	1.00E+00	-5.65E+01	3.47E+00	5.57E+01	-2.42E+01	3.26E+01	bad-chisq
group_6825	9.90E-01	3.15E-01	1.00E+00	-2.07E+00	3.47E+00	1.28E+00	-2.41E+01	3.24E+01	bad-chisq
btuE	9.90E-01	3.15E-01	1.00E+00	-9.60E-01	3.47E+00	1.86E-01	-2.40E+01	3.22E+01	bad-chisq
group_6813	9.90E-01	3.15E-01	1.00E+00	-3.28E+00	3.47E+00	2.48E+00	-2.42E+01	3.25E+01	bad-chisq
group_6810	9.90E-01	3.15E-01	1.00E+00	-3.28E+00	3.47E+00	2.48E+00	-2.42E+01	3.25E+01	bad-chisq
group_6774	9.90E-01	3.15E-01	1.00E+00	-5.65E+01	3.47E+00	5.57E+01	-2.42E+01	3.26E+01	bad-chisq
group_6758	9.90E-01	3.15E-01	1.00E+00	-3.28E+00	3.47E+00	2.48E+00	-2.42E+01	3.25E+01	bad-chisq
group_6739	9.90E-01	3.15E-01	1.00E+00	-5.65E+01	3.47E+00	5.57E+01	-2.42E+01	3.26E+01	bad-chisq
group_6730	9.90E-01	3.15E-01	1.00E+00	1.81E+00	3.47E+00	-2.61E+00	-2.41E+01	3.25E+01	bad-chisq
group_6727	9.90E-01	3.15E-01	1.00E+00	-9.60E-01	3.47E+00	1.86E-01	-2.40E+01	3.22E+01	bad-chisq
group_6716	9.90E-01	3.15E-01	1.00E+00	-5.65E+01	3.47E+00	5.57E+01	-2.42E+01	3.26E+01	bad-chisq
group_6704	9.90E-01	3.15E-01	1.00E+00	-5.65E+01	3.47E+00	5.57E+01	-2.42E+01	3.26E+01	bad-chisq
group_6701	9.90E-01	3.15E-01	1.00E+00	-5.65E+01	3.47E+00	5.57E+01	-2.42E+01	3.26E+01	bad-chisq
group_6124	9.90E-01	3.15E-01	1.00E+00	8.49E-01	3.44E+00	-1.62E+00	-2.40E+01	3.26E+01	bad-chisq
group_6103	9.90E-01	3.15E-01	1.00E+00	-5.65E+01	3.47E+00	5.57E+01	-2.42E+01	3.26E+01	bad-chisq
group_5836	9.90E-01	3.15E-01	1.00E+00	1.81E+00	3.47E+00	-2.61E+00	-2.41E+01	3.25E+01	bad-chisq
group_5669	9.90E-01	3.15E-01	1.00E+00	1.81E+00	3.47E+00	-2.61E+00	-2.41E+01	3.25E+01	bad-chisq
group_5517	9.90E-01	3.15E-01	1.00E+00	-1.80E+00	3.47E+00	1.02E+00	-2.41E+01	3.24E+01	bad-chisq
group_5475	9.90E-01	3.15E-01	1.00E+00	-9.60E-01	3.47E+00	1.86E-01	-2.40E+01	3.22E+01	bad-chisq
group_5474	9.90E-01	3.15E-01	1.00E+00	-5.65E+01	3.47E+00	5.57E+01	-2.42E+01	3.26E+01	bad-chisq
group_5352	9.90E-01	3.15E-01	1.00E+00	1.81E+00	3.47E+00	-2.61E+00	-2.41E+01	3.25E+01	bad-chisq
group_5244	9.90E-01	3.15E-01	1.00E+00	-2.38E+00	3.47E+00	1.59E+00	-2.41E+01	3.25E+01	bad-chisq
group_5228	9.90E-01	3.15E-01	1.00E+00	1.81E+00	3.47E+00	-2.61E+00	-2.41E+01	3.25E+01	bad-chisq
group_5067	9.90E-01	3.15E-01	1.00E+00	1.81E+00	3.47E+00	-2.61E+00	-2.41E+01	3.25E+01	bad-chisq
group_5011	9.90E-01	3.15E-01	1.00E+00	-9.60E-01	3.47E+00	1.86E-01	-2.40E+01	3.22E+01	bad-chisq
group_4985	9.90E-01	3.15E-01	1.00E+00	-4.67E-01	3.45E+00	-3.38E-01	-2.41E+01	3.21E+01	bad-chisq
group_4857	9.90E-01	3.15E-01	1.00E+00	-5.65E+01	3.47E+00	5.57E+01	-2.42E+01	3.26E+01	bad-chisq
group_4775	9.90E-01	3.15E-01	1.00E+00	-3.28E+00	3.47E+00	2.48E+00	-2.42E+01	3.25E+01	bad-chisq
group_4620	9.90E-01	3.15E-01	1.00E+00	-3.28E+00	3.47E+00	2.48E+00	-2.42E+01	3.25E+01	bad-chisq
group_4580	9.90E-01	3.15E-01	1.00E+00	-5.65E+01	3.47E+00	5.57E+01	-2.42E+01	3.26E+01	bad-chisq
group_4538	9.90E-01	3.15E-01	1.00E+00	-5.65E+01	3.47E+00	5.57E+01	-2.42E+01	3.26E+01	bad-chisq
group_4512	9.90E-01	3.15E-01	1.00E+00	-5.65E+01	3.47E+00	5.57E+01	-2.42E+01	3.26E+01	bad-chisq
group_4501	9.90E-01	3.15E-01	1.00E+00	-9.60E-01	3.47E+00	1.86E-01	-2.40E+01	3.22E+01	bad-chisq
group_4500	9.90E-01	3.15E-01	1.00E+00	1.81E+00	3.47E+00	-2.61E+00	-2.41E+01	3.25E+01	bad-chisq
group_4356	9.90E-01	3.15E-01	1.00E+00	-9.60E-01	3.47E+00	1.86E-01	-2.40E+01	3.22E+01	bad-chisq
group_4355	9.90E-01	3.15E-01	1.00E+00	1.81E+00	3.47E+00	-2.61E+00	-2.41E+01	3.25E+01	bad-chisq
group_4283	9.90E-01	3.15E-01	1.00E+00	1.81E+00	3.47E+00	-2.61E+00	-2.41E+01	3.25E+01	bad-chisq
group_4190	9.90E-01	3.15E-01	1.00E+00	1.81E+00	3.47E+00	-2.61E+00	-2.41E+01	3.25E+01	bad-chisq
group_3993	9.90E-01	3.15E-01	1.00E+00	-2.07E+00	3.47E+00	1.28E+00	-2.41E+01	3.24E+01	bad-chisq
group_3972	9.90E-01	3.15E-01	1.00E+00	-3.28E+00	3.47E+00	2.48E+00	-2.42E+01	3.25E+01	bad-chisq
group_3962	9.90E-01	3.15E-01	1.00E+00	-3.28E+00	3.47E+00	2.48E+00	-2.42E+01	3.25E+01	bad-chisq
group_3961	9.90E-01	3.15E-01	1.00E+00	1.81E+00	3.47E+00	-2.61E+00	-2.41E+01	3.25E+01	bad-chisq
allR	9.90E-01	3.15E-01	1.00E+00	-3.28E+00	3.47E+00	2.48E+00	-2.42E+01	3.25E+01	bad-chisq
group_3885	9.90E-01	3.15E-01	1.00E+00	-5.65E+01	3.47E+00	5.57E+01	-2.42E+01	3.26E+01	bad-chisq
group_3834	9.90E-01	3.15E-01	1.00E+00	1.81E+00	3.47E+00	-2.61E+00	-2.41E+01	3.25E+01	bad-chisq
group_3826	9.90E-01	3.15E-01	1.00E+00	-5.65E+01	3.47E+00	5.57E+01	-2.42E+01	3.26E+01	bad-chisq
group_3774	9.90E-01	3.15E-01	1.00E+00	-5.65E+01	3.47E+00	5.57E+01	-2.42E+01	3.26E+01	bad-chisq
group_3721	9.90E-01	3.15E-01	1.00E+00	1.81E+00	3.47E+00	-2.61E+00	-2.41E+01	3.25E+01	bad-chisq
group_3558	9.90E-01	3.15E-01	1.00E+00	1.81E+00	3.47E+00	-2.61E+00	-2.41E+01	3.25E+01	bad-chisq
group_3555	9.90E-01	3.15E-01	1.00E+00	8.49E-01	3.44E+00	-1.62E+00	-2.40E+01	3.26E+01	bad-chisq
group_3484	9.90E-01	3.15E-01	1.00E+00	8.49E-01	3.44E+00	-1.62E+00	-2.40E+01	3.26E+01	bad-chisq
group_3336	9.90E-01	3.15E-01	1.00E+00	-3.28E+00	3.47E+00	2.48E+00	-2.42E+01	3.25E+01	bad-chisq
group_3257	9.90E-01	3.15E-01	1.00E+00	-5.65E+01	3.47E+00	5.57E+01	-2.42E+01	3.26E+01	bad-chisq
group_3154	9.90E-01	3.15E-01	1.00E+00	1.81E+00	3.47E+00	-2.61E+00	-2.41E+01	3.25E+01	bad-chisq
group_3089	9.90E-01	3.15E-01	1.00E+00	-3.28E+00	3.47E+00	2.48E+00	-2.42E+01	3.25E+01	bad-chisq
group_3028	9.90E-01	3.15E-01	1.00E+00	-5.65E+01	3.47E+00	5.57E+01	-2.42E+01	3.26E+01	bad-chisq
mscS	9.90E-01	3.15E-01	1.00E+00	-3.28E+00	3.47E+00	2.48E+00	-2.42E+01	3.25E+01	bad-chisq
group_2953	9.90E-01	3.15E-01	1.00E+00	-5.65E+01	3.47E+00	5.57E+01	-2.42E+01	3.26E+01	bad-chisq
group_2875	9.90E-01	3.15E-01	1.00E+00	-3.28E+00	3.47E+00	2.48E+00	-2.42E+01	3.25E+01	bad-chisq
group_2792	9.90E-01	3.15E-01	1.00E+00	-9.60E-01	3.47E+00	1.86E-01	-2.40E+01	3.22E+01	bad-chisq
group_2770	9.90E-01	3.15E-01	1.00E+00	-9.60E-01	3.47E+00	1.86E-01	-2.40E+01	3.22E+01	bad-chisq
group_2719	9.90E-01	3.15E-01	1.00E+00	-5.65E+01	3.47E+00	5.57E+01	-2.42E+01	3.26E+01	bad-chisq
group_2641	9.90E-01	3.15E-01	1.00E+00	-2.04E+00	3.47E+00	1.25E+00	-2.41E+01	3.24E+01	bad-chisq
group_2569	9.90E-01	3.15E-01	1.00E+00	1.55E+00	3.42E+00	-2.29E+00	-2.42E+01	3.24E+01	bad-chisq
group_2424	9.90E-01	3.15E-01	1.00E+00	-1.44E+00	3.43E+00	5.99E-01	-2.45E+01	3.25E+01	bad-chisq
group_2423	9.90E-01	3.15E-01	1.00E+00	-3.28E+00	3.47E+00	2.48E+00	-2.42E+01	3.25E+01	bad-chisq
group_2411	9.90E-01	3.15E-01	1.00E+00	8.49E-01	3.44E+00	-1.62E+00	-2.40E+01	3.26E+01	bad-chisq
group_2387	9.90E-01	3.15E-01	1.00E+00	-3.28E+00	3.47E+00	2.48E+00	-2.42E+01	3.25E+01	bad-chisq
group_2380	9.90E-01	3.15E-01	1.00E+00	1.81E+00	3.47E+00	-2.61E+00	-2.41E+01	3.25E+01	bad-chisq
group_2375	9.90E-01	3.15E-01	1.00E+00	1.81E+00	3.47E+00	-2.61E+00	-2.41E+01	3.25E+01	bad-chisq
group_2363	9.90E-01	3.15E-01	1.00E+00	-9.60E-01	3.47E+00	1.86E-01	-2.40E+01	3.22E+01	bad-chisq
pgaD	9.90E-01	3.15E-01	1.00E+00	-3.28E+00	3.47E+00	2.48E+00	-2.42E+01	3.25E+01	bad-chisq
ddrR	9.90E-01	3.15E-01	1.00E+00	1.81E+00	3.47E+00	-2.61E+00	-2.41E+01	3.25E+01	bad-chisq
group_2345	9.90E-01	3.15E-01	1.00E+00	-9.60E-01	3.47E+00	1.86E-01	-2.40E+01	3.22E+01	bad-chisq
group_2343	9.90E-01	3.15E-01	1.00E+00	-2.42E+00	3.47E+00	1.63E+00	-2.41E+01	3.25E+01	bad-chisq
group_2325	9.90E-01	3.15E-01	1.00E+00	-1.44E+00	3.43E+00	5.99E-01	-2.45E+01	3.25E+01	bad-chisq
group_2282	9.90E-01	3.15E-01	1.00E+00	1.81E+00	3.47E+00	-2.61E+00	-2.41E+01	3.25E+01	bad-chisq
group_2269	9.90E-01	3.15E-01	1.00E+00	-3.28E+00	3.47E+00	2.48E+00	-2.42E+01	3.25E+01	bad-chisq
group_2258	9.90E-01	3.15E-01	1.00E+00	1.81E+00	3.47E+00	-2.61E+00	-2.41E+01	3.25E+01	bad-chisq
group_2248	9.90E-01	3.15E-01	1.00E+00	1.81E+00	3.47E+00	-2.61E+00	-2.41E+01	3.25E+01	bad-chisq
group_2246	9.90E-01	3.15E-01	1.00E+00	1.55E+00	3.42E+00	-2.29E+00	-2.42E+01	3.24E+01	bad-chisq
group_2223	9.90E-01	3.15E-01	1.00E+00	1.55E+00	3.42E+00	-2.29E+00	-2.42E+01	3.24E+01	bad-chisq
group_2197	9.90E-01	3.15E-01	1.00E+00	1.55E+00	3.42E+00	-2.29E+00	-2.42E+01	3.24E+01	bad-chisq
group_2092	9.90E-01	3.15E-01	1.00E+00	-5.65E+01	3.47E+00	5.57E+01	-2.42E+01	3.26E+01	bad-chisq
group_2077	9.90E-01	3.15E-01	1.00E+00	-2.04E+00	3.47E+00	1.25E+00	-2.41E+01	3.24E+01	bad-chisq
group_2069	9.90E-01	3.15E-01	1.00E+00	1.81E+00	3.47E+00	-2.61E+00	-2.41E+01	3.25E+01	bad-chisq
group_2053	9.90E-01	3.15E-01	1.00E+00	-9.60E-01	3.47E+00	1.86E-01	-2.40E+01	3.22E+01	bad-chisq
fabG	9.90E-01	3.15E-01	1.00E+00	1.81E+00	3.47E+00	-2.61E+00	-2.41E+01	3.25E+01	bad-chisq
group_2043	9.90E-01	3.15E-01	1.00E+00	1.81E+00	3.47E+00	-2.61E+00	-2.41E+01	3.25E+01	bad-chisq
group_2042	9.90E-01	3.15E-01	1.00E+00	1.81E+00	3.47E+00	-2.61E+00	-2.41E+01	3.25E+01	bad-chisq
group_2030	9.90E-01	3.15E-01	1.00E+00	8.49E-01	3.44E+00	-1.62E+00	-2.40E+01	3.26E+01	bad-chisq
group_2008	9.90E-01	3.15E-01	1.00E+00	-5.65E+01	3.47E+00	5.57E+01	-2.42E+01	3.26E+01	bad-chisq
group_1995	9.90E-01	3.15E-01	1.00E+00	1.81E+00	3.47E+00	-2.61E+00	-2.41E+01	3.25E+01	bad-chisq
group_1990	9.90E-01	3.15E-01	1.00E+00	1.81E+00	3.47E+00	-2.61E+00	-2.41E+01	3.25E+01	bad-chisq
group_1986	9.90E-01	3.15E-01	1.00E+00	1.81E+00	3.47E+00	-2.61E+00	-2.41E+01	3.25E+01	bad-chisq
group_1985	9.90E-01	3.15E-01	1.00E+00	1.81E+00	3.47E+00	-2.61E+00	-2.41E+01	3.25E+01	bad-chisq
group_1957	9.90E-01	3.15E-01	1.00E+00	1.81E+00	3.47E+00	-2.61E+00	-2.41E+01	3.25E+01	bad-chisq
group_1956	9.90E-01	3.15E-01	1.00E+00	1.55E+00	3.42E+00	-2.29E+00	-2.42E+01	3.24E+01	bad-chisq
ntrR	9.90E-01	3.15E-01	1.00E+00	1.55E+00	3.42E+00	-2.29E+00	-2.42E+01	3.24E+01	bad-chisq
plc2	9.90E-01	3.15E-01	1.00E+00	-5.65E+01	3.47E+00	5.57E+01	-2.42E+01	3.26E+01	bad-chisq
group_1905	9.90E-01	3.15E-01	1.00E+00	1.55E+00	3.42E+00	-2.29E+00	-2.42E+01	3.24E+01	bad-chisq
group_1828	9.90E-01	3.15E-01	1.00E+00	1.55E+00	3.42E+00	-2.29E+00	-2.42E+01	3.24E+01	bad-chisq
group_1827	9.90E-01	3.15E-01	1.00E+00	1.55E+00	3.42E+00	-2.29E+00	-2.42E+01	3.24E+01	bad-chisq
group_1825	9.90E-01	3.15E-01	1.00E+00	-2.04E+00	3.47E+00	1.25E+00	-2.41E+01	3.24E+01	bad-chisq
mgtC	9.90E-01	3.15E-01	1.00E+00	-4.67E-01	3.45E+00	-3.38E-01	-2.41E+01	3.21E+01	bad-chisq
basH	9.90E-01	3.15E-01	1.00E+00	-5.65E+01	3.47E+00	5.57E+01	-2.42E+01	3.26E+01	bad-chisq
group_1806	9.90E-01	3.15E-01	1.00E+00	1.55E+00	3.42E+00	-2.29E+00	-2.42E+01	3.24E+01	bad-chisq
group_1800	9.90E-01	3.15E-01	1.00E+00	1.81E+00	3.47E+00	-2.61E+00	-2.41E+01	3.25E+01	bad-chisq
group_1728	9.90E-01	3.15E-01	1.00E+00	-3.28E+00	3.47E+00	2.48E+00	-2.42E+01	3.25E+01	bad-chisq
group_1660	9.90E-01	3.15E-01	1.00E+00	-9.60E-01	3.47E+00	1.86E-01	-2.40E+01	3.22E+01	bad-chisq
group_1649	9.90E-01	3.15E-01	1.00E+00	1.55E+00	3.42E+00	-2.29E+00	-2.42E+01	3.24E+01	bad-chisq
group_1613	9.90E-01	3.15E-01	1.00E+00	1.55E+00	3.42E+00	-2.29E+00	-2.42E+01	3.24E+01	bad-chisq
group_1582	9.90E-01	3.15E-01	1.00E+00	8.09E-01	3.44E+00	-1.55E+00	-2.39E+01	3.21E+01	bad-chisq
group_1555	9.90E-01	3.15E-01	1.00E+00	-2.04E+00	3.47E+00	1.25E+00	-2.41E+01	3.24E+01	bad-chisq
group_1548	9.90E-01	3.15E-01	1.00E+00	1.81E+00	3.47E+00	-2.61E+00	-2.41E+01	3.25E+01	bad-chisq
group_1539	9.90E-01	3.15E-01	1.00E+00	1.55E+00	3.42E+00	-2.29E+00	-2.42E+01	3.24E+01	bad-chisq
group_1532	9.90E-01	3.15E-01	1.00E+00	1.81E+00	3.47E+00	-2.61E+00	-2.41E+01	3.25E+01	bad-chisq
group_1472	9.90E-01	3.15E-01	1.00E+00	1.55E+00	3.42E+00	-2.29E+00	-2.42E+01	3.24E+01	bad-chisq
group_1470	9.90E-01	3.15E-01	1.00E+00	-5.65E+01	3.47E+00	5.57E+01	-2.42E+01	3.26E+01	bad-chisq
group_1465	9.90E-01	3.15E-01	1.00E+00	1.81E+00	3.47E+00	-2.61E+00	-2.41E+01	3.25E+01	bad-chisq
group_1464	9.90E-01	3.15E-01	1.00E+00	1.81E+00	3.47E+00	-2.61E+00	-2.41E+01	3.25E+01	bad-chisq
group_1455	9.90E-01	3.15E-01	1.00E+00	-9.60E-01	3.47E+00	1.86E-01	-2.40E+01	3.22E+01	bad-chisq
group_1445	9.90E-01	3.15E-01	1.00E+00	1.81E+00	3.47E+00	-2.61E+00	-2.41E+01	3.25E+01	bad-chisq
group_1444	9.90E-01	3.15E-01	1.00E+00	1.81E+00	3.47E+00	-2.61E+00	-2.41E+01	3.25E+01	bad-chisq
group_1442	9.90E-01	3.15E-01	1.00E+00	1.81E+00	3.47E+00	-2.61E+00	-2.41E+01	3.25E+01	bad-chisq
group_1441	9.90E-01	3.15E-01	1.00E+00	1.81E+00	3.47E+00	-2.61E+00	-2.41E+01	3.25E+01	bad-chisq
group_1418	9.90E-01	3.15E-01	1.00E+00	8.49E-01	3.44E+00	-1.62E+00	-2.40E+01	3.26E+01	bad-chisq
group_1373	9.90E-01	3.15E-01	1.00E+00	1.81E+00	3.47E+00	-2.61E+00	-2.41E+01	3.25E+01	bad-chisq
basJ	9.90E-01	3.15E-01	1.00E+00	-5.65E+01	3.47E+00	5.57E+01	-2.42E+01	3.26E+01	bad-chisq
asmA	9.90E-01	3.15E-01	1.00E+00	-9.60E-01	3.47E+00	1.86E-01	-2.40E+01	3.22E+01	bad-chisq
group_1350	9.90E-01	3.15E-01	1.00E+00	-3.28E+00	3.47E+00	2.48E+00	-2.42E+01	3.25E+01	bad-chisq
group_1339	9.90E-01	3.15E-01	1.00E+00	1.81E+00	3.47E+00	-2.61E+00	-2.41E+01	3.25E+01	bad-chisq
benE	9.90E-01	3.15E-01	1.00E+00	-9.60E-01	3.47E+00	1.86E-01	-2.40E+01	3.22E+01	bad-chisq
group_1327	9.90E-01	3.15E-01	1.00E+00	-5.65E+01	3.47E+00	5.57E+01	-2.42E+01	3.26E+01	bad-chisq
group_1323	9.90E-01	3.15E-01	1.00E+00	-5.65E+01	3.47E+00	5.57E+01	-2.42E+01	3.26E+01	bad-chisq
group_1321	9.90E-01	3.15E-01	1.00E+00	1.81E+00	3.47E+00	-2.61E+00	-2.41E+01	3.25E+01	bad-chisq
group_1310	9.90E-01	3.15E-01	1.00E+00	-5.65E+01	3.47E+00	5.57E+01	-2.42E+01	3.26E+01	bad-chisq
group_1309	9.90E-01	3.15E-01	1.00E+00	1.81E+00	3.47E+00	-2.61E+00	-2.41E+01	3.25E+01	bad-chisq
group_1307	9.90E-01	3.15E-01	1.00E+00	-3.28E+00	3.47E+00	2.48E+00	-2.42E+01	3.25E+01	bad-chisq
group_1303	9.90E-01	3.15E-01	1.00E+00	-4.51E+00	3.47E+00	3.72E+00	-2.42E+01	3.26E+01	bad-chisq
group_1292	9.90E-01	3.15E-01	1.00E+00	-1.44E+00	3.43E+00	5.99E-01	-2.45E+01	3.25E+01	bad-chisq
group_1288	9.90E-01	3.15E-01	1.00E+00	1.81E+00	3.47E+00	-2.61E+00	-2.41E+01	3.25E+01	bad-chisq
group_1241	9.90E-01	3.15E-01	1.00E+00	-2.04E+00	3.47E+00	1.25E+00	-2.41E+01	3.24E+01	bad-chisq
group_1212	9.90E-01	3.15E-01	1.00E+00	1.81E+00	3.47E+00	-2.61E+00	-2.41E+01	3.25E+01	bad-chisq
group_1210	9.90E-01	3.15E-01	1.00E+00	1.55E+00	3.42E+00	-2.29E+00	-2.42E+01	3.24E+01	bad-chisq
group_1195	9.90E-01	3.15E-01	1.00E+00	-2.04E+00	3.47E+00	1.25E+00	-2.41E+01	3.24E+01	bad-chisq
group_1165	9.90E-01	3.15E-01	1.00E+00	-5.65E+01	3.47E+00	5.57E+01	-2.42E+01	3.26E+01	bad-chisq
ltrA	9.90E-01	3.15E-01	1.00E+00	1.81E+00	3.47E+00	-2.61E+00	-2.41E+01	3.25E+01	bad-chisq
group_1126	9.90E-01	3.15E-01	1.00E+00	-5.65E+01	3.47E+00	5.57E+01	-2.42E+01	3.26E+01	bad-chisq
group_1091	9.90E-01	3.15E-01	1.00E+00	1.55E+00	3.42E+00	-2.29E+00	-2.42E+01	3.24E+01	bad-chisq
czcA	9.90E-01	3.15E-01	9.58E-02	3.78E+00	3.34E+00	-4.67E+00	-2.62E+01	3.68E+01	bad-chisq
group_1071	9.90E-01	3.15E-01	1.00E+00	1.81E+00	3.47E+00	-2.61E+00	-2.41E+01	3.25E+01	bad-chisq
group_1019	9.90E-01	3.15E-01	1.00E+00	1.81E+00	3.47E+00	-2.61E+00	-2.41E+01	3.25E+01	bad-chisq
group_1004	9.90E-01	3.15E-01	1.00E+00	-5.65E+01	3.47E+00	5.57E+01	-2.42E+01	3.26E+01	bad-chisq
bamE	9.90E-01	3.15E-01	1.00E+00	-3.28E+00	3.47E+00	2.48E+00	-2.42E+01	3.25E+01	bad-chisq
group_996	9.90E-01	3.15E-01	1.00E+00	1.55E+00	3.42E+00	-2.29E+00	-2.42E+01	3.24E+01	bad-chisq
group_977	9.90E-01	3.15E-01	1.00E+00	-5.65E+01	3.47E+00	5.57E+01	-2.42E+01	3.26E+01	bad-chisq
group_947	9.90E-01	3.15E-01	1.00E+00	-5.65E+01	3.47E+00	5.57E+01	-2.42E+01	3.26E+01	bad-chisq
glnH	9.90E-01	3.15E-01	1.00E+00	1.81E+00	3.47E+00	-2.61E+00	-2.41E+01	3.25E+01	bad-chisq
hisM	9.90E-01	3.15E-01	1.00E+00	-2.07E+00	3.47E+00	1.28E+00	-2.41E+01	3.24E+01	bad-chisq
group_911	9.90E-01	3.15E-01	1.00E+00	-9.60E-01	3.47E+00	1.86E-01	-2.40E+01	3.22E+01	bad-chisq
group_897	9.90E-01	3.15E-01	1.00E+00	1.55E+00	3.42E+00	-2.29E+00	-2.42E+01	3.24E+01	bad-chisq
group_896	9.90E-01	3.15E-01	1.00E+00	1.55E+00	3.42E+00	-2.29E+00	-2.42E+01	3.24E+01	bad-chisq
group_881	9.90E-01	3.15E-01	1.00E+00	-5.65E+01	3.47E+00	5.57E+01	-2.42E+01	3.26E+01	bad-chisq
basI	9.90E-01	3.15E-01	1.00E+00	-5.65E+01	3.47E+00	5.57E+01	-2.42E+01	3.26E+01	bad-chisq
group_851	9.90E-01	3.15E-01	1.00E+00	1.55E+00	3.42E+00	-2.29E+00	-2.42E+01	3.24E+01	bad-chisq
group_843	9.90E-01	3.15E-01	1.00E+00	1.81E+00	3.47E+00	-2.61E+00	-2.41E+01	3.25E+01	bad-chisq
group_829	9.90E-01	3.15E-01	1.00E+00	-5.65E+01	3.47E+00	5.57E+01	-2.42E+01	3.26E+01	bad-chisq
group_787	9.90E-01	3.15E-01	1.00E+00	1.81E+00	3.47E+00	-2.61E+00	-2.41E+01	3.25E+01	bad-chisq
group_751	9.90E-01	3.15E-01	1.00E+00	-1.70E+00	3.47E+00	9.14E-01	-2.41E+01	3.23E+01	bad-chisq
group_728	9.90E-01	3.15E-01	1.00E+00	-5.65E+01	3.47E+00	5.57E+01	-2.42E+01	3.26E+01	bad-chisq
group_697	9.90E-01	3.15E-01	1.00E+00	8.49E-01	3.44E+00	-1.62E+00	-2.40E+01	3.26E+01	bad-chisq
group_690	9.90E-01	3.15E-01	1.00E+00	1.55E+00	3.42E+00	-2.29E+00	-2.42E+01	3.24E+01	bad-chisq
group_612	9.90E-01	3.15E-01	1.00E+00	-5.65E+01	3.47E+00	5.57E+01	-2.42E+01	3.26E+01	bad-chisq
group_611	9.90E-01	3.15E-01	1.00E+00	1.81E+00	3.47E+00	-2.61E+00	-2.41E+01	3.25E+01	bad-chisq
group_610	9.90E-01	3.15E-01	1.00E+00	1.81E+00	3.47E+00	-2.61E+00	-2.41E+01	3.25E+01	bad-chisq
lysE	9.90E-01	3.15E-01	1.00E+00	-5.65E+01	3.47E+00	5.57E+01	-2.42E+01	3.26E+01	bad-chisq
group_455	9.90E-01	3.15E-01	1.00E+00	-9.60E-01	3.47E+00	1.86E-01	-2.40E+01	3.22E+01	bad-chisq
group_442	9.90E-01	3.15E-01	1.00E+00	-4.67E-01	3.45E+00	-3.38E-01	-2.41E+01	3.21E+01	bad-chisq
group_434	9.90E-01	3.15E-01	1.00E+00	1.04E+00	3.43E+00	-1.81E+00	-2.41E+01	3.27E+01	bad-chisq
group_395	9.90E-01	3.15E-01	1.00E+00	1.55E+00	3.42E+00	-2.29E+00	-2.42E+01	3.24E+01	bad-chisq
blaOXA~~~blaOXA378~~~blaOXA94~~~blaOXA402~~~blaOXA742~~~blaOXA715~~~blaOXA64~~~blaOXA69	9.90E-01	3.15E-01	1.00E+00	-5.65E+01	3.47E+00	5.57E+01	-2.42E+01	3.26E+01	bad-chisq
dctM	9.90E-01	3.15E-01	1.00E+00	-3.28E+00	3.47E+00	2.48E+00	-2.42E+01	3.25E+01	bad-chisq
group_344	9.90E-01	3.15E-01	1.00E+00	1.55E+00	3.42E+00	-2.29E+00	-2.42E+01	3.24E+01	bad-chisq
group_330	9.90E-01	3.15E-01	1.00E+00	-5.65E+01	3.47E+00	5.57E+01	-2.42E+01	3.26E+01	bad-chisq
group_324	9.90E-01	3.15E-01	1.00E+00	1.55E+00	3.42E+00	-2.29E+00	-2.42E+01	3.24E+01	bad-chisq
group_319	9.90E-01	3.15E-01	1.00E+00	-5.65E+01	3.47E+00	5.57E+01	-2.42E+01	3.26E+01	bad-chisq
group_305	9.90E-01	3.15E-01	1.00E+00	-5.65E+01	3.47E+00	5.57E+01	-2.42E+01	3.26E+01	bad-chisq
group_298	9.90E-01	3.15E-01	1.00E+00	-5.65E+01	3.47E+00	5.57E+01	-2.42E+01	3.26E+01	bad-chisq
group_240	9.90E-01	3.15E-01	1.00E+00	-9.60E-01	3.47E+00	1.86E-01	-2.40E+01	3.22E+01	bad-chisq
group_239	9.90E-01	3.15E-01	1.00E+00	1.81E+00	3.47E+00	-2.61E+00	-2.41E+01	3.25E+01	bad-chisq
group_206	9.90E-01	3.15E-01	1.00E+00	1.81E+00	3.47E+00	-2.61E+00	-2.41E+01	3.25E+01	bad-chisq
group_189	9.90E-01	3.15E-01	1.00E+00	1.55E+00	3.42E+00	-2.29E+00	-2.42E+01	3.24E+01	bad-chisq
group_175	9.90E-01	3.15E-01	1.00E+00	1.81E+00	3.47E+00	-2.61E+00	-2.41E+01	3.25E+01	bad-chisq
group_174	9.90E-01	3.15E-01	1.00E+00	1.81E+00	3.47E+00	-2.61E+00	-2.41E+01	3.25E+01	bad-chisq
group_87	9.90E-01	3.15E-01	1.00E+00	-3.28E+00	3.47E+00	2.48E+00	-2.42E+01	3.25E+01	bad-chisq
group_32	9.90E-01	3.15E-01	1.00E+00	1.81E+00	3.47E+00	-2.61E+00	-2.41E+01	3.25E+01	bad-chisq
group_29	9.90E-01	3.15E-01	1.00E+00	-5.65E+01	3.47E+00	5.57E+01	-2.42E+01	3.26E+01	bad-chisq
hyuE	9.90E-01	3.15E-01	1.00E+00	1.81E+00	3.47E+00	-2.61E+00	-2.41E+01	3.25E+01	bad-chisq
group_19	9.90E-01	3.15E-01	1.00E+00	1.81E+00	3.47E+00	-2.61E+00	-2.41E+01	3.25E+01	bad-chisq
bauC	9.80E-01	1.53E-01	1.00E+00	-3.28E+00	3.47E+00	2.48E+00	-2.42E+01	3.25E+01	bad-chisq
group_7569	9.80E-01	1.53E-01	3.36E-01	1.80E+00	3.39E+00	-2.51E+00	-2.40E+01	3.25E+01	bad-chisq
group_7555	9.80E-01	1.53E-01	1.00E+00	-8.45E-01	3.47E+00	8.31E-02	-2.38E+01	3.19E+01	bad-chisq
group_7532	9.80E-01	1.53E-01	1.00E+00	-7.23E-01	3.45E+00	-8.77E-02	-2.40E+01	3.20E+01	bad-chisq
group_7510	9.80E-01	1.53E-01	1.00E+00	-3.79E-02	3.46E+00	-7.00E-01	-2.36E+01	3.16E+01	bad-chisq
group_7437	9.80E-01	1.00E+00	1.00E+00	-5.63E+01	3.47E+00	5.55E+01	-2.41E+01	3.25E+01	bad-chisq
group_7346	9.80E-01	1.53E-01	1.00E+00	1.78E-01	3.46E+00	-9.64E-01	-2.38E+01	3.17E+01	bad-chisq
basD	9.80E-01	1.53E-01	1.00E+00	-3.28E+00	3.47E+00	2.48E+00	-2.42E+01	3.25E+01	bad-chisq
group_7206	9.80E-01	1.53E-01	5.79E-01	1.49E+00	3.40E+00	-2.22E+00	-2.38E+01	3.27E+01	bad-chisq
basF	9.80E-01	1.53E-01	1.00E+00	-3.28E+00	3.47E+00	2.48E+00	-2.42E+01	3.25E+01	bad-chisq
group_7181	9.80E-01	1.00E+00	1.00E+00	-5.63E+01	3.47E+00	5.55E+01	-2.41E+01	3.25E+01	bad-chisq
bicA	9.80E-01	1.53E-01	1.00E+00	-9.60E-01	3.47E+00	1.86E-01	-2.40E+01	3.22E+01	bad-chisq
group_6919	9.80E-01	1.53E-01	1.00E+00	1.55E+00	3.42E+00	-2.29E+00	-2.42E+01	3.24E+01	bad-chisq
group_6903	9.80E-01	1.53E-01	1.00E+00	1.55E+00	3.42E+00	-2.29E+00	-2.42E+01	3.24E+01	bad-chisq
group_6898	9.80E-01	1.53E-01	1.00E+00	1.55E+00	3.42E+00	-2.29E+00	-2.42E+01	3.24E+01	bad-chisq
group_6855	9.80E-01	1.53E-01	1.00E+00	8.49E-01	3.44E+00	-1.62E+00	-2.40E+01	3.26E+01	bad-chisq
group_6790	9.80E-01	1.53E-01	1.00E+00	-3.28E+00	3.47E+00	2.48E+00	-2.42E+01	3.25E+01	bad-chisq
abaQ	9.80E-01	1.53E-01	5.79E-01	1.49E+00	3.40E+00	-2.22E+00	-2.38E+01	3.27E+01	bad-chisq
group_6747	9.80E-01	1.53E-01	1.00E+00	-3.28E+00	3.47E+00	2.48E+00	-2.42E+01	3.25E+01	bad-chisq
group_6706	9.80E-01	1.00E+00	1.00E+00	-5.63E+01	3.47E+00	5.55E+01	-2.41E+01	3.25E+01	bad-chisq
group_6697	9.80E-01	1.53E-01	1.00E+00	-4.51E+00	3.47E+00	3.72E+00	-2.42E+01	3.26E+01	bad-chisq
group_5625	9.80E-01	1.53E-01	1.00E+00	1.55E+00	3.42E+00	-2.29E+00	-2.42E+01	3.24E+01	bad-chisq
group_5251	9.80E-01	1.00E+00	1.00E+00	-5.63E+01	3.47E+00	5.55E+01	-2.41E+01	3.25E+01	bad-chisq
group_5150	9.80E-01	1.00E+00	1.00E+00	7.17E-01	3.47E+00	-1.53E+00	-2.41E+01	3.25E+01	bad-chisq
group_4619	9.80E-01	1.53E-01	1.00E+00	8.49E-01	3.44E+00	-1.62E+00	-2.40E+01	3.26E+01	bad-chisq
group_4313	9.80E-01	1.00E+00	1.00E+00	-1.24E+00	3.46E+00	4.54E-01	-2.38E+01	3.16E+01	bad-chisq
bauE	9.80E-01	1.53E-01	1.00E+00	-3.28E+00	3.47E+00	2.48E+00	-2.42E+01	3.25E+01	bad-chisq
group_3791	9.80E-01	1.00E+00	1.00E+00	-5.63E+01	3.47E+00	5.55E+01	-2.41E+01	3.25E+01	bad-chisq
bauD	9.80E-01	1.53E-01	1.00E+00	-3.28E+00	3.47E+00	2.48E+00	-2.42E+01	3.25E+01	bad-chisq
bauB	9.80E-01	1.53E-01	1.00E+00	-3.28E+00	3.47E+00	2.48E+00	-2.42E+01	3.25E+01	bad-chisq
group_2722	9.80E-01	1.53E-01	1.00E+00	-9.60E-01	3.47E+00	1.86E-01	-2.40E+01	3.22E+01	bad-chisq
basC	9.80E-01	1.53E-01	1.00E+00	-3.28E+00	3.47E+00	2.48E+00	-2.42E+01	3.25E+01	bad-chisq
group_2320	9.80E-01	1.00E+00	1.00E+00	7.55E-01	3.42E+00	-1.54E+00	-2.41E+01	3.27E+01	bad-chisq
group_2315	9.80E-01	1.53E-01	1.00E+00	1.55E+00	3.42E+00	-2.28E+00	-2.42E+01	3.23E+01	bad-chisq
group_2309	9.80E-01	1.53E-01	1.00E+00	-3.79E-02	3.46E+00	-7.00E-01	-2.36E+01	3.16E+01	bad-chisq
group_2288	9.80E-01	1.53E-01	1.00E+00	1.55E+00	3.42E+00	-2.29E+00	-2.42E+01	3.24E+01	bad-chisq
group_2242	9.80E-01	1.00E+00	1.00E+00	-5.63E+01	3.47E+00	5.55E+01	-2.41E+01	3.25E+01	bad-chisq
group_2127	9.80E-01	1.00E+00	1.00E+00	7.55E-01	3.42E+00	-1.54E+00	-2.41E+01	3.27E+01	bad-chisq
group_2117	9.80E-01	1.53E-01	1.00E+00	1.55E+00	3.42E+00	-2.28E+00	-2.42E+01	3.23E+01	bad-chisq
basB	9.80E-01	1.53E-01	1.00E+00	-3.28E+00	3.47E+00	2.48E+00	-2.42E+01	3.25E+01	bad-chisq
group_1998	9.80E-01	1.53E-01	1.00E+00	1.55E+00	3.42E+00	-2.28E+00	-2.42E+01	3.23E+01	bad-chisq
group_1941	9.80E-01	1.00E+00	1.00E+00	-5.63E+01	3.47E+00	5.55E+01	-2.41E+01	3.25E+01	bad-chisq
basA	9.80E-01	1.53E-01	1.00E+00	-3.28E+00	3.47E+00	2.48E+00	-2.42E+01	3.25E+01	bad-chisq
group_1829	9.80E-01	1.53E-01	1.00E+00	-9.47E-01	3.47E+00	1.81E-01	-2.38E+01	3.20E+01	bad-chisq
group_1811	9.80E-01	1.53E-01	1.00E+00	1.55E+00	3.42E+00	-2.27E+00	-2.39E+01	3.19E+01	bad-chisq
group_1686	9.80E-01	1.00E+00	1.00E+00	7.55E-01	3.42E+00	-1.54E+00	-2.41E+01	3.27E+01	bad-chisq
group_1659	9.80E-01	1.53E-01	1.00E+00	1.55E+00	3.42E+00	-2.28E+00	-2.42E+01	3.23E+01	bad-chisq
group_1586	9.80E-01	1.53E-01	1.00E+00	1.55E+00	3.42E+00	-2.29E+00	-2.42E+01	3.24E+01	bad-chisq
group_1557	9.80E-01	1.00E+00	1.00E+00	-1.24E+00	3.46E+00	4.54E-01	-2.38E+01	3.16E+01	bad-chisq
group_1509	9.80E-01	1.00E+00	1.00E+00	-5.63E+01	3.47E+00	5.55E+01	-2.41E+01	3.25E+01	bad-chisq
group_1431	9.80E-01	1.53E-01	1.00E+00	-3.28E+00	3.47E+00	2.48E+00	-2.42E+01	3.25E+01	bad-chisq
group_1384	9.80E-01	1.53E-01	1.00E+00	-7.23E-01	3.45E+00	-8.77E-02	-2.40E+01	3.20E+01	bad-chisq
luxR	9.80E-01	1.53E-01	1.00E+00	1.55E+00	3.42E+00	-2.28E+00	-2.42E+01	3.23E+01	bad-chisq
ybdR	9.80E-01	1.00E+00	1.00E+00	7.17E-01	3.47E+00	-1.53E+00	-2.41E+01	3.25E+01	bad-chisq
group_1265	9.80E-01	1.53E-01	1.00E+00	1.55E+00	3.42E+00	-2.28E+00	-2.42E+01	3.23E+01	bad-chisq
basE	9.80E-01	1.53E-01	1.00E+00	-3.28E+00	3.47E+00	2.48E+00	-2.42E+01	3.25E+01	bad-chisq
group_1181	9.80E-01	1.00E+00	1.00E+00	-5.63E+01	3.47E+00	5.55E+01	-2.41E+01	3.25E+01	bad-chisq
group_1079	9.80E-01	1.53E-01	1.00E+00	1.54E+00	3.42E+00	-2.27E+00	-2.40E+01	3.21E+01	bad-chisq
barB	9.80E-01	1.53E-01	1.00E+00	-3.28E+00	3.47E+00	2.48E+00	-2.42E+01	3.25E+01	bad-chisq
basG	9.80E-01	1.53E-01	1.00E+00	-3.28E+00	3.47E+00	2.48E+00	-2.42E+01	3.25E+01	bad-chisq
group_994	9.80E-01	1.53E-01	1.00E+00	-9.60E-01	3.47E+00	1.86E-01	-2.40E+01	3.22E+01	bad-chisq
group_952	9.80E-01	1.53E-01	1.00E+00	1.55E+00	3.42E+00	-2.29E+00	-2.42E+01	3.24E+01	bad-chisq
group_907	9.80E-01	1.00E+00	1.00E+00	-9.50E-01	3.53E+00	2.01E-01	-2.30E+01	3.09E+01	bad-chisq
barA	9.80E-01	1.53E-01	1.00E+00	-3.28E+00	3.47E+00	2.48E+00	-2.42E+01	3.25E+01	bad-chisq
group_642	9.80E-01	1.00E+00	1.00E+00	-5.63E+01	3.47E+00	5.55E+01	-2.41E+01	3.25E+01	bad-chisq
group_513	9.80E-01	1.00E+00	1.00E+00	7.55E-01	3.42E+00	-1.54E+00	-2.41E+01	3.27E+01	bad-chisq
group_495	9.80E-01	1.53E-01	1.00E+00	8.83E+03	0.00E+00	3.71E+12	1.53E+11	1.70E+10	bad-chisq
blaADC~~~blaADC52~~~blaADC176	9.80E-01	1.53E-01	1.00E+00	3.10E-01	3.46E+00	-1.13E+00	-2.39E+01	3.24E+01	bad-chisq
bauF	9.80E-01	1.53E-01	1.00E+00	-3.28E+00	3.47E+00	2.48E+00	-2.42E+01	3.25E+01	bad-chisq
pirA~~~fepA	9.80E-01	1.53E-01	1.00E+00	-1.67E+00	3.47E+00	8.93E-01	-2.40E+01	3.23E+01	bad-chisq
group_225	9.80E-01	1.00E+00	1.00E+00	-1.24E+00	3.46E+00	4.54E-01	-2.38E+01	3.16E+01	bad-chisq
group_224	9.80E-01	1.00E+00	1.00E+00	-1.24E+00	3.46E+00	4.54E-01	-2.38E+01	3.16E+01	bad-chisq
gltC	9.80E-01	1.00E+00	1.00E+00	-5.63E+01	3.47E+00	5.55E+01	-2.41E+01	3.25E+01	bad-chisq
group_7615	9.70E-01	5.58E-01	1.00E+00	2.98E-01	3.40E+00	-1.08E+00	-2.42E+01	3.26E+01	bad-chisq
group_7607	9.70E-01	5.58E-01	1.00E+00	1.67E-01	3.46E+00	-9.87E-01	-2.39E+01	3.24E+01	bad-chisq
rhaS~~~araC	9.70E-01	7.86E-02	1.00E+00	1.54E+00	3.42E+00	-2.27E+00	-2.40E+01	3.21E+01	bad-chisq
echA8	9.70E-01	7.86E-02	1.00E+00	1.55E+00	3.42E+00	-2.26E+00	-2.38E+01	3.17E+01	bad-chisq
group_7274	9.70E-01	7.86E-02	1.00E+00	1.55E+00	3.42E+00	-2.27E+00	-2.39E+01	3.19E+01	bad-chisq
group_7220	9.70E-01	7.86E-02	1.00E+00	-8.08E-01	3.47E+00	4.68E-02	-2.38E+01	3.19E+01	bad-chisq
group_7191	9.70E-01	7.86E-02	1.00E+00	1.55E+00	3.42E+00	-2.26E+00	-2.38E+01	3.17E+01	bad-chisq
group_6993	9.70E-01	7.86E-02	1.00E+00	1.55E+00	3.42E+00	-2.28E+00	-2.42E+01	3.23E+01	bad-chisq
group_6957	9.70E-01	7.86E-02	1.00E+00	-8.08E-01	3.47E+00	4.68E-02	-2.38E+01	3.19E+01	bad-chisq
pncC	9.70E-01	5.58E-01	1.00E+00	1.78E+00	3.47E+00	-2.57E+00	-2.40E+01	3.24E+01	bad-chisq
group_6726	9.70E-01	7.86E-02	1.00E+00	-8.08E-01	3.47E+00	4.68E-02	-2.38E+01	3.19E+01	bad-chisq
group_6702	9.70E-01	7.86E-02	1.00E+00	-8.08E-01	3.47E+00	4.68E-02	-2.38E+01	3.19E+01	bad-chisq
group_6698	9.70E-01	7.86E-02	1.00E+00	-8.08E-01	3.47E+00	4.68E-02	-2.38E+01	3.19E+01	bad-chisq
group_5054	9.70E-01	5.58E-01	1.00E+00	1.67E-01	3.46E+00	-9.87E-01	-2.39E+01	3.24E+01	bad-chisq
group_4470	9.70E-01	7.86E-02	1.00E+00	-8.08E-01	3.47E+00	4.68E-02	-2.38E+01	3.19E+01	bad-chisq
group_3599	9.70E-01	5.58E-01	1.00E+00	2.98E-01	3.40E+00	-1.08E+00	-2.42E+01	3.26E+01	bad-chisq
group_3474	9.70E-01	7.86E-02	1.00E+00	1.54E+00	3.42E+00	-2.27E+00	-2.40E+01	3.21E+01	bad-chisq
group_3216	9.70E-01	7.86E-02	1.00E+00	1.55E+00	3.42E+00	-2.26E+00	-2.38E+01	3.17E+01	bad-chisq
group_2455	9.70E-01	7.86E-02	1.00E+00	1.54E+00	3.42E+00	-2.27E+00	-2.40E+01	3.21E+01	bad-chisq
group_2427	9.70E-01	7.86E-02	1.29E-01	2.10E+00	3.35E+00	-2.78E+00	-2.39E+01	3.26E+01	bad-chisq
group_2393	9.70E-01	7.86E-02	1.00E+00	1.54E+00	3.42E+00	-2.27E+00	-2.40E+01	3.21E+01	bad-chisq
group_2381	9.70E-01	7.86E-02	1.29E-01	2.10E+00	3.35E+00	-2.78E+00	-2.39E+01	3.26E+01	bad-chisq
group_2292	9.70E-01	7.86E-02	1.00E+00	1.54E+00	3.42E+00	-2.27E+00	-2.40E+01	3.21E+01	bad-chisq
group_2289	9.70E-01	7.86E-02	1.00E+00	1.36E-01	3.46E+00	-9.57E-01	-2.38E+01	3.23E+01	bad-chisq
group_2280	9.70E-01	7.86E-02	1.00E+00	5.44E-02	3.46E+00	-7.63E-01	-2.34E+01	3.10E+01	bad-chisq
dnaJ	9.70E-01	7.86E-02	1.00E+00	4.91E-02	3.46E+00	-7.73E-01	-2.35E+01	3.14E+01	bad-chisq
group_2221	9.70E-01	7.86E-02	1.00E+00	4.91E-02	3.46E+00	-7.73E-01	-2.35E+01	3.14E+01	bad-chisq
group_2091	9.70E-01	7.86E-02	1.00E+00	2.34E-01	3.45E+00	-9.44E-01	-2.33E+01	3.12E+01	bad-chisq
group_2065	9.70E-01	7.86E-02	1.00E+00	1.54E+00	3.42E+00	-2.27E+00	-2.40E+01	3.21E+01	bad-chisq
group_2059	9.70E-01	5.58E-01	1.00E+00	2.98E-01	3.40E+00	-1.08E+00	-2.42E+01	3.26E+01	bad-chisq
group_2041	9.70E-01	7.86E-02	6.71E-01	1.59E+00	3.42E+00	-2.27E+00	-2.37E+01	3.15E+01	bad-chisq
group_2023	9.70E-01	7.86E-02	1.00E+00	5.44E-02	3.46E+00	-7.63E-01	-2.34E+01	3.10E+01	bad-chisq
group_2016	9.70E-01	7.86E-02	1.29E-01	2.10E+00	3.35E+00	-2.78E+00	-2.39E+01	3.26E+01	bad-chisq
group_2010	9.70E-01	7.86E-02	4.60E-01	1.69E+00	3.40E+00	-2.37E+00	-2.38E+01	3.17E+01	bad-chisq
group_1975	9.70E-01	7.86E-02	1.00E+00	1.55E+00	3.42E+00	-2.28E+00	-2.42E+01	3.23E+01	bad-chisq
group_1900	9.70E-01	7.86E-02	1.00E+00	4.91E-02	3.46E+00	-7.73E-01	-2.35E+01	3.14E+01	bad-chisq
group_1596	9.70E-01	7.86E-02	1.00E+00	1.55E+00	3.42E+00	-2.26E+00	-2.38E+01	3.17E+01	bad-chisq
group_1523	9.70E-01	7.86E-02	1.00E+00	1.54E+00	3.42E+00	-2.27E+00	-2.40E+01	3.21E+01	bad-chisq
group_1390	9.70E-01	7.86E-02	1.29E-01	2.10E+00	3.35E+00	-2.78E+00	-2.39E+01	3.26E+01	bad-chisq
group_1352	9.70E-01	7.86E-02	1.00E+00	1.55E+00	3.42E+00	-2.26E+00	-2.38E+01	3.17E+01	bad-chisq
group_1329	9.70E-01	7.86E-02	1.29E-01	2.10E+00	3.35E+00	-2.78E+00	-2.39E+01	3.26E+01	bad-chisq
group_1296	9.70E-01	7.86E-02	1.00E+00	1.55E+00	3.42E+00	-2.26E+00	-2.38E+01	3.17E+01	bad-chisq
mexB~~~adeB	9.70E-01	7.86E-02	1.00E+00	9.81E-01	3.44E+00	-1.66E+00	-2.33E+01	3.10E+01	bad-chisq
group_1049	9.70E-01	7.86E-02	1.00E+00	-8.08E-01	3.47E+00	4.68E-02	-2.38E+01	3.19E+01	bad-chisq
group_1027	9.70E-01	7.86E-02	1.00E+00	1.55E+00	3.42E+00	-2.28E+00	-2.42E+01	3.23E+01	bad-chisq
iucC	9.70E-01	7.86E-02	1.00E+00	-8.08E-01	3.47E+00	4.68E-02	-2.38E+01	3.19E+01	bad-chisq
group_842	9.70E-01	7.86E-02	1.00E+00	-8.08E-01	3.47E+00	4.68E-02	-2.38E+01	3.19E+01	bad-chisq
group_830	9.70E-01	7.86E-02	1.00E+00	-8.08E-01	3.47E+00	4.68E-02	-2.38E+01	3.19E+01	bad-chisq
group_826	9.70E-01	7.86E-02	1.00E+00	-8.08E-01	3.47E+00	4.68E-02	-2.38E+01	3.19E+01	bad-chisq
group_825	9.70E-01	7.86E-02	1.00E+00	-8.08E-01	3.47E+00	4.68E-02	-2.38E+01	3.19E+01	bad-chisq
group_652	9.70E-01	5.58E-01	1.00E+00	2.98E-01	3.40E+00	-1.08E+00	-2.42E+01	3.26E+01	bad-chisq
group_613	9.70E-01	7.86E-02	1.00E+00	-1.67E+00	3.47E+00	8.93E-01	-2.40E+01	3.23E+01	bad-chisq
group_577	9.70E-01	7.86E-02	1.00E+00	1.55E+00	3.42E+00	-2.28E+00	-2.42E+01	3.23E+01	bad-chisq
group_473	9.70E-01	7.86E-02	1.00E+00	1.55E+00	3.42E+00	-2.28E+00	-2.42E+01	3.23E+01	bad-chisq
group_460	9.70E-01	5.58E-01	1.00E+00	1.67E-01	3.46E+00	-9.87E-01	-2.39E+01	3.24E+01	bad-chisq
group_459	9.70E-01	5.58E-01	1.00E+00	1.67E-01	3.46E+00	-9.87E-01	-2.39E+01	3.24E+01	bad-chisq
group_422	9.70E-01	7.86E-02	1.00E+00	1.55E+00	3.42E+00	-2.28E+00	-2.42E+01	3.23E+01	bad-chisq
group_156	9.70E-01	7.86E-02	1.00E+00	1.54E+00	3.42E+00	-2.27E+00	-2.40E+01	3.21E+01	bad-chisq
group_7590	9.60E-01	3.07E-01	6.61E-02	2.91E+00	3.30E+00	-3.57E+00	-2.53E+01	3.28E+01	bad-chisq
group_7589	9.60E-01	3.07E-01	1.00E+00	1.17E-01	3.39E+00	-8.88E-01	-2.39E+01	3.22E+01	bad-chisq
group_7377	9.60E-01	1.00E+00	1.16E-01	-3.03E+00	3.32E+00	1.95E+00	-2.74E+01	3.77E+01	bad-chisq
group_7303	9.60E-01	4.12E-02	6.71E-01	1.59E+00	3.42E+00	-2.27E+00	-2.37E+01	3.15E+01	bad-chisq
group_7208	9.60E-01	3.07E-01	1.00E+00	1.17E-01	3.39E+00	-8.88E-01	-2.39E+01	3.22E+01	bad-chisq
group_7203	9.60E-01	3.07E-01	1.00E+00	7.43E-01	3.41E+00	-1.50E+00	-2.39E+01	3.23E+01	bad-chisq
group_6911	9.60E-01	3.07E-01	1.00E+00	1.41E+00	3.43E+00	-2.17E+00	-2.40E+01	3.26E+01	bad-chisq
group_5603	9.60E-01	4.12E-02	1.00E+00	1.54E+00	3.42E+00	-2.27E+00	-2.40E+01	3.21E+01	bad-chisq
group_2557	9.60E-01	1.00E+00	1.16E-01	-3.03E+00	3.32E+00	1.95E+00	-2.74E+01	3.77E+01	bad-chisq
group_2418	9.60E-01	4.12E-02	1.00E+00	1.25E-01	3.46E+00	-8.23E-01	-2.32E+01	3.08E+01	bad-chisq
group_2313	9.60E-01	4.12E-02	1.00E+00	3.40E-01	3.46E+00	-1.02E+00	-2.31E+01	3.05E+01	bad-chisq
group_2279	9.60E-01	3.07E-01	1.00E+00	1.17E-01	3.39E+00	-8.88E-01	-2.39E+01	3.22E+01	bad-chisq
group_2261	9.60E-01	3.07E-01	1.00E+00	1.28E+00	3.44E+00	-2.02E+00	-2.37E+01	3.18E+01	bad-chisq
group_2058	9.60E-01	4.12E-02	3.35E-02	-4.45E+00	3.32E+00	3.34E+00	-2.71E+01	3.77E+01	bad-chisq
group_2006	9.60E-01	4.12E-02	1.00E+00	1.55E+00	3.42E+00	-2.25E+00	-2.37E+01	3.16E+01	bad-chisq
group_1946	9.60E-01	4.12E-02	1.77E-04	4.40E+00	3.05E+00	-5.15E+00	-2.93E+01	4.04E+01	bad-chisq
group_1929	9.60E-01	1.00E+00	1.00E+00	2.28E-01	3.48E+00	-1.02E+00	-2.36E+01	3.20E+01	bad-chisq
group_1916	9.60E-01	4.12E-02	1.00E+00	-8.45E-01	3.47E+00	8.67E-02	-2.37E+01	3.18E+01	bad-chisq
group_1701	9.60E-01	4.12E-02	1.00E+00	1.54E+00	3.42E+00	-2.27E+00	-2.40E+01	3.21E+01	bad-chisq
group_1661	9.60E-01	1.00E+00	1.00E+00	8.41E-01	3.39E+00	-1.61E+00	-2.43E+01	3.26E+01	bad-chisq
group_1414	9.60E-01	3.07E-01	1.00E+00	1.17E-01	3.39E+00	-8.88E-01	-2.39E+01	3.22E+01	bad-chisq
group_1394	9.60E-01	4.12E-02	1.00E+00	-2.44E-01	3.47E+00	-4.83E-01	-2.34E+01	3.13E+01	bad-chisq
group_1322	9.60E-01	4.12E-02	1.00E+00	1.54E+00	3.42E+00	-2.27E+00	-2.40E+01	3.21E+01	bad-chisq
emrB	9.60E-01	3.07E-01	1.00E+00	1.17E-01	3.39E+00	-8.88E-01	-2.39E+01	3.22E+01	bad-chisq
group_1199	9.60E-01	3.07E-01	1.00E+00	1.17E-01	3.39E+00	-8.88E-01	-2.39E+01	3.22E+01	bad-chisq
group_600	9.60E-01	4.12E-02	1.00E+00	1.54E+00	3.42E+00	-2.27E+00	-2.40E+01	3.21E+01	bad-chisq
group_336	9.60E-01	3.07E-01	1.00E+00	1.28E+00	3.44E+00	-2.02E+00	-2.37E+01	3.18E+01	bad-chisq
group_7647	9.50E-01	2.18E-02	1.77E-04	4.40E+00	3.05E+00	-5.15E+00	-2.93E+01	4.04E+01	bad-chisq
group_7621	9.50E-01	2.18E-02	5.77E-01	1.59E+00	3.42E+00	-2.25E+00	-2.33E+01	3.09E+01	bad-chisq
group_7415	9.50E-01	2.18E-02	1.10E-01	2.13E+00	3.35E+00	-2.78E+00	-2.36E+01	3.22E+01	bad-chisq
group_7214	9.50E-01	1.69E-01	3.45E-02	2.90E+00	3.26E+00	-3.52E+00	-2.51E+01	3.29E+01	bad-chisq
group_7114	9.50E-01	1.69E-01	3.45E-02	2.90E+00	3.26E+00	-3.52E+00	-2.51E+01	3.29E+01	bad-chisq
group_5807	9.50E-01	1.69E-01	3.45E-02	2.90E+00	3.26E+00	-3.52E+00	-2.51E+01	3.29E+01	bad-chisq
group_4849	9.50E-01	1.69E-01	3.45E-02	2.90E+00	3.26E+00	-3.52E+00	-2.51E+01	3.29E+01	bad-chisq
paaC	9.50E-01	1.69E-01	3.45E-02	2.90E+00	3.26E+00	-3.52E+00	-2.51E+01	3.29E+01	bad-chisq
group_4023	9.50E-01	1.69E-01	3.45E-02	2.90E+00	3.26E+00	-3.52E+00	-2.51E+01	3.29E+01	bad-chisq
group_3970	9.50E-01	1.69E-01	3.45E-02	2.90E+00	3.26E+00	-3.52E+00	-2.51E+01	3.29E+01	bad-chisq
group_3616	9.50E-01	1.69E-01	3.45E-02	2.90E+00	3.26E+00	-3.52E+00	-2.51E+01	3.29E+01	bad-chisq
paaX	9.50E-01	1.69E-01	3.45E-02	2.90E+00	3.26E+00	-3.52E+00	-2.51E+01	3.29E+01	bad-chisq
group_3511	9.50E-01	2.18E-02	1.00E+00	-8.84E-01	3.45E+00	1.30E-02	-2.34E+01	3.24E+01	bad-chisq
paaK	9.50E-01	1.69E-01	3.45E-02	2.90E+00	3.26E+00	-3.52E+00	-2.51E+01	3.29E+01	bad-chisq
group_2618	9.50E-01	1.69E-01	3.45E-02	2.90E+00	3.26E+00	-3.52E+00	-2.51E+01	3.29E+01	bad-chisq
group_2612	9.50E-01	1.69E-01	1.00E+00	1.17E-01	3.39E+00	-8.87E-01	-2.39E+01	3.22E+01	bad-chisq
group_2522	9.50E-01	1.69E-01	1.00E+00	-9.22E-01	3.42E+00	1.03E-01	-2.41E+01	3.25E+01	bad-chisq
group_2462	9.50E-01	2.18E-02	4.51E-01	1.64E+00	3.41E+00	-2.30E+00	-2.33E+01	3.09E+01	bad-chisq
group_2028	9.50E-01	1.69E-01	1.00E+00	1.17E-01	3.39E+00	-8.87E-01	-2.39E+01	3.22E+01	bad-chisq
group_1970	9.50E-01	2.18E-02	5.77E-01	1.59E+00	3.42E+00	-2.25E+00	-2.33E+01	3.09E+01	bad-chisq
group_1502	9.50E-01	1.69E-01	1.10E-01	-2.86E+00	3.34E+00	1.80E+00	-2.63E+01	3.66E+01	bad-chisq
group_1446	9.50E-01	2.18E-02	4.57E-01	1.64E+00	3.42E+00	-2.29E+00	-2.33E+01	3.09E+01	bad-chisq
group_1432	9.50E-01	2.18E-02	5.77E-01	1.59E+00	3.42E+00	-2.25E+00	-2.33E+01	3.09E+01	bad-chisq
paaD	9.50E-01	1.69E-01	6.56E-02	2.91E+00	3.30E+00	-3.56E+00	-2.53E+01	3.28E+01	bad-chisq
group_1415	9.50E-01	1.69E-01	1.00E+00	1.17E-01	3.39E+00	-8.87E-01	-2.39E+01	3.22E+01	bad-chisq
group_1328	9.50E-01	2.18E-02	1.10E-01	2.13E+00	3.35E+00	-2.78E+00	-2.36E+01	3.22E+01	bad-chisq
group_1253	9.50E-01	2.18E-02	3.51E-02	3.03E+00	3.31E+00	-3.68E+00	-2.46E+01	3.29E+01	bad-chisq
adeA	9.50E-01	2.18E-02	5.39E-01	1.29E+00	3.42E+00	-1.91E+00	-2.27E+01	3.01E+01	bad-chisq
paaZ	9.50E-01	1.69E-01	3.45E-02	2.90E+00	3.26E+00	-3.52E+00	-2.51E+01	3.29E+01	bad-chisq
group_486	9.50E-01	1.69E-01	1.00E+00	2.18E-01	3.45E+00	-9.48E-01	-2.34E+01	3.12E+01	bad-chisq
group_91	9.50E-01	1.69E-01	3.45E-02	2.90E+00	3.26E+00	-3.52E+00	-2.51E+01	3.29E+01	bad-chisq
group_7754	9.40E-01	9.21E-02	1.33E-01	-1.97E+00	3.37E+00	1.10E+00	-2.38E+01	3.11E+01	bad-chisq
hcnC	9.40E-01	9.21E-02	3.45E-02	2.90E+00	3.26E+00	-3.52E+00	-2.51E+01	3.29E+01	bad-chisq
fimU	9.40E-01	1.15E-02	1.68E-04	4.39E+00	3.05E+00	-5.12E+00	-2.90E+01	4.00E+01	bad-chisq
group_7484	9.40E-01	9.21E-02	3.45E-02	2.90E+00	3.26E+00	-3.52E+00	-2.51E+01	3.29E+01	bad-chisq
group_7348	9.40E-01	9.21E-02	1.00E+00	-5.43E-01	3.41E+00	-2.59E-01	-2.40E+01	3.24E+01	bad-chisq
abaF	9.40E-01	9.21E-02	3.45E-02	2.90E+00	3.26E+00	-3.52E+00	-2.51E+01	3.29E+01	bad-chisq
virB7	9.40E-01	9.21E-02	3.45E-02	2.90E+00	3.26E+00	-3.52E+00	-2.51E+01	3.29E+01	bad-chisq
group_6562	9.40E-01	9.21E-02	3.45E-02	2.90E+00	3.26E+00	-3.52E+00	-2.51E+01	3.29E+01	bad-chisq
pilW	9.40E-01	1.15E-02	1.68E-04	4.39E+00	3.05E+00	-5.12E+00	-2.90E+01	4.00E+01	bad-chisq
group_4288	9.40E-01	9.21E-02	3.45E-02	2.90E+00	3.26E+00	-3.52E+00	-2.51E+01	3.29E+01	bad-chisq
group_4093	9.40E-01	9.21E-02	3.45E-02	2.90E+00	3.26E+00	-3.52E+00	-2.51E+01	3.29E+01	bad-chisq
group_3706	9.40E-01	9.21E-02	3.45E-02	2.90E+00	3.26E+00	-3.52E+00	-2.51E+01	3.29E+01	bad-chisq
group_3635	9.40E-01	9.21E-02	3.45E-02	2.90E+00	3.26E+00	-3.52E+00	-2.51E+01	3.29E+01	bad-chisq
group_3623	9.40E-01	9.21E-02	3.45E-02	2.90E+00	3.26E+00	-3.52E+00	-2.51E+01	3.29E+01	bad-chisq
group_2904	9.40E-01	9.21E-02	1.00E+00	7.74E-01	3.41E+00	-1.49E+00	-2.35E+01	3.16E+01	bad-chisq
group_2598	9.40E-01	1.15E-02	1.00E+00	-2.05E-01	3.47E+00	-5.17E-01	-2.34E+01	3.12E+01	bad-chisq
pilX	9.40E-01	1.15E-02	1.68E-04	4.39E+00	3.05E+00	-5.12E+00	-2.90E+01	4.00E+01	bad-chisq
group_2266	9.40E-01	9.21E-02	1.00E+00	-9.22E-01	3.42E+00	1.03E-01	-2.41E+01	3.25E+01	bad-chisq
group_1740	9.40E-01	1.15E-02	1.68E-04	4.39E+00	3.05E+00	-5.12E+00	-2.90E+01	4.00E+01	bad-chisq
group_1447	9.40E-01	9.21E-02	3.45E-02	2.90E+00	3.26E+00	-3.52E+00	-2.51E+01	3.29E+01	bad-chisq
pilV	9.40E-01	1.15E-02	1.68E-04	4.39E+00	3.05E+00	-5.12E+00	-2.90E+01	4.00E+01	bad-chisq
group_1315	9.40E-01	1.00E+00	8.71E-02	-3.03E+00	3.31E+00	1.92E+00	-2.72E+01	3.77E+01	bad-chisq
group_1247	9.40E-01	1.15E-02	5.77E-01	1.59E+00	3.42E+00	-2.25E+00	-2.33E+01	3.09E+01	bad-chisq
group_1225	9.40E-01	9.21E-02	1.00E+00	-2.29E-02	3.47E+00	-7.02E-01	-2.32E+01	3.11E+01	bad-chisq
group_1119	9.40E-01	9.21E-02	3.45E-02	2.90E+00	3.26E+00	-3.52E+00	-2.51E+01	3.29E+01	bad-chisq
group_993	9.40E-01	4.00E-01	1.00E+00	8.56E-01	3.38E+00	-1.60E+00	-2.41E+01	3.22E+01	bad-chisq
plc1	9.40E-01	9.21E-02	1.00E+00	-3.88E-01	3.45E+00	-4.24E-01	-2.34E+01	3.19E+01	bad-chisq
pilE	9.40E-01	1.15E-02	1.68E-04	4.39E+00	3.05E+00	-5.12E+00	-2.90E+01	4.00E+01	bad-chisq
group_516	9.40E-01	9.21E-02	1.00E+00	-4.33E-01	3.38E+00	-3.76E-01	-2.42E+01	3.26E+01	bad-chisq
hcnB	9.40E-01	9.21E-02	3.45E-02	2.90E+00	3.26E+00	-3.52E+00	-2.51E+01	3.29E+01	bad-chisq
atuA	9.30E-01	6.08E-03	2.86E-01	1.76E+00	3.41E+00	-2.35E+00	-2.26E+01	2.99E+01	bad-chisq
group_7746	9.30E-01	6.08E-03	2.86E-01	1.76E+00	3.41E+00	-2.35E+00	-2.26E+01	2.99E+01	bad-chisq
group_7744	9.30E-01	6.08E-03	2.86E-01	1.76E+00	3.41E+00	-2.35E+00	-2.26E+01	2.99E+01	bad-chisq
group_7743	9.30E-01	6.08E-03	2.86E-01	1.76E+00	3.41E+00	-2.35E+00	-2.26E+01	2.99E+01	bad-chisq
group_7741	9.30E-01	6.08E-03	2.86E-01	1.76E+00	3.41E+00	-2.35E+00	-2.26E+01	2.99E+01	bad-chisq
group_7587	9.30E-01	5.00E-02	9.69E-05	3.94E+00	2.94E+00	-4.57E+00	-3.04E+01	4.06E+01	bad-chisq
group_7412	9.30E-01	5.00E-02	9.69E-05	3.94E+00	2.94E+00	-4.57E+00	-3.04E+01	4.06E+01	bad-chisq
group_7327	9.30E-01	5.00E-02	9.69E-05	3.94E+00	2.94E+00	-4.57E+00	-3.04E+01	4.06E+01	bad-chisq
group_7222	9.30E-01	5.00E-02	9.69E-05	3.94E+00	2.94E+00	-4.57E+00	-3.04E+01	4.06E+01	bad-chisq
group_6045	9.30E-01	5.00E-02	9.69E-05	3.94E+00	2.94E+00	-4.57E+00	-3.04E+01	4.06E+01	bad-chisq
group_5143	9.30E-01	5.00E-02	9.69E-05	3.94E+00	2.94E+00	-4.57E+00	-3.04E+01	4.06E+01	bad-chisq
group_5079	9.30E-01	2.40E-01	1.00E+00	-1.05E-01	3.41E+00	-6.89E-01	-2.36E+01	3.20E+01	bad-chisq
group_4367	9.30E-01	5.00E-02	9.69E-05	3.94E+00	2.94E+00	-4.57E+00	-3.04E+01	4.06E+01	bad-chisq
group_4331	9.30E-01	5.00E-02	9.69E-05	3.94E+00	2.94E+00	-4.57E+00	-3.04E+01	4.06E+01	bad-chisq
group_3866	9.30E-01	5.00E-02	9.69E-05	3.94E+00	2.94E+00	-4.57E+00	-3.04E+01	4.06E+01	bad-chisq
group_3539	9.30E-01	5.00E-02	9.69E-05	3.94E+00	2.94E+00	-4.57E+00	-3.04E+01	4.06E+01	bad-chisq
group_3182	9.30E-01	5.00E-02	9.69E-05	3.94E+00	2.94E+00	-4.57E+00	-3.04E+01	4.06E+01	bad-chisq
group_3102	9.30E-01	5.00E-02	9.69E-05	3.94E+00	2.94E+00	-4.57E+00	-3.04E+01	4.06E+01	bad-chisq
group_1999	9.30E-01	6.95E-01	3.04E-01	9.28E-01	3.26E+00	-1.64E+00	-2.45E+01	3.28E+01	bad-chisq
group_1276	9.30E-01	5.00E-02	9.69E-05	3.94E+00	2.94E+00	-4.57E+00	-3.04E+01	4.06E+01	bad-chisq
group_1204	9.30E-01	5.00E-02	9.69E-05	3.94E+00	2.94E+00	-4.57E+00	-3.04E+01	4.06E+01	bad-chisq
bbsF	9.30E-01	5.00E-02	9.69E-05	3.94E+00	2.94E+00	-4.57E+00	-3.04E+01	4.06E+01	bad-chisq
group_854	9.30E-01	5.00E-02	9.69E-05	3.94E+00	2.94E+00	-4.57E+00	-3.04E+01	4.06E+01	bad-chisq
group_483	9.30E-01	5.00E-02	9.69E-05	3.94E+00	2.94E+00	-4.57E+00	-3.04E+01	4.06E+01	bad-chisq
group_318	9.30E-01	6.08E-03	5.25E-01	1.60E+00	3.43E+00	-2.25E+00	-2.31E+01	3.06E+01	bad-chisq
group_232	9.30E-01	5.00E-02	9.69E-05	3.94E+00	2.94E+00	-4.57E+00	-3.04E+01	4.06E+01	bad-chisq
group_95	9.30E-01	5.00E-02	9.69E-05	3.94E+00	2.94E+00	-4.57E+00	-3.04E+01	4.06E+01	bad-chisq
pilY1	9.30E-01	6.08E-03	1.68E-04	4.39E+00	3.05E+00	-5.12E+00	-2.90E+01	4.00E+01	bad-chisq
group_7642	9.20E-01	3.19E-03	2.17E-01	1.85E+00	3.40E+00	-2.41E+00	-2.24E+01	2.95E+01	bad-chisq
group_7071	9.20E-01	3.19E-03	2.86E-01	1.76E+00	3.41E+00	-2.35E+00	-2.26E+01	2.99E+01	bad-chisq
group_2253	9.20E-01	2.70E-02	1.00E+00	1.62E-01	3.36E+00	-8.87E-01	-2.35E+01	3.15E+01	bad-chisq
group_2244	9.20E-01	4.61E-01	1.00E+00	5.50E-01	3.37E+00	-1.32E+00	-2.41E+01	3.23E+01	bad-chisq
group_2232	9.20E-01	3.19E-03	7.84E-01	1.55E+00	3.43E+00	-2.22E+00	-2.34E+01	3.11E+01	bad-chisq
group_2206	9.20E-01	4.61E-01	1.00E+00	5.50E-01	3.37E+00	-1.32E+00	-2.41E+01	3.23E+01	bad-chisq
group_1949	9.20E-01	4.61E-01	1.00E+00	5.50E-01	3.37E+00	-1.32E+00	-2.41E+01	3.23E+01	bad-chisq
group_1581	9.20E-01	4.61E-01	2.65E-01	1.20E+00	3.30E+00	-1.92E+00	-2.43E+01	3.30E+01	bad-chisq
soxR	9.20E-01	2.70E-02	3.22E-02	2.89E+00	3.26E+00	-3.49E+00	-2.49E+01	3.25E+01	bad-chisq
group_691	9.20E-01	1.00E+00	7.68E-01	3.66E-01	3.32E+00	-1.14E+00	-2.41E+01	3.26E+01	bad-chisq
group_51	9.20E-01	2.70E-02	9.52E-05	3.93E+00	2.94E+00	-4.56E+00	-3.03E+01	4.05E+01	bad-chisq
csuC	9.10E-01	1.44E-02	5.30E-01	9.65E-01	3.38E+00	-1.63E+00	-2.30E+01	3.10E+01	bad-chisq
hlyD	9.10E-01	7.27E-01	1.00E+00	5.95E-01	3.35E+00	-1.34E+00	-2.40E+01	3.21E+01	bad-chisq
group_2767	9.10E-01	1.66E-03	2.66E-01	1.78E+00	3.41E+00	-2.36E+00	-2.24E+01	2.95E+01	bad-chisq
group_1874	9.10E-01	1.66E-03	1.36E-01	2.04E+00	3.37E+00	-2.60E+00	-2.28E+01	3.00E+01	bad-chisq
csuB	9.10E-01	1.44E-02	5.30E-01	9.65E-01	3.38E+00	-1.63E+00	-2.30E+01	3.10E+01	bad-chisq
group_1592	9.10E-01	8.06E-02	4.37E-01	9.78E-01	1.26E+00	-1.76E+00	-2.59E+01	3.44E+01	
csuE	9.10E-01	1.44E-02	5.30E-01	9.65E-01	3.38E+00	-1.63E+00	-2.30E+01	3.10E+01	bad-chisq
group_1393	9.10E-01	8.06E-02	4.37E-01	9.78E-01	1.26E+00	-1.76E+00	-2.59E+01	3.44E+01	
csuD	9.10E-01	1.44E-02	5.30E-01	9.65E-01	3.38E+00	-1.63E+00	-2.30E+01	3.10E+01	bad-chisq
group_6976	9.00E-01	1.00E+00	6.28E-01	6.72E-01	3.33E+00	-1.39E+00	-2.39E+01	3.18E+01	bad-chisq
group_6839	9.00E-01	7.66E-03	1.74E-01	1.46E+00	3.32E+00	-2.08E+00	-2.31E+01	3.12E+01	bad-chisq
group_6815	9.00E-01	7.66E-03	1.00E+00	-4.43E-01	3.40E+00	-3.51E-01	-2.40E+01	3.23E+01	bad-chisq
csuAB	9.00E-01	7.66E-03	4.34E-01	1.03E+00	3.37E+00	-1.67E+00	-2.28E+01	3.06E+01	bad-chisq
group_3624	9.00E-01	1.00E+00	7.71E-01	6.18E-01	3.34E+00	-1.35E+00	-2.39E+01	3.18E+01	bad-chisq
group_2901	9.00E-01	1.00E+00	2.59E-01	1.00E+00	3.25E+00	-1.70E+00	-2.45E+01	3.28E+01	bad-chisq
group_2766	9.00E-01	8.58E-04	2.14E-01	1.86E+00	3.40E+00	-2.40E+00	-2.21E+01	2.90E+01	bad-chisq
group_2191	9.00E-01	8.58E-04	2.14E-01	1.86E+00	3.40E+00	-2.40E+00	-2.21E+01	2.90E+01	bad-chisq
group_1984	9.00E-01	8.58E-04	2.14E-01	1.86E+00	3.40E+00	-2.40E+00	-2.21E+01	2.90E+01	bad-chisq
adeR	9.00E-01	7.66E-03	7.12E-01	4.52E-01	3.33E+00	-1.11E+00	-2.29E+01	3.05E+01	bad-chisq
group_1813	9.00E-01	8.58E-04	2.14E-01	1.86E+00	3.40E+00	-2.40E+00	-2.21E+01	2.90E+01	bad-chisq
group_1015	9.00E-01	1.00E+00	6.28E-01	6.72E-01	3.33E+00	-1.39E+00	-2.39E+01	3.18E+01	bad-chisq
group_1014	9.00E-01	1.00E+00	6.28E-01	6.72E-01	3.33E+00	-1.39E+00	-2.39E+01	3.18E+01	bad-chisq
queH	9.00E-01	7.66E-03	8.34E-03	3.08E+00	3.19E+00	-3.58E+00	-2.49E+01	3.20E+01	bad-chisq
csuA	9.00E-01	4.55E-02	4.41E-01	9.03E-01	1.20E+00	-1.71E+00	-2.56E+01	3.48E+01	
group_7630	8.90E-01	4.39E-04	4.01E-01	1.45E+00	3.42E+00	-2.04E+00	-2.25E+01	2.97E+01	bad-chisq
group_7521	8.90E-01	4.39E-04	4.01E-01	1.45E+00	3.42E+00	-2.04E+00	-2.25E+01	2.97E+01	bad-chisq
group_6854	8.90E-01	2.53E-02	5.58E-02	1.98E+00	1.13E+00	-2.62E+00	-2.58E+01	3.42E+01	
group_2492	8.90E-01	4.02E-03	5.17E-01	6.84E-01	3.34E+00	-1.31E+00	-2.27E+01	3.02E+01	bad-chisq
group_2491	8.90E-01	4.02E-03	5.17E-01	6.84E-01	3.34E+00	-1.31E+00	-2.27E+01	3.02E+01	bad-chisq
group_2192	8.90E-01	4.39E-04	2.14E-01	1.86E+00	3.40E+00	-2.40E+00	-2.21E+01	2.90E+01	bad-chisq
group_1994	8.90E-01	4.39E-04	9.55E-05	4.34E+00	3.03E+00	-4.90E+00	-2.71E+01	3.69E+01	bad-chisq
group_1867	8.90E-01	7.49E-01	1.27E-01	1.58E+00	1.03E+00	-2.32E+00	-2.75E+01	3.61E+01	
filE	8.90E-01	4.39E-04	2.14E-01	1.86E+00	3.40E+00	-2.40E+00	-2.21E+01	2.90E+01	bad-chisq
group_1678	8.90E-01	4.02E-03	1.49E-01	1.49E+00	3.31E+00	-2.09E+00	-2.29E+01	3.08E+01	bad-chisq
group_1560	8.90E-01	7.49E-01	5.97E-01	6.47E-01	1.21E+00	-1.46E+00	-2.64E+01	3.50E+01	
group_1381	8.90E-01	4.39E-04	4.01E-01	1.45E+00	3.42E+00	-2.04E+00	-2.25E+01	2.97E+01	bad-chisq
group_1379	8.90E-01	4.39E-04	4.01E-01	1.45E+00	3.42E+00	-2.04E+00	-2.25E+01	2.97E+01	bad-chisq
tetR	8.90E-01	4.02E-03	1.49E-01	1.49E+00	3.31E+00	-2.09E+00	-2.29E+01	3.08E+01	bad-chisq
group_69	8.90E-01	4.02E-03	1.00E+00	-1.07E+00	3.36E+00	1.66E-01	-2.52E+01	3.42E+01	bad-chisq
group_7617	8.80E-01	2.18E-01	1.05E-01	-1.62E+00	1.05E+00	4.11E-01	-2.90E+01	3.91E+01	
group_7570	8.80E-01	2.09E-03	6.93E-01	4.97E-01	3.33E+00	-1.13E+00	-2.27E+01	3.01E+01	bad-chisq
group_7443	8.80E-01	1.00E+00	7.17E-01	4.29E-01	1.17E+00	-1.26E+00	-2.63E+01	3.50E+01	
group_7319	8.80E-01	2.22E-04	9.55E-05	4.34E+00	3.03E+00	-4.90E+00	-2.71E+01	3.69E+01	bad-chisq
group_7318	8.80E-01	2.22E-04	9.55E-05	4.34E+00	3.03E+00	-4.90E+00	-2.71E+01	3.69E+01	bad-chisq
group_7157	8.80E-01	5.38E-01	2.23E-01	1.21E+00	1.01E+00	-1.90E+00	-2.67E+01	3.47E+01	
group_7035	8.80E-01	2.22E-04	9.55E-05	4.34E+00	3.03E+00	-4.90E+00	-2.71E+01	3.69E+01	bad-chisq
group_4368	8.80E-01	1.00E+00	7.17E-01	4.29E-01	1.17E+00	-1.26E+00	-2.63E+01	3.50E+01	
group_3786	8.80E-01	5.38E-01	2.23E-01	1.21E+00	1.01E+00	-1.90E+00	-2.67E+01	3.47E+01	
group_3252	8.80E-01	2.22E-04	5.97E-01	1.57E+00	3.44E+00	-2.21E+00	-2.29E+01	3.03E+01	bad-chisq
group_3145	8.80E-01	5.38E-01	5.71E-01	6.44E-01	1.13E+00	-1.45E+00	-2.61E+01	3.47E+01	
abaR	8.80E-01	2.09E-03	5.11E-01	6.93E-01	3.33E+00	-1.32E+00	-2.26E+01	3.01E+01	bad-chisq
group_2360	8.80E-01	2.22E-04	5.97E-01	1.57E+00	3.44E+00	-2.21E+00	-2.29E+01	3.03E+01	bad-chisq
group_2296	8.80E-01	5.38E-01	3.61E-01	9.99E-01	1.09E+00	-1.74E+00	-2.66E+01	3.47E+01	
group_2198	8.80E-01	2.22E-04	5.97E-01	1.57E+00	3.44E+00	-2.21E+00	-2.29E+01	3.03E+01	bad-chisq
group_2115	8.80E-01	2.22E-04	5.97E-01	1.57E+00	3.44E+00	-2.21E+00	-2.29E+01	3.03E+01	bad-chisq
group_2079	8.80E-01	5.38E-01	3.61E-01	9.99E-01	1.09E+00	-1.74E+00	-2.66E+01	3.47E+01	
group_2022	8.80E-01	2.09E-03	6.93E-01	4.97E-01	3.33E+00	-1.13E+00	-2.27E+01	3.01E+01	bad-chisq
group_1841	8.80E-01	2.22E-04	5.97E-01	1.57E+00	3.44E+00	-2.21E+00	-2.29E+01	3.03E+01	bad-chisq
group_1656	8.80E-01	2.22E-04	5.97E-01	1.57E+00	3.44E+00	-2.21E+00	-2.29E+01	3.03E+01	bad-chisq
aidA	8.80E-01	2.09E-03	6.93E-01	4.97E-01	3.33E+00	-1.13E+00	-2.27E+01	3.01E+01	bad-chisq
group_1361	8.80E-01	2.22E-04	5.97E-01	1.57E+00	3.44E+00	-2.21E+00	-2.29E+01	3.03E+01	bad-chisq
group_1268	8.80E-01	2.22E-04	9.55E-05	4.34E+00	3.03E+00	-4.90E+00	-2.71E+01	3.69E+01	bad-chisq
group_1161	8.80E-01	5.38E-01	2.23E-01	1.21E+00	1.01E+00	-1.90E+00	-2.67E+01	3.47E+01	
group_1160	8.80E-01	5.38E-01	2.23E-01	1.21E+00	1.01E+00	-1.90E+00	-2.67E+01	3.47E+01	
group_1046	8.80E-01	5.38E-01	5.71E-01	6.44E-01	1.13E+00	-1.45E+00	-2.61E+01	3.47E+01	
group_666	8.80E-01	2.22E-04	7.69E-05	-3.99E+00	2.98E+00	2.85E+00	-2.40E+01	2.65E+01	bad-chisq
group_511	8.80E-01	5.38E-01	2.23E-01	1.21E+00	1.01E+00	-1.90E+00	-2.67E+01	3.47E+01	
group_20	8.80E-01	5.38E-01	2.23E-01	1.21E+00	1.01E+00	-1.90E+00	-2.67E+01	3.47E+01	
group_7595	8.70E-01	1.07E-03	5.38E-04	-2.90E+00	2.94E+00	1.76E+00	-2.43E+01	2.72E+01	bad-chisq
group_7575	8.70E-01	1.11E-04	5.97E-01	1.57E+00	3.44E+00	-2.21E+00	-2.29E+01	3.03E+01	bad-chisq
group_6981	8.70E-01	3.72E-01	1.03E-01	1.55E+00	9.92E-01	-2.18E+00	-2.73E+01	3.50E+01	
group_6880	8.70E-01	3.72E-01	1.03E-01	1.55E+00	9.92E-01	-2.18E+00	-2.73E+01	3.50E+01	
tssK	8.70E-01	3.72E-01	9.12E-02	1.59E+00	9.86E-01	-2.19E+00	-2.72E+01	3.47E+01	
tssL	8.70E-01	3.72E-01	9.12E-02	1.59E+00	9.86E-01	-2.19E+00	-2.72E+01	3.47E+01	
group_3559	8.70E-01	1.07E-03	5.38E-04	-2.90E+00	2.94E+00	1.76E+00	-2.43E+01	2.72E+01	bad-chisq
group_2490	8.70E-01	1.07E-03	3.20E-01	9.25E-01	3.31E+00	-1.49E+00	-2.22E+01	2.95E+01	bad-chisq
group_2488	8.70E-01	1.07E-03	3.20E-01	9.25E-01	3.31E+00	-1.49E+00	-2.22E+01	2.95E+01	bad-chisq
group_2461	8.70E-01	1.07E-03	3.20E-01	9.25E-01	3.31E+00	-1.49E+00	-2.22E+01	2.95E+01	bad-chisq
group_2426	8.70E-01	1.07E-03	5.27E-01	1.54E+00	3.41E+00	-2.20E+00	-2.32E+01	3.08E+01	bad-chisq
group_2384	8.70E-01	1.07E-03	3.20E-01	9.25E-01	3.31E+00	-1.49E+00	-2.22E+01	2.95E+01	bad-chisq
abaI	8.70E-01	1.07E-03	3.20E-01	9.25E-01	3.31E+00	-1.49E+00	-2.22E+01	2.95E+01	bad-chisq
group_1684	8.70E-01	3.72E-01	2.23E-01	1.21E+00	1.01E+00	-1.90E+00	-2.67E+01	3.47E+01	
tagX	8.70E-01	3.72E-01	9.12E-02	1.59E+00	9.86E-01	-2.19E+00	-2.72E+01	3.47E+01	
group_1420	8.70E-01	1.07E-03	5.38E-04	-2.90E+00	2.94E+00	1.76E+00	-2.43E+01	2.72E+01	bad-chisq
tssA	8.70E-01	3.72E-01	9.12E-02	1.59E+00	9.86E-01	-2.19E+00	-2.72E+01	3.47E+01	
group_283	8.70E-01	1.11E-04	1.65E-05	4.50E+00	2.93E+00	-4.89E+00	-2.68E+01	3.59E+01	bad-chisq
group_179	8.70E-01	1.07E-03	5.63E-05	3.66E+00	2.89E+00	-4.15E+00	-2.79E+01	3.79E+01	bad-chisq
group_83	8.70E-01	3.72E-01	9.12E-02	1.59E+00	9.86E-01	-2.19E+00	-2.72E+01	3.47E+01	
dmlR	8.60E-01	2.49E-01	4.26E-01	8.37E-01	1.05E+00	-1.59E+00	-2.59E+01	3.41E+01	
group_6619	8.60E-01	2.49E-01	9.54E-01	5.10E-02	8.77E-01	-9.21E-01	-2.60E+01	3.51E+01	
group_4923	8.60E-01	2.49E-01	9.12E-02	1.59E+00	9.86E-01	-2.19E+00	-2.72E+01	3.47E+01	
group_4332	8.60E-01	2.49E-01	9.12E-02	1.59E+00	9.86E-01	-2.19E+00	-2.72E+01	3.47E+01	
group_3850	8.60E-01	2.49E-01	9.12E-02	1.59E+00	9.86E-01	-2.19E+00	-2.72E+01	3.47E+01	
group_2459	8.60E-01	5.44E-04	5.00E-01	1.55E+00	3.41E+00	-2.19E+00	-2.31E+01	3.06E+01	bad-chisq
emrA	8.60E-01	5.44E-04	1.00E+00	3.01E-01	3.37E+00	-1.01E+00	-2.33E+01	3.12E+01	bad-chisq
group_1409	8.60E-01	5.47E-05	5.59E-01	1.58E+00	3.44E+00	-2.21E+00	-2.28E+01	3.01E+01	bad-chisq
group_824	8.60E-01	5.47E-05	1.41E-01	-1.98E+00	3.41E+00	1.02E+00	-2.15E+01	3.13E+01	bad-chisq
group_431	8.60E-01	2.49E-01	9.12E-02	1.59E+00	9.86E-01	-2.19E+00	-2.72E+01	3.47E+01	
group_170	8.60E-01	2.49E-01	4.64E-01	7.84E-01	1.07E+00	-1.55E+00	-2.60E+01	3.44E+01	
group_7480	8.50E-01	2.72E-04	1.00E+00	-2.87E-01	3.39E+00	-4.91E-01	-2.38E+01	3.20E+01	bad-chisq
group_7295	8.50E-01	2.07E-03	2.31E-04	-3.46E+00	1.18E+00	2.20E+00	-2.59E+01	2.85E+01	
group_6735	8.50E-01	2.07E-03	2.31E-04	-3.46E+00	1.18E+00	2.20E+00	-2.59E+01	2.85E+01	
group_2389	8.50E-01	1.61E-01	9.30E-01	-7.31E-02	8.27E-01	-8.20E-01	-2.61E+01	3.52E+01	
group_2273	8.50E-01	1.61E-01	4.26E-01	8.37E-01	1.05E+00	-1.59E+00	-2.59E+01	3.41E+01	
group_2247	8.50E-01	2.72E-04	4.79E-01	-7.49E-01	3.31E+00	-1.57E-01	-2.27E+01	3.19E+01	bad-chisq
group_2135	8.50E-01	2.07E-03	2.31E-04	-3.46E+00	1.18E+00	2.20E+00	-2.59E+01	2.85E+01	
group_2047	8.50E-01	4.01E-01	8.90E-01	1.30E-01	9.37E-01	-9.86E-01	-2.60E+01	3.50E+01	
group_1257	8.50E-01	1.61E-01	3.82E-01	9.00E-01	1.03E+00	-1.62E+00	-2.57E+01	3.38E+01	
group_1252	8.50E-01	2.07E-03	2.31E-04	-3.46E+00	1.18E+00	2.20E+00	-2.59E+01	2.85E+01	
group_4971	8.40E-01	1.02E-01	9.17E-01	9.05E-02	8.70E-01	-9.51E-01	-2.60E+01	3.50E+01	
group_2485	8.40E-01	1.34E-04	1.94E-01	1.19E+00	3.28E+00	-1.64E+00	-2.12E+01	2.76E+01	bad-chisq
group_2481	8.40E-01	1.34E-04	1.94E-01	1.19E+00	3.28E+00	-1.64E+00	-2.12E+01	2.76E+01	bad-chisq
group_2473	8.40E-01	1.34E-04	1.94E-01	1.19E+00	3.28E+00	-1.64E+00	-2.12E+01	2.76E+01	bad-chisq
group_2089	8.40E-01	1.34E-04	5.09E-03	3.14E+00	3.18E+00	-3.49E+00	-2.36E+01	2.93E+01	bad-chisq
galE	8.40E-01	1.02E-01	9.93E-01	-1.03E-02	1.17E+00	-8.71E-01	-2.61E+01	3.52E+01	
group_1601	8.40E-01	1.34E-04	5.09E-03	3.14E+00	3.18E+00	-3.49E+00	-2.36E+01	2.93E+01	bad-chisq
group_484	8.40E-01	1.02E-01	3.34E-01	9.71E-01	1.01E+00	-1.66E+00	-2.56E+01	3.35E+01	
group_6797	8.30E-01	1.83E-01	4.34E-01	7.44E-01	9.56E-01	-1.46E+00	-2.58E+01	3.39E+01	
group_2797	8.30E-01	1.66E-02	2.05E-04	-3.08E+00	9.75E-01	1.40E+00	-3.06E+01	3.76E+01	
tssG	8.20E-01	3.73E-02	6.68E-02	1.68E+00	9.68E-01	-2.20E+00	-2.66E+01	3.36E+01	
tssH	8.20E-01	3.73E-02	6.68E-02	1.68E+00	9.68E-01	-2.20E+00	-2.66E+01	3.36E+01	
tssC	8.20E-01	3.73E-02	6.68E-02	1.68E+00	9.68E-01	-2.20E+00	-2.66E+01	3.36E+01	
icmF~~~tssM	8.20E-01	3.73E-02	6.68E-02	1.68E+00	9.68E-01	-2.20E+00	-2.66E+01	3.36E+01	
tssB	8.20E-01	3.73E-02	6.68E-02	1.68E+00	9.68E-01	-2.20E+00	-2.66E+01	3.36E+01	
group_6692	8.20E-01	3.73E-02	6.68E-02	1.68E+00	9.68E-01	-2.20E+00	-2.66E+01	3.36E+01	
tagF	8.20E-01	3.73E-02	6.68E-02	1.68E+00	9.68E-01	-2.20E+00	-2.66E+01	3.36E+01	
tssE	8.20E-01	3.73E-02	6.68E-02	1.68E+00	9.68E-01	-2.20E+00	-2.66E+01	3.36E+01	
hcp	8.20E-01	3.73E-02	6.68E-02	1.68E+00	9.68E-01	-2.20E+00	-2.66E+01	3.36E+01	
group_4049	8.20E-01	3.73E-02	6.68E-02	1.68E+00	9.68E-01	-2.20E+00	-2.66E+01	3.36E+01	
group_2021	8.20E-01	3.12E-05	5.79E-04	2.96E+00	3.02E+00	-3.28E+00	-2.38E+01	3.15E+01	bad-chisq
group_1551	8.20E-01	1.79E-03	9.85E-04	-2.75E+00	8.93E-01	1.38E+00	-2.61E+01	2.73E+01	
tssF	8.20E-01	3.73E-02	6.68E-02	1.68E+00	9.68E-01	-2.20E+00	-2.66E+01	3.36E+01	
group_1159	8.20E-01	3.73E-02	6.68E-02	1.68E+00	9.68E-01	-2.20E+00	-2.66E+01	3.36E+01	
group_837	8.20E-01	3.73E-02	6.68E-02	1.68E+00	9.68E-01	-2.20E+00	-2.66E+01	3.36E+01	
group_2180	8.10E-01	2.18E-02	5.67E-01	5.11E-01	8.91E-01	-1.31E+00	-2.58E+01	3.47E+01	
group_832	8.10E-01	1.47E-05	5.42E-04	2.99E+00	3.02E+00	-3.32E+00	-2.41E+01	3.18E+01	bad-chisq
group_222	8.10E-01	5.05E-03	1.10E-03	-2.68E+00	8.72E-01	1.28E+00	-2.66E+01	2.83E+01	
group_6877	8.00E-01	6.80E-06	8.11E-04	2.95E+00	3.05E+00	-3.32E+00	-2.43E+01	3.22E+01	bad-chisq
group_2833	8.00E-01	4.55E-02	7.52E-01	2.50E-01	7.87E-01	-1.07E+00	-2.58E+01	3.47E+01	
group_2818	8.00E-01	2.70E-03	2.54E-01	9.53E-01	8.47E-01	-1.60E+00	-2.51E+01	3.32E+01	
group_2104	8.00E-01	1.24E-02	8.63E-01	1.40E-01	8.10E-01	-9.87E-01	-2.59E+01	3.49E+01	
group_1226	8.00E-01	1.24E-02	2.04E-02	-1.95E+00	8.62E-01	7.19E-01	-2.55E+01	2.78E+01	
group_7489	7.90E-01	2.53E-07	8.21E-05	4.35E+00	3.02E+00	-4.88E+00	-2.70E+01	3.66E+01	bad-chisq
group_7263	7.90E-01	2.71E-02	3.01E-02	-1.75E+00	8.16E-01	4.82E-01	-2.62E+01	2.96E+01	
group_7258	7.90E-01	2.71E-02	3.01E-02	-1.75E+00	8.16E-01	4.82E-01	-2.62E+01	2.96E+01	
group_7243	7.90E-01	2.71E-02	3.01E-02	-1.75E+00	8.16E-01	4.82E-01	-2.62E+01	2.96E+01	
group_6888	7.90E-01	6.92E-03	3.78E-01	-7.24E-01	8.37E-01	-2.98E-01	-2.55E+01	3.51E+01	
group_6887	7.90E-01	4.61E-01	3.65E-01	6.72E-01	7.43E-01	-1.47E+00	-2.65E+01	3.67E+01	
group_6766	7.90E-01	3.09E-06	3.66E-04	3.03E+00	3.00E+00	-3.31E+00	-2.39E+01	3.14E+01	bad-chisq
group_4036	7.90E-01	2.71E-02	3.01E-02	-1.75E+00	8.16E-01	4.82E-01	-2.62E+01	2.96E+01	
group_2711	7.90E-01	3.09E-06	1.18E-01	1.68E+00	3.32E+00	-2.25E+00	-2.23E+01	3.03E+01	bad-chisq
tviB	7.90E-01	4.61E-01	3.86E-01	5.91E-01	6.81E-01	-1.36E+00	-2.69E+01	3.64E+01	
group_1859	7.90E-01	2.71E-02	3.01E-02	-1.75E+00	8.16E-01	4.82E-01	-2.62E+01	2.96E+01	
group_1364	7.90E-01	3.09E-06	3.66E-04	3.03E+00	3.00E+00	-3.31E+00	-2.39E+01	3.14E+01	bad-chisq
group_1250	7.90E-01	2.53E-07	8.21E-05	4.35E+00	3.02E+00	-4.88E+00	-2.70E+01	3.66E+01	bad-chisq
group_1224	7.90E-01	2.71E-02	3.01E-02	-1.75E+00	8.16E-01	4.82E-01	-2.62E+01	2.96E+01	
group_1218	7.90E-01	2.71E-02	3.01E-02	-1.75E+00	8.16E-01	4.82E-01	-2.62E+01	2.96E+01	
group_1217	7.90E-01	2.71E-02	3.01E-02	-1.75E+00	8.16E-01	4.82E-01	-2.62E+01	2.96E+01	
group_1197	7.90E-01	2.71E-02	9.66E-05	3.11E+00	9.25E-01	-3.41E+00	-3.22E+01	4.20E+01	
group_641	7.90E-01	3.09E-06	6.10E-04	2.98E+00	3.03E+00	-3.33E+00	-2.43E+01	3.21E+01	bad-chisq
group_120	7.90E-01	2.71E-02	3.01E-02	-1.75E+00	8.16E-01	4.82E-01	-2.62E+01	2.96E+01	
group_2630	7.80E-01	3.34E-01	2.83E-01	-8.29E-01	7.93E-01	-2.78E-01	-2.63E+01	3.64E+01	
group_6728	7.70E-01	6.03E-07	3.92E-04	3.03E+00	3.01E+00	-3.31E+00	-2.42E+01	3.14E+01	bad-chisq
group_7316	7.50E-01	1.09E-07	5.59E-04	2.90E+00	3.02E+00	-3.03E+00	-2.16E+01	2.76E+01	bad-chisq
group_1632	7.50E-01	1.24E-06	2.01E-01	1.23E+00	1.00E+00	-1.87E+00	-2.42E+01	3.26E+01	
group_1614	7.50E-01	4.88E-01	4.70E-01	6.12E-01	8.60E-01	-1.36E+00	-2.69E+01	3.53E+01	
group_398	7.50E-01	1.24E-06	2.01E-01	1.23E+00	1.00E+00	-1.87E+00	-2.42E+01	3.26E+01	
group_2262	7.40E-01	4.46E-08	4.07E-05	3.81E+00	2.91E+00	-4.13E+00	-2.66E+01	3.46E+01	bad-chisq
group_774	7.40E-01	4.46E-08	5.32E-02	1.87E+00	3.27E+00	-2.29E+00	-2.12E+01	2.83E+01	bad-chisq
group_7248	7.30E-01	1.79E-08	4.05E-05	3.80E+00	2.91E+00	-4.12E+00	-2.66E+01	3.45E+01	bad-chisq
group_6849	7.30E-01	1.79E-08	4.05E-05	3.80E+00	2.91E+00	-4.12E+00	-2.66E+01	3.45E+01	bad-chisq
group_6236	7.30E-01	3.41E-03	5.68E-07	-9.82E+00	1.78E+00	6.72E+00	-1.92E+01	-2.11E+01	high-bse
group_4941	7.30E-01	1.79E-08	4.05E-05	3.80E+00	2.91E+00	-4.12E+00	-2.66E+01	3.45E+01	bad-chisq
group_4530	7.30E-01	1.79E-08	4.05E-05	3.80E+00	2.91E+00	-4.12E+00	-2.66E+01	3.45E+01	bad-chisq
group_4347	7.30E-01	1.79E-08	4.05E-05	3.80E+00	2.91E+00	-4.12E+00	-2.66E+01	3.45E+01	bad-chisq
group_3634	7.30E-01	1.79E-08	4.05E-05	3.80E+00	2.91E+00	-4.12E+00	-2.66E+01	3.45E+01	bad-chisq
group_3397	7.30E-01	1.79E-08	4.05E-05	3.80E+00	2.91E+00	-4.12E+00	-2.66E+01	3.45E+01	bad-chisq
group_2119	7.30E-01	2.24E-06	1.12E-03	2.66E+00	8.96E-01	-2.88E+00	-2.63E+01	3.29E+01	
group_2032	7.30E-01	3.41E-03	5.68E-07	-9.82E+00	1.78E+00	6.72E+00	-1.92E+01	-2.11E+01	high-bse
group_1754	7.30E-01	1.79E-08	4.05E-05	3.80E+00	2.91E+00	-4.12E+00	-2.66E+01	3.45E+01	bad-chisq
group_1744	7.30E-01	1.32E-02	1.71E-01	-9.86E-01	7.43E-01	-1.91E-01	-2.61E+01	3.63E+01	
group_1717	7.30E-01	1.79E-08	4.05E-05	3.80E+00	2.91E+00	-4.12E+00	-2.66E+01	3.45E+01	bad-chisq
nicP	7.30E-01	3.41E-03	1.78E-05	-5.27E+00	1.59E+00	2.93E+00	-2.78E+01	1.41E+01	
group_773	7.30E-01	1.79E-08	1.07E-05	3.67E+00	2.78E+00	-3.88E+00	-2.49E+01	3.42E+01	bad-chisq
group_7500	7.20E-01	7.53E-03	1.00E-04	-5.68E+00	1.81E+00	3.38E+00	-2.52E+01	7.10E+00	
group_7389	7.20E-01	7.53E-03	1.00E-04	-5.68E+00	1.81E+00	3.38E+00	-2.52E+01	7.10E+00	
group_7379	7.20E-01	7.53E-03	1.78E-05	-5.27E+00	1.59E+00	2.93E+00	-2.78E+01	1.41E+01	
group_7350	7.20E-01	7.53E-03	1.00E-04	-5.68E+00	1.81E+00	3.38E+00	-2.52E+01	7.10E+00	
group_7148	7.20E-01	7.53E-03	1.00E-04	-5.68E+00	1.81E+00	3.38E+00	-2.52E+01	7.10E+00	
group_7147	7.20E-01	7.53E-03	1.00E-04	-5.68E+00	1.81E+00	3.38E+00	-2.52E+01	7.10E+00	
group_5837	7.20E-01	7.01E-09	3.98E-05	3.80E+00	2.91E+00	-4.10E+00	-2.64E+01	3.42E+01	bad-chisq
group_5059	7.20E-01	7.53E-03	1.00E-04	-5.68E+00	1.81E+00	3.38E+00	-2.52E+01	7.10E+00	
group_3320	7.20E-01	7.53E-03	1.00E-04	-5.68E+00	1.81E+00	3.38E+00	-2.52E+01	7.10E+00	
group_3049	7.20E-01	7.53E-03	1.00E-04	-5.68E+00	1.81E+00	3.38E+00	-2.52E+01	7.10E+00	
group_2852	7.20E-01	3.73E-01	9.37E-01	6.20E-02	7.81E-01	-9.23E-01	-2.61E+01	3.51E+01	
group_2762	7.20E-01	7.53E-03	1.00E-04	-5.68E+00	1.81E+00	3.38E+00	-2.52E+01	7.10E+00	
group_2761	7.20E-01	7.53E-03	1.00E-04	-5.68E+00	1.81E+00	3.38E+00	-2.52E+01	7.10E+00	
group_2675	7.20E-01	7.53E-03	1.00E-04	-5.68E+00	1.81E+00	3.38E+00	-2.52E+01	7.10E+00	
yigI	7.20E-01	7.53E-03	1.00E-04	-5.68E+00	1.81E+00	3.38E+00	-2.52E+01	7.10E+00	
group_2549	7.20E-01	1.82E-03	7.94E-01	-2.51E-01	9.68E-01	-7.01E-01	-2.65E+01	3.60E+01	
group_1873	7.20E-01	7.53E-03	1.00E-04	-5.68E+00	1.81E+00	3.38E+00	-2.52E+01	7.10E+00	
group_1711	7.20E-01	7.01E-09	5.02E-05	3.21E+00	2.87E+00	-3.19E+00	-2.18E+01	2.79E+01	bad-chisq
group_1697	7.20E-01	9.03E-08	1.52E-01	1.35E+00	9.82E-01	-1.91E+00	-2.34E+01	3.15E+01	
group_1508	7.20E-01	1.82E-03	7.94E-01	-2.51E-01	9.68E-01	-7.01E-01	-2.65E+01	3.60E+01	
group_1150	7.20E-01	7.53E-03	1.00E-04	-5.68E+00	1.81E+00	3.38E+00	-2.52E+01	7.10E+00	
group_1034	7.20E-01	1.82E-03	7.94E-01	-2.51E-01	9.68E-01	-7.01E-01	-2.65E+01	3.60E+01	
group_1030	7.20E-01	7.53E-03	1.00E-04	-5.68E+00	1.81E+00	3.38E+00	-2.52E+01	7.10E+00	
group_1028	7.20E-01	7.53E-03	1.00E-04	-5.68E+00	1.81E+00	3.38E+00	-2.52E+01	7.10E+00	
tnsE	7.20E-01	9.59E-07	1.22E-01	1.39E+00	9.11E-01	-1.76E+00	-2.27E+01	2.88E+01	
group_841	7.20E-01	7.53E-03	1.00E-04	-5.68E+00	1.81E+00	3.38E+00	-2.52E+01	7.10E+00	
group_616	7.20E-01	1.00E+00	3.94E-01	7.04E-01	8.40E-01	-1.40E+00	-2.68E+01	3.48E+01	
group_465	7.20E-01	7.53E-03	1.00E-04	-5.68E+00	1.81E+00	3.38E+00	-2.52E+01	7.10E+00	
group_128	7.20E-01	1.82E-03	7.94E-01	-2.51E-01	9.68E-01	-7.01E-01	-2.65E+01	3.60E+01	
group_7401	7.10E-01	2.68E-09	8.98E-04	2.91E+00	3.06E+00	-3.28E+00	-2.40E+01	3.17E+01	bad-chisq
group_7025	7.10E-01	4.00E-07	2.00E-01	1.03E+00	8.17E-01	-1.60E+00	-2.38E+01	3.22E+01	
group_7003	7.10E-01	9.47E-04	7.94E-01	-2.51E-01	9.68E-01	-7.01E-01	-2.65E+01	3.60E+01	
group_1885	7.10E-01	1.79E-04	2.32E-03	2.08E+00	7.22E-01	-2.39E+00	-2.61E+01	3.65E+01	
group_1777	7.10E-01	1.79E-04	2.32E-03	2.08E+00	7.22E-01	-2.39E+00	-2.61E+01	3.65E+01	
group_1633	7.10E-01	3.60E-08	1.41E-01	1.38E+00	9.78E-01	-1.92E+00	-2.32E+01	3.11E+01	
group_1423	7.10E-01	2.82E-05	1.68E-04	2.68E+00	7.81E-01	-2.86E+00	-2.76E+01	3.74E+01	
group_7650	7.00E-01	2.91E-02	1.87E-04	-4.02E+00	1.23E+00	1.50E+00	-3.26E+01	2.79E+01	
group_6782	7.00E-01	4.80E-04	1.54E-02	1.63E+00	6.93E-01	-2.06E+00	-2.59E+01	3.58E+01	
group_4209	7.00E-01	2.91E-02	1.87E-04	-4.02E+00	1.23E+00	1.50E+00	-3.26E+01	2.79E+01	
group_2209	7.00E-01	8.83E-03	1.09E-04	-8.38E+00	2.05E+00	5.56E+00	-1.69E+01	-1.77E+01	high-bse
group_2185	7.00E-01	9.96E-10	3.83E-05	-1.15E+01	2.82E+00	7.91E+00	1.69E+01	1.47E+01	bad-chisq
group_1996	7.00E-01	8.83E-03	2.46E-07	-7.18E+00	2.29E+00	2.86E+00	-4.36E+01	3.13E+01	
group_1468	7.00E-01	9.96E-10	3.83E-05	-1.15E+01	2.82E+00	7.91E+00	1.69E+01	1.47E+01	bad-chisq
group_1221	7.00E-01	2.91E-02	1.72E-03	-3.75E+00	1.27E+00	1.54E+00	-2.91E+01	2.26E+01	
group_1008	7.00E-01	2.91E-02	1.72E-03	-3.75E+00	1.27E+00	1.54E+00	-2.91E+01	2.26E+01	
group_27	7.00E-01	9.96E-10	3.83E-05	-1.15E+01	2.82E+00	7.91E+00	1.69E+01	1.47E+01	bad-chisq
group_7670	6.90E-01	5.17E-02	1.72E-03	-3.75E+00	1.27E+00	1.54E+00	-2.91E+01	2.26E+01	
group_7649	6.90E-01	5.17E-02	1.72E-03	-3.75E+00	1.27E+00	1.54E+00	-2.91E+01	2.26E+01	
group_7592	6.90E-01	5.29E-09	4.60E-03	-5.87E+00	2.23E+00	3.43E+00	-6.32E+00	2.83E+01	
group_7591	6.90E-01	5.29E-09	4.60E-03	-5.87E+00	2.23E+00	3.43E+00	-6.32E+00	2.83E+01	
group_7211	6.90E-01	5.17E-02	1.72E-03	-3.75E+00	1.27E+00	1.54E+00	-2.91E+01	2.26E+01	
group_6959	6.90E-01	5.29E-09	1.69E-05	-9.84E+00	2.76E+00	6.48E+00	5.26E+00	2.51E+01	
group_6857	6.90E-01	5.17E-02	4.05E-01	-6.40E-01	7.88E-01	-4.70E-01	-2.70E+01	3.72E+01	
group_3698	6.90E-01	5.17E-02	1.72E-03	-3.75E+00	1.27E+00	1.54E+00	-2.91E+01	2.26E+01	
group_2283	6.90E-01	5.29E-09	1.69E-05	-9.84E+00	2.76E+00	6.48E+00	5.26E+00	2.51E+01	
group_2044	6.90E-01	5.29E-09	1.69E-05	-9.84E+00	2.76E+00	6.48E+00	5.26E+00	2.51E+01	
group_2029	6.90E-01	5.29E-09	4.60E-03	-5.87E+00	2.23E+00	3.43E+00	-6.32E+00	2.83E+01	
group_1417	6.90E-01	5.29E-09	4.60E-03	-5.87E+00	2.23E+00	3.43E+00	-6.32E+00	2.83E+01	
group_1416	6.90E-01	5.29E-09	4.60E-03	-5.87E+00	2.23E+00	3.43E+00	-6.32E+00	2.83E+01	
group_1058	6.90E-01	6.46E-08	1.16E-01	1.23E+00	8.03E-01	-1.69E+00	-2.29E+01	3.08E+01	
group_337	6.90E-01	2.80E-01	6.69E-01	-2.78E-01	6.53E-01	-7.06E-01	-2.64E+01	3.52E+01	
group_6881	6.80E-01	2.68E-07	8.32E-05	3.16E+00	9.29E-01	-3.26E+00	-2.89E+01	3.60E+01	
group_5057	6.80E-01	2.68E-07	8.32E-05	3.16E+00	9.29E-01	-3.26E+00	-2.89E+01	3.60E+01	
group_2857	6.80E-01	1.00E+00	3.64E-01	7.33E-01	8.28E-01	-1.35E+00	-2.65E+01	3.41E+01	
group_2364	6.80E-01	3.21E-02	4.11E-06	-6.58E+00	2.10E+00	2.74E+00	-3.92E+01	2.57E+01	
group_1410	6.80E-01	2.49E-08	3.53E-03	-4.58E+00	1.62E+00	2.24E+00	-1.37E+01	3.46E+01	
adeC	6.80E-01	1.27E-10	1.78E-04	3.06E+00	2.96E+00	-3.17E+00	-2.22E+01	2.86E+01	bad-chisq
ybiA	6.80E-01	2.49E-08	3.53E-03	-4.58E+00	1.62E+00	2.24E+00	-1.37E+01	3.46E+01	
group_7173	6.70E-01	1.37E-01	1.73E-03	-3.36E+00	1.24E+00	7.42E-01	-3.48E+01	3.46E+01	
group_7013	6.70E-01	5.56E-02	4.11E-06	-6.58E+00	2.10E+00	2.74E+00	-3.92E+01	2.57E+01	
group_6864	6.70E-01	5.23E-01	2.39E-01	-7.70E-01	6.71E-01	-3.94E-01	-2.68E+01	3.63E+01	
group_6829	6.70E-01	4.32E-11	1.78E-04	3.06E+00	2.96E+00	-3.17E+00	-2.22E+01	2.86E+01	bad-chisq
group_2610	6.70E-01	2.25E-12	9.14E-06	4.34E+00	2.93E+00	-4.32E+00	-2.19E+01	2.74E+01	bad-chisq
group_2608	6.70E-01	5.33E-05	5.04E-02	1.31E+00	6.80E-01	-1.76E+00	-2.45E+01	3.40E+01	
group_2596	6.70E-01	2.25E-12	9.14E-06	4.34E+00	2.93E+00	-4.32E+00	-2.19E+01	2.74E+01	bad-chisq
group_1966	6.70E-01	4.32E-11	1.78E-04	3.06E+00	2.96E+00	-3.17E+00	-2.22E+01	2.86E+01	bad-chisq
group_1870	6.70E-01	5.56E-02	1.51E-05	-5.90E+00	1.87E+00	2.20E+00	-3.92E+01	2.91E+01	
group_1023	6.70E-01	5.56E-02	1.51E-05	-5.90E+00	1.87E+00	2.20E+00	-3.92E+01	2.91E+01	
group_926	6.70E-01	4.32E-11	1.78E-04	3.06E+00	2.96E+00	-3.17E+00	-2.22E+01	2.86E+01	bad-chisq
group_850	6.70E-01	4.32E-11	1.78E-04	3.06E+00	2.96E+00	-3.17E+00	-2.22E+01	2.86E+01	bad-chisq
group_6554	6.60E-01	1.43E-11	1.05E-04	3.10E+00	2.93E+00	-3.02E+00	-2.06E+01	2.55E+01	bad-chisq
group_2617	6.60E-01	9.13E-02	3.50E-05	-5.63E+00	1.82E+00	1.93E+00	-3.98E+01	3.14E+01	
group_2531	6.60E-01	2.05E-01	4.90E-04	-2.65E+00	8.63E-01	6.64E-01	-3.15E+01	3.73E+01	
group_1514	6.60E-01	3.98E-01	2.71E-01	7.09E-01	6.50E-01	-1.33E+00	-2.62E+01	3.48E+01	
group_1403	6.60E-01	4.05E-08	1.63E-02	-3.66E+00	1.49E+00	1.57E+00	-1.58E+01	3.43E+01	
group_910	6.60E-01	9.13E-02	1.01E-06	-6.64E+00	2.06E+00	2.09E+00	-4.75E+01	4.07E+01	
group_902	6.60E-01	4.05E-07	1.35E-03	-4.76E+00	1.58E+00	2.15E+00	-1.61E+01	3.92E+01	
group_99	6.60E-01	4.05E-07	3.53E-03	-4.84E+00	1.81E+00	2.06E+00	-1.59E+01	4.06E+01	
group_7185	6.50E-01	1.59E-07	3.27E-02	-3.25E+00	1.60E+00	1.09E+00	-1.85E+01	3.77E+01	
group_1200	6.50E-01	4.56E-12	1.00E-01	4.06E+00	3.31E+00	-2.94E+00	-3.42E+00	-7.71E-01	bad-chisq
group_7135	6.40E-01	5.73E-07	3.59E-02	-3.14E+00	1.57E+00	9.91E-01	-1.92E+01	3.82E+01	
group_6623	6.40E-01	3.54E-03	3.16E-01	7.02E-01	7.00E-01	-1.25E+00	-2.50E+01	3.25E+01	
group_3374	6.40E-01	4.58E-06	8.81E-02	-2.30E+00	1.35E+00	5.18E-01	-2.09E+01	3.69E+01	
group_2930	6.40E-01	6.07E-08	2.69E-04	2.65E+00	8.13E-01	-2.78E+00	-2.44E+01	3.72E+01	
group_1950	6.40E-01	1.41E-12	2.46E-01	4.21E+00	3.30E+00	-2.97E+00	-1.88E+00	-3.22E+00	bad-chisq
group_1602	6.40E-01	4.05E-01	6.65E-01	-3.06E-01	7.06E-01	-6.99E-01	-2.64E+01	3.48E+01	
group_6836	6.30E-01	2.24E-07	1.63E-01	1.13E+00	8.06E-01	-1.55E+00	-2.32E+01	2.99E+01	
ycaC	6.30E-01	2.24E-07	1.63E-01	1.13E+00	8.06E-01	-1.55E+00	-2.32E+01	2.99E+01	
group_3654	6.30E-01	2.24E-07	1.63E-01	1.13E+00	8.06E-01	-1.55E+00	-2.32E+01	2.99E+01	
group_2891	6.30E-01	2.24E-07	2.81E-06	3.90E+00	1.12E+00	-3.66E+00	-2.70E+01	4.63E+01	
group_2439	6.30E-01	6.23E-02	6.84E-01	3.10E-01	7.69E-01	-1.08E+00	-2.65E+01	3.50E+01	
group_2034	6.30E-01	2.27E-02	7.81E-03	1.71E+00	6.76E-01	-1.94E+00	-2.73E+01	3.62E+01	
group_1837	6.30E-01	2.24E-08	1.09E-04	2.80E+00	8.17E-01	-2.80E+00	-2.40E+01	3.68E+01	
group_1677	6.30E-01	8.36E-01	9.24E-01	7.17E-02	7.50E-01	-9.19E-01	-2.60E+01	3.49E+01	
group_57	6.30E-01	5.34E-01	5.00E-03	-3.28E+00	1.30E+00	7.52E-01	-3.39E+01	3.28E+01	
group_7739	6.20E-01	1.00E+00	4.94E-02	-2.32E+00	1.27E+00	4.91E-02	-3.38E+01	3.73E+01	
group_2961	6.20E-01	4.10E-01	4.68E-01	4.59E-01	6.33E-01	-1.13E+00	-2.59E+01	3.44E+01	
group_2033	6.20E-01	1.34E-02	1.08E-01	9.91E-01	6.23E-01	-1.44E+00	-2.57E+01	3.42E+01	
group_1725	6.20E-01	5.83E-06	1.29E-01	-1.63E+00	1.12E+00	-6.83E-03	-2.33E+01	3.75E+01	
group_6922	6.10E-01	3.05E-01	6.84E-01	-3.28E-01	8.02E-01	-7.06E-01	-2.61E+01	3.62E+01	
group_6733	6.10E-01	3.10E-08	1.46E-01	1.19E+00	8.08E-01	-1.56E+00	-2.28E+01	2.92E+01	
adeT1	6.10E-01	1.67E-05	5.32E-02	-2.15E+00	1.21E+00	2.37E-01	-2.32E+01	3.96E+01	
group_2628	6.10E-01	5.39E-01	9.05E-01	-8.41E-02	7.09E-01	-8.34E-01	-2.61E+01	3.54E+01	
group_2551	6.10E-01	8.38E-01	1.13E-01	-1.27E+00	8.25E-01	-1.94E-01	-2.84E+01	3.43E+01	
group_2449	6.10E-01	8.38E-01	2.75E-04	-3.51E+00	1.21E+00	4.82E-01	-3.98E+01	4.48E+01	
group_2067	6.10E-01	3.10E-08	1.46E-01	1.19E+00	8.08E-01	-1.56E+00	-2.28E+01	2.92E+01	
group_1773	6.10E-01	1.51E-01	5.32E-01	4.53E-01	7.28E-01	-1.18E+00	-2.62E+01	3.46E+01	
group_1318	6.10E-01	3.30E-14	7.89E-04	4.55E+00	3.01E+00	-3.03E+00	-2.49E+00	-3.73E+00	bad-chisq
group_927	6.10E-01	3.30E-14	2.39E-03	4.41E+00	3.05E+00	-2.97E+00	-2.00E+00	-2.95E+00	bad-chisq
group_7608	6.00E-01	9.63E-07	2.83E-05	2.96E+00	8.09E-01	-2.84E+00	-2.69E+01	4.11E+01	
czcC	6.00E-01	1.02E-01	2.57E-01	-8.99E-01	7.99E-01	-3.32E-01	-2.74E+01	3.41E+01	
group_6622	6.00E-01	2.21E-01	1.09E-01	9.89E-01	6.29E-01	-1.44E+00	-2.65E+01	3.52E+01	
group_6086	6.00E-01	6.83E-01	5.58E-01	-4.37E-01	7.50E-01	-6.42E-01	-2.65E+01	3.67E+01	
group_5931	6.00E-01	4.27E-03	3.02E-02	-1.67E+00	8.31E-01	-2.35E-01	-3.36E+01	4.46E+01	
group_3079	6.00E-01	1.02E-01	2.57E-01	-8.99E-01	7.99E-01	-3.32E-01	-2.74E+01	3.41E+01	
group_2486	6.00E-01	6.83E-01	5.01E-03	-3.47E+00	1.48E+00	3.36E-01	-3.85E+01	4.04E+01	
group_2482	6.00E-01	6.83E-01	5.01E-03	-3.47E+00	1.48E+00	3.36E-01	-3.85E+01	4.04E+01	
group_2476	6.00E-01	6.83E-01	5.01E-03	-3.47E+00	1.48E+00	3.36E-01	-3.85E+01	4.04E+01	
group_2465	6.00E-01	6.83E-01	5.01E-03	-3.47E+00	1.48E+00	3.36E-01	-3.85E+01	4.04E+01	
group_2412	6.00E-01	2.21E-01	3.01E-01	8.30E-01	8.33E-01	-1.42E+00	-2.77E+01	3.53E+01	
group_2399	6.00E-01	6.83E-01	5.01E-03	-3.47E+00	1.48E+00	3.36E-01	-3.85E+01	4.04E+01	
group_2303	6.00E-01	6.83E-01	5.01E-03	-3.47E+00	1.48E+00	3.36E-01	-3.85E+01	4.04E+01	
group_2093	6.00E-01	6.83E-01	5.01E-03	-3.47E+00	1.48E+00	3.36E-01	-3.85E+01	4.04E+01	
group_1807	6.00E-01	1.09E-08	1.43E-01	1.20E+00	8.10E-01	-1.56E+00	-2.27E+01	2.90E+01	
group_1685	6.00E-01	6.83E-01	5.01E-03	-3.47E+00	1.48E+00	3.36E-01	-3.85E+01	4.04E+01	
group_1610	6.00E-01	6.83E-01	5.01E-03	-3.47E+00	1.48E+00	3.36E-01	-3.85E+01	4.04E+01	
group_1609	6.00E-01	6.83E-01	5.01E-03	-3.47E+00	1.48E+00	3.36E-01	-3.85E+01	4.04E+01	
group_957	6.00E-01	1.09E-08	1.43E-01	1.20E+00	8.10E-01	-1.56E+00	-2.27E+01	2.90E+01	
group_599	6.00E-01	4.46E-05	3.99E-03	-4.56E+00	1.97E+00	1.24E+00	-2.29E+01	5.07E+01	
group_512	6.00E-01	6.83E-01	5.01E-03	-3.47E+00	1.48E+00	3.36E-01	-3.85E+01	4.04E+01	
group_348	6.00E-01	6.83E-01	5.01E-03	-3.47E+00	1.48E+00	3.36E-01	-3.85E+01	4.04E+01	
group_6804	5.90E-01	3.72E-09	9.56E-02	1.47E+00	8.74E-01	-1.62E+00	-2.14E+01	2.59E+01	
group_2445	5.90E-01	5.42E-01	4.64E-03	-3.46E+00	1.48E+00	3.32E-01	-3.83E+01	4.02E+01	
group_2212	5.90E-01	5.42E-01	3.03E-01	7.37E-01	7.33E-01	-1.33E+00	-2.66E+01	3.44E+01	
group_1883	5.90E-01	5.42E-01	3.03E-01	7.37E-01	7.33E-01	-1.33E+00	-2.66E+01	3.44E+01	
group_1541	5.90E-01	8.39E-01	5.01E-03	-3.47E+00	1.48E+00	3.36E-01	-3.85E+01	4.04E+01	
group_1437	5.90E-01	8.39E-01	1.86E-04	-5.04E+00	1.72E+00	1.30E+00	-4.16E+01	3.74E+01	
group_893	5.90E-01	8.39E-01	5.01E-03	-3.47E+00	1.48E+00	3.36E-01	-3.85E+01	4.04E+01	
group_354	5.90E-01	8.39E-01	1.31E-01	2.29E+00	1.71E+00	-2.34E+00	-2.65E+01	4.64E+01	
group_321	5.90E-01	8.39E-01	1.89E-01	-1.42E+00	1.09E+00	-5.86E-02	-2.73E+01	3.10E+01	
group_192	5.90E-01	8.39E-01	5.01E-03	-3.47E+00	1.48E+00	3.36E-01	-3.85E+01	4.04E+01	
group_3852	5.80E-01	1.21E-09	8.57E-02	1.54E+00	8.90E-01	-1.63E+00	-2.09E+01	2.50E+01	
group_2763	5.80E-01	1.16E-06	1.81E-01	-1.12E+00	8.65E-01	-2.59E-01	-2.35E+01	3.51E+01	
group_2204	5.80E-01	1.00E+00	8.56E-01	2.14E-01	1.19E+00	-1.00E+00	-2.60E+01	3.60E+01	
group_1993	5.80E-01	3.01E-13	1.21E-04	2.98E+00	8.51E-01	-2.62E+00	-2.17E+01	2.48E+01	
group_1003	5.80E-01	1.40E-08	4.45E-01	6.98E-01	8.99E-01	-1.22E+00	-2.34E+01	3.03E+01	
group_2952	5.70E-01	3.13E-01	1.95E-02	1.81E+00	8.62E-01	-2.10E+00	-3.11E+01	3.85E+01	
group_635	5.70E-01	4.69E-09	1.08E-01	1.42E+00	8.79E-01	-1.55E+00	-2.14E+01	2.58E+01	
group_7051	5.60E-01	4.80E-03	2.41E-01	-1.52E+00	1.34E+00	-1.78E-01	-2.50E+01	4.03E+01	
group_7043	5.60E-01	4.80E-03	4.77E-01	4.62E-01	6.48E-01	-1.10E+00	-2.52E+01	3.47E+01	
group_5038	5.60E-01	1.14E-10	3.69E-04	2.49E+00	7.53E-01	-2.56E+00	-2.38E+01	3.56E+01	
group_2819	5.60E-01	2.27E-01	5.81E-01	4.59E-01	8.40E-01	-1.12E+00	-2.59E+01	3.36E+01	
group_2521	5.60E-01	1.62E-07	1.93E-01	1.11E+00	8.47E-01	-1.41E+00	-2.29E+01	2.84E+01	
group_7371	5.50E-01	1.59E-01	5.81E-01	4.59E-01	8.40E-01	-1.12E+00	-2.59E+01	3.36E+01	
group_6630	5.50E-01	3.15E-01	4.34E-02	1.49E+00	7.97E-01	-1.86E+00	-2.97E+01	3.74E+01	
group_6139	5.50E-01	1.59E-01	3.27E-01	-6.53E-01	6.77E-01	-5.22E-01	-2.71E+01	3.52E+01	
group_4677	5.50E-01	1.59E-01	1.27E-02	1.94E+00	8.73E-01	-2.10E+00	-3.05E+01	3.70E+01	
brnT	5.50E-01	4.63E-10	1.76E-04	2.49E+00	7.17E-01	-2.44E+00	-2.44E+01	3.54E+01	
group_2866	5.50E-01	4.63E-10	1.76E-04	2.49E+00	7.17E-01	-2.44E+00	-2.44E+01	3.54E+01	
group_2848	5.50E-01	2.57E-03	8.33E-02	2.01E+00	1.25E+00	-2.10E+00	-3.28E+01	3.72E+01	
group_2649	5.50E-01	2.57E-03	3.90E-01	-6.47E-01	7.59E-01	-5.32E-01	-2.77E+01	3.58E+01	
group_1856	5.50E-01	8.97E-03	3.29E-01	-7.42E-01	7.66E-01	-5.12E-01	-2.55E+01	3.66E+01	
group_1055	5.50E-01	8.97E-03	5.56E-01	4.32E-01	7.33E-01	-1.10E+00	-2.55E+01	3.34E+01	
group_669	5.50E-01	5.46E-01	3.36E-05	-5.45E+00	1.73E+00	9.51E-01	-4.85E+01	4.86E+01	
group_6969	5.40E-01	1.33E-03	3.74E-02	-2.73E+00	1.54E+00	2.13E-01	-2.54E+01	4.62E+01	
group_6967	5.40E-01	1.82E-07	5.90E-01	4.81E-01	8.87E-01	-1.09E+00	-2.43E+01	3.16E+01	
group_6150	5.40E-01	6.88E-01	9.28E-01	-7.56E-02	8.34E-01	-8.47E-01	-2.61E+01	3.55E+01	
group_2779	5.40E-01	4.22E-01	3.87E-01	-5.57E-01	6.54E-01	-6.40E-01	-2.73E+01	3.62E+01	
group_1173	5.40E-01	1.61E-02	1.72E-01	-1.85E+00	1.43E+00	-6.12E-02	-2.54E+01	4.23E+01	
group_913	5.40E-01	2.29E-01	9.16E-01	1.29E-01	1.23E+00	-9.49E-01	-2.59E+01	3.55E+01	
group_333	5.40E-01	3.04E-04	1.88E-01	-8.50E-01	6.48E-01	-4.43E-01	-2.50E+01	3.52E+01	
group_6634	5.30E-01	5.48E-01	6.60E-02	1.35E+00	7.76E-01	-1.59E+00	-2.79E+01	3.43E+01	
group_2879	5.30E-01	2.75E-02	9.55E-01	-4.29E-02	7.68E-01	-8.59E-01	-2.61E+01	3.54E+01	
group_2838	5.30E-01	9.20E-03	7.28E-04	3.12E+00	1.17E+00	-2.94E+00	-3.49E+01	3.93E+01	
group_2741	5.30E-01	2.75E-02	3.17E-01	7.55E-01	7.62E-01	-1.25E+00	-2.55E+01	3.24E+01	
group_2440	5.30E-01	1.61E-01	1.19E-01	1.04E+00	6.97E-01	-1.47E+00	-2.88E+01	3.76E+01	
group_2145	5.30E-01	1.61E-01	9.49E-04	-4.13E+00	1.43E+00	8.68E-01	-3.99E+01	3.89E+01	
group_2057	5.30E-01	9.20E-03	6.43E-02	-2.79E+00	1.75E+00	1.43E-01	-2.67E+01	4.89E+01	
group_1736	5.30E-01	8.41E-01	5.03E-01	-5.25E-01	7.92E-01	-6.69E-01	-2.69E+01	3.79E+01	
group_1499	5.30E-01	9.20E-03	6.43E-02	-2.79E+00	1.75E+00	1.43E-01	-2.67E+01	4.89E+01	
group_1009	5.30E-01	9.20E-03	6.08E-03	-4.52E+00	2.09E+00	8.10E-01	-2.77E+01	5.83E+01	
group_7419	5.20E-01	2.30E-01	7.67E-01	-3.06E-01	1.04E+00	-7.56E-01	-2.68E+01	3.51E+01	
group_7242	5.20E-01	2.30E-01	1.68E-01	1.93E+00	1.50E+00	-1.98E+00	-2.57E+01	4.33E+01	
group_6988	5.20E-01	4.23E-01	6.51E-02	1.35E+00	7.75E-01	-1.59E+00	-2.78E+01	3.42E+01	
group_6874	5.20E-01	1.00E+00	2.08E-03	4.30E+00	1.69E+00	-3.84E+00	-4.34E+01	4.46E+01	
group_6786	5.20E-01	2.30E-01	7.67E-01	-3.06E-01	1.04E+00	-7.56E-01	-2.68E+01	3.51E+01	
group_5125	5.20E-01	2.30E-01	1.67E-01	1.93E+00	1.49E+00	-1.98E+00	-2.57E+01	4.33E+01	
group_4061	5.20E-01	4.23E-01	2.36E-01	1.42E+00	1.25E+00	-1.68E+00	-2.61E+01	4.12E+01	
group_3626	5.20E-01	2.30E-01	7.67E-01	-3.06E-01	1.04E+00	-7.56E-01	-2.68E+01	3.51E+01	
group_3122	5.20E-01	2.30E-01	7.67E-01	-3.06E-01	1.04E+00	-7.56E-01	-2.68E+01	3.51E+01	
group_2679	5.20E-01	1.09E-01	9.95E-01	-4.37E-03	7.28E-01	-8.78E-01	-2.61E+01	3.52E+01	
group_2636	5.20E-01	1.95E-07	1.87E-01	1.01E+00	7.53E-01	-1.33E+00	-2.32E+01	2.92E+01	
group_2552	5.20E-01	4.53E-02	8.80E-01	-1.30E-01	8.63E-01	-8.15E-01	-2.59E+01	3.54E+01	
group_1670	5.20E-01	2.30E-01	1.67E-01	1.93E+00	1.49E+00	-1.98E+00	-2.57E+01	4.33E+01	
group_208	5.20E-01	2.30E-01	1.67E-01	1.93E+00	1.49E+00	-1.98E+00	-2.57E+01	4.33E+01	
madL	5.20E-01	4.23E-01	2.36E-01	1.42E+00	1.25E+00	-1.68E+00	-2.61E+01	4.12E+01	
group_7585	5.10E-01	2.78E-02	2.51E-04	5.07E+00	1.61E+00	-4.14E+00	-4.76E+01	4.72E+01	
group_7369	5.10E-01	2.78E-02	2.51E-04	5.07E+00	1.61E+00	-4.14E+00	-4.76E+01	4.72E+01	
group_2519	5.10E-01	5.48E-01	4.50E-02	1.49E+00	7.94E-01	-1.62E+00	-2.84E+01	3.45E+01	
group_2305	5.10E-01	7.18E-02	7.47E-01	-2.41E-01	7.46E-01	-7.70E-01	-2.59E+01	3.57E+01	
group_2297	5.10E-01	7.18E-02	1.17E-01	2.34E+00	1.68E+00	-2.37E+00	-2.65E+01	4.66E+01	
group_2295	5.10E-01	7.18E-02	1.17E-01	2.34E+00	1.68E+00	-2.37E+00	-2.65E+01	4.66E+01	
group_2257	5.10E-01	7.18E-02	1.17E-01	2.34E+00	1.68E+00	-2.37E+00	-2.65E+01	4.66E+01	
group_2215	5.10E-01	6.72E-04	1.39E-02	1.55E+00	6.60E-01	-1.73E+00	-2.69E+01	3.51E+01	
group_2075	5.10E-01	7.18E-02	1.17E-01	2.34E+00	1.68E+00	-2.37E+00	-2.65E+01	4.66E+01	
group_2074	5.10E-01	7.18E-02	1.17E-01	2.34E+00	1.68E+00	-2.37E+00	-2.65E+01	4.66E+01	
group_1549	5.10E-01	7.18E-02	1.17E-01	2.34E+00	1.68E+00	-2.37E+00	-2.65E+01	4.66E+01	
cusR	5.10E-01	7.18E-02	1.17E-01	2.34E+00	1.68E+00	-2.37E+00	-2.65E+01	4.66E+01	
group_980	5.10E-01	5.70E-07	1.21E-03	2.39E+00	8.47E-01	-2.39E+00	-2.87E+01	3.45E+01	
group_216	5.10E-01	7.18E-02	1.17E-01	2.34E+00	1.68E+00	-2.37E+00	-2.65E+01	4.66E+01	
blaOXA~~~blaOXA23	5.00E-01	1.52E-23	2.63E-16	8.62E+00	9.54E-01	-4.55E+00	7.11E-01	-2.73E+00	bad-chisq
group_6798	5.00E-01	1.52E-23	2.63E-16	8.62E+00	9.54E-01	-4.55E+00	7.11E-01	-2.73E+00	bad-chisq
group_2939	5.00E-01	1.10E-01	4.31E-04	-4.97E+00	1.73E+00	1.09E+00	-4.32E+01	4.04E+01	
group_2219	5.00E-01	6.33E-05	1.21E-02	2.13E+00	9.30E-01	-1.94E+00	-2.57E+01	2.82E+01	
znuD2	5.00E-01	1.55E-10	9.29E-04	2.10E+00	6.56E-01	-1.96E+00	-2.30E+01	3.16E+01	
group_7668	4.90E-01	1.44E-04	5.02E-02	-1.55E+00	8.57E-01	-2.46E-01	-2.48E+01	3.85E+01	
group_6938	4.90E-01	6.62E-08	1.59E-04	2.84E+00	9.02E-01	-2.52E+00	-2.93E+01	3.39E+01	
sul2	4.90E-01	2.78E-02	2.22E-02	-1.46E+00	6.75E-01	-3.43E-01	-2.84E+01	3.76E+01	
group_3016	4.90E-01	8.41E-01	7.47E-01	-2.38E-01	7.41E-01	-7.58E-01	-2.61E+01	3.45E+01	
group_2974	4.90E-01	9.31E-03	6.61E-01	-2.92E-01	6.70E-01	-7.62E-01	-2.68E+01	3.58E+01	
group_2896	4.90E-01	7.18E-02	7.38E-01	2.56E-01	7.66E-01	-9.91E-01	-2.58E+01	3.41E+01	
group_2800	4.90E-01	3.17E-01	8.57E-01	-1.35E-01	7.51E-01	-8.21E-01	-2.60E+01	3.55E+01	
group_2725	4.90E-01	7.18E-02	1.10E-01	-1.90E+00	1.29E+00	-2.35E-01	-3.29E+01	3.81E+01	
group_2694	4.90E-01	7.18E-02	4.89E-01	-4.51E-01	6.61E-01	-7.18E-01	-2.74E+01	3.66E+01	
group_2394	4.90E-01	2.78E-02	5.71E-02	2.86E+00	1.74E+00	-2.62E+00	-2.58E+01	4.79E+01	
group_1889	4.90E-01	7.18E-02	8.51E-01	1.27E-01	6.77E-01	-9.40E-01	-2.62E+01	3.51E+01	
group_1216	4.90E-01	7.18E-02	2.69E-01	1.46E+00	1.37E+00	-1.66E+00	-2.49E+01	3.99E+01	
group_7629	4.80E-01	1.92E-09	8.09E-06	4.67E+00	1.39E+00	-2.74E+00	-2.71E+01	1.91E+01	
group_7368	4.80E-01	1.63E-02	7.17E-04	-4.70E+00	1.57E+00	6.77E-01	-4.67E+01	4.75E+01	
group_7024	4.80E-01	2.30E-01	9.25E-01	8.14E-02	8.63E-01	-9.17E-01	-2.61E+01	3.50E+01	
group_5497	4.80E-01	1.92E-09	8.09E-06	4.67E+00	1.39E+00	-2.74E+00	-2.71E+01	1.91E+01	
group_4485	4.80E-01	1.92E-09	8.09E-06	4.67E+00	1.39E+00	-2.74E+00	-2.71E+01	1.91E+01	
group_3708	4.80E-01	1.92E-09	8.09E-06	4.67E+00	1.39E+00	-2.74E+00	-2.71E+01	1.91E+01	
group_3657	4.80E-01	1.92E-09	8.09E-06	4.67E+00	1.39E+00	-2.74E+00	-2.71E+01	1.91E+01	
group_3646	4.80E-01	1.92E-09	8.09E-06	4.67E+00	1.39E+00	-2.74E+00	-2.71E+01	1.91E+01	
group_3155	4.80E-01	1.92E-09	8.09E-06	4.67E+00	1.39E+00	-2.74E+00	-2.71E+01	1.91E+01	
group_3126	4.80E-01	1.92E-09	8.09E-06	4.67E+00	1.39E+00	-2.74E+00	-2.71E+01	1.91E+01	
group_2621	4.80E-01	4.23E-01	6.16E-03	2.20E+00	9.06E-01	-2.06E+00	-3.08E+01	3.57E+01	
group_2600	4.80E-01	1.92E-09	8.09E-06	4.67E+00	1.39E+00	-2.74E+00	-2.71E+01	1.91E+01	
group_2586	4.80E-01	5.07E-03	5.00E-01	5.13E-01	7.61E-01	-1.09E+00	-2.52E+01	3.26E+01	
group_2428	4.80E-01	1.92E-09	8.09E-06	4.67E+00	1.39E+00	-2.74E+00	-2.71E+01	1.91E+01	
group_2183	4.80E-01	1.92E-09	8.09E-06	4.67E+00	1.39E+00	-2.74E+00	-2.71E+01	1.91E+01	
group_1987	4.80E-01	1.36E-03	1.16E-01	-9.51E-01	6.10E-01	-4.11E-01	-2.56E+01	3.41E+01	
group_1857	4.80E-01	1.92E-09	8.09E-06	4.67E+00	1.39E+00	-2.74E+00	-2.71E+01	1.91E+01	
group_1706	4.80E-01	1.00E+00	1.30E-01	-9.66E-01	6.60E-01	-4.70E-01	-2.79E+01	3.68E+01	
group_1070	4.80E-01	1.09E-01	5.01E-01	-4.50E-01	6.77E-01	-6.70E-01	-2.70E+01	3.56E+01	
group_777	4.80E-01	4.53E-02	1.09E-03	2.97E+00	1.08E+00	-2.48E+00	-3.34E+01	3.60E+01	
group_525	4.80E-01	1.36E-03	1.18E-03	2.80E+00	1.06E+00	-2.63E+00	-3.34E+01	3.80E+01	
group_477	4.80E-01	4.53E-02	1.40E-01	2.04E+00	1.47E+00	-2.00E+00	-2.53E+01	4.30E+01	
group_7235	4.70E-01	4.06E-06	1.18E-05	3.15E+00	8.93E-01	-2.64E+00	-3.27E+01	4.33E+01	
fecR	4.70E-01	4.06E-06	1.18E-05	3.15E+00	8.93E-01	-2.64E+00	-3.27E+01	4.33E+01	
group_3971	4.70E-01	4.06E-06	1.18E-05	3.15E+00	8.93E-01	-2.64E+00	-3.27E+01	4.33E+01	
group_3964	4.70E-01	2.58E-05	6.68E-01	-3.13E-01	7.28E-01	-7.03E-01	-2.50E+01	3.43E+01	
group_2799	4.70E-01	5.47E-07	5.48E-03	1.89E+00	7.24E-01	-1.79E+00	-2.57E+01	3.10E+01	
group_2217	4.70E-01	1.61E-01	2.04E-01	8.31E-01	6.68E-01	-1.34E+00	-2.70E+01	3.51E+01	
group_2181	4.70E-01	5.48E-01	5.05E-02	1.79E+00	9.77E-01	-1.72E+00	-2.90E+01	3.28E+01	
group_2144	4.70E-01	1.61E-01	9.49E-04	4.13E+00	1.43E+00	-3.26E+00	-3.99E+01	3.89E+01	
ybaN	4.70E-01	4.06E-06	1.18E-05	3.15E+00	8.93E-01	-2.64E+00	-3.27E+01	4.33E+01	
ata	4.70E-01	1.61E-01	6.31E-02	-2.67E+00	1.72E+00	9.49E-02	-2.70E+01	4.86E+01	
group_1768	4.70E-01	1.61E-01	5.42E-03	-4.73E+00	2.16E+00	7.96E-01	-2.92E+01	6.14E+01	
group_1622	4.70E-01	3.16E-01	1.10E-02	2.21E+00	9.70E-01	-2.16E+00	-3.34E+01	3.92E+01	
group_1595	4.70E-01	2.75E-02	5.30E-01	-4.14E-01	6.66E-01	-7.20E-01	-2.71E+01	3.71E+01	
group_1314	4.70E-01	6.31E-08	1.70E-04	2.45E+00	7.28E-01	-2.07E+00	-2.72E+01	3.51E+01	
hemO	4.70E-01	4.06E-06	1.18E-05	3.15E+00	8.93E-01	-2.64E+00	-3.27E+01	4.33E+01	
group_1073	4.70E-01	4.06E-06	1.18E-05	3.15E+00	8.93E-01	-2.64E+00	-3.27E+01	4.33E+01	
group_218	4.70E-01	4.06E-06	1.18E-05	3.15E+00	8.93E-01	-2.64E+00	-3.27E+01	4.33E+01	
group_92	4.70E-01	4.06E-06	1.18E-05	3.15E+00	8.93E-01	-2.64E+00	-3.27E+01	4.33E+01	
group_7162	4.60E-01	6.88E-01	1.67E-01	-1.31E+00	9.72E-01	-3.36E-01	-2.80E+01	4.25E+01	
group_6955	4.60E-01	6.88E-01	8.09E-01	2.39E-01	9.81E-01	-9.83E-01	-2.59E+01	3.58E+01	
group_6950	4.60E-01	4.97E-03	3.12E-02	3.06E+00	1.59E+00	-2.42E+00	-2.37E+01	4.49E+01	
aph6Id	4.60E-01	2.29E-01	8.57E-01	1.71E-01	9.57E-01	-9.48E-01	-2.60E+01	3.44E+01	
group_6732	4.60E-01	4.97E-03	3.12E-02	3.06E+00	1.59E+00	-2.42E+00	-2.37E+01	4.49E+01	
group_5211	4.60E-01	4.22E-01	1.99E-01	-1.64E+00	1.37E+00	-1.78E-01	-2.60E+01	4.22E+01	
group_4065	4.60E-01	4.22E-01	1.99E-01	-1.64E+00	1.37E+00	-1.78E-01	-2.60E+01	4.22E+01	
group_2882	4.60E-01	1.01E-05	7.42E-01	-2.42E-01	7.38E-01	-7.73E-01	-2.68E+01	3.55E+01	
group_2656	4.60E-01	2.29E-01	6.38E-02	-2.68E+00	1.73E+00	9.20E-02	-2.70E+01	4.87E+01	
group_2631	4.60E-01	1.36E-10	1.61E-07	8.90E+00	2.26E+00	-3.10E+00	-1.60E+01	-1.79E+01	high-bse
group_2272	4.60E-01	4.97E-03	2.88E-01	1.37E+00	1.32E+00	-1.56E+00	-2.40E+01	3.81E+01	
group_2226	4.60E-01	6.88E-01	8.09E-01	2.39E-01	9.81E-01	-9.83E-01	-2.59E+01	3.58E+01	
group_2018	4.60E-01	4.97E-03	2.88E-01	1.37E+00	1.32E+00	-1.56E+00	-2.40E+01	3.81E+01	
group_233	4.60E-01	6.00E-05	1.97E-02	1.48E+00	6.55E-01	-1.50E+00	-2.54E+01	3.22E+01	
group_7293	4.50E-01	2.43E-05	9.75E-06	4.25E+00	1.33E+00	-3.41E+00	-3.79E+01	3.98E+01	
group_6883	4.50E-01	6.33E-04	3.23E-02	1.55E+00	7.67E-01	-1.71E+00	-2.70E+01	3.28E+01	
group_6668	4.50E-01	2.57E-03	1.46E-02	1.52E+00	6.53E-01	-1.50E+00	-2.59E+01	3.43E+01	
group_5948	4.50E-01	6.33E-04	3.23E-02	1.55E+00	7.67E-01	-1.71E+00	-2.70E+01	3.28E+01	
group_2878	4.50E-01	1.99E-12	3.01E-05	2.88E+00	7.75E-01	-1.93E+00	-2.23E+01	2.52E+01	
group_2758	4.50E-01	2.57E-03	2.80E-02	3.22E+00	1.71E+00	-2.70E+00	-2.44E+01	4.71E+01	
group_2668	4.50E-01	4.63E-10	4.39E-02	-1.39E+00	6.81E-01	-1.43E-01	-2.12E+01	2.89E+01	
group_2553	4.50E-01	3.15E-01	4.28E-01	5.67E-01	7.19E-01	-1.14E+00	-2.59E+01	3.63E+01	
group_2442	4.50E-01	2.57E-03	2.80E-02	3.22E+00	1.71E+00	-2.70E+00	-2.44E+01	4.71E+01	
group_1887	4.50E-01	2.57E-03	1.76E-02	2.13E+00	9.73E-01	-1.85E+00	-2.67E+01	2.86E+01	
group_943	4.50E-01	2.70E-02	3.44E-01	-6.28E-01	6.76E-01	-6.30E-01	-2.75E+01	3.62E+01	
group_16	4.50E-01	8.97E-03	1.31E-01	1.86E+00	1.28E+00	-1.76E+00	-2.38E+01	3.96E+01	
group_6943	4.40E-01	1.27E-03	2.52E-02	1.40E+00	6.53E-01	-1.54E+00	-2.66E+01	3.44E+01	
group_6808	4.40E-01	4.80E-03	1.29E-01	1.03E+00	6.93E-01	-1.41E+00	-2.58E+01	3.71E+01	
group_2997	4.40E-01	6.87E-01	6.27E-01	2.97E-01	6.14E-01	-1.00E+00	-2.60E+01	3.52E+01	
group_2511	4.40E-01	6.87E-01	5.73E-02	1.40E+00	7.76E-01	-1.53E+00	-2.83E+01	3.46E+01	
group_2502	4.40E-01	4.40E-02	3.92E-04	3.54E+00	1.28E+00	-3.20E+00	-3.82E+01	4.22E+01	
group_1959	4.40E-01	4.80E-03	4.07E-02	2.70E+00	1.46E+00	-2.23E+00	-2.41E+01	4.37E+01	
group_1302	4.40E-01	5.60E-05	7.06E-04	2.83E+00	1.01E+00	-2.48E+00	-3.17E+01	3.53E+01	
group_437	4.40E-01	1.07E-01	7.66E-01	1.89E-01	6.33E-01	-9.45E-01	-2.57E+01	3.49E+01	
group_134	4.40E-01	1.27E-03	1.30E-04	3.39E+00	1.13E+00	-2.85E+00	-3.42E+01	3.73E+01	
yjgN	4.30E-01	4.93E-08	4.42E-06	-4.38E+00	1.40E+00	3.03E-01	-2.75E+01	5.12E+01	
aph3Ib	4.30E-01	5.45E-01	9.34E-01	-8.63E-02	1.05E+00	-8.48E-01	-2.61E+01	3.55E+01	
group_6787	4.30E-01	5.45E-01	6.90E-01	-6.04E-01	1.56E+00	-7.01E-01	-2.64E+01	3.85E+01	
group_3095	4.30E-01	5.95E-04	1.11E-01	1.04E+00	6.66E-01	-1.28E+00	-2.53E+01	3.20E+01	
group_3031	4.30E-01	2.63E-02	2.40E-01	-7.32E-01	6.27E-01	-5.92E-01	-2.60E+01	3.48E+01	
group_2703	4.30E-01	6.91E-02	5.77E-03	-2.69E+00	1.13E+00	-7.90E-02	-3.73E+01	4.39E+01	
group_2605	4.30E-01	1.57E-01	9.04E-02	1.54E+00	9.42E-01	-1.55E+00	-2.69E+01	3.06E+01	
group_2565	4.30E-01	5.45E-01	6.40E-01	3.54E-01	7.58E-01	-1.06E+00	-2.62E+01	3.64E+01	
group_2271	4.30E-01	5.95E-04	2.25E-02	3.33E+00	1.69E+00	-2.70E+00	-2.36E+01	4.64E+01	
group_2017	4.30E-01	5.95E-04	2.25E-02	3.33E+00	1.69E+00	-2.70E+00	-2.36E+01	4.64E+01	
group_1835	4.30E-01	3.39E-06	4.44E-04	2.35E+00	7.44E-01	-1.88E+00	-2.71E+01	3.30E+01	
group_1737	4.30E-01	3.39E-06	4.44E-04	2.35E+00	7.44E-01	-1.88E+00	-2.71E+01	3.30E+01	
group_931	4.30E-01	3.39E-06	4.44E-04	2.35E+00	7.44E-01	-1.88E+00	-2.71E+01	3.30E+01	
group_924	4.30E-01	3.39E-06	4.44E-04	2.35E+00	7.44E-01	-1.88E+00	-2.71E+01	3.30E+01	
group_923	4.30E-01	3.39E-06	4.44E-04	2.35E+00	7.44E-01	-1.88E+00	-2.71E+01	3.30E+01	
group_769	4.30E-01	3.39E-06	4.44E-04	2.35E+00	7.44E-01	-1.88E+00	-2.71E+01	3.30E+01	
rusA	4.30E-01	3.39E-06	4.44E-04	2.35E+00	7.44E-01	-1.88E+00	-2.71E+01	3.30E+01	
group_6828	4.20E-01	1.16E-06	2.74E-04	2.47E+00	7.56E-01	-1.84E+00	-2.65E+01	3.17E+01	
group_6800	4.20E-01	6.85E-01	4.01E-02	2.61E+00	1.38E+00	-2.50E+00	-3.51E+01	3.80E+01	
group_6743	4.20E-01	1.37E-14	7.47E-06	3.31E+00	8.73E-01	-1.87E+00	-1.73E+01	2.55E+01	
group_6603	4.20E-01	1.16E-06	4.44E-04	2.35E+00	7.44E-01	-1.88E+00	-2.71E+01	3.30E+01	
group_6602	4.20E-01	1.16E-06	4.44E-04	2.35E+00	7.44E-01	-1.88E+00	-2.71E+01	3.30E+01	
group_6601	4.20E-01	1.16E-06	4.44E-04	2.35E+00	7.44E-01	-1.88E+00	-2.71E+01	3.30E+01	
group_6167	4.20E-01	2.24E-01	4.23E-01	8.03E-01	9.84E-01	-1.18E+00	-2.55E+01	3.69E+01	
group_6071	4.20E-01	8.96E-11	4.30E-04	2.24E+00	6.76E-01	-1.76E+00	-2.31E+01	3.04E+01	
group_5868	4.20E-01	1.16E-06	4.44E-04	2.35E+00	7.44E-01	-1.88E+00	-2.71E+01	3.30E+01	
group_5867	4.20E-01	1.37E-14	7.47E-06	3.31E+00	8.73E-01	-1.87E+00	-1.73E+01	2.55E+01	
group_5755	4.20E-01	4.56E-03	1.37E-02	-1.58E+00	6.76E-01	-3.93E-01	-2.83E+01	3.82E+01	
group_5557	4.20E-01	1.16E-06	4.44E-04	2.35E+00	7.44E-01	-1.88E+00	-2.71E+01	3.30E+01	
group_5132	4.20E-01	4.18E-01	1.92E-02	2.85E+00	1.33E+00	-2.61E+00	-3.65E+01	3.91E+01	
group_4130	4.20E-01	1.37E-14	7.47E-06	3.31E+00	8.73E-01	-1.87E+00	-1.73E+01	2.55E+01	
group_4063	4.20E-01	1.37E-14	7.47E-06	3.31E+00	8.73E-01	-1.87E+00	-1.73E+01	2.55E+01	
aph3Ia	4.20E-01	5.07E-05	1.08E-01	9.78E-01	6.11E-01	-1.32E+00	-2.50E+01	3.31E+01	
group_2839	4.20E-01	1.50E-02	3.13E-02	1.58E+00	7.80E-01	-1.63E+00	-3.04E+01	3.81E+01	
group_2802	4.20E-01	1.21E-09	2.27E-04	2.40E+00	7.06E-01	-1.75E+00	-2.43E+01	3.11E+01	
group_2736	4.20E-01	1.21E-09	2.27E-04	2.40E+00	7.06E-01	-1.75E+00	-2.43E+01	3.11E+01	
group_2611	4.20E-01	2.65E-04	1.92E-03	5.01E+00	2.11E+00	-3.79E+00	-2.57E+01	5.70E+01	
group_2369	4.20E-01	1.37E-14	7.47E-06	3.31E+00	8.73E-01	-1.87E+00	-1.73E+01	2.55E+01	
group_2155	4.20E-01	1.16E-06	2.74E-04	2.47E+00	7.56E-01	-1.84E+00	-2.65E+01	3.17E+01	
group_2146	4.20E-01	1.16E-06	4.44E-04	2.35E+00	7.44E-01	-1.88E+00	-2.71E+01	3.30E+01	
group_2134	4.20E-01	1.19E-03	1.26E-01	-1.65E+00	1.14E+00	-3.81E-01	-3.26E+01	3.93E+01	
group_1824	4.20E-01	4.18E-01	5.85E-01	-3.48E-01	6.39E-01	-7.68E-01	-2.63E+01	3.54E+01	
group_1771	4.20E-01	1.16E-06	4.44E-04	2.35E+00	7.44E-01	-1.88E+00	-2.71E+01	3.30E+01	
group_1710	4.20E-01	1.16E-06	4.44E-04	2.35E+00	7.44E-01	-1.88E+00	-2.71E+01	3.30E+01	
group_1690	4.20E-01	5.07E-05	2.91E-01	8.64E-01	8.24E-01	-1.14E+00	-2.40E+01	2.95E+01	
group_1635	4.20E-01	1.16E-06	4.44E-04	2.35E+00	7.44E-01	-1.88E+00	-2.71E+01	3.30E+01	
group_1038	4.20E-01	1.37E-14	7.47E-06	3.31E+00	8.73E-01	-1.87E+00	-1.73E+01	2.55E+01	
group_906	4.20E-01	1.16E-06	4.44E-04	2.35E+00	7.44E-01	-1.88E+00	-2.71E+01	3.30E+01	
group_900	4.20E-01	6.85E-01	4.01E-02	2.61E+00	1.38E+00	-2.50E+00	-3.51E+01	3.80E+01	
group_778	4.20E-01	6.85E-01	3.24E-01	-6.26E-01	6.42E-01	-6.00E-01	-2.63E+01	3.46E+01	
group_767	4.20E-01	1.16E-06	4.44E-04	2.35E+00	7.44E-01	-1.88E+00	-2.71E+01	3.30E+01	
xkdF	4.20E-01	1.16E-06	4.44E-04	2.35E+00	7.44E-01	-1.88E+00	-2.71E+01	3.30E+01	
group_766	4.20E-01	1.16E-06	4.44E-04	2.35E+00	7.44E-01	-1.88E+00	-2.71E+01	3.30E+01	
group_765	4.20E-01	1.16E-06	4.44E-04	2.35E+00	7.44E-01	-1.88E+00	-2.71E+01	3.30E+01	
group_593	4.20E-01	1.16E-06	4.44E-04	2.35E+00	7.44E-01	-1.88E+00	-2.71E+01	3.30E+01	
group_554	4.20E-01	1.00E+00	7.64E-01	2.49E-01	8.28E-01	-9.87E-01	-2.62E+01	3.45E+01	
group_543	4.20E-01	8.30E-06	1.96E-03	2.00E+00	6.94E-01	-1.68E+00	-2.60E+01	3.25E+01	
group_501	4.20E-01	8.30E-06	1.47E-03	2.07E+00	7.02E-01	-1.72E+00	-2.64E+01	3.30E+01	
group_400	4.20E-01	1.16E-06	4.44E-04	2.35E+00	7.44E-01	-1.88E+00	-2.71E+01	3.30E+01	
group_6926	4.10E-01	1.55E-01	1.05E-01	1.44E+00	9.35E-01	-1.63E+00	-2.84E+01	3.35E+01	
group_6915	4.10E-01	1.95E-11	1.37E-04	2.48E+00	7.08E-01	-1.79E+00	-2.27E+01	3.02E+01	
group_6785	4.10E-01	2.92E-06	1.47E-03	2.07E+00	7.02E-01	-1.72E+00	-2.64E+01	3.30E+01	
group_6599	4.10E-01	2.92E-06	5.24E-04	2.34E+00	7.49E-01	-1.86E+00	-2.73E+01	3.31E+01	
group_5884	4.10E-01	1.95E-11	1.37E-04	2.48E+00	7.08E-01	-1.79E+00	-2.27E+01	3.02E+01	
group_4086	4.10E-01	1.55E-01	1.05E-01	1.44E+00	9.35E-01	-1.63E+00	-2.84E+01	3.35E+01	
group_2560	4.10E-01	2.92E-10	1.45E-04	2.52E+00	7.29E-01	-1.69E+00	-2.34E+01	2.93E+01	
group_1605	4.10E-01	8.39E-01	1.31E-01	-2.29E+00	1.71E+00	-4.89E-02	-2.65E+01	4.64E+01	
group_867	4.10E-01	8.39E-01	1.31E-01	-2.29E+00	1.71E+00	-4.89E-02	-2.65E+01	4.64E+01	
group_7049	4.00E-01	1.02E-01	2.57E-01	8.99E-01	7.99E-01	-1.23E+00	-2.74E+01	3.41E+01	
group_6992	4.00E-01	1.02E-01	2.13E-01	1.32E+00	1.04E+00	-1.41E+00	-2.53E+01	3.86E+01	
group_6925	4.00E-01	1.09E-03	4.06E-03	1.88E+00	7.12E-01	-1.67E+00	-2.81E+01	3.63E+01	
group_6862	4.00E-01	2.39E-04	1.36E-02	-3.82E+00	1.65E+00	1.60E-01	-4.32E+01	4.61E+01	
group_6604	4.00E-01	7.10E-06	6.79E-04	2.31E+00	7.54E-01	-1.82E+00	-2.75E+01	3.31E+01	
group_5685	4.00E-01	6.49E-11	1.19E-04	3.71E+00	1.21E+00	-2.42E+00	-1.89E+01	3.67E+01	
group_5354	4.00E-01	4.46E-05	2.95E-03	1.95E+00	7.04E-01	-1.62E+00	-2.63E+01	3.27E+01	
group_5220	4.00E-01	6.49E-11	1.19E-04	3.71E+00	1.21E+00	-2.42E+00	-1.89E+01	3.67E+01	
group_2865	4.00E-01	1.11E-07	3.61E-04	2.40E+00	7.42E-01	-1.83E+00	-2.63E+01	3.16E+01	
hcpC	4.00E-01	1.09E-08	2.28E-04	2.44E+00	7.29E-01	-1.70E+00	-2.45E+01	3.08E+01	
group_2377	4.00E-01	2.39E-04	3.03E-01	1.37E+00	1.34E+00	-1.52E+00	-2.38E+01	3.77E+01	
group_2190	4.00E-01	7.10E-06	9.70E-01	2.46E-02	6.54E-01	-8.88E-01	-2.60E+01	3.51E+01	
group_2105	4.00E-01	7.10E-06	6.79E-04	2.31E+00	7.54E-01	-1.82E+00	-2.75E+01	3.31E+01	
group_1899	4.00E-01	1.02E-01	2.57E-01	8.99E-01	7.99E-01	-1.23E+00	-2.74E+01	3.41E+01	
group_1075	4.00E-01	1.02E-01	2.57E-01	8.99E-01	7.99E-01	-1.23E+00	-2.74E+01	3.41E+01	
group_1025	4.00E-01	1.02E-01	2.13E-01	1.32E+00	1.04E+00	-1.41E+00	-2.53E+01	3.86E+01	
group_941	4.00E-01	2.39E-04	1.36E-02	-3.82E+00	1.65E+00	1.60E-01	-4.32E+01	4.61E+01	
group_940	4.00E-01	2.39E-04	1.36E-02	-3.82E+00	1.65E+00	1.60E-01	-4.32E+01	4.61E+01	
tnsD	4.00E-01	7.10E-06	9.70E-01	2.46E-02	6.54E-01	-8.88E-01	-2.60E+01	3.51E+01	
group_754	4.00E-01	4.14E-01	9.96E-01	3.01E-03	6.57E-01	-8.81E-01	-2.61E+01	3.52E+01	
group_7495	3.90E-01	8.38E-01	6.66E-03	3.14E+00	1.34E+00	-2.76E+00	-3.68E+01	3.88E+01	
group_6982	3.90E-01	8.38E-01	4.42E-01	-1.21E+00	1.66E+00	-5.23E-01	-2.70E+01	4.22E+01	
group_6763	3.90E-01	5.39E-01	1.75E-05	6.26E+00	1.99E+00	-4.54E+00	-4.74E+01	4.09E+01	
group_6486	3.90E-01	5.39E-01	7.61E-01	-2.08E-01	6.86E-01	-8.01E-01	-2.62E+01	3.50E+01	
group_6480	3.90E-01	4.91E-04	3.00E-03	3.38E+00	1.24E+00	-2.42E+00	-2.53E+01	4.63E+01	
group_6332	3.90E-01	1.51E-01	2.57E-01	8.99E-01	7.99E-01	-1.23E+00	-2.74E+01	3.41E+01	
group_6300	3.90E-01	4.91E-04	3.00E-03	3.38E+00	1.24E+00	-2.42E+00	-2.53E+01	4.63E+01	
group_6246	3.90E-01	4.91E-04	3.00E-03	3.38E+00	1.24E+00	-2.42E+00	-2.53E+01	4.63E+01	
group_5944	3.90E-01	4.91E-04	3.00E-03	3.38E+00	1.24E+00	-2.42E+00	-2.53E+01	4.63E+01	
group_4506	3.90E-01	1.51E-01	2.57E-01	8.99E-01	7.99E-01	-1.23E+00	-2.74E+01	3.41E+01	
group_2121	3.90E-01	7.69E-03	2.57E-01	9.25E-01	8.28E-01	-1.22E+00	-2.53E+01	3.09E+01	
group_1881	3.90E-01	7.69E-03	2.57E-01	9.25E-01	8.28E-01	-1.22E+00	-2.53E+01	3.09E+01	
bap	3.90E-01	8.38E-01	1.17E-01	-2.62E+00	1.90E+00	-5.62E-02	-2.82E+01	5.06E+01	
group_1399	3.90E-01	8.38E-01	1.08E-03	3.41E+00	1.18E+00	-2.41E+00	-3.43E+01	3.33E+01	
group_1211	3.90E-01	8.38E-01	1.08E-03	3.41E+00	1.18E+00	-2.41E+00	-3.43E+01	3.33E+01	
group_714	3.90E-01	4.91E-04	3.00E-03	3.38E+00	1.24E+00	-2.42E+00	-2.53E+01	4.63E+01	
group_7732	3.80E-01	1.00E+00	4.94E-02	2.32E+00	1.27E+00	-2.27E+00	-3.38E+01	3.73E+01	
group_7137	3.80E-01	5.83E-06	1.61E-04	2.56E+00	7.79E-01	-1.95E+00	-2.84E+01	3.70E+01	
group_7091	3.80E-01	2.47E-12	2.71E-05	3.12E+00	8.93E-01	-1.52E+00	-2.05E+01	2.41E+01	
group_6912	3.80E-01	3.92E-03	3.96E-05	4.91E+00	1.50E+00	-2.99E+00	-3.46E+01	2.66E+01	
group_6796	3.80E-01	4.10E-01	1.72E-05	6.25E+00	1.99E+00	-4.52E+00	-4.72E+01	4.06E+01	
group_6597	3.80E-01	5.83E-06	1.61E-04	2.56E+00	7.79E-01	-1.95E+00	-2.84E+01	3.70E+01	
group_6247	3.80E-01	2.47E-12	2.71E-05	3.12E+00	8.93E-01	-1.52E+00	-2.05E+01	2.41E+01	
group_5885	3.80E-01	7.99E-09	2.14E-04	-2.85E+00	8.68E-01	-5.07E-01	-2.88E+01	4.19E+01	
group_5866	3.80E-01	2.47E-12	2.71E-05	3.12E+00	8.93E-01	-1.52E+00	-2.05E+01	2.41E+01	
group_5070	3.80E-01	7.63E-07	1.19E-03	2.16E+00	7.20E-01	-1.58E+00	-2.49E+01	3.02E+01	
group_4988	3.80E-01	4.10E-01	4.28E-01	1.15E+00	1.42E+00	-1.26E+00	-2.56E+01	2.92E+01	
group_4896	3.80E-01	3.78E-05	3.80E-02	2.92E+00	1.49E+00	-2.22E+00	-2.19E+01	4.15E+01	
group_4673	3.80E-01	9.93E-02	3.22E-01	-7.97E-01	8.29E-01	-6.66E-01	-2.62E+01	3.82E+01	
group_4393	3.80E-01	7.63E-07	2.77E-01	9.95E-01	9.36E-01	-1.29E+00	-2.35E+01	3.49E+01	
group_4234	3.80E-01	7.63E-07	2.77E-01	9.95E-01	9.36E-01	-1.29E+00	-2.35E+01	3.49E+01	
group_4165	3.80E-01	7.63E-07	2.77E-01	9.95E-01	9.36E-01	-1.29E+00	-2.35E+01	3.49E+01	
sul1	3.80E-01	3.94E-02	4.78E-01	-4.49E-01	6.40E-01	-7.26E-01	-2.69E+01	3.60E+01	
group_3247	3.80E-01	7.99E-09	2.14E-04	-2.85E+00	8.68E-01	-5.07E-01	-2.88E+01	4.19E+01	
group_2788	3.80E-01	4.10E-01	4.36E-02	1.62E+00	8.52E-01	-1.61E+00	-2.84E+01	3.33E+01	
group_2177	3.80E-01	1.34E-02	1.66E-03	3.47E+00	1.27E+00	-2.54E+00	-3.24E+01	3.02E+01	
group_1696	3.80E-01	4.10E-01	1.77E-03	2.96E+00	1.12E+00	-2.60E+00	-3.60E+01	4.00E+01	
group_1512	3.80E-01	2.09E-04	2.01E-04	3.23E+00	1.00E+00	-2.08E+00	-2.80E+01	2.69E+01	
group_1151	3.80E-01	6.80E-01	3.62E-05	5.72E+00	1.75E+00	-4.43E+00	-5.00E+01	4.77E+01	
group_1099	3.80E-01	2.47E-12	2.71E-05	3.12E+00	8.93E-01	-1.52E+00	-2.05E+01	2.41E+01	
group_1045	3.80E-01	6.80E-01	9.87E-05	5.05E+00	1.59E+00	-3.17E+00	-3.83E+01	3.07E+01	
group_764	3.80E-01	5.83E-06	1.61E-04	2.56E+00	7.79E-01	-1.95E+00	-2.84E+01	3.70E+01	
group_732	3.80E-01	5.83E-06	3.56E-05	2.93E+00	8.46E-01	-2.19E+00	-3.06E+01	3.88E+01	
group_657	3.80E-01	2.47E-12	2.71E-05	3.12E+00	8.93E-01	-1.52E+00	-2.05E+01	2.41E+01	
group_653	3.80E-01	3.92E-03	1.23E-01	1.12E+00	7.40E-01	-1.29E+00	-2.59E+01	3.17E+01	
group_454	3.80E-01	2.47E-12	2.71E-05	3.12E+00	8.93E-01	-1.52E+00	-2.05E+01	2.41E+01	
group_6974	3.70E-01	1.81E-14	2.47E-07	4.39E+00	7.26E-01	-1.65E+00	-1.68E+01	2.41E+01	bad-chisq
group_6940	3.70E-01	8.31E-05	8.30E-04	2.31E+00	7.66E-01	-1.82E+00	-2.80E+01	3.36E+01	
group_5488	3.70E-01	8.36E-01	8.94E-01	1.09E-01	8.18E-01	-9.22E-01	-2.60E+01	3.54E+01	
group_2916	3.70E-01	1.36E-05	5.06E-02	2.74E+00	1.47E+00	-2.16E+00	-2.23E+01	4.14E+01	
uspA	3.70E-01	2.27E-02	7.01E-02	1.76E+00	9.81E-01	-1.57E+00	-2.56E+01	4.00E+01	
group_2202	3.70E-01	8.36E-01	8.82E-01	-1.28E-01	8.68E-01	-8.33E-01	-2.60E+01	3.56E+01	
group_1521	3.70E-01	8.36E-01	7.82E-01	1.77E-01	6.43E-01	-9.41E-01	-2.60E+01	3.52E+01	
acfC	3.70E-01	3.00E-01	8.72E-02	1.53E+00	9.02E-01	-1.43E+00	-2.86E+01	3.30E+01	
group_1031	3.70E-01	3.00E-01	8.72E-02	1.53E+00	9.02E-01	-1.43E+00	-2.86E+01	3.30E+01	
group_768	3.70E-01	1.36E-05	4.28E-03	1.83E+00	6.84E-01	-1.53E+00	-2.56E+01	3.35E+01	
group_705	3.70E-01	8.36E-01	8.94E-01	1.09E-01	8.18E-01	-9.22E-01	-2.60E+01	3.54E+01	
group_153	3.70E-01	8.36E-01	7.82E-01	1.77E-01	6.43E-01	-9.41E-01	-2.60E+01	3.52E+01	
ompW	3.70E-01	5.34E-01	5.00E-03	3.28E+00	1.30E+00	-2.53E+00	-3.39E+01	3.28E+01	
group_7648	3.60E-01	4.05E-01	4.56E-03	3.27E+00	1.34E+00	-2.79E+00	-3.70E+01	3.84E+01	
group_7606	3.60E-01	4.58E-06	1.71E-01	-1.58E+00	1.20E+00	-4.62E-01	-3.29E+01	4.01E+01	
group_7331	3.60E-01	3.54E-03	1.30E-01	1.44E+00	9.44E-01	-1.46E+00	-2.56E+01	3.90E+01	
qacEdelta1	3.60E-01	9.56E-02	3.89E-01	-5.45E-01	6.40E-01	-7.04E-01	-2.69E+01	3.61E+01	
group_5262	3.60E-01	3.54E-03	3.43E-02	2.02E+00	9.83E-01	-1.56E+00	-2.54E+01	2.62E+01	
group_3787	3.60E-01	5.73E-07	3.59E-02	3.14E+00	1.57E+00	-2.15E+00	-1.92E+01	3.82E+01	
group_2935	3.60E-01	1.00E+00	7.23E-01	-2.44E-01	6.90E-01	-7.99E-01	-2.62E+01	3.50E+01	
group_2912	3.60E-01	4.05E-01	5.74E-03	3.07E+00	1.27E+00	-2.60E+00	-3.52E+01	3.65E+01	
group_2547	3.60E-01	1.77E-04	5.50E-01	4.78E-01	7.97E-01	-1.04E+00	-2.50E+01	3.49E+01	
group_2139	3.60E-01	6.07E-08	4.06E-02	2.63E+00	1.33E+00	-1.82E+00	-1.90E+01	3.50E+01	
group_1896	3.60E-01	4.05E-01	1.92E-03	3.81E+00	1.42E+00	-2.93E+00	-3.74E+01	3.58E+01	
group_1543	3.60E-01	4.58E-06	1.65E-02	-1.68E+00	7.20E-01	-2.55E-01	-2.46E+01	3.15E+01	
group_1448	3.60E-01	4.05E-01	4.56E-03	3.27E+00	1.34E+00	-2.79E+00	-3.70E+01	3.84E+01	
group_1425	3.60E-01	4.58E-06	1.71E-01	-1.58E+00	1.20E+00	-4.62E-01	-3.29E+01	4.01E+01	
group_797	3.60E-01	4.58E-06	1.35E-06	5.08E+00	1.39E+00	-2.94E+00	-3.38E+01	2.66E+01	
group_559	3.60E-01	6.07E-08	1.79E-03	2.05E+00	7.08E-01	-1.59E+00	-2.43E+01	3.33E+01	
vgrG	3.60E-01	4.58E-06	1.65E-02	-1.68E+00	7.20E-01	-2.55E-01	-2.46E+01	3.15E+01	
group_7022	3.50E-01	1.51E-08	1.79E-05	3.15E+00	8.79E-01	-1.82E+00	-2.70E+01	3.32E+01	
group_7000	3.50E-01	1.42E-01	7.98E-02	-1.53E+00	9.48E-01	-5.36E-01	-2.73E+01	4.26E+01	
group_6996	3.50E-01	2.95E-01	1.14E-01	1.22E+00	7.80E-01	-1.31E+00	-2.81E+01	3.43E+01	
trwC	3.50E-01	1.07E-05	7.10E-03	1.75E+00	6.91E-01	-1.46E+00	-2.60E+01	3.37E+01	
group_6979	3.50E-01	1.07E-05	7.10E-03	1.75E+00	6.91E-01	-1.46E+00	-2.60E+01	3.37E+01	
group_6934	3.50E-01	1.07E-05	7.10E-03	1.75E+00	6.91E-01	-1.46E+00	-2.60E+01	3.37E+01	
group_6805	3.50E-01	2.95E-01	8.74E-01	1.99E-01	1.25E+00	-9.37E-01	-2.59E+01	3.41E+01	
group_6386	3.50E-01	1.07E-05	7.10E-03	1.75E+00	6.91E-01	-1.46E+00	-2.60E+01	3.37E+01	
group_6324	3.50E-01	1.07E-05	7.10E-03	1.75E+00	6.91E-01	-1.46E+00	-2.60E+01	3.37E+01	
group_5608	3.50E-01	1.07E-05	7.10E-03	1.75E+00	6.91E-01	-1.46E+00	-2.60E+01	3.37E+01	
group_5591	3.50E-01	1.07E-05	7.10E-03	1.75E+00	6.91E-01	-1.46E+00	-2.60E+01	3.37E+01	
group_4885	3.50E-01	5.92E-02	5.37E-01	-4.04E-01	6.59E-01	-7.43E-01	-2.67E+01	3.56E+01	
group_4701	3.50E-01	1.59E-07	3.38E-03	4.74E+00	1.78E+00	-2.78E+00	-1.64E+01	4.08E+01	
group_4502	3.50E-01	1.59E-07	1.28E-03	4.57E+00	1.70E+00	-2.98E+00	-1.98E+01	4.50E+01	
group_3776	3.50E-01	1.59E-07	1.28E-03	4.57E+00	1.70E+00	-2.98E+00	-1.98E+01	4.50E+01	
group_3440	3.50E-01	1.59E-07	1.28E-03	4.57E+00	1.70E+00	-2.98E+00	-1.98E+01	4.50E+01	
group_2914	3.50E-01	1.59E-07	1.28E-03	4.57E+00	1.70E+00	-2.98E+00	-1.98E+01	4.50E+01	
group_2859	3.50E-01	2.11E-02	2.55E-01	1.10E+00	1.03E+00	-1.37E+00	-2.94E+01	4.18E+01	
group_2731	3.50E-01	8.34E-01	1.02E-01	1.45E+00	9.50E-01	-1.38E+00	-2.76E+01	4.00E+01	
group_2661	3.50E-01	1.42E-01	9.79E-01	1.75E-02	6.57E-01	-8.86E-01	-2.61E+01	3.51E+01	
ardA	3.50E-01	1.42E-06	5.82E-03	4.35E+00	1.73E+00	-2.71E+00	-1.84E+01	4.23E+01	
group_1838	3.50E-01	1.07E-05	7.10E-03	1.75E+00	6.91E-01	-1.46E+00	-2.60E+01	3.37E+01	
group_1506	3.50E-01	6.79E-05	9.28E-04	2.32E+00	7.71E-01	-1.76E+00	-2.78E+01	3.29E+01	
group_1363	3.50E-01	1.07E-05	7.10E-03	1.75E+00	6.91E-01	-1.46E+00	-2.60E+01	3.37E+01	
group_1219	3.50E-01	1.59E-07	1.28E-03	4.57E+00	1.70E+00	-2.98E+00	-1.98E+01	4.50E+01	
group_935	3.50E-01	1.07E-05	7.10E-03	1.75E+00	6.91E-01	-1.46E+00	-2.60E+01	3.37E+01	
group_740	3.50E-01	4.56E-12	2.43E-02	-4.11E+00	1.18E+00	1.16E+00	-4.16E+00	-5.13E-01	bad-chisq
group_689	3.50E-01	1.07E-05	7.10E-03	1.75E+00	6.91E-01	-1.46E+00	-2.60E+01	3.37E+01	
bauA	3.50E-01	1.59E-07	1.23E-04	-3.26E+00	1.05E+00	1.50E-01	-2.95E+01	3.37E+01	
group_532	3.50E-01	1.07E-05	7.10E-03	1.75E+00	6.91E-01	-1.46E+00	-2.60E+01	3.37E+01	
araC	3.50E-01	1.59E-07	3.38E-03	4.74E+00	1.78E+00	-2.78E+00	-1.64E+01	4.08E+01	
group_355	3.50E-01	2.95E-01	1.14E-01	1.22E+00	7.80E-01	-1.31E+00	-2.81E+01	3.43E+01	
group_185	3.50E-01	1.59E-07	1.28E-03	4.57E+00	1.70E+00	-2.98E+00	-1.98E+01	4.50E+01	
group_8415	3.40E-01	9.13E-02	2.45E-03	-2.93E+00	1.18E+00	-2.77E-01	-3.62E+01	4.31E+01	
group_8414	3.40E-01	9.13E-02	2.45E-03	-2.93E+00	1.18E+00	-2.77E-01	-3.62E+01	4.31E+01	
group_8413	3.40E-01	9.13E-02	2.45E-03	-2.93E+00	1.18E+00	-2.77E-01	-3.62E+01	4.31E+01	
group_8412	3.40E-01	9.13E-02	2.45E-03	-2.93E+00	1.18E+00	-2.77E-01	-3.62E+01	4.31E+01	
group_8411	3.40E-01	9.13E-02	2.45E-03	-2.93E+00	1.18E+00	-2.77E-01	-3.62E+01	4.31E+01	
group_8410	3.40E-01	9.13E-02	2.45E-03	-2.93E+00	1.18E+00	-2.77E-01	-3.62E+01	4.31E+01	
group_7703	3.40E-01	4.05E-08	1.01E-02	2.10E+00	8.71E-01	-1.39E+00	-2.15E+01	3.24E+01	
group_7533	3.40E-01	3.41E-06	2.75E-03	2.01E+00	7.29E-01	-1.51E+00	-2.62E+01	3.42E+01	
fnlC	3.40E-01	2.05E-01	3.32E-01	6.61E-01	6.95E-01	-1.10E+00	-2.71E+01	3.59E+01	
group_7179	3.40E-01	1.00E+00	2.44E-02	1.89E+00	9.02E-01	-1.84E+00	-3.19E+01	3.76E+01	
group_6907	3.40E-01	3.41E-06	2.75E-03	2.01E+00	7.29E-01	-1.51E+00	-2.62E+01	3.42E+01	
group_6900	3.40E-01	3.41E-06	2.75E-03	2.01E+00	7.29E-01	-1.51E+00	-2.62E+01	3.42E+01	
aph3VIa~~~aph3VI	3.40E-01	2.42E-05	5.96E-05	3.08E+00	9.75E-01	-2.03E+00	-3.06E+01	4.11E+01	
group_6845	3.40E-01	3.41E-06	2.75E-03	2.01E+00	7.29E-01	-1.51E+00	-2.62E+01	3.42E+01	
group_6372	3.40E-01	1.45E-04	5.68E-05	2.92E+00	8.63E-01	-2.15E+00	-3.14E+01	3.94E+01	
group_6344	3.40E-01	3.41E-06	2.75E-03	2.01E+00	7.29E-01	-1.51E+00	-2.62E+01	3.42E+01	
group_6287	3.40E-01	1.45E-04	2.93E-02	-2.35E+00	1.18E+00	-4.29E-01	-3.79E+01	4.63E+01	
group_6085	3.40E-01	3.41E-06	2.75E-03	2.01E+00	7.29E-01	-1.51E+00	-2.62E+01	3.42E+01	
group_6072	3.40E-01	3.41E-06	2.75E-03	2.01E+00	7.29E-01	-1.51E+00	-2.62E+01	3.42E+01	
group_6007	3.40E-01	3.41E-06	2.75E-03	2.01E+00	7.29E-01	-1.51E+00	-2.62E+01	3.42E+01	
group_5989	3.40E-01	3.41E-06	2.75E-03	2.01E+00	7.29E-01	-1.51E+00	-2.62E+01	3.42E+01	
group_5961	3.40E-01	3.41E-06	2.75E-03	2.01E+00	7.29E-01	-1.51E+00	-2.62E+01	3.42E+01	
group_5897	3.40E-01	3.41E-06	2.75E-03	2.01E+00	7.29E-01	-1.51E+00	-2.62E+01	3.42E+01	
higA	3.40E-01	3.41E-06	2.75E-03	2.01E+00	7.29E-01	-1.51E+00	-2.62E+01	3.42E+01	
group_5687	3.40E-01	3.41E-06	2.75E-03	2.01E+00	7.29E-01	-1.51E+00	-2.62E+01	3.42E+01	
group_5606	3.40E-01	3.41E-06	2.75E-03	2.01E+00	7.29E-01	-1.51E+00	-2.62E+01	3.42E+01	
group_5501	3.40E-01	3.41E-06	2.75E-03	2.01E+00	7.29E-01	-1.51E+00	-2.62E+01	3.42E+01	
group_5477	3.40E-01	3.41E-06	2.75E-03	2.01E+00	7.29E-01	-1.51E+00	-2.62E+01	3.42E+01	
group_5410	3.40E-01	3.41E-06	2.75E-03	2.01E+00	7.29E-01	-1.51E+00	-2.62E+01	3.42E+01	
group_5384	3.40E-01	3.41E-06	2.75E-03	2.01E+00	7.29E-01	-1.51E+00	-2.62E+01	3.42E+01	
group_5321	3.40E-01	3.41E-06	2.75E-03	2.01E+00	7.29E-01	-1.51E+00	-2.62E+01	3.42E+01	
group_5320	3.40E-01	3.41E-06	2.75E-03	2.01E+00	7.29E-01	-1.51E+00	-2.62E+01	3.42E+01	
group_5306	3.40E-01	4.05E-08	7.27E-05	2.75E+00	8.03E-01	-1.82E+00	-2.68E+01	3.42E+01	
group_5000	3.40E-01	3.41E-06	2.75E-03	2.01E+00	7.29E-01	-1.51E+00	-2.62E+01	3.42E+01	
group_4850	3.40E-01	3.41E-06	2.75E-03	2.01E+00	7.29E-01	-1.51E+00	-2.62E+01	3.42E+01	
group_4785	3.40E-01	3.41E-06	2.75E-03	2.01E+00	7.29E-01	-1.51E+00	-2.62E+01	3.42E+01	
group_4774	3.40E-01	4.05E-07	1.62E-02	3.28E+00	1.39E+00	-2.11E+00	-1.88E+01	3.75E+01	
group_4766	3.40E-01	3.41E-06	2.75E-03	2.01E+00	7.29E-01	-1.51E+00	-2.62E+01	3.42E+01	
group_4579	3.40E-01	4.05E-07	1.62E-02	3.28E+00	1.39E+00	-2.11E+00	-1.88E+01	3.75E+01	
group_4553	3.40E-01	4.05E-08	3.04E-03	4.86E+00	1.80E+00	-2.78E+00	-1.55E+01	4.00E+01	
ycxB	3.40E-01	3.41E-06	2.75E-03	2.01E+00	7.29E-01	-1.51E+00	-2.62E+01	3.42E+01	
group_4455	3.40E-01	3.41E-06	2.75E-03	2.01E+00	7.29E-01	-1.51E+00	-2.62E+01	3.42E+01	
group_4418	3.40E-01	3.41E-06	2.75E-03	2.01E+00	7.29E-01	-1.51E+00	-2.62E+01	3.42E+01	
group_4417	3.40E-01	3.41E-06	2.75E-03	2.01E+00	7.29E-01	-1.51E+00	-2.62E+01	3.42E+01	
group_4394	3.40E-01	3.41E-06	2.75E-03	2.01E+00	7.29E-01	-1.51E+00	-2.62E+01	3.42E+01	
trbC	3.40E-01	3.41E-06	2.75E-03	2.01E+00	7.29E-01	-1.51E+00	-2.62E+01	3.42E+01	
group_4191	3.40E-01	3.41E-06	2.75E-03	2.01E+00	7.29E-01	-1.51E+00	-2.62E+01	3.42E+01	
traK	3.40E-01	3.41E-06	2.75E-03	2.01E+00	7.29E-01	-1.51E+00	-2.62E+01	3.42E+01	
group_4035	3.40E-01	4.05E-08	7.27E-05	2.75E+00	8.03E-01	-1.82E+00	-2.68E+01	3.42E+01	
group_3936	3.40E-01	3.41E-06	2.75E-03	2.01E+00	7.29E-01	-1.51E+00	-2.62E+01	3.42E+01	
traU	3.40E-01	3.41E-06	2.75E-03	2.01E+00	7.29E-01	-1.51E+00	-2.62E+01	3.42E+01	
group_3310	3.40E-01	3.41E-06	2.75E-03	2.01E+00	7.29E-01	-1.51E+00	-2.62E+01	3.42E+01	
group_3148	3.40E-01	3.41E-06	2.75E-03	2.01E+00	7.29E-01	-1.51E+00	-2.62E+01	3.42E+01	
group_2932	3.40E-01	1.45E-04	2.27E-01	-8.52E-01	7.03E-01	-6.71E-01	-2.56E+01	3.48E+01	
group_2657	3.40E-01	1.00E+00	6.81E-01	-3.43E-01	8.43E-01	-7.75E-01	-2.63E+01	3.47E+01	
group_2616	3.40E-01	9.13E-02	9.01E-01	-8.59E-02	6.89E-01	-8.46E-01	-2.59E+01	3.49E+01	
group_2613	3.40E-01	7.31E-04	6.90E-01	2.79E-01	6.99E-01	-9.72E-01	-2.56E+01	3.51E+01	
group_2606	3.40E-01	3.12E-03	2.06E-02	-1.53E+00	6.82E-01	-5.05E-01	-2.71E+01	3.80E+01	
group_2603	3.40E-01	2.05E-01	9.58E-01	3.51E-02	6.59E-01	-8.91E-01	-2.61E+01	3.51E+01	
group_2429	3.40E-01	3.41E-06	2.75E-03	2.01E+00	7.29E-01	-1.51E+00	-2.62E+01	3.42E+01	
group_2170	3.40E-01	3.41E-06	2.75E-03	2.01E+00	7.29E-01	-1.51E+00	-2.62E+01	3.42E+01	
group_2113	3.40E-01	2.05E-01	9.58E-01	3.51E-02	6.59E-01	-8.91E-01	-2.61E+01	3.51E+01	
group_2112	3.40E-01	2.05E-01	9.58E-01	3.51E-02	6.59E-01	-8.91E-01	-2.61E+01	3.51E+01	
group_2000	3.40E-01	2.05E-01	3.32E-01	6.61E-01	6.95E-01	-1.10E+00	-2.71E+01	3.59E+01	
group_1992	3.40E-01	2.42E-05	1.82E-01	1.56E+00	1.13E+00	-1.43E+00	-2.29E+01	3.64E+01	
traH	3.40E-01	3.41E-06	2.75E-03	2.01E+00	7.29E-01	-1.51E+00	-2.62E+01	3.42E+01	
group_1843	3.40E-01	3.98E-01	4.53E-01	-5.30E-01	7.09E-01	-7.11E-01	-2.61E+01	3.46E+01	
group_1759	3.40E-01	3.41E-06	2.75E-03	2.01E+00	7.29E-01	-1.51E+00	-2.62E+01	3.42E+01	
group_1758	3.40E-01	4.05E-07	8.72E-05	2.74E+00	8.08E-01	-1.80E+00	-2.71E+01	3.43E+01	
group_1757	3.40E-01	3.41E-06	2.75E-03	2.01E+00	7.29E-01	-1.51E+00	-2.62E+01	3.42E+01	
group_1654	3.40E-01	2.05E-01	9.58E-01	3.51E-02	6.59E-01	-8.91E-01	-2.61E+01	3.51E+01	
group_1430	3.40E-01	4.05E-07	1.09E-04	2.66E+00	7.96E-01	-1.93E+00	-2.85E+01	3.66E+01	
group_1427	3.40E-01	9.13E-02	6.20E-01	-3.63E-01	7.32E-01	-7.52E-01	-2.59E+01	3.43E+01	
pilA	3.40E-01	3.98E-01	3.64E-03	3.23E+00	1.20E+00	-2.40E+00	-3.36E+01	3.26E+01	
group_1336	3.40E-01	2.05E-01	3.32E-01	6.61E-01	6.95E-01	-1.10E+00	-2.71E+01	3.59E+01	
group_1059	3.40E-01	2.42E-05	2.92E-01	1.20E+00	1.10E+00	-1.33E+00	-2.38E+01	3.64E+01	
group_1024	3.40E-01	3.41E-06	2.75E-03	2.01E+00	7.29E-01	-1.51E+00	-2.62E+01	3.42E+01	
group_968	3.40E-01	3.41E-06	2.75E-03	2.01E+00	7.29E-01	-1.51E+00	-2.62E+01	3.42E+01	
gtrA	3.40E-01	3.41E-06	2.75E-03	2.01E+00	7.29E-01	-1.51E+00	-2.62E+01	3.42E+01	
group_776	3.40E-01	7.31E-04	4.69E-03	-2.44E+00	9.85E-01	-2.49E-01	-2.99E+01	3.59E+01	
traN	3.40E-01	3.41E-06	2.75E-03	2.01E+00	7.29E-01	-1.51E+00	-2.62E+01	3.42E+01	
group_731	3.40E-01	3.41E-06	2.75E-03	2.01E+00	7.29E-01	-1.51E+00	-2.62E+01	3.42E+01	
group_730	3.40E-01	3.41E-06	2.75E-03	2.01E+00	7.29E-01	-1.51E+00	-2.62E+01	3.42E+01	
traD	3.40E-01	3.41E-06	2.75E-03	2.01E+00	7.29E-01	-1.51E+00	-2.62E+01	3.42E+01	
traL	3.40E-01	3.41E-06	2.75E-03	2.01E+00	7.29E-01	-1.51E+00	-2.62E+01	3.42E+01	
group_397	3.40E-01	3.41E-06	2.75E-03	2.01E+00	7.29E-01	-1.51E+00	-2.62E+01	3.42E+01	
traC	3.40E-01	3.41E-06	2.75E-03	2.01E+00	7.29E-01	-1.51E+00	-2.62E+01	3.42E+01	
traG	3.40E-01	3.41E-06	2.75E-03	2.01E+00	7.29E-01	-1.51E+00	-2.62E+01	3.42E+01	
group_256	3.40E-01	3.41E-06	2.75E-03	2.01E+00	7.29E-01	-1.51E+00	-2.62E+01	3.42E+01	
group_213	3.40E-01	2.42E-05	1.24E-05	3.27E+00	9.29E-01	-2.27E+00	-3.20E+01	4.07E+01	
traE	3.40E-01	3.41E-06	2.75E-03	2.01E+00	7.29E-01	-1.51E+00	-2.62E+01	3.42E+01	
group_7492	3.30E-01	5.33E-05	1.01E-02	1.70E+00	6.97E-01	-1.41E+00	-2.64E+01	3.39E+01	
group_7362	3.30E-01	1.37E-01	3.38E-03	3.18E+00	1.25E+00	-2.60E+00	-3.50E+01	3.57E+01	
group_7132	3.30E-01	5.56E-02	2.56E-04	3.36E+00	1.12E+00	-2.59E+00	-3.54E+01	3.78E+01	
group_7017	3.30E-01	1.00E-06	7.98E-02	2.28E+00	1.27E+00	-1.73E+00	-2.11E+01	3.69E+01	
group_7008	3.30E-01	2.88E-01	4.86E-01	5.71E-01	8.20E-01	-1.04E+00	-2.57E+01	3.58E+01	
group_6949	3.30E-01	1.06E-07	3.53E-03	4.84E+00	1.81E+00	-2.79E+00	-1.59E+01	4.06E+01	
group_6933	3.30E-01	5.33E-05	3.20E-05	3.06E+00	8.79E-01	-2.09E+00	-3.08E+01	3.80E+01	
group_6929	3.30E-01	5.56E-02	2.25E-03	2.72E+00	1.02E+00	-2.26E+00	-3.27E+01	3.55E+01	
group_6688	3.30E-01	1.06E-07	3.53E-03	4.84E+00	1.81E+00	-2.79E+00	-1.59E+01	4.06E+01	
group_6609	3.30E-01	7.97E-06	2.77E-05	3.06E+00	8.75E-01	-2.10E+00	-3.05E+01	3.79E+01	
group_6343	3.30E-01	1.06E-07	3.53E-03	4.84E+00	1.81E+00	-2.79E+00	-1.59E+01	4.06E+01	
group_5740	3.30E-01	1.00E-06	7.11E-05	-3.63E+00	1.11E+00	-4.45E-01	-3.52E+01	4.45E+01	
group_5737	3.30E-01	6.94E-10	6.94E-05	3.04E+00	9.17E-01	-1.45E+00	-2.22E+01	2.53E+01	
group_5686	3.30E-01	1.06E-07	3.53E-03	4.84E+00	1.81E+00	-2.79E+00	-1.59E+01	4.06E+01	
group_5671	3.30E-01	1.06E-07	3.53E-03	4.84E+00	1.81E+00	-2.79E+00	-1.59E+01	4.06E+01	
group_5604	3.30E-01	1.06E-07	3.53E-03	4.84E+00	1.81E+00	-2.79E+00	-1.59E+01	4.06E+01	
group_5496	3.30E-01	1.06E-07	3.53E-03	4.84E+00	1.81E+00	-2.79E+00	-1.59E+01	4.06E+01	
group_5055	3.30E-01	5.33E-05	2.93E-02	-2.35E+00	1.18E+00	-4.29E-01	-3.79E+01	4.63E+01	
group_4051	3.30E-01	6.94E-10	6.94E-05	3.04E+00	9.17E-01	-1.45E+00	-2.22E+01	2.53E+01	
group_3656	3.30E-01	1.06E-07	3.53E-03	4.84E+00	1.81E+00	-2.79E+00	-1.59E+01	4.06E+01	
group_3424	3.30E-01	1.06E-07	3.53E-03	4.84E+00	1.81E+00	-2.79E+00	-1.59E+01	4.06E+01	
group_3377	3.30E-01	1.06E-07	3.53E-03	4.84E+00	1.81E+00	-2.79E+00	-1.59E+01	4.06E+01	
group_3009	3.30E-01	1.06E-07	1.81E-02	3.59E+00	1.59E+00	-2.07E+00	-1.60E+01	3.45E+01	
group_2995	3.30E-01	1.06E-07	1.81E-02	3.59E+00	1.59E+00	-2.07E+00	-1.60E+01	3.45E+01	
group_2706	3.30E-01	5.56E-02	2.56E-04	3.36E+00	1.12E+00	-2.59E+00	-3.54E+01	3.78E+01	
group_2499	3.30E-01	2.88E-01	7.54E-01	2.06E-01	6.61E-01	-9.44E-01	-2.62E+01	3.51E+01	
group_2496	3.30E-01	1.00E-06	8.26E-04	2.35E+00	7.88E-01	-1.56E+00	-2.65E+01	3.45E+01	
group_2430	3.30E-01	8.32E-01	2.78E-01	7.70E-01	7.29E-01	-1.15E+00	-2.64E+01	3.66E+01	
group_1762	3.30E-01	1.93E-02	4.13E-02	-1.40E+00	7.07E-01	-5.63E-01	-2.72E+01	3.97E+01	
group_1295	3.30E-01	1.37E-01	3.38E-03	3.18E+00	1.25E+00	-2.60E+00	-3.50E+01	3.57E+01	
group_1010	3.30E-01	1.37E-01	4.28E-01	-7.43E-01	9.52E-01	-6.68E-01	-2.61E+01	3.36E+01	
group_978	3.30E-01	5.56E-02	2.25E-03	2.72E+00	1.02E+00	-2.26E+00	-3.27E+01	3.55E+01	
group_937	3.30E-01	5.33E-05	1.01E-02	1.70E+00	6.97E-01	-1.41E+00	-2.64E+01	3.39E+01	
group_7478	3.20E-01	2.68E-07	3.03E-02	-1.79E+00	8.73E-01	-5.81E-01	-2.49E+01	3.49E+01	
group_7215	3.20E-01	8.63E-02	5.79E-01	-1.03E+00	1.89E+00	-6.31E-01	-2.75E+01	4.23E+01	
lolA	3.20E-01	8.63E-02	5.79E-01	-1.03E+00	1.89E+00	-6.31E-01	-2.75E+01	4.23E+01	
group_7030	3.20E-01	2.40E-06	1.67E-01	1.64E+00	1.15E+00	-1.44E+00	-2.25E+01	3.60E+01	
group_6947	3.20E-01	1.81E-05	4.02E-03	1.96E+00	7.35E-01	-1.47E+00	-2.66E+01	3.44E+01	
group_6942	3.20E-01	1.81E-05	4.02E-03	1.96E+00	7.35E-01	-1.47E+00	-2.66E+01	3.44E+01	
group_6848	3.20E-01	8.63E-02	5.79E-01	-1.03E+00	1.89E+00	-6.31E-01	-2.75E+01	4.23E+01	
group_6742	3.20E-01	6.89E-12	1.53E-06	4.27E+00	6.96E-01	-1.37E+00	-1.90E+01	2.24E+01	bad-chisq
group_6638	3.20E-01	3.21E-02	2.63E-04	3.44E+00	1.09E+00	-2.38E+00	-3.30E+01	3.25E+01	
group_6629	3.20E-01	1.14E-04	1.12E-01	1.66E+00	1.00E+00	-1.39E+00	-2.36E+01	3.67E+01	
group_6616	3.20E-01	1.81E-05	4.02E-03	1.96E+00	7.35E-01	-1.47E+00	-2.66E+01	3.44E+01	
group_6615	3.20E-01	1.81E-05	4.02E-03	1.96E+00	7.35E-01	-1.47E+00	-2.66E+01	3.44E+01	
group_6614	3.20E-01	1.81E-05	4.02E-03	1.96E+00	7.35E-01	-1.47E+00	-2.66E+01	3.44E+01	
group_6613	3.20E-01	1.81E-05	4.02E-03	1.96E+00	7.35E-01	-1.47E+00	-2.66E+01	3.44E+01	
group_6430	3.20E-01	1.00E+00	9.38E-01	-5.74E-02	7.36E-01	-8.62E-01	-2.61E+01	3.51E+01	
group_6023	3.20E-01	8.63E-02	5.79E-01	-1.03E+00	1.89E+00	-6.31E-01	-2.75E+01	4.23E+01	
group_5966	3.20E-01	8.63E-02	5.79E-01	-1.03E+00	1.89E+00	-6.31E-01	-2.75E+01	4.23E+01	
group_5704	3.20E-01	1.00E+00	9.38E-01	-5.74E-02	7.36E-01	-8.62E-01	-2.61E+01	3.51E+01	
group_5168	3.20E-01	8.63E-02	5.79E-01	-1.03E+00	1.89E+00	-6.31E-01	-2.75E+01	4.23E+01	
group_5145	3.20E-01	8.63E-02	5.79E-01	-1.03E+00	1.89E+00	-6.31E-01	-2.75E+01	4.23E+01	
group_4684	3.20E-01	8.63E-02	5.79E-01	-1.03E+00	1.89E+00	-6.31E-01	-2.75E+01	4.23E+01	
group_4659	3.20E-01	8.63E-02	5.79E-01	-1.03E+00	1.89E+00	-6.31E-01	-2.75E+01	4.23E+01	
group_4493	3.20E-01	8.63E-02	5.79E-01	-1.03E+00	1.89E+00	-6.31E-01	-2.75E+01	4.23E+01	
group_4453	3.20E-01	1.14E-04	2.26E-03	2.14E+00	7.54E-01	-1.51E+00	-2.62E+01	3.10E+01	
group_4284	3.20E-01	1.14E-04	8.77E-05	2.85E+00	8.63E-01	-1.97E+00	-3.00E+01	3.87E+01	
iclR	3.20E-01	8.63E-02	2.42E-03	3.24E+00	1.22E+00	-2.55E+00	-3.42E+01	3.42E+01	
group_4186	3.20E-01	8.63E-02	5.79E-01	-1.03E+00	1.89E+00	-6.31E-01	-2.75E+01	4.23E+01	
group_3975	3.20E-01	3.21E-02	9.68E-04	2.99E+00	1.07E+00	-2.45E+00	-3.44E+01	3.73E+01	
group_3532	3.20E-01	8.63E-02	2.42E-03	3.24E+00	1.22E+00	-2.55E+00	-3.42E+01	3.42E+01	
group_3104	3.20E-01	6.89E-12	1.53E-06	4.27E+00	6.96E-01	-1.37E+00	-1.90E+01	2.24E+01	bad-chisq
fabF	3.20E-01	8.63E-02	5.79E-01	-1.03E+00	1.89E+00	-6.31E-01	-2.75E+01	4.23E+01	
group_2985	3.20E-01	3.21E-02	4.91E-01	-6.08E-01	8.85E-01	-6.43E-01	-2.54E+01	3.28E+01	
group_2913	3.20E-01	3.21E-02	4.91E-01	-6.08E-01	8.85E-01	-6.43E-01	-2.54E+01	3.28E+01	
group_2902	3.20E-01	3.21E-02	4.91E-01	-6.08E-01	8.85E-01	-6.43E-01	-2.54E+01	3.28E+01	
group_2872	3.20E-01	3.21E-02	4.91E-01	-6.08E-01	8.85E-01	-6.43E-01	-2.54E+01	3.28E+01	
group_2709	3.20E-01	1.27E-10	6.18E-05	-3.39E+00	1.02E+00	-2.39E-01	-2.37E+01	3.20E+01	bad-chisq
aadA2~~~aadA1	3.20E-01	1.01E-02	5.26E-01	-4.16E-01	6.59E-01	-7.82E-01	-2.70E+01	3.65E+01	
group_2484	3.20E-01	6.04E-04	1.32E-01	1.55E+00	9.95E-01	-1.35E+00	-2.39E+01	3.67E+01	
group_2417	3.20E-01	8.63E-02	2.42E-03	3.24E+00	1.22E+00	-2.55E+00	-3.42E+01	3.42E+01	
group_2408	3.20E-01	6.04E-04	7.67E-01	-1.99E-01	6.76E-01	-8.31E-01	-2.66E+01	3.58E+01	
group_2138	3.20E-01	3.91E-01	9.90E-02	1.34E+00	8.34E-01	-1.43E+00	-2.80E+01	3.33E+01	
group_1858	3.20E-01	1.81E-05	4.02E-03	1.96E+00	7.35E-01	-1.47E+00	-2.66E+01	3.44E+01	
group_1839	3.20E-01	1.14E-04	1.08E-02	1.69E+00	7.00E-01	-1.41E+00	-2.65E+01	3.40E+01	
group_1547	3.20E-01	8.63E-02	5.79E-01	-1.03E+00	1.89E+00	-6.31E-01	-2.75E+01	4.23E+01	
group_1530	3.20E-01	8.63E-02	5.79E-01	-1.03E+00	1.89E+00	-6.31E-01	-2.75E+01	4.23E+01	
group_1359	3.20E-01	2.68E-07	3.03E-02	-1.79E+00	8.73E-01	-5.81E-01	-2.49E+01	3.49E+01	
group_1202	3.20E-01	8.63E-02	5.79E-01	-1.03E+00	1.89E+00	-6.31E-01	-2.75E+01	4.23E+01	
group_1105	3.20E-01	8.63E-02	5.79E-01	-1.03E+00	1.89E+00	-6.31E-01	-2.75E+01	4.23E+01	
group_981	3.20E-01	1.81E-05	4.02E-03	1.96E+00	7.35E-01	-1.47E+00	-2.66E+01	3.44E+01	
group_936	3.20E-01	1.14E-04	1.08E-02	1.69E+00	7.00E-01	-1.41E+00	-2.65E+01	3.40E+01	
group_783	3.20E-01	1.81E-05	4.02E-03	1.96E+00	7.35E-01	-1.47E+00	-2.66E+01	3.44E+01	
group_780	3.20E-01	1.81E-05	4.02E-03	1.96E+00	7.35E-01	-1.47E+00	-2.66E+01	3.44E+01	
group_373	3.20E-01	8.63E-02	5.79E-01	-1.03E+00	1.89E+00	-6.31E-01	-2.75E+01	4.23E+01	
group_361	3.20E-01	8.63E-02	5.79E-01	-1.03E+00	1.89E+00	-6.31E-01	-2.75E+01	4.23E+01	
group_173	3.20E-01	8.63E-02	5.79E-01	-1.03E+00	1.89E+00	-6.31E-01	-2.75E+01	4.23E+01	
group_7463	3.10E-01	6.59E-07	3.43E-02	-1.78E+00	8.85E-01	-6.15E-01	-2.52E+01	3.54E+01	
yqhD~~~gldA	3.10E-01	6.59E-07	3.43E-02	-1.78E+00	8.85E-01	-6.15E-01	-2.52E+01	3.54E+01	
group_6995	3.10E-01	6.46E-08	3.87E-04	2.69E+00	8.67E-01	-1.39E+00	-2.29E+01	2.52E+01	
group_6913	3.10E-01	3.60E-10	1.28E-05	1.17E+01	1.17E+00	-3.70E+00	1.73E+01	1.49E+01	bad-chisq
group_6882	3.10E-01	8.29E-01	8.11E-01	1.86E-01	7.80E-01	-9.35E-01	-2.60E+01	3.54E+01	
group_6617	3.10E-01	5.61E-06	3.35E-03	2.01E+00	7.43E-01	-1.45E+00	-2.62E+01	3.37E+01	
group_6360	3.10E-01	5.17E-02	2.19E-03	3.24E+00	1.20E+00	-2.51E+00	-3.37E+01	3.34E+01	
group_6274	3.10E-01	5.17E-01	4.57E-01	6.61E-01	8.95E-01	-1.07E+00	-2.60E+01	3.65E+01	
group_4986	3.10E-01	3.60E-10	1.28E-05	1.17E+01	1.17E+00	-3.70E+00	1.73E+01	1.49E+01	bad-chisq
group_4783	3.10E-01	6.59E-07	4.74E-02	2.42E+00	1.18E+00	-1.64E+00	-2.10E+01	3.64E+01	
group_4765	3.10E-01	3.60E-10	1.28E-05	1.17E+01	1.17E+00	-3.70E+00	1.73E+01	1.49E+01	bad-chisq
group_4672	3.10E-01	3.60E-10	1.28E-05	1.17E+01	1.17E+00	-3.70E+00	1.73E+01	1.49E+01	bad-chisq
group_4434	3.10E-01	3.60E-10	1.28E-05	1.17E+01	1.17E+00	-3.70E+00	1.73E+01	1.49E+01	bad-chisq
group_4277	3.10E-01	6.59E-07	4.74E-02	2.42E+00	1.18E+00	-1.64E+00	-2.10E+01	3.64E+01	
group_3020	3.10E-01	1.74E-02	3.32E-02	2.18E+00	1.08E+00	-1.53E+00	-2.60E+01	4.02E+01	
group_3012	3.10E-01	5.17E-02	5.54E-01	-5.24E-01	8.87E-01	-6.87E-01	-2.56E+01	3.33E+01	
group_3010	3.10E-01	1.74E-02	3.32E-02	2.18E+00	1.08E+00	-1.53E+00	-2.60E+01	4.02E+01	
arsH	3.10E-01	1.74E-02	3.32E-02	2.18E+00	1.08E+00	-1.53E+00	-2.60E+01	4.02E+01	
arsB	3.10E-01	1.74E-02	3.32E-02	2.18E+00	1.08E+00	-1.53E+00	-2.60E+01	4.02E+01	
group_2949	3.10E-01	3.60E-10	7.59E-04	-2.83E+00	1.04E+00	-9.73E-02	-2.08E+01	2.63E+01	bad-chisq
arsC1	3.10E-01	1.74E-02	3.32E-02	2.18E+00	1.08E+00	-1.53E+00	-2.60E+01	4.02E+01	
group_2898	3.10E-01	3.99E-05	1.57E-05	4.23E+00	1.15E+00	-2.13E+00	-2.84E+01	2.20E+01	
group_2870	3.10E-01	5.17E-01	9.30E-01	-7.67E-02	8.79E-01	-8.59E-01	-2.61E+01	3.51E+01	
group_2851	3.10E-01	1.74E-02	3.32E-02	2.18E+00	1.08E+00	-1.53E+00	-2.60E+01	4.02E+01	
group_2713	3.10E-01	5.61E-06	1.52E-04	2.65E+00	8.08E-01	-1.91E+00	-2.91E+01	3.71E+01	
group_2264	3.10E-01	1.74E-02	2.52E-07	7.10E+00	2.18E+00	-4.43E+00	-4.48E+01	3.36E+01	
group_2239	3.10E-01	5.61E-06	1.66E-01	1.24E+00	8.95E-01	-1.26E+00	-2.38E+01	3.54E+01	
group_2131	3.10E-01	5.17E-02	9.66E-01	-3.84E-02	9.03E-01	-8.68E-01	-2.60E+01	3.50E+01	
group_2102	3.10E-01	1.74E-02	2.38E-01	1.18E+00	9.97E-01	-1.16E+00	-2.47E+01	2.84E+01	
group_2098	3.10E-01	5.17E-01	3.41E-01	7.36E-01	7.71E-01	-1.09E+00	-2.67E+01	3.37E+01	
group_2087	3.10E-01	5.61E-06	4.36E-03	-2.05E+00	7.65E-01	-4.16E-01	-2.56E+01	3.77E+01	
group_2027	3.10E-01	1.74E-02	7.67E-05	-4.39E+00	1.57E+00	5.14E-01	-3.74E+01	3.88E+01	
group_1871	3.10E-01	5.61E-06	2.88E-03	2.03E+00	7.45E-01	-1.48E+00	-2.62E+01	3.42E+01	
group_1570	3.10E-01	5.61E-06	2.88E-03	2.03E+00	7.45E-01	-1.48E+00	-2.62E+01	3.42E+01	
group_1554	3.10E-01	5.29E-09	5.67E-04	5.64E+00	1.80E+00	-2.65E+00	-1.10E+01	3.47E+01	
group_1428	3.10E-01	5.29E-09	2.43E-03	5.37E+00	2.04E+00	-2.41E+00	-9.61E+00	3.13E+01	
group_1354	3.10E-01	6.59E-07	3.43E-02	-1.78E+00	8.85E-01	-6.15E-01	-2.52E+01	3.54E+01	
group_1353	3.10E-01	6.59E-07	3.43E-02	-1.78E+00	8.85E-01	-6.15E-01	-2.52E+01	3.54E+01	
group_1072	3.10E-01	2.04E-11	3.13E-07	-5.10E+00	6.35E-01	-2.28E-01	-2.68E+01	3.67E+01	bad-chisq
group_1033	3.10E-01	1.30E-01	3.64E-03	3.18E+00	1.15E+00	-1.98E+00	-2.95E+01	2.61E+01	
yraA	3.10E-01	6.59E-07	3.43E-02	-1.78E+00	8.85E-01	-6.15E-01	-2.52E+01	3.54E+01	
group_985	3.10E-01	3.99E-05	2.42E-02	1.50E+00	6.91E-01	-1.28E+00	-2.55E+01	3.31E+01	
group_882	3.10E-01	1.74E-02	4.24E-02	-1.35E+00	6.80E-01	-5.96E-01	-2.76E+01	3.85E+01	
group_201	3.10E-01	1.18E-03	1.33E-03	2.38E+00	8.05E-01	-1.65E+00	-2.83E+01	3.22E+01	
group_7501	3.00E-01	9.96E-10	1.09E-03	-2.80E+00	1.02E+00	-2.14E-01	-2.16E+01	2.81E+01	bad-chisq
group_7012	3.00E-01	1.27E-05	1.56E-03	2.34E+00	8.02E-01	-1.48E+00	-2.52E+01	2.79E+01	
group_6946	3.00E-01	1.27E-05	2.09E-02	1.55E+00	7.00E-01	-1.27E+00	-2.52E+01	3.26E+01	
group_6899	3.00E-01	8.57E-05	2.59E-02	1.55E+00	7.44E-01	-1.31E+00	-2.61E+01	3.53E+01	
group_6886	3.00E-01	9.96E-10	3.83E-05	1.15E+01	1.17E+00	-3.55E+00	1.69E+01	1.47E+01	bad-chisq
group_6822	3.00E-01	9.96E-10	3.83E-05	1.15E+01	1.17E+00	-3.55E+00	1.69E+01	1.47E+01	bad-chisq
group_6437	3.00E-01	1.58E-06	8.25E-04	2.41E+00	8.13E-01	-1.53E+00	-2.65E+01	3.44E+01	
group_6323	3.00E-01	8.57E-05	3.45E-01	9.72E-01	9.98E-01	-1.17E+00	-2.45E+01	3.59E+01	
group_5900	3.00E-01	9.96E-10	3.83E-05	1.15E+01	1.17E+00	-3.55E+00	1.69E+01	1.47E+01	bad-chisq
group_5839	3.00E-01	9.96E-10	3.83E-05	1.15E+01	1.17E+00	-3.55E+00	1.69E+01	1.47E+01	bad-chisq
group_5779	3.00E-01	9.96E-10	3.83E-05	1.15E+01	1.17E+00	-3.55E+00	1.69E+01	1.47E+01	bad-chisq
group_5590	3.00E-01	8.57E-05	2.59E-02	1.55E+00	7.44E-01	-1.31E+00	-2.61E+01	3.53E+01	
group_5332	3.00E-01	9.96E-10	3.83E-05	1.15E+01	1.17E+00	-3.55E+00	1.69E+01	1.47E+01	bad-chisq
group_5247	3.00E-01	9.96E-10	3.83E-05	1.15E+01	1.17E+00	-3.55E+00	1.69E+01	1.47E+01	bad-chisq
group_5123	3.00E-01	9.96E-10	3.83E-05	1.15E+01	1.17E+00	-3.55E+00	1.69E+01	1.47E+01	bad-chisq
group_5087	3.00E-01	9.96E-10	3.83E-05	1.15E+01	1.17E+00	-3.55E+00	1.69E+01	1.47E+01	bad-chisq
group_5030	3.00E-01	9.96E-10	3.83E-05	1.15E+01	1.17E+00	-3.55E+00	1.69E+01	1.47E+01	bad-chisq
group_4931	3.00E-01	9.96E-10	3.83E-05	1.15E+01	1.17E+00	-3.55E+00	1.69E+01	1.47E+01	bad-chisq
group_4864	3.00E-01	9.96E-10	3.83E-05	1.15E+01	1.17E+00	-3.55E+00	1.69E+01	1.47E+01	bad-chisq
group_4574	3.00E-01	9.96E-10	3.83E-05	1.15E+01	1.17E+00	-3.55E+00	1.69E+01	1.47E+01	bad-chisq
sbcC	3.00E-01	9.96E-10	3.83E-05	1.15E+01	1.17E+00	-3.55E+00	1.69E+01	1.47E+01	bad-chisq
group_4164	3.00E-01	8.57E-05	3.45E-01	9.72E-01	9.98E-01	-1.17E+00	-2.45E+01	3.59E+01	
group_4110	3.00E-01	9.96E-10	3.83E-05	1.15E+01	1.17E+00	-3.55E+00	1.69E+01	1.47E+01	bad-chisq
group_3963	3.00E-01	9.96E-10	3.83E-05	1.15E+01	1.17E+00	-3.55E+00	1.69E+01	1.47E+01	bad-chisq
group_3947	3.00E-01	9.96E-10	3.83E-05	1.15E+01	1.17E+00	-3.55E+00	1.69E+01	1.47E+01	bad-chisq
mphE	3.00E-01	4.80E-04	1.95E-03	2.21E+00	7.70E-01	-1.53E+00	-2.70E+01	3.18E+01	
group_3770	3.00E-01	9.96E-10	3.83E-05	1.15E+01	1.17E+00	-3.55E+00	1.69E+01	1.47E+01	bad-chisq
group_3723	3.00E-01	9.96E-10	3.83E-05	1.15E+01	1.17E+00	-3.55E+00	1.69E+01	1.47E+01	bad-chisq
group_3518	3.00E-01	9.96E-10	3.83E-05	1.15E+01	1.17E+00	-3.55E+00	1.69E+01	1.47E+01	bad-chisq
group_3450	3.00E-01	9.96E-10	3.83E-05	1.15E+01	1.17E+00	-3.55E+00	1.69E+01	1.47E+01	bad-chisq
group_3379	3.00E-01	9.96E-10	3.83E-05	1.15E+01	1.17E+00	-3.55E+00	1.69E+01	1.47E+01	bad-chisq
group_3365	3.00E-01	1.27E-05	1.77E-04	2.64E+00	8.11E-01	-1.89E+00	-2.93E+01	3.72E+01	
group_2944	3.00E-01	2.91E-02	9.80E-04	3.45E+00	1.19E+00	-2.50E+00	-3.32E+01	3.16E+01	
group_2869	3.00E-01	1.63E-07	5.04E-06	3.57E+00	9.73E-01	-1.89E+00	-2.83E+01	3.35E+01	
group_2626	3.00E-01	3.83E-01	8.48E-01	1.34E-01	7.00E-01	-9.11E-01	-2.61E+01	3.49E+01	
group_2609	3.00E-01	2.91E-02	9.80E-04	3.45E+00	1.19E+00	-2.50E+00	-3.32E+01	3.16E+01	
group_2584	3.00E-01	3.83E-01	4.38E-01	6.93E-01	8.99E-01	-1.07E+00	-2.60E+01	3.64E+01	
group_2543	3.00E-01	1.90E-01	6.51E-01	-3.22E-01	7.16E-01	-7.69E-01	-2.64E+01	3.50E+01	
group_2401	3.00E-01	3.83E-01	8.48E-01	1.34E-01	7.00E-01	-9.11E-01	-2.61E+01	3.49E+01	
group_2218	3.00E-01	1.27E-05	3.02E-03	-2.22E+00	8.05E-01	-4.80E-01	-2.63E+01	3.83E+01	
group_2132	3.00E-01	1.90E-01	6.54E-02	-1.17E+00	6.50E-01	-5.38E-01	-2.67E+01	3.71E+01	
ridA	3.00E-01	5.89E-11	5.44E-07	-5.11E+00	6.29E-01	-3.53E-01	-2.78E+01	3.85E+01	bad-chisq
msrE	3.00E-01	4.80E-04	1.95E-03	2.21E+00	7.70E-01	-1.53E+00	-2.70E+01	3.18E+01	
group_1370	3.00E-01	9.96E-10	1.09E-03	-2.80E+00	1.02E+00	-2.14E-01	-2.16E+01	2.81E+01	bad-chisq
group_1290	3.00E-01	9.96E-10	1.09E-03	-2.80E+00	1.02E+00	-2.14E-01	-2.16E+01	2.81E+01	bad-chisq
group_1286	3.00E-01	6.63E-01	2.27E-01	9.55E-01	7.89E-01	-1.12E+00	-2.67E+01	3.30E+01	
group_735	3.00E-01	1.58E-06	1.23E-03	2.34E+00	7.95E-01	-1.42E+00	-2.45E+01	2.80E+01	
group_631	3.00E-01	9.96E-10	3.83E-05	1.15E+01	1.17E+00	-3.55E+00	1.69E+01	1.47E+01	bad-chisq
group_626	3.00E-01	1.27E-05	8.29E-05	-3.66E+00	1.12E+00	-5.11E-01	-3.61E+01	4.58E+01	
group_301	3.00E-01	1.58E-06	3.47E-02	-1.78E+00	8.87E-01	-6.20E-01	-2.52E+01	3.55E+01	
group_7625	2.90E-01	3.60E-08	1.79E-03	3.71E+00	1.26E+00	-1.80E+00	-1.86E+01	3.50E+01	
group_7623	2.90E-01	2.71E-01	3.33E-01	8.88E-01	9.30E-01	-1.08E+00	-2.57E+01	3.61E+01	
group_7578	2.90E-01	2.71E-01	3.33E-01	8.88E-01	9.30E-01	-1.08E+00	-2.57E+01	3.61E+01	
group_7047	2.90E-01	1.53E-02	7.33E-06	5.90E+00	1.58E+00	-2.80E+00	-3.20E+01	1.63E+01	
group_7001	2.90E-01	4.73E-02	4.57E-03	3.17E+00	1.15E+00	-1.86E+00	-2.79E+01	2.36E+01	
group_6952	2.90E-01	2.68E-09	6.01E-04	-2.96E+00	1.01E+00	-3.17E-01	-2.37E+01	3.13E+01	bad-chisq
group_6745	2.90E-01	4.17E-03	1.95E-07	7.25E+00	2.24E+00	-4.07E+00	-4.03E+01	2.53E+01	
group_6703	2.90E-01	1.53E-02	8.14E-05	4.94E+00	1.42E+00	-2.53E+00	-3.04E+01	1.87E+01	
group_6572	2.90E-01	1.53E-02	1.83E-04	4.65E+00	1.38E+00	-2.40E+00	-2.95E+01	1.88E+01	
group_6399	2.90E-01	3.69E-06	1.40E-03	2.34E+00	8.00E-01	-1.41E+00	-2.46E+01	2.81E+01	
group_5864	2.90E-01	3.69E-06	1.75E-01	1.50E+00	1.07E+00	-1.26E+00	-2.30E+01	3.53E+01	
group_5472	2.90E-01	3.69E-06	7.34E-02	2.03E+00	1.09E+00	-1.50E+00	-2.26E+01	3.68E+01	
group_5422	2.90E-01	1.53E-02	1.83E-04	4.65E+00	1.38E+00	-2.40E+00	-2.95E+01	1.88E+01	
group_5212	2.90E-01	2.71E-01	5.26E-01	4.92E-01	7.73E-01	-9.89E-01	-2.64E+01	3.41E+01	
group_4822	2.90E-01	2.68E-09	8.12E-02	8.80E+00	1.17E+00	-2.48E+00	1.13E+01	1.08E+01	bad-chisq
group_4814	2.90E-01	3.69E-06	1.40E-03	2.34E+00	8.00E-01	-1.41E+00	-2.46E+01	2.81E+01	
group_4721	2.90E-01	3.69E-06	1.40E-03	2.34E+00	8.00E-01	-1.41E+00	-2.46E+01	2.81E+01	
group_4624	2.90E-01	1.53E-02	4.80E-05	5.05E+00	1.43E+00	-2.65E+00	-3.17E+01	2.03E+01	
tetRB	2.90E-01	4.73E-02	5.87E-01	4.34E-01	8.02E-01	-9.85E-01	-2.57E+01	3.32E+01	
blaTEM1	2.90E-01	3.69E-06	8.21E-04	2.62E+00	8.69E-01	-1.42E+00	-2.41E+01	2.53E+01	
group_3286	2.90E-01	1.53E-02	4.80E-05	5.05E+00	1.43E+00	-2.65E+00	-3.17E+01	2.03E+01	
tetB	2.90E-01	4.73E-02	5.87E-01	4.34E-01	8.02E-01	-9.85E-01	-2.57E+01	3.32E+01	
cusA	2.90E-01	1.23E-01	6.40E-01	-4.19E-01	8.96E-01	-7.36E-01	-2.58E+01	3.38E+01	
group_3022	2.90E-01	1.23E-01	6.40E-01	-4.19E-01	8.96E-01	-7.36E-01	-2.58E+01	3.38E+01	
group_3018	2.90E-01	1.23E-01	6.40E-01	-4.19E-01	8.96E-01	-7.36E-01	-2.58E+01	3.38E+01	
group_2911	2.90E-01	2.82E-05	1.06E-01	1.79E+00	1.06E+00	-1.41E+00	-2.31E+01	3.66E+01	
group_2747	2.90E-01	4.00E-07	9.36E-02	1.93E+00	1.11E+00	-1.40E+00	-2.13E+01	3.45E+01	
group_2527	2.90E-01	4.73E-02	1.37E-03	-3.67E+00	1.41E+00	-1.03E-01	-4.20E+01	4.84E+01	
group_2524	2.90E-01	2.82E-05	4.47E-04	-2.82E+00	8.90E-01	-4.07E-01	-2.97E+01	3.89E+01	
group_2480	2.90E-01	3.69E-06	3.09E-02	2.54E+00	1.15E+00	-1.42E+00	-2.05E+01	3.41E+01	
group_2447	2.90E-01	5.09E-01	6.05E-01	3.64E-01	7.06E-01	-9.61E-01	-2.62E+01	3.46E+01	
group_2368	2.90E-01	4.17E-03	1.95E-07	7.25E+00	2.24E+00	-4.07E+00	-4.03E+01	2.53E+01	
group_2357	2.90E-01	4.17E-03	1.95E-07	7.25E+00	2.24E+00	-4.07E+00	-4.03E+01	2.53E+01	
yjcH	2.90E-01	4.17E-03	1.95E-07	7.25E+00	2.24E+00	-4.07E+00	-4.03E+01	2.53E+01	
group_2189	2.90E-01	4.17E-03	1.95E-07	7.25E+00	2.24E+00	-4.07E+00	-4.03E+01	2.53E+01	
group_1979	2.90E-01	4.73E-02	1.38E-01	-1.36E+00	9.66E-01	-4.17E-01	-2.60E+01	3.18E+01	
group_1928	2.90E-01	2.71E-01	5.25E-01	4.94E-01	7.73E-01	-9.89E-01	-2.64E+01	3.41E+01	
group_1927	2.90E-01	4.17E-03	1.95E-07	7.25E+00	2.24E+00	-4.07E+00	-4.03E+01	2.53E+01	
group_1812	2.90E-01	4.17E-03	1.95E-07	7.25E+00	2.24E+00	-4.07E+00	-4.03E+01	2.53E+01	
group_1652	2.90E-01	5.09E-01	1.92E-01	1.31E+00	1.04E+00	-1.22E+00	-2.65E+01	3.82E+01	
hscC	2.90E-01	1.65E-10	2.26E-06	-4.98E+00	6.23E-01	-4.53E-01	-2.74E+01	3.83E+01	bad-chisq
group_1145	2.90E-01	4.17E-03	1.95E-07	7.25E+00	2.24E+00	-4.07E+00	-4.03E+01	2.53E+01	
group_1016	2.90E-01	2.68E-09	1.54E-03	-2.76E+00	1.01E+00	-2.71E-01	-2.20E+01	2.89E+01	bad-chisq
group_861	2.90E-01	4.17E-03	1.95E-07	7.25E+00	2.24E+00	-4.07E+00	-4.03E+01	2.53E+01	
group_467	2.90E-01	4.17E-03	4.44E-04	3.41E+00	1.06E+00	-1.86E+00	-2.73E+01	2.33E+01	
group_275	2.90E-01	3.69E-06	8.21E-04	2.62E+00	8.69E-01	-1.42E+00	-2.41E+01	2.53E+01	
group_273	2.90E-01	4.73E-02	5.87E-01	4.34E-01	8.02E-01	-9.85E-01	-2.57E+01	3.32E+01	
group_7531	2.80E-01	1.82E-03	8.81E-06	8.71E+00	2.22E+00	-2.85E+00	-1.70E+01	-1.80E+01	high-bse
group_7386	2.80E-01	4.49E-10	5.67E-05	-4.24E+00	6.23E-01	-3.11E-01	-2.41E+01	3.20E+01	bad-chisq
group_7309	2.80E-01	8.41E-06	1.06E-01	1.79E+00	1.06E+00	-1.41E+00	-2.31E+01	3.66E+01	
lysR~~~gcvA	2.80E-01	4.49E-10	1.00E+00	-4.69E+00	6.90E-01	8.43E-01	-4.21E+00	-4.77E-01	bad-chisq
group_7006	2.80E-01	9.59E-07	1.79E-04	2.98E+00	9.08E-01	-1.45E+00	-2.42E+01	2.50E+01	
group_6920	2.80E-01	1.82E-03	1.65E-04	2.85E+00	8.76E-01	-2.00E+00	-3.22E+01	3.90E+01	
group_6868	2.80E-01	8.41E-06	1.06E-01	1.79E+00	1.06E+00	-1.41E+00	-2.31E+01	3.66E+01	
group_6830	2.80E-01	6.10E-05	1.03E-02	1.91E+00	8.21E-01	-1.35E+00	-2.65E+01	3.58E+01	
group_6811	2.80E-01	1.82E-03	1.65E-04	2.85E+00	8.76E-01	-2.00E+00	-3.22E+01	3.90E+01	
group_6708	2.80E-01	7.53E-03	2.45E-05	5.87E+00	1.76E+00	-2.52E+00	-2.77E+01	9.89E+00	
group_6508	2.80E-01	8.41E-06	1.06E-01	1.79E+00	1.06E+00	-1.41E+00	-2.31E+01	3.66E+01	
group_6496	2.80E-01	4.49E-10	1.98E-03	9.83E+00	6.89E-01	-2.46E+00	1.12E+01	1.08E+01	bad-chisq
group_6356	2.80E-01	8.41E-06	1.06E-01	1.79E+00	1.06E+00	-1.41E+00	-2.31E+01	3.66E+01	
group_5934	2.80E-01	6.10E-05	5.92E-04	2.65E+00	8.35E-01	-1.55E+00	-2.67E+01	2.89E+01	
group_5827	2.80E-01	6.10E-05	5.92E-04	2.65E+00	8.35E-01	-1.55E+00	-2.67E+01	2.89E+01	
group_5760	2.80E-01	7.53E-03	5.18E-05	5.80E+00	1.81E+00	-2.41E+00	-2.63E+01	8.08E+00	
group_5534	2.80E-01	8.41E-06	1.06E-01	1.79E+00	1.06E+00	-1.41E+00	-2.31E+01	3.66E+01	
group_5339	2.80E-01	8.41E-06	1.06E-01	1.79E+00	1.06E+00	-1.41E+00	-2.31E+01	3.66E+01	
group_5246	2.80E-01	8.41E-06	1.06E-01	1.79E+00	1.06E+00	-1.41E+00	-2.31E+01	3.66E+01	
sarZ	2.80E-01	1.82E-03	8.81E-06	8.71E+00	2.22E+00	-2.85E+00	-1.70E+01	-1.80E+01	high-bse
group_5080	2.80E-01	8.41E-06	1.06E-01	1.79E+00	1.06E+00	-1.41E+00	-2.31E+01	3.66E+01	
group_5056	2.80E-01	8.41E-06	1.06E-01	1.79E+00	1.06E+00	-1.41E+00	-2.31E+01	3.66E+01	
group_5028	2.80E-01	8.41E-06	1.06E-01	1.79E+00	1.06E+00	-1.41E+00	-2.31E+01	3.66E+01	
group_4998	2.80E-01	8.41E-06	1.06E-01	1.79E+00	1.06E+00	-1.41E+00	-2.31E+01	3.66E+01	
group_4996	2.80E-01	4.49E-10	1.98E-03	9.83E+00	6.89E-01	-2.46E+00	1.12E+01	1.08E+01	bad-chisq
group_4933	2.80E-01	8.41E-06	1.06E-01	1.79E+00	1.06E+00	-1.41E+00	-2.31E+01	3.66E+01	
group_4894	2.80E-01	8.41E-06	1.06E-01	1.79E+00	1.06E+00	-1.41E+00	-2.31E+01	3.66E+01	
group_4840	2.80E-01	1.82E-03	1.83E-04	3.56E+00	1.06E+00	-2.03E+00	-2.87E+01	2.51E+01	
group_4563	2.80E-01	8.41E-06	1.06E-01	1.79E+00	1.06E+00	-1.41E+00	-2.31E+01	3.66E+01	
group_4435	2.80E-01	8.41E-06	1.06E-01	1.79E+00	1.06E+00	-1.41E+00	-2.31E+01	3.66E+01	
group_4176	2.80E-01	8.41E-06	1.06E-01	1.79E+00	1.06E+00	-1.41E+00	-2.31E+01	3.66E+01	
group_4024	2.80E-01	8.41E-06	1.06E-01	1.79E+00	1.06E+00	-1.41E+00	-2.31E+01	3.66E+01	
group_3935	2.80E-01	8.41E-06	1.06E-01	1.79E+00	1.06E+00	-1.41E+00	-2.31E+01	3.66E+01	
group_3898	2.80E-01	7.53E-03	1.00E-04	5.68E+00	1.81E+00	-2.30E+00	-2.52E+01	7.10E+00	
group_3893	2.80E-01	1.82E-03	8.81E-06	8.71E+00	2.22E+00	-2.85E+00	-1.70E+01	-1.80E+01	high-bse
group_3753	2.80E-01	1.82E-03	8.81E-06	8.71E+00	2.22E+00	-2.85E+00	-1.70E+01	-1.80E+01	high-bse
group_3516	2.80E-01	1.82E-03	8.81E-06	8.71E+00	2.22E+00	-2.85E+00	-1.70E+01	-1.80E+01	high-bse
group_3510	2.80E-01	8.41E-06	1.06E-01	1.79E+00	1.06E+00	-1.41E+00	-2.31E+01	3.66E+01	
group_3483	2.80E-01	8.41E-06	1.06E-01	1.79E+00	1.06E+00	-1.41E+00	-2.31E+01	3.66E+01	
group_3458	2.80E-01	1.82E-03	1.83E-04	3.56E+00	1.06E+00	-2.03E+00	-2.87E+01	2.51E+01	
nlhH	2.80E-01	1.82E-03	8.81E-06	8.71E+00	2.22E+00	-2.85E+00	-1.70E+01	-1.80E+01	high-bse
group_3387	2.80E-01	1.82E-03	8.81E-06	8.71E+00	2.22E+00	-2.85E+00	-1.70E+01	-1.80E+01	high-bse
group_3223	2.80E-01	7.53E-03	1.70E-05	5.91E+00	1.74E+00	-2.57E+00	-2.85E+01	1.08E+01	
group_3112	2.80E-01	8.41E-06	1.06E-01	1.79E+00	1.06E+00	-1.41E+00	-2.31E+01	3.66E+01	
group_3043	2.80E-01	1.81E-01	1.24E-03	-3.65E+00	1.40E+00	-1.71E-01	-4.14E+01	4.80E+01	
group_2979	2.80E-01	4.49E-10	1.46E-06	-5.00E+00	6.26E-01	-3.88E-01	-2.73E+01	3.78E+01	bad-chisq
group_2730	2.80E-01	3.73E-01	3.01E-03	-2.46E+00	9.74E-01	-2.75E-01	-3.24E+01	3.98E+01	
group_2625	2.80E-01	1.82E-03	5.28E-01	-4.37E-01	6.98E-01	-7.88E-01	-2.73E+01	3.66E+01	
group_2614	2.80E-01	3.66E-04	4.58E-04	-2.62E+00	8.28E-01	-3.24E-01	-2.65E+01	4.00E+01	
group_2555	2.80E-01	7.53E-03	2.02E-06	4.60E+00	1.27E+00	-2.95E+00	-3.85E+01	3.81E+01	
group_2539	2.80E-01	3.73E-01	2.58E-01	1.06E+00	9.45E-01	-1.21E+00	-2.63E+01	3.78E+01	
group_2472	2.80E-01	9.59E-07	2.97E-02	2.59E+00	1.17E+00	-1.42E+00	-2.03E+01	3.39E+01	
group_2341	2.80E-01	7.53E-03	1.70E-05	5.91E+00	1.74E+00	-2.57E+00	-2.85E+01	1.08E+01	
group_2330	2.80E-01	8.41E-06	1.06E-01	1.79E+00	1.06E+00	-1.41E+00	-2.31E+01	3.66E+01	
group_2307	2.80E-01	2.59E-02	5.14E-04	3.97E+00	1.20E+00	-2.01E+00	-2.84E+01	2.06E+01	
group_2306	2.80E-01	3.66E-04	4.93E-04	2.74E+00	8.51E-01	-1.57E+00	-2.73E+01	2.94E+01	
group_2210	2.80E-01	7.53E-03	4.15E-06	5.38E+00	1.45E+00	-2.80E+00	-3.35E+01	2.27E+01	
group_2107	2.80E-01	2.59E-02	5.14E-04	3.97E+00	1.20E+00	-2.01E+00	-2.84E+01	2.06E+01	
group_1880	2.80E-01	7.53E-03	4.15E-06	5.38E+00	1.45E+00	-2.80E+00	-3.35E+01	2.27E+01	
group_1876	2.80E-01	2.59E-02	4.22E-02	-2.05E+00	1.13E+00	-4.41E-01	-3.34E+01	4.06E+01	
group_1802	2.80E-01	1.82E-03	8.81E-06	8.71E+00	2.22E+00	-2.85E+00	-1.70E+01	-1.80E+01	high-bse
group_1675	2.80E-01	7.53E-03	1.96E-05	5.62E+00	1.62E+00	-2.56E+00	-2.92E+01	1.35E+01	
group_1664	2.80E-01	8.41E-06	1.06E-01	1.79E+00	1.06E+00	-1.41E+00	-2.31E+01	3.66E+01	
group_1594	2.80E-01	1.82E-03	8.81E-06	8.71E+00	2.22E+00	-2.85E+00	-1.70E+01	-1.80E+01	high-bse
group_1440	2.80E-01	1.82E-03	7.94E-01	2.51E-01	9.68E-01	-9.52E-01	-2.65E+01	3.60E+01	
group_1263	2.80E-01	8.41E-06	1.06E-01	1.79E+00	1.06E+00	-1.41E+00	-2.31E+01	3.66E+01	
group_1182	2.80E-01	4.49E-10	1.00E+00	-4.69E+00	6.90E-01	8.43E-01	-4.21E+00	-4.77E-01	bad-chisq
intI1	2.80E-01	1.82E-03	2.88E-01	7.03E-01	6.70E-01	-1.10E+00	-2.57E+01	3.51E+01	
group_759	2.80E-01	3.73E-01	5.25E-01	4.94E-01	7.73E-01	-9.89E-01	-2.64E+01	3.41E+01	
group_406	2.80E-01	8.41E-06	1.06E-01	1.79E+00	1.06E+00	-1.41E+00	-2.31E+01	3.66E+01	
group_7233	2.70E-01	3.41E-03	5.68E-07	9.82E+00	2.24E+00	-3.10E+00	-1.92E+01	-2.11E+01	high-bse
group_6956	2.70E-01	3.41E-03	5.68E-07	9.82E+00	2.24E+00	-3.10E+00	-1.92E+01	-2.11E+01	high-bse
group_6953	2.70E-01	1.79E-08	3.41E-02	2.19E+00	1.18E+00	-1.15E+00	-1.80E+01	2.86E+01	bad-chisq
group_6944	2.70E-01	2.21E-07	2.56E-02	2.79E+00	1.27E+00	-1.39E+00	-1.95E+01	3.28E+01	
group_6693	2.70E-01	2.60E-01	4.24E-02	1.54E+00	7.73E-01	-1.41E+00	-2.79E+01	3.31E+01	
group_6639	2.70E-01	7.28E-04	1.99E-05	4.27E+00	1.16E+00	-2.13E+00	-2.91E+01	2.23E+01	
group_6628	2.70E-01	2.21E-07	2.56E-02	2.79E+00	1.27E+00	-1.39E+00	-1.95E+01	3.28E+01	
group_6533	2.70E-01	3.41E-03	5.68E-07	9.82E+00	2.24E+00	-3.10E+00	-1.92E+01	-2.11E+01	high-bse
group_6504	2.70E-01	3.41E-03	5.68E-07	9.82E+00	2.24E+00	-3.10E+00	-1.92E+01	-2.11E+01	high-bse
group_6406	2.70E-01	3.41E-03	5.68E-07	9.82E+00	2.24E+00	-3.10E+00	-1.92E+01	-2.11E+01	high-bse
group_6349	2.70E-01	3.41E-03	5.68E-07	9.82E+00	2.24E+00	-3.10E+00	-1.92E+01	-2.11E+01	high-bse
dsbB	2.70E-01	2.21E-07	2.56E-02	2.79E+00	1.27E+00	-1.39E+00	-1.95E+01	3.28E+01	
group_6129	2.70E-01	3.41E-03	5.68E-07	9.82E+00	2.24E+00	-3.10E+00	-1.92E+01	-2.11E+01	high-bse
group_6106	2.70E-01	7.28E-04	1.99E-05	4.27E+00	1.16E+00	-2.13E+00	-2.91E+01	2.23E+01	
group_6093	2.70E-01	3.41E-03	5.68E-07	9.82E+00	2.24E+00	-3.10E+00	-1.92E+01	-2.11E+01	high-bse
group_6025	2.70E-01	3.41E-03	5.68E-07	9.82E+00	2.24E+00	-3.10E+00	-1.92E+01	-2.11E+01	high-bse
group_6012	2.70E-01	1.87E-05	4.51E-04	2.77E+00	8.67E-01	-1.49E+00	-2.58E+01	2.71E+01	
group_5969	2.70E-01	3.41E-03	5.68E-07	9.82E+00	2.24E+00	-3.10E+00	-1.92E+01	-2.11E+01	high-bse
group_5945	2.70E-01	2.24E-06	8.72E-05	3.00E+00	9.26E-01	-1.64E+00	-2.68E+01	3.41E+01	
group_5924	2.70E-01	3.41E-03	5.68E-07	9.82E+00	2.24E+00	-3.10E+00	-1.92E+01	-2.11E+01	high-bse
group_5770	2.70E-01	3.41E-03	5.68E-07	9.82E+00	2.24E+00	-3.10E+00	-1.92E+01	-2.11E+01	high-bse
group_5541	2.70E-01	3.41E-03	5.68E-07	9.82E+00	2.24E+00	-3.10E+00	-1.92E+01	-2.11E+01	high-bse
group_5520	2.70E-01	3.41E-03	5.68E-07	9.82E+00	2.24E+00	-3.10E+00	-1.92E+01	-2.11E+01	high-bse
group_5481	2.70E-01	3.41E-03	5.68E-07	9.82E+00	2.24E+00	-3.10E+00	-1.92E+01	-2.11E+01	high-bse
group_5426	2.70E-01	3.41E-03	5.68E-07	9.82E+00	2.24E+00	-3.10E+00	-1.92E+01	-2.11E+01	high-bse
group_5394	2.70E-01	3.41E-03	5.68E-07	9.82E+00	2.24E+00	-3.10E+00	-1.92E+01	-2.11E+01	high-bse
group_5111	2.70E-01	7.28E-04	1.99E-05	4.27E+00	1.16E+00	-2.13E+00	-2.91E+01	2.23E+01	
group_4963	2.70E-01	3.41E-03	5.68E-07	9.82E+00	2.24E+00	-3.10E+00	-1.92E+01	-2.11E+01	high-bse
group_4809	2.70E-01	3.41E-03	5.68E-07	9.82E+00	2.24E+00	-3.10E+00	-1.92E+01	-2.11E+01	high-bse
group_4808	2.70E-01	3.41E-03	5.68E-07	9.82E+00	2.24E+00	-3.10E+00	-1.92E+01	-2.11E+01	high-bse
group_4663	2.70E-01	3.41E-03	5.68E-07	9.82E+00	2.24E+00	-3.10E+00	-1.92E+01	-2.11E+01	high-bse
group_4662	2.70E-01	3.41E-03	5.68E-07	9.82E+00	2.24E+00	-3.10E+00	-1.92E+01	-2.11E+01	high-bse
group_4298	2.70E-01	1.32E-02	3.00E-04	4.33E+00	1.27E+00	-1.99E+00	-2.73E+01	1.70E+01	
group_4259	2.70E-01	3.41E-03	5.68E-07	9.82E+00	2.24E+00	-3.10E+00	-1.92E+01	-2.11E+01	high-bse
group_4249	2.70E-01	3.41E-03	5.68E-07	9.82E+00	2.24E+00	-3.10E+00	-1.92E+01	-2.11E+01	high-bse
group_4235	2.70E-01	3.41E-03	5.68E-07	9.82E+00	2.24E+00	-3.10E+00	-1.92E+01	-2.11E+01	high-bse
group_4227	2.70E-01	1.32E-02	6.18E-05	4.63E+00	1.26E+00	-2.29E+00	-3.07E+01	2.06E+01	
group_4073	2.70E-01	3.41E-03	5.68E-07	9.82E+00	2.24E+00	-3.10E+00	-1.92E+01	-2.11E+01	high-bse
group_3994	2.70E-01	1.79E-08	3.41E-02	2.19E+00	1.18E+00	-1.15E+00	-1.80E+01	2.86E+01	bad-chisq
group_3957	2.70E-01	3.41E-03	5.68E-07	9.82E+00	2.24E+00	-3.10E+00	-1.92E+01	-2.11E+01	high-bse
group_3872	2.70E-01	3.41E-03	5.68E-07	9.82E+00	2.24E+00	-3.10E+00	-1.92E+01	-2.11E+01	high-bse
group_3864	2.70E-01	3.41E-03	5.68E-07	9.82E+00	2.24E+00	-3.10E+00	-1.92E+01	-2.11E+01	high-bse
secC	2.70E-01	3.41E-03	5.68E-07	9.82E+00	2.24E+00	-3.10E+00	-1.92E+01	-2.11E+01	high-bse
group_3741	2.70E-01	1.32E-02	6.18E-05	4.63E+00	1.26E+00	-2.29E+00	-3.07E+01	2.06E+01	
group_3688	2.70E-01	3.41E-03	5.68E-07	9.82E+00	2.24E+00	-3.10E+00	-1.92E+01	-2.11E+01	high-bse
group_3118	2.70E-01	3.41E-03	5.68E-07	9.82E+00	2.24E+00	-3.10E+00	-1.92E+01	-2.11E+01	high-bse
group_2861	2.70E-01	4.26E-02	3.68E-01	5.88E-01	6.57E-01	-1.05E+00	-2.58E+01	3.38E+01	
group_2846	2.70E-01	8.22E-01	5.31E-01	4.30E-01	6.93E-01	-1.02E+00	-2.64E+01	3.59E+01	
group_2733	2.70E-01	1.32E-02	2.23E-03	3.73E+00	1.32E+00	-1.81E+00	-2.57E+01	1.75E+01	
group_2732	2.70E-01	4.99E-01	4.55E-01	-4.99E-01	6.67E-01	-7.65E-01	-2.62E+01	3.57E+01	
group_2729	2.70E-01	1.79E-08	4.15E-02	-1.79E+00	1.09E+00	-2.71E-01	-1.98E+01	2.57E+01	bad-chisq
group_2572	2.70E-01	1.32E-02	7.78E-01	-2.64E-01	9.35E-01	-8.06E-01	-2.58E+01	3.44E+01	
group_2529	2.70E-01	1.87E-05	1.50E-04	-3.25E+00	9.98E-01	-3.57E-01	-3.08E+01	3.94E+01	
group_2520	2.70E-01	1.32E-02	7.78E-01	-2.64E-01	9.35E-01	-8.06E-01	-2.58E+01	3.44E+01	
group_2503	2.70E-01	1.29E-04	3.30E-03	-2.58E+00	9.69E-01	-3.87E-01	-2.97E+01	3.67E+01	
group_2133	2.70E-01	3.41E-03	1.59E-01	1.10E+00	7.85E-01	-1.09E+00	-2.49E+01	3.01E+01	
group_2051	2.70E-01	3.41E-03	5.68E-07	9.82E+00	2.24E+00	-3.10E+00	-1.92E+01	-2.11E+01	high-bse
group_1915	2.70E-01	1.15E-01	7.79E-01	2.07E-01	7.36E-01	-9.24E-01	-2.62E+01	3.49E+01	
group_1861	2.70E-01	7.28E-04	1.47E-04	2.87E+00	8.71E-01	-1.96E+00	-3.18E+01	3.82E+01	
group_1815	2.70E-01	3.41E-03	5.68E-07	9.82E+00	2.24E+00	-3.10E+00	-1.92E+01	-2.11E+01	high-bse
group_1651	2.70E-01	3.41E-03	5.68E-07	9.82E+00	2.24E+00	-3.10E+00	-1.92E+01	-2.11E+01	high-bse
group_1576	2.70E-01	1.79E-08	2.14E-03	-2.76E+00	9.83E-01	-3.79E-01	-2.32E+01	3.08E+01	bad-chisq
group_1546	2.70E-01	7.28E-04	9.04E-05	3.01E+00	8.91E-01	-1.94E+00	-3.16E+01	3.77E+01	
betT	2.70E-01	3.41E-03	5.68E-07	9.82E+00	2.24E+00	-3.10E+00	-1.92E+01	-2.11E+01	high-bse
group_1131	2.70E-01	1.79E-08	1.54E-01	-1.46E+00	1.11E+00	-2.92E-01	-1.97E+01	2.48E+01	bad-chisq
group_990	2.70E-01	3.41E-03	5.68E-07	9.82E+00	2.24E+00	-3.10E+00	-1.92E+01	-2.11E+01	high-bse
group_987	2.70E-01	4.99E-01	2.79E-01	1.01E+00	9.49E-01	-1.19E+00	-2.63E+01	3.77E+01	
group_986	2.70E-01	3.41E-03	5.68E-07	9.82E+00	2.24E+00	-3.10E+00	-1.92E+01	-2.11E+01	high-bse
group_852	2.70E-01	3.41E-03	5.68E-07	9.82E+00	2.24E+00	-3.10E+00	-1.92E+01	-2.11E+01	high-bse
group_791	2.70E-01	7.28E-04	2.99E-01	1.05E+00	9.91E-01	-1.13E+00	-2.46E+01	3.57E+01	
group_779	2.70E-01	3.41E-03	5.68E-07	9.82E+00	2.24E+00	-3.10E+00	-1.92E+01	-2.11E+01	high-bse
group_651	2.70E-01	1.79E-08	3.41E-02	2.19E+00	1.18E+00	-1.15E+00	-1.80E+01	2.86E+01	bad-chisq
group_591	2.70E-01	3.41E-03	5.68E-07	9.82E+00	2.24E+00	-3.10E+00	-1.92E+01	-2.11E+01	high-bse
group_564	2.70E-01	3.41E-03	5.68E-07	9.82E+00	2.24E+00	-3.10E+00	-1.92E+01	-2.11E+01	high-bse
group_552	2.70E-01	3.41E-03	5.68E-07	9.82E+00	2.24E+00	-3.10E+00	-1.92E+01	-2.11E+01	high-bse
group_514	2.70E-01	3.41E-03	5.68E-07	9.82E+00	2.24E+00	-3.10E+00	-1.92E+01	-2.11E+01	high-bse
group_370	2.70E-01	3.41E-03	5.68E-07	9.82E+00	2.24E+00	-3.10E+00	-1.92E+01	-2.11E+01	high-bse
group_279	2.70E-01	1.79E-08	2.14E-03	-2.76E+00	9.83E-01	-3.79E-01	-2.32E+01	3.08E+01	bad-chisq
group_193	2.70E-01	3.41E-03	5.68E-07	9.82E+00	2.24E+00	-3.10E+00	-1.92E+01	-2.11E+01	high-bse
group_184	2.70E-01	2.60E-01	1.75E-01	1.38E+00	1.05E+00	-1.22E+00	-2.63E+01	3.80E+01	
group_7394	2.60E-01	2.26E-02	2.51E-03	2.31E+00	8.12E-01	-1.64E+00	-2.93E+01	3.35E+01	
group_7239	2.60E-01	6.22E-03	1.94E-05	5.43E+00	1.50E+00	-2.19E+00	-2.79E+01	1.21E+01	
group_6991	2.60E-01	1.41E-03	7.69E-01	1.91E-01	6.51E-01	-9.21E-01	-2.57E+01	3.46E+01	
aac3Ia	2.60E-01	1.41E-03	7.69E-01	1.91E-01	6.51E-01	-9.21E-01	-2.57E+01	3.46E+01	
group_6873	2.60E-01	6.22E-03	2.21E-04	5.04E+00	1.57E+00	-1.95E+00	-2.46E+01	9.31E+00	
group_6866	2.60E-01	6.22E-03	1.24E-04	3.32E+00	9.83E-01	-2.10E+00	-3.17E+01	3.21E+01	
group_6751	2.60E-01	1.71E-01	1.35E-01	1.57E+00	1.10E+00	-1.23E+00	-2.62E+01	3.80E+01	
group_6627	2.60E-01	5.29E-07	3.87E-02	2.54E+00	1.26E+00	-1.32E+00	-2.03E+01	3.31E+01	
group_6618	2.60E-01	1.71E-01	1.35E-01	1.57E+00	1.10E+00	-1.23E+00	-2.62E+01	3.80E+01	
group_6512	2.60E-01	6.22E-03	2.21E-04	5.04E+00	1.57E+00	-1.95E+00	-2.46E+01	9.31E+00	
group_5657	2.60E-01	1.71E-01	1.35E-01	1.57E+00	1.10E+00	-1.23E+00	-2.62E+01	3.80E+01	
group_5577	2.60E-01	6.22E-03	1.09E-04	5.09E+00	1.55E+00	-2.00E+00	-2.55E+01	1.05E+01	
group_5058	2.60E-01	6.22E-03	2.66E-01	1.02E+00	9.15E-01	-1.18E+00	-2.59E+01	3.72E+01	
group_4399	2.60E-01	5.12E-06	1.65E-04	3.20E+00	9.61E-01	-1.42E+00	-2.45E+01	2.38E+01	
group_4056	2.60E-01	4.07E-05	2.53E-03	2.31E+00	8.22E-01	-1.34E+00	-2.51E+01	2.80E+01	
group_3745	2.60E-01	5.12E-06	1.65E-04	3.20E+00	9.61E-01	-1.42E+00	-2.45E+01	2.38E+01	
group_3238	2.60E-01	1.71E-01	1.35E-01	1.57E+00	1.10E+00	-1.23E+00	-2.62E+01	3.80E+01	
group_2983	2.60E-01	6.82E-02	3.54E-02	-1.46E+00	7.15E-01	-6.18E-01	-2.73E+01	3.91E+01	
merA	2.60E-01	1.71E-01	5.00E-03	-2.66E+00	1.12E+00	-3.43E-01	-3.66E+01	4.46E+01	
group_2922	2.60E-01	6.22E-03	2.44E-01	1.36E+00	1.25E+00	-1.30E+00	-2.93E+01	4.15E+01	
group_2750	2.60E-01	3.62E-01	7.87E-01	-2.45E-01	9.10E-01	-8.09E-01	-2.60E+01	3.46E+01	
group_2640	2.60E-01	6.48E-01	8.66E-01	1.49E-01	8.78E-01	-9.13E-01	-2.60E+01	3.53E+01	
group_2554	2.60E-01	6.48E-01	8.66E-01	1.49E-01	8.78E-01	-9.13E-01	-2.60E+01	3.53E+01	
group_2544	2.60E-01	5.29E-07	3.51E-02	2.59E+00	1.26E+00	-1.34E+00	-2.02E+01	3.32E+01	
group_2324	2.60E-01	1.71E-01	4.88E-01	5.25E-01	7.55E-01	-9.98E-01	-2.65E+01	3.45E+01	
group_982	2.60E-01	5.29E-07	3.51E-02	2.59E+00	1.26E+00	-1.34E+00	-2.02E+01	3.32E+01	
relE	2.60E-01	3.08E-09	7.04E-02	-2.41E+00	6.60E-01	-2.62E-01	-1.90E+01	2.39E+01	bad-chisq
group_7543	2.50E-01	2.68E-03	1.19E-02	-2.97E+00	1.33E+00	-3.83E-01	-3.99E+01	4.74E+01	
group_7499	2.50E-01	5.32E-04	2.01E-03	2.21E+00	7.85E-01	-1.55E+00	-2.84E+01	3.55E+01	
group_7466	2.50E-01	8.64E-05	6.75E-02	-1.61E+00	9.22E-01	-6.84E-01	-2.55E+01	3.58E+01	
cobT	2.50E-01	8.64E-05	6.75E-02	-1.61E+00	9.22E-01	-6.84E-01	-2.55E+01	3.58E+01	
cpaB	2.50E-01	1.09E-07	1.00E+00	2.43E-02	1.14E+00	-7.30E-01	-2.35E+01	3.13E+01	bad-chisq
group_7079	2.50E-01	2.48E-01	1.31E-02	-2.00E+00	8.86E-01	-4.13E-01	-3.03E+01	3.79E+01	
group_6867	2.50E-01	8.64E-05	6.75E-02	-1.61E+00	9.22E-01	-6.84E-01	-2.55E+01	3.58E+01	
group_6853	2.50E-01	8.64E-05	6.75E-02	-1.61E+00	9.22E-01	-6.84E-01	-2.55E+01	3.58E+01	
group_6842	2.50E-01	5.32E-04	2.01E-03	2.21E+00	7.85E-01	-1.55E+00	-2.84E+01	3.55E+01	
group_6833	2.50E-01	8.64E-05	6.75E-02	-1.61E+00	9.22E-01	-6.84E-01	-2.55E+01	3.58E+01	
group_6755	2.50E-01	8.64E-05	6.75E-02	-1.61E+00	9.22E-01	-6.84E-01	-2.55E+01	3.58E+01	
group_6667	2.50E-01	1.09E-07	5.59E-04	3.30E+00	7.05E-01	-1.26E+00	-1.99E+01	2.95E+01	bad-chisq
group_6647	2.50E-01	8.64E-05	6.75E-02	-1.61E+00	9.22E-01	-6.84E-01	-2.55E+01	3.58E+01	
group_6544	2.50E-01	1.09E-07	4.63E-02	2.40E+00	1.16E+00	-1.24E+00	-1.80E+01	3.01E+01	bad-chisq
group_6534	2.50E-01	1.09E-07	4.63E-02	2.40E+00	1.16E+00	-1.24E+00	-1.80E+01	3.01E+01	bad-chisq
group_6468	2.50E-01	2.68E-03	6.57E-01	3.36E-01	7.61E-01	-9.80E-01	-2.67E+01	3.59E+01	
group_6328	2.50E-01	8.64E-05	6.75E-02	-1.61E+00	9.22E-01	-6.84E-01	-2.55E+01	3.58E+01	
group_6104	2.50E-01	4.88E-01	2.06E-01	1.37E+00	1.13E+00	-1.16E+00	-2.64E+01	3.76E+01	
group_5890	2.50E-01	5.32E-04	5.11E-04	2.56E+00	8.25E-01	-1.74E+00	-3.01E+01	3.68E+01	
group_5793	2.50E-01	8.64E-05	6.75E-02	-1.61E+00	9.22E-01	-6.84E-01	-2.55E+01	3.58E+01	
group_5749	2.50E-01	1.09E-07	9.97E-02	2.06E+00	1.16E+00	-1.12E+00	-1.84E+01	2.95E+01	bad-chisq
group_5336	2.50E-01	8.64E-05	6.75E-02	-1.61E+00	9.22E-01	-6.84E-01	-2.55E+01	3.58E+01	
group_5221	2.50E-01	1.09E-07	9.72E-05	2.93E+00	1.14E+00	-1.29E+00	-2.22E+01	2.65E+01	bad-chisq
group_5198	2.50E-01	2.68E-03	5.32E-05	5.33E+00	1.59E+00	-1.96E+00	-2.44E+01	8.33E+00	
group_5184	2.50E-01	8.64E-05	6.75E-02	-1.61E+00	9.22E-01	-6.84E-01	-2.55E+01	3.58E+01	
merC	2.50E-01	1.06E-01	2.35E-02	-2.18E+00	1.10E+00	-4.23E-01	-3.37E+01	4.10E+01	
group_5179	2.50E-01	1.09E-07	4.63E-02	2.40E+00	1.16E+00	-1.24E+00	-1.80E+01	3.01E+01	bad-chisq
group_5166	2.50E-01	8.64E-05	6.75E-02	-1.61E+00	9.22E-01	-6.84E-01	-2.55E+01	3.58E+01	
group_5155	2.50E-01	8.64E-05	6.75E-02	-1.61E+00	9.22E-01	-6.84E-01	-2.55E+01	3.58E+01	
merR	2.50E-01	1.06E-01	1.39E-02	-2.43E+00	1.13E+00	-4.07E-01	-3.53E+01	4.29E+01	
group_4794	2.50E-01	1.09E-07	7.09E-02	2.20E+00	1.16E+00	-1.17E+00	-1.84E+01	2.99E+01	bad-chisq
group_4603	2.50E-01	8.64E-05	6.75E-02	-1.61E+00	9.22E-01	-6.84E-01	-2.55E+01	3.58E+01	
group_4535	2.50E-01	8.64E-05	6.75E-02	-1.61E+00	9.22E-01	-6.84E-01	-2.55E+01	3.58E+01	
group_4446	2.50E-01	5.32E-04	2.01E-03	2.21E+00	7.85E-01	-1.55E+00	-2.84E+01	3.55E+01	
group_4419	2.50E-01	8.64E-05	6.75E-02	-1.61E+00	9.22E-01	-6.84E-01	-2.55E+01	3.58E+01	
group_4339	2.50E-01	8.64E-05	6.75E-02	-1.61E+00	9.22E-01	-6.84E-01	-2.55E+01	3.58E+01	
group_4306	2.50E-01	8.64E-05	6.75E-02	-1.61E+00	9.22E-01	-6.84E-01	-2.55E+01	3.58E+01	
group_4297	2.50E-01	8.64E-05	6.75E-02	-1.61E+00	9.22E-01	-6.84E-01	-2.55E+01	3.58E+01	
group_4223	2.50E-01	2.48E-01	1.71E-01	1.46E+00	1.12E+00	-1.18E+00	-2.62E+01	3.77E+01	
group_4167	2.50E-01	8.64E-05	6.75E-02	-1.61E+00	9.22E-01	-6.84E-01	-2.55E+01	3.58E+01	
group_4015	2.50E-01	8.64E-05	6.75E-02	-1.61E+00	9.22E-01	-6.84E-01	-2.55E+01	3.58E+01	
group_3955	2.50E-01	8.64E-05	6.75E-02	-1.61E+00	9.22E-01	-6.84E-01	-2.55E+01	3.58E+01	
group_3411	2.50E-01	2.68E-03	1.19E-02	-2.97E+00	1.33E+00	-3.83E-01	-3.99E+01	4.74E+01	
group_3313	2.50E-01	5.32E-04	2.01E-03	2.21E+00	7.85E-01	-1.55E+00	-2.84E+01	3.55E+01	
group_3289	2.50E-01	8.64E-05	6.75E-02	-1.61E+00	9.22E-01	-6.84E-01	-2.55E+01	3.58E+01	
group_3227	2.50E-01	8.64E-05	6.75E-02	-1.61E+00	9.22E-01	-6.84E-01	-2.55E+01	3.58E+01	
group_3055	2.50E-01	1.09E-07	4.63E-02	2.40E+00	1.16E+00	-1.24E+00	-1.80E+01	3.01E+01	bad-chisq
group_2987	2.50E-01	1.11E-02	9.83E-01	-1.70E-02	8.20E-01	-8.77E-01	-2.60E+01	3.51E+01	
group_2986	2.50E-01	1.11E-02	9.83E-01	-1.70E-02	8.20E-01	-8.77E-01	-2.60E+01	3.51E+01	
group_2973	2.50E-01	8.64E-05	6.75E-02	-1.61E+00	9.22E-01	-6.84E-01	-2.55E+01	3.58E+01	
group_2966	2.50E-01	1.11E-02	9.83E-01	-1.70E-02	8.20E-01	-8.77E-01	-2.60E+01	3.51E+01	
group_2924	2.50E-01	1.14E-05	2.80E-02	2.32E+00	1.08E+00	-1.50E+00	-2.43E+01	3.85E+01	
group_2781	2.50E-01	3.77E-02	2.18E-03	-3.65E+00	1.43E+00	-2.21E-01	-4.19E+01	4.84E+01	
group_2501	2.50E-01	1.09E-07	4.63E-02	2.40E+00	1.16E+00	-1.24E+00	-1.80E+01	3.01E+01	bad-chisq
group_2009	2.50E-01	5.32E-04	2.01E-03	2.21E+00	7.85E-01	-1.55E+00	-2.84E+01	3.55E+01	
group_1982	2.50E-01	8.64E-05	6.75E-02	-1.61E+00	9.22E-01	-6.84E-01	-2.55E+01	3.58E+01	
group_1891	2.50E-01	4.88E-01	5.31E-03	-2.26E+00	9.00E-01	-5.66E-01	-3.46E+01	4.52E+01	
group_1844	2.50E-01	2.48E-01	9.44E-01	5.98E-02	8.55E-01	-8.98E-01	-2.60E+01	3.52E+01	
group_1830	2.50E-01	1.24E-06	8.65E-05	3.02E+00	9.15E-01	-1.58E+00	-2.66E+01	3.17E+01	
group_1781	2.50E-01	2.68E-03	9.14E-01	1.16E-01	1.07E+00	-9.10E-01	-2.62E+01	3.55E+01	
group_1503	2.50E-01	8.64E-05	6.75E-02	-1.61E+00	9.22E-01	-6.84E-01	-2.55E+01	3.58E+01	
group_1412	2.50E-01	7.76E-09	2.04E-02	-2.76E+00	6.69E-01	-1.47E-01	-1.84E+01	2.28E+01	bad-chisq
group_1369	2.50E-01	5.32E-04	2.01E-03	2.21E+00	7.85E-01	-1.55E+00	-2.84E+01	3.55E+01	
cpaA	2.50E-01	1.09E-07	1.00E+00	2.43E-02	1.14E+00	-7.30E-01	-2.35E+01	3.13E+01	bad-chisq
group_1163	2.50E-01	8.64E-05	6.75E-02	-1.61E+00	9.22E-01	-6.84E-01	-2.55E+01	3.58E+01	
bppU	2.50E-01	8.17E-01	8.17E-01	-1.66E-01	7.17E-01	-8.39E-01	-2.61E+01	3.56E+01	
group_950	2.50E-01	8.64E-05	6.75E-02	-1.61E+00	9.22E-01	-6.84E-01	-2.55E+01	3.58E+01	
group_866	2.50E-01	8.64E-05	6.75E-02	-1.61E+00	9.22E-01	-6.84E-01	-2.55E+01	3.58E+01	
group_727	2.50E-01	8.64E-05	6.75E-02	-1.61E+00	9.22E-01	-6.84E-01	-2.55E+01	3.58E+01	
hicB	2.50E-01	4.88E-01	2.06E-01	1.37E+00	1.13E+00	-1.16E+00	-2.64E+01	3.76E+01	
group_640	2.50E-01	8.64E-05	6.75E-02	-1.61E+00	9.22E-01	-6.84E-01	-2.55E+01	3.58E+01	
group_401	2.50E-01	8.64E-05	6.75E-02	-1.61E+00	9.22E-01	-6.84E-01	-2.55E+01	3.58E+01	
group_335	2.50E-01	8.64E-05	6.75E-02	-1.61E+00	9.22E-01	-6.84E-01	-2.55E+01	3.58E+01	
group_220	2.50E-01	8.64E-05	6.75E-02	-1.61E+00	9.22E-01	-6.84E-01	-2.55E+01	3.58E+01	
group_110	2.50E-01	8.64E-05	6.75E-02	-1.61E+00	9.22E-01	-6.84E-01	-2.55E+01	3.58E+01	
lysM	2.50E-01	8.64E-05	6.75E-02	-1.61E+00	9.22E-01	-6.84E-01	-2.55E+01	3.58E+01	
group_7669	2.40E-01	1.91E-08	1.16E-01	-2.19E+00	6.78E-01	-2.79E-01	-1.89E+01	2.39E+01	bad-chisq
group_7651	2.40E-01	1.91E-08	1.16E-01	-2.19E+00	6.78E-01	-2.79E-01	-1.89E+01	2.39E+01	bad-chisq
fabG~~~fabG1	2.40E-01	1.91E-08	1.16E-01	-2.19E+00	6.78E-01	-2.79E-01	-1.89E+01	2.39E+01	bad-chisq
group_7193	2.40E-01	1.91E-08	1.16E-01	-2.19E+00	6.78E-01	-2.79E-01	-1.89E+01	2.39E+01	bad-chisq
group_6989	2.40E-01	1.92E-02	3.51E-01	-7.34E-01	8.03E-01	-7.23E-01	-2.78E+01	3.64E+01	
group_6923	2.40E-01	1.92E-02	1.72E-02	2.45E+00	1.07E+00	-1.35E+00	-2.53E+01	2.37E+01	
group_6717	2.40E-01	1.91E-08	1.16E-01	-2.19E+00	6.78E-01	-2.79E-01	-1.89E+01	2.39E+01	bad-chisq
group_5998	2.40E-01	2.59E-07	7.31E-02	1.77E+00	1.16E+00	-1.08E+00	-1.99E+01	3.02E+01	bad-chisq
group_5692	2.40E-01	1.79E-04	8.06E-02	-1.57E+00	9.41E-01	-7.19E-01	-2.58E+01	3.62E+01	
group_3726	2.40E-01	1.91E-08	1.16E-01	-2.19E+00	6.78E-01	-2.79E-01	-1.89E+01	2.39E+01	bad-chisq
group_3037	2.40E-01	6.40E-01	8.24E-01	-2.04E-01	9.16E-01	-8.24E-01	-2.60E+01	3.47E+01	
group_2950	2.40E-01	6.10E-02	7.63E-01	-2.25E-01	7.48E-01	-8.41E-01	-2.60E+01	3.55E+01	
group_2933	2.40E-01	1.00E+00	5.26E-01	-4.52E-01	7.12E-01	-8.06E-01	-2.64E+01	3.59E+01	
group_2925	2.40E-01	1.92E-02	9.80E-04	2.73E+00	8.84E-01	-1.74E+00	-2.89E+01	3.02E+01	
group_2886	2.40E-01	1.79E-04	9.85E-02	-1.51E+00	9.54E-01	-7.35E-01	-2.58E+01	3.62E+01	
group_2629	2.40E-01	2.50E-05	1.92E-05	-4.12E+00	1.14E+00	-6.11E-01	-3.46E+01	4.60E+01	
group_2493	2.40E-01	1.05E-03	3.29E-01	-8.72E-01	8.91E-01	-6.93E-01	-2.53E+01	3.35E+01	
group_2163	2.40E-01	1.05E-03	3.69E-03	2.33E+00	8.37E-01	-1.40E+00	-2.65E+01	2.84E+01	
group_2158	2.40E-01	1.79E-04	9.85E-02	-1.51E+00	9.54E-01	-7.35E-01	-2.58E+01	3.62E+01	
group_1823	2.40E-01	6.40E-01	9.75E-01	-2.15E-02	6.72E-01	-8.74E-01	-2.61E+01	3.52E+01	
group_1775	2.40E-01	2.50E-05	3.35E-05	-3.29E+00	9.05E-01	-3.64E-01	-2.84E+01	4.21E+01	
group_1742	2.40E-01	1.79E-04	9.85E-02	-1.51E+00	9.54E-01	-7.35E-01	-2.58E+01	3.62E+01	
group_1683	2.40E-01	3.49E-01	4.04E-01	-5.80E-01	6.96E-01	-7.57E-01	-2.60E+01	3.57E+01	
lysR	2.40E-01	1.91E-08	1.16E-01	-2.19E+00	6.78E-01	-2.79E-01	-1.89E+01	2.39E+01	bad-chisq
group_1050	2.40E-01	3.49E-01	9.80E-01	2.38E-02	9.31E-01	-8.85E-01	-2.61E+01	3.52E+01	
group_989	2.40E-01	1.91E-08	1.16E-01	-2.19E+00	6.78E-01	-2.79E-01	-1.89E+01	2.39E+01	bad-chisq
group_983	2.40E-01	6.10E-02	5.33E-01	4.51E-01	7.29E-01	-9.93E-01	-2.59E+01	3.53E+01	
group_785	2.40E-01	2.83E-06	9.30E-02	2.03E+00	1.26E+00	-1.18E+00	-2.18E+01	3.34E+01	
group_617	2.40E-01	1.79E-04	8.06E-02	-1.57E+00	9.41E-01	-7.19E-01	-2.58E+01	3.62E+01	
group_466	2.40E-01	6.10E-02	5.80E-02	-1.93E+00	1.14E+00	-4.90E-01	-3.25E+01	3.96E+01	
group_237	2.40E-01	4.96E-03	3.19E-02	-1.52E+00	7.33E-01	-5.72E-01	-2.62E+01	3.72E+01	
group_118	2.40E-01	4.96E-03	2.50E-03	2.32E+00	8.11E-01	-1.56E+00	-2.83E+01	3.17E+01	
group_6442	2.30E-01	8.95E-03	1.87E-03	-3.69E+00	1.43E+00	-2.79E-01	-4.29E+01	5.02E+01	
group_6401	2.30E-01	4.62E-08	1.03E-02	3.31E+00	6.84E-01	-1.17E+00	-1.77E+01	2.92E+01	bad-chisq
group_6126	2.30E-01	8.95E-03	1.87E-03	-3.69E+00	1.43E+00	-2.79E-01	-4.29E+01	5.02E+01	
group_4777	2.30E-01	3.65E-04	2.59E-01	1.02E+00	9.06E-01	-1.10E+00	-2.49E+01	3.54E+01	
ftsL	2.30E-01	4.76E-01	2.71E-01	-1.05E+00	9.85E-01	-6.19E-01	-2.68E+01	3.40E+01	
gntR	2.30E-01	8.95E-03	1.87E-03	-3.69E+00	1.43E+00	-2.79E-01	-4.29E+01	5.02E+01	
group_3699	2.30E-01	4.62E-08	1.95E-01	-1.95E+00	6.75E-01	-3.48E-01	-1.95E+01	2.49E+01	bad-chisq
group_3619	2.30E-01	9.62E-02	2.42E-01	1.02E+00	8.90E-01	-1.19E+00	-2.69E+01	3.79E+01	
group_3047	2.30E-01	8.12E-01	7.29E-01	3.37E-01	9.77E-01	-9.67E-01	-2.62E+01	3.60E+01	
group_3045	2.30E-01	8.12E-01	7.29E-01	3.37E-01	9.77E-01	-9.67E-01	-2.62E+01	3.60E+01	
group_3040	2.30E-01	8.12E-01	7.29E-01	3.37E-01	9.77E-01	-9.67E-01	-2.62E+01	3.60E+01	
group_3038	2.30E-01	8.12E-01	7.29E-01	3.37E-01	9.77E-01	-9.67E-01	-2.62E+01	3.60E+01	
group_3008	2.30E-01	3.25E-02	1.35E-02	2.63E+00	1.23E+00	-1.53E+00	-2.89E+01	4.24E+01	
group_3002	2.30E-01	6.34E-06	7.57E-02	2.04E+00	1.16E+00	-1.27E+00	-2.23E+01	3.46E+01	
group_2884	2.30E-01	3.25E-02	2.77E-02	1.64E+00	7.60E-01	-1.28E+00	-2.66E+01	3.16E+01	
group_2688	2.30E-01	3.65E-04	5.05E-02	-1.74E+00	9.32E-01	-7.31E-01	-2.64E+01	3.73E+01	
group_2678	2.30E-01	3.25E-02	8.56E-01	-1.39E-01	7.68E-01	-8.54E-01	-2.60E+01	3.53E+01	
group_2633	2.30E-01	5.35E-05	2.32E-03	3.60E+00	1.40E+00	-1.62E+00	-2.72E+01	4.18E+01	
hipA	2.30E-01	4.62E-08	2.08E-01	-1.89E+00	6.63E-01	-3.95E-01	-2.01E+01	2.58E+01	bad-chisq
group_2096	2.30E-01	5.35E-05	6.67E-04	-3.17E+00	1.04E+00	-4.89E-01	-3.07E+01	3.90E+01	
group_1743	2.30E-01	3.65E-04	1.17E-01	-1.48E+00	9.75E-01	-7.67E-01	-2.60E+01	3.66E+01	
group_1591	2.30E-01	8.12E-01	6.80E-02	-1.42E+00	8.12E-01	-7.02E-01	-2.81E+01	4.20E+01	
nepI	2.30E-01	8.12E-01	6.80E-02	-1.42E+00	8.12E-01	-7.02E-01	-2.81E+01	4.20E+01	
group_790	2.30E-01	4.76E-01	7.98E-02	1.59E+00	9.86E-01	-1.26E+00	-2.88E+01	3.91E+01	
group_542	2.30E-01	6.03E-07	1.43E-04	2.91E+00	1.13E+00	-1.25E+00	-2.27E+01	2.67E+01	bad-chisq
group_191	2.30E-01	4.76E-01	2.71E-01	-1.05E+00	9.85E-01	-6.19E-01	-2.68E+01	3.40E+01	
group_162	2.30E-01	3.65E-04	8.14E-02	-1.57E+00	9.42E-01	-7.22E-01	-2.58E+01	3.63E+01	
group_7605	2.20E-01	6.29E-01	1.37E-01	-1.02E+00	6.89E-01	-6.96E-01	-2.81E+01	3.81E+01	
group_6945	2.20E-01	7.26E-04	3.87E-01	7.49E-01	8.78E-01	-1.02E+00	-2.50E+01	3.48E+01	
piuA	2.20E-01	1.38E-06	9.16E-04	-2.85E+00	1.01E+00	-2.23E-01	-2.23E+01	2.88E+01	bad-chisq
group_6826	2.20E-01	1.58E-02	3.40E-02	-2.09E+00	1.11E+00	-5.02E-01	-3.34E+01	4.10E+01	
group_6662	2.20E-01	6.29E-01	4.22E-01	-5.62E-01	7.01E-01	-7.69E-01	-2.61E+01	3.58E+01	
group_6612	2.20E-01	3.77E-03	9.97E-01	-3.81E-03	1.00E+00	-8.79E-01	-2.61E+01	3.52E+01	
group_6263	2.20E-01	7.26E-04	7.27E-02	-1.60E+00	9.33E-01	-7.07E-01	-2.57E+01	3.62E+01	
group_6198	2.20E-01	1.48E-01	6.88E-01	3.08E-01	7.67E-01	-9.34E-01	-2.62E+01	3.48E+01	
group_4385	2.20E-01	6.29E-01	8.30E-01	-2.24E-01	1.05E+00	-8.41E-01	-2.62E+01	3.50E+01	
group_3579	2.20E-01	6.29E-01	1.37E-01	-1.02E+00	6.89E-01	-6.96E-01	-2.81E+01	3.81E+01	
group_2958	2.20E-01	1.00E+00	6.93E-01	-3.41E-01	8.69E-01	-7.86E-01	-2.61E+01	3.45E+01	
group_2844	2.20E-01	1.38E-06	5.02E-01	-7.77E-01	1.11E+00	-5.25E-01	-2.14E+01	2.82E+01	bad-chisq
group_2803	2.20E-01	1.39E-05	2.26E-03	3.61E+00	1.39E+00	-1.61E+00	-2.71E+01	4.16E+01	
group_2581	2.20E-01	7.26E-04	6.75E-01	-3.38E-01	8.06E-01	-8.09E-01	-2.56E+01	3.48E+01	
group_2187	2.20E-01	1.39E-05	2.26E-03	3.61E+00	1.39E+00	-1.61E+00	-2.71E+01	4.16E+01	
group_1808	2.20E-01	1.39E-05	2.26E-03	3.61E+00	1.39E+00	-1.61E+00	-2.71E+01	4.16E+01	
group_1780	2.20E-01	1.09E-07	2.91E-01	-1.81E+00	6.79E-01	-3.65E-01	-1.95E+01	2.49E+01	bad-chisq
group_1463	2.20E-01	1.38E-06	4.93E-03	-2.75E+00	9.42E-01	-5.70E-01	-2.51E+01	3.38E+01	bad-chisq
group_1048	2.20E-01	1.09E-07	1.27E-01	-2.13E+00	6.37E-01	-3.89E-01	-2.03E+01	2.61E+01	bad-chisq
group_800	2.20E-01	1.09E-07	1.18E-01	-2.15E+00	6.37E-01	-3.88E-01	-2.03E+01	2.61E+01	bad-chisq
group_509	2.20E-01	1.12E-04	5.98E-01	6.48E-01	1.25E+00	-1.03E+00	-2.76E+01	3.76E+01	
tnp	2.20E-01	3.77E-03	1.05E-03	-2.96E+00	1.02E+00	-4.24E-01	-3.10E+01	3.88E+01	
group_18	2.20E-01	1.38E-06	5.07E-04	-3.02E+00	1.00E+00	-3.39E-01	-2.46E+01	3.23E+01	bad-chisq
group_17	2.20E-01	1.38E-06	4.93E-03	-2.75E+00	9.42E-01	-5.70E-01	-2.51E+01	3.38E+01	bad-chisq
group_7620	2.10E-01	3.00E-05	2.59E-01	1.29E+00	1.15E+00	-1.07E+00	-2.37E+01	3.43E+01	
group_7422	2.10E-01	3.00E-05	6.18E-02	2.01E+00	1.13E+00	-1.23E+00	-2.41E+01	3.59E+01	
group_7009	2.10E-01	8.57E-02	8.77E-01	1.20E-01	7.78E-01	-9.00E-01	-2.61E+01	3.50E+01	
group_6936	2.10E-01	4.61E-01	2.34E-02	-1.62E+00	7.27E-01	-6.61E-01	-2.85E+01	4.07E+01	
group_6773	2.10E-01	6.92E-03	5.05E-01	5.64E-01	8.54E-01	-1.01E+00	-2.71E+01	3.62E+01	
wbpD	2.10E-01	4.61E-01	3.86E-01	-5.91E-01	6.81E-01	-7.66E-01	-2.69E+01	3.64E+01	
group_6731	2.10E-01	8.57E-02	8.77E-01	1.20E-01	7.78E-01	-9.00E-01	-2.61E+01	3.50E+01	
group_6631	2.10E-01	4.61E-01	3.11E-01	-8.65E-01	8.54E-01	-7.57E-01	-2.78E+01	3.66E+01	
group_6434	2.10E-01	4.61E-01	2.34E-02	-1.62E+00	7.27E-01	-6.61E-01	-2.85E+01	4.07E+01	
group_6141	2.10E-01	6.92E-03	9.34E-01	-7.94E-02	9.63E-01	-8.63E-01	-2.62E+01	3.51E+01	
group_5759	2.10E-01	8.57E-02	8.77E-01	1.20E-01	7.78E-01	-9.00E-01	-2.61E+01	3.50E+01	
group_5592	2.10E-01	3.09E-06	1.36E-01	1.40E+00	1.14E+00	-1.01E+00	-2.12E+01	3.09E+01	bad-chisq
group_5073	2.10E-01	1.41E-03	4.49E-02	-1.89E+00	9.84E-01	-5.46E-01	-2.64E+01	3.37E+01	
group_4597	2.10E-01	2.53E-07	8.21E-05	-4.35E+00	6.09E-01	-5.36E-01	-2.70E+01	3.66E+01	bad-chisq
group_3740	2.10E-01	2.53E-07	8.21E-05	-4.35E+00	6.09E-01	-5.36E-01	-2.70E+01	3.66E+01	bad-chisq
group_3618	2.10E-01	3.00E-05	2.59E-01	1.29E+00	1.15E+00	-1.07E+00	-2.37E+01	3.43E+01	
group_3246	2.10E-01	8.06E-01	2.88E-01	-1.02E+00	9.92E-01	-6.39E-01	-2.69E+01	3.42E+01	
group_3133	2.10E-01	6.92E-03	5.05E-01	5.64E-01	8.54E-01	-1.01E+00	-2.71E+01	3.62E+01	
group_2969	2.10E-01	4.61E-01	9.36E-01	-5.45E-02	6.79E-01	-8.69E-01	-2.61E+01	3.52E+01	
group_2828	2.10E-01	6.92E-03	9.34E-01	-7.94E-02	9.63E-01	-8.63E-01	-2.62E+01	3.51E+01	
group_2558	2.10E-01	2.71E-02	8.24E-01	-2.40E-01	1.08E+00	-8.28E-01	-2.58E+01	3.45E+01	
group_2505	2.10E-01	6.92E-03	1.55E-04	-3.35E+00	9.58E-01	-9.04E-01	-3.63E+01	5.10E+01	
group_2457	2.10E-01	4.61E-01	7.31E-01	-2.32E-01	6.73E-01	-8.30E-01	-2.61E+01	3.56E+01	
group_2420	2.10E-01	4.61E-01	7.31E-01	-2.32E-01	6.73E-01	-8.30E-01	-2.61E+01	3.56E+01	
group_2344	2.10E-01	4.61E-01	7.31E-01	-2.32E-01	6.73E-01	-8.30E-01	-2.61E+01	3.56E+01	
group_2166	2.10E-01	4.61E-01	7.31E-01	-2.32E-01	6.73E-01	-8.30E-01	-2.61E+01	3.56E+01	
group_1943	2.10E-01	8.57E-02	8.77E-01	1.20E-01	7.78E-01	-9.00E-01	-2.61E+01	3.50E+01	
group_1851	2.10E-01	8.06E-01	4.38E-02	-1.43E+00	7.20E-01	-6.92E-01	-2.85E+01	4.01E+01	
group_1505	2.10E-01	1.41E-03	5.22E-04	2.77E+00	8.57E-01	-1.53E+00	-2.76E+01	2.97E+01	
group_1498	2.10E-01	2.20E-01	2.25E-01	-8.96E-01	7.39E-01	-6.96E-01	-2.62E+01	3.52E+01	
group_975	2.10E-01	8.57E-02	4.79E-01	-5.24E-01	7.39E-01	-7.52E-01	-2.57E+01	3.46E+01	
group_880	2.10E-01	6.92E-03	5.05E-01	5.64E-01	8.54E-01	-1.01E+00	-2.71E+01	3.62E+01	
group_869	2.10E-01	4.61E-01	3.86E-01	-5.91E-01	6.81E-01	-7.66E-01	-2.69E+01	3.64E+01	
group_796	2.10E-01	6.92E-03	2.73E-01	-9.39E-01	8.72E-01	-7.89E-01	-2.60E+01	3.65E+01	
group_745	2.10E-01	6.92E-03	7.59E-03	2.07E+00	8.01E-01	-1.34E+00	-2.67E+01	3.04E+01	
group_502	2.10E-01	3.09E-06	2.71E-03	-2.78E+00	9.65E-01	-4.50E-01	-2.42E+01	3.21E+01	bad-chisq
group_7556	2.00E-01	5.73E-07	5.87E-01	-1.38E+00	6.74E-01	-4.81E-01	-2.07E+01	2.69E+01	bad-chisq
group_7522	2.00E-01	5.73E-07	5.03E-01	-1.43E+00	6.72E-01	-4.75E-01	-2.07E+01	2.69E+01	bad-chisq
group_7511	2.00E-01	6.80E-06	1.00E+00	1.29E-01	9.38E-01	-7.58E-01	-2.37E+01	3.17E+01	bad-chisq
group_7442	2.00E-01	6.17E-01	8.07E-02	-1.25E+00	7.19E-01	-7.01E-01	-2.75E+01	3.85E+01	
group_7219	2.00E-01	6.80E-06	1.00E+00	1.29E-01	9.38E-01	-7.58E-01	-2.37E+01	3.17E+01	bad-chisq
dmpM	2.00E-01	6.80E-06	1.00E+00	1.29E-01	9.38E-01	-7.58E-01	-2.37E+01	3.17E+01	bad-chisq
group_7184	2.00E-01	6.80E-06	1.00E+00	1.29E-01	9.38E-01	-7.58E-01	-2.37E+01	3.17E+01	bad-chisq
group_7146	2.00E-01	1.24E-02	1.12E-02	-1.89E+00	7.84E-01	-5.66E-01	-2.65E+01	3.84E+01	
group_7014	2.00E-01	5.73E-07	1.35E-01	-2.09E+00	6.33E-01	-4.07E-01	-2.05E+01	2.64E+01	bad-chisq
group_6835	2.00E-01	6.80E-06	1.44E-01	1.37E+00	1.14E+00	-1.00E+00	-2.14E+01	3.11E+01	bad-chisq
group_6770	2.00E-01	5.73E-07	5.87E-01	-1.38E+00	6.74E-01	-4.81E-01	-2.07E+01	2.69E+01	bad-chisq
group_6724	2.00E-01	6.17E-01	8.07E-02	-1.25E+00	7.19E-01	-7.01E-01	-2.75E+01	3.85E+01	
group_6713	2.00E-01	6.17E-01	8.07E-02	-1.25E+00	7.19E-01	-7.01E-01	-2.75E+01	3.85E+01	
group_6643	2.00E-01	6.33E-05	2.21E-04	2.99E+00	9.32E-01	-1.47E+00	-2.74E+01	3.16E+01	
group_5922	2.00E-01	6.17E-01	8.07E-02	-1.25E+00	7.19E-01	-7.01E-01	-2.75E+01	3.85E+01	
group_5902	2.00E-01	1.00E+00	2.89E-01	-1.02E+00	9.93E-01	-6.40E-01	-2.69E+01	3.43E+01	
group_5677	2.00E-01	6.17E-01	8.07E-02	-1.25E+00	7.19E-01	-7.01E-01	-2.75E+01	3.85E+01	
group_5490	2.00E-01	6.17E-01	8.07E-02	-1.25E+00	7.19E-01	-7.01E-01	-2.75E+01	3.85E+01	
group_4362	2.00E-01	6.80E-06	1.44E-01	1.37E+00	1.14E+00	-1.00E+00	-2.14E+01	3.11E+01	bad-chisq
group_3641	2.00E-01	6.17E-01	8.07E-02	-1.25E+00	7.19E-01	-7.01E-01	-2.75E+01	3.85E+01	
group_3570	2.00E-01	1.00E+00	6.00E-01	-5.27E-01	1.01E+00	-7.68E-01	-2.63E+01	3.46E+01	
group_3370	2.00E-01	5.73E-07	5.03E-01	-1.43E+00	6.72E-01	-4.75E-01	-2.07E+01	2.69E+01	bad-chisq
group_3331	2.00E-01	4.65E-04	8.05E-01	2.38E-01	9.61E-01	-9.21E-01	-2.56E+01	3.50E+01	
group_3213	2.00E-01	1.00E+00	2.89E-01	-1.02E+00	9.93E-01	-6.40E-01	-2.69E+01	3.43E+01	
group_3170	2.00E-01	2.70E-03	1.64E-01	-1.40E+00	1.03E+00	-8.34E-01	-2.66E+01	3.75E+01	
finQ	2.00E-01	6.17E-01	8.07E-02	-1.25E+00	7.19E-01	-7.01E-01	-2.75E+01	3.85E+01	
group_3069	2.00E-01	1.00E+00	2.89E-01	-1.02E+00	9.93E-01	-6.40E-01	-2.69E+01	3.43E+01	
group_3025	2.00E-01	4.65E-04	7.19E-01	3.60E-01	1.00E+00	-9.33E-01	-2.53E+01	3.48E+01	
group_3019	2.00E-01	4.65E-04	7.14E-01	3.69E-01	1.01E+00	-9.33E-01	-2.53E+01	3.48E+01	
group_2814	2.00E-01	4.65E-04	7.52E-02	1.63E+00	9.92E-01	-1.20E+00	-2.56E+01	3.64E+01	
group_2809	2.00E-01	6.33E-05	8.21E-01	2.46E-01	1.09E+00	-9.17E-01	-2.55E+01	3.49E+01	
group_2772	2.00E-01	6.33E-05	8.21E-01	2.46E-01	1.09E+00	-9.17E-01	-2.55E+01	3.49E+01	
group_2693	2.00E-01	5.73E-07	1.19E-05	-4.99E+00	6.01E-01	-7.02E-01	-2.96E+01	4.18E+01	bad-chisq
group_2638	2.00E-01	6.80E-06	6.76E-02	1.87E+00	1.04E+00	-1.10E+00	-2.14E+01	3.21E+01	bad-chisq
group_2422	2.00E-01	1.34E-01	6.98E-02	1.35E+00	7.56E-01	-1.18E+00	-2.68E+01	3.28E+01	
group_2386	2.00E-01	5.73E-07	1.19E-05	-4.99E+00	6.01E-01	-7.02E-01	-2.96E+01	4.18E+01	bad-chisq
group_2274	2.00E-01	5.73E-07	1.19E-05	-4.99E+00	6.01E-01	-7.02E-01	-2.96E+01	4.18E+01	bad-chisq
group_2201	2.00E-01	1.00E+00	1.62E-01	-1.00E+00	7.19E-01	-7.52E-01	-2.73E+01	3.81E+01	
group_2195	2.00E-01	5.73E-07	5.87E-01	-1.38E+00	6.74E-01	-4.81E-01	-2.07E+01	2.69E+01	bad-chisq
group_2019	2.00E-01	5.73E-07	1.19E-05	-4.99E+00	6.01E-01	-7.02E-01	-2.96E+01	4.18E+01	bad-chisq
group_1820	2.00E-01	5.73E-07	5.87E-01	-1.38E+00	6.74E-01	-4.81E-01	-2.07E+01	2.69E+01	bad-chisq
group_1779	2.00E-01	1.24E-02	5.69E-01	-6.44E-01	1.12E+00	-7.96E-01	-2.60E+01	3.45E+01	
group_1631	2.00E-01	6.17E-01	8.07E-02	-1.25E+00	7.19E-01	-7.01E-01	-2.75E+01	3.85E+01	
dmpN	2.00E-01	6.80E-06	1.00E+00	1.29E-01	9.38E-01	-7.58E-01	-2.37E+01	3.17E+01	bad-chisq
group_1497	2.00E-01	3.17E-01	2.47E-01	-8.66E-01	7.48E-01	-7.18E-01	-2.63E+01	3.54E+01	
dmpP	2.00E-01	6.80E-06	1.00E+00	1.29E-01	9.38E-01	-7.58E-01	-2.37E+01	3.17E+01	bad-chisq
mhpL	2.00E-01	6.80E-06	1.00E+00	1.29E-01	9.38E-01	-7.58E-01	-2.37E+01	3.17E+01	bad-chisq
group_1147	2.00E-01	1.24E-02	1.12E-02	-1.89E+00	7.84E-01	-5.66E-01	-2.65E+01	3.84E+01	
group_1098	2.00E-01	6.80E-06	1.00E+00	1.29E-01	9.38E-01	-7.58E-01	-2.37E+01	3.17E+01	bad-chisq
group_878	2.00E-01	5.73E-07	5.87E-01	-1.38E+00	6.74E-01	-4.81E-01	-2.07E+01	2.69E+01	bad-chisq
group_877	2.00E-01	5.73E-07	5.87E-01	-1.38E+00	6.74E-01	-4.81E-01	-2.07E+01	2.69E+01	bad-chisq
czcO	2.00E-01	1.00E+00	6.00E-01	-5.27E-01	1.01E+00	-7.68E-01	-2.63E+01	3.46E+01	
group_860	2.00E-01	5.73E-07	1.55E-01	-2.00E+00	6.61E-01	-3.69E-01	-2.02E+01	2.56E+01	bad-chisq
group_834	2.00E-01	1.24E-02	1.05E-02	-1.92E+00	7.89E-01	-5.95E-01	-2.71E+01	3.92E+01	
group_7034	1.90E-01	7.44E-02	5.20E-01	5.10E-01	8.05E-01	-9.60E-01	-2.57E+01	3.48E+01	
group_6872	1.90E-01	4.44E-01	4.99E-01	-4.70E-01	6.94E-01	-7.74E-01	-2.63E+01	3.54E+01	
group_6759	1.90E-01	7.99E-01	6.01E-01	-5.25E-01	1.01E+00	-7.69E-01	-2.63E+01	3.46E+01	
group_6438	1.90E-01	5.05E-03	1.43E-01	-1.44E+00	1.01E+00	-8.13E-01	-2.65E+01	3.73E+01	
group_6374	1.90E-01	1.32E-04	7.12E-01	3.73E-01	1.01E+00	-9.33E-01	-2.53E+01	3.47E+01	
group_6305	1.90E-01	1.47E-05	4.46E-01	9.65E-01	1.14E+00	-9.31E-01	-2.18E+01	3.13E+01	bad-chisq
group_6288	1.90E-01	1.47E-05	4.46E-01	9.65E-01	1.14E+00	-9.31E-01	-2.18E+01	3.13E+01	bad-chisq
group_6227	1.90E-01	1.47E-05	4.46E-01	9.65E-01	1.14E+00	-9.31E-01	-2.18E+01	3.13E+01	bad-chisq
group_6147	1.90E-01	1.47E-05	4.46E-01	9.65E-01	1.14E+00	-9.31E-01	-2.18E+01	3.13E+01	bad-chisq
group_5962	1.90E-01	2.18E-02	4.69E-01	7.04E-01	9.79E-01	-1.02E+00	-2.56E+01	3.56E+01	
group_5932	1.90E-01	1.32E-04	7.12E-01	3.73E-01	1.01E+00	-9.33E-01	-2.53E+01	3.47E+01	
group_5454	1.90E-01	7.44E-02	4.16E-01	-6.08E-01	7.51E-01	-7.81E-01	-2.60E+01	3.57E+01	
group_5235	1.90E-01	1.28E-06	3.38E-02	2.71E+00	6.79E-01	-1.07E+00	-1.98E+01	3.05E+01	bad-chisq
group_5075	1.90E-01	9.20E-04	2.05E-03	2.65E+00	9.29E-01	-1.24E+00	-2.49E+01	2.59E+01	
group_4843	1.90E-01	7.44E-02	5.06E-01	-4.91E-01	7.35E-01	-8.34E-01	-2.69E+01	3.73E+01	
group_4824	1.90E-01	1.47E-05	4.46E-01	9.65E-01	1.14E+00	-9.31E-01	-2.18E+01	3.13E+01	bad-chisq
group_4491	1.90E-01	1.28E-06	3.38E-02	2.71E+00	6.79E-01	-1.07E+00	-1.98E+01	3.05E+01	bad-chisq
group_4070	1.90E-01	1.32E-04	7.12E-01	3.73E-01	1.01E+00	-9.33E-01	-2.53E+01	3.47E+01	
group_3784	1.90E-01	9.20E-04	2.05E-03	2.65E+00	9.29E-01	-1.24E+00	-2.49E+01	2.59E+01	
group_3739	1.90E-01	1.28E-06	3.38E-02	2.71E+00	6.79E-01	-1.07E+00	-1.98E+01	3.05E+01	bad-chisq
group_3478	1.90E-01	7.44E-02	5.06E-01	-4.91E-01	7.35E-01	-8.34E-01	-2.69E+01	3.73E+01	
group_3044	1.90E-01	1.28E-06	3.38E-02	2.71E+00	6.79E-01	-1.07E+00	-1.98E+01	3.05E+01	bad-chisq
group_3033	1.90E-01	2.02E-01	7.87E-01	2.25E-01	8.37E-01	-9.21E-01	-2.62E+01	3.53E+01	
group_2963	1.90E-01	1.47E-05	4.46E-01	9.65E-01	1.14E+00	-9.31E-01	-2.18E+01	3.13E+01	bad-chisq
group_2955	1.90E-01	9.20E-04	3.17E-01	-1.00E+00	1.01E+00	-6.91E-01	-2.51E+01	3.32E+01	
group_2708	1.90E-01	1.47E-05	1.00E+00	2.03E-01	1.03E+00	-7.75E-01	-2.39E+01	3.21E+01	bad-chisq
group_2684	1.90E-01	1.28E-06	4.85E-04	-4.05E+00	5.93E-01	-5.72E-01	-2.57E+01	3.52E+01	bad-chisq
group_2622	1.90E-01	1.28E-06	3.38E-02	2.71E+00	6.79E-01	-1.07E+00	-1.98E+01	3.05E+01	bad-chisq
group_2587	1.90E-01	9.20E-04	1.13E-01	-1.60E+00	1.03E+00	-6.81E-01	-2.57E+01	3.43E+01	
group_2400	1.90E-01	7.44E-02	7.09E-01	2.75E-01	7.40E-01	-9.22E-01	-2.59E+01	3.42E+01	
group_1888	1.90E-01	1.47E-05	1.00E+00	2.87E-01	1.11E+00	-7.94E-01	-2.41E+01	3.25E+01	bad-chisq
group_1831	1.90E-01	4.44E-01	9.35E-01	6.30E-02	7.78E-01	-8.91E-01	-2.61E+01	3.51E+01	
group_1207	1.90E-01	1.47E-05	1.00E+00	2.03E-01	1.03E+00	-7.75E-01	-2.39E+01	3.21E+01	bad-chisq
group_1063	1.90E-01	7.44E-02	5.20E-01	5.10E-01	8.05E-01	-9.60E-01	-2.57E+01	3.48E+01	
group_1056	1.90E-01	1.28E-06	3.38E-02	2.71E+00	6.79E-01	-1.07E+00	-1.98E+01	3.05E+01	bad-chisq
group_1043	1.90E-01	1.32E-04	2.19E-01	1.26E+00	1.08E+00	-1.05E+00	-2.44E+01	3.46E+01	
group_1037	1.90E-01	1.28E-06	3.38E-02	2.71E+00	6.79E-01	-1.07E+00	-1.98E+01	3.05E+01	bad-chisq
group_864	1.90E-01	7.99E-01	5.87E-01	-5.42E-01	1.01E+00	-7.63E-01	-2.63E+01	3.45E+01	
group_831	1.90E-01	1.47E-05	5.42E-04	-2.99E+00	1.00E+00	-3.27E-01	-2.41E+01	3.18E+01	bad-chisq
group_453	1.90E-01	1.32E-04	6.71E-05	3.65E+00	1.06E+00	-1.37E+00	-2.50E+01	2.33E+01	
group_93	1.90E-01	2.02E-01	5.92E-02	-1.43E+00	7.68E-01	-6.51E-01	-2.72E+01	3.68E+01	
group_6889	1.80E-01	3.12E-05	2.25E-01	1.13E+00	1.12E+00	-9.57E-01	-2.20E+01	3.14E+01	bad-chisq
group_6819	1.80E-01	1.79E-03	1.56E-03	2.73E+00	9.30E-01	-1.26E+00	-2.54E+01	2.62E+01	
group_6421	1.80E-01	3.12E-05	2.25E-01	1.13E+00	1.12E+00	-9.57E-01	-2.20E+01	3.14E+01	bad-chisq
group_6378	1.80E-01	1.79E-03	1.56E-03	2.73E+00	9.30E-01	-1.26E+00	-2.54E+01	2.62E+01	
group_6211	1.80E-01	3.12E-05	2.25E-01	1.13E+00	1.12E+00	-9.57E-01	-2.20E+01	3.14E+01	bad-chisq
group_5954	1.80E-01	1.79E-03	1.56E-03	2.73E+00	9.30E-01	-1.26E+00	-2.54E+01	2.62E+01	
group_5947	1.80E-01	2.80E-06	3.96E-02	2.62E+00	6.77E-01	-1.06E+00	-2.01E+01	3.08E+01	bad-chisq
group_5845	1.80E-01	1.79E-03	1.56E-03	2.73E+00	9.30E-01	-1.26E+00	-2.54E+01	2.62E+01	
group_5552	1.80E-01	1.79E-03	1.56E-03	2.73E+00	9.30E-01	-1.26E+00	-2.54E+01	2.62E+01	
group_5535	1.80E-01	2.80E-06	3.96E-02	2.62E+00	6.77E-01	-1.06E+00	-2.01E+01	3.08E+01	bad-chisq
group_5491	1.80E-01	1.79E-03	1.56E-03	2.73E+00	9.30E-01	-1.26E+00	-2.54E+01	2.62E+01	
group_4919	1.80E-01	2.80E-06	3.96E-02	2.62E+00	6.77E-01	-1.06E+00	-2.01E+01	3.08E+01	bad-chisq
group_4817	1.80E-01	1.79E-03	6.17E-02	1.98E+00	1.16E+00	-1.20E+00	-2.59E+01	3.70E+01	
group_4806	1.80E-01	2.80E-06	4.87E-02	2.54E+00	6.77E-01	-1.04E+00	-2.02E+01	3.07E+01	bad-chisq
armA	1.80E-01	1.79E-03	1.56E-03	2.73E+00	9.30E-01	-1.26E+00	-2.54E+01	2.62E+01	
group_3628	1.80E-01	9.24E-03	6.51E-01	4.13E-01	9.18E-01	-9.50E-01	-2.66E+01	3.57E+01	
group_3522	1.80E-01	2.80E-06	1.76E-01	-1.96E+00	6.06E-01	-4.99E-01	-2.16E+01	2.82E+01	bad-chisq
group_3383	1.80E-01	3.73E-02	2.60E-01	8.77E-01	7.84E-01	-9.97E-01	-2.54E+01	3.19E+01	
group_3290	1.80E-01	3.12E-05	1.00E+00	-1.84E-01	1.07E+00	-6.92E-01	-2.31E+01	3.08E+01	bad-chisq
group_3196	1.80E-01	9.24E-03	6.51E-01	4.13E-01	9.18E-01	-9.50E-01	-2.66E+01	3.57E+01	
group_3152	1.80E-01	1.79E-03	1.56E-03	2.73E+00	9.30E-01	-1.26E+00	-2.54E+01	2.62E+01	
group_3144	1.80E-01	9.24E-03	6.51E-01	4.13E-01	9.18E-01	-9.50E-01	-2.66E+01	3.57E+01	
group_3042	1.80E-01	1.79E-03	7.27E-01	3.19E-01	9.20E-01	-9.25E-01	-2.56E+01	3.49E+01	
group_2998	1.80E-01	2.68E-04	4.99E-01	-8.18E-01	1.22E+00	-7.72E-01	-2.54E+01	3.39E+01	
group_2993	1.80E-01	2.98E-01	7.41E-02	-1.39E+00	7.92E-01	-7.58E-01	-2.75E+01	3.95E+01	
group_2991	1.80E-01	9.24E-03	6.51E-01	4.13E-01	9.18E-01	-9.50E-01	-2.66E+01	3.57E+01	
group_2856	1.80E-01	6.03E-01	2.92E-04	-3.33E+00	1.11E+00	-3.95E-01	-3.79E+01	4.73E+01	
group_2820	1.80E-01	3.73E-02	1.32E-01	-1.22E+00	8.44E-01	-7.05E-01	-2.56E+01	3.69E+01	
group_2817	1.80E-01	3.73E-02	1.32E-01	-1.22E+00	8.44E-01	-7.05E-01	-2.56E+01	3.69E+01	
group_2748	1.80E-01	3.73E-02	7.28E-02	-1.35E+00	7.72E-01	-6.61E-01	-2.62E+01	3.64E+01	
group_2607	1.80E-01	3.73E-02	7.28E-02	-1.35E+00	7.72E-01	-6.61E-01	-2.62E+01	3.64E+01	
group_2604	1.80E-01	9.24E-03	1.52E-01	-1.45E+00	1.01E+00	-7.20E-01	-2.65E+01	3.51E+01	
group_2512	1.80E-01	3.12E-05	1.00E+00	-2.62E-01	9.90E-01	-6.80E-01	-2.30E+01	3.05E+01	bad-chisq
group_2458	1.80E-01	3.73E-02	1.09E-02	1.95E+00	7.92E-01	-1.32E+00	-2.76E+01	3.24E+01	
group_1785	1.80E-01	3.73E-02	2.60E-01	-8.46E-01	7.57E-01	-7.18E-01	-2.57E+01	3.52E+01	
group_1488	1.80E-01	1.79E-03	1.56E-03	2.73E+00	9.30E-01	-1.26E+00	-2.54E+01	2.62E+01	
group_753	1.80E-01	1.18E-01	1.72E-01	1.18E+00	8.92E-01	-1.09E+00	-2.76E+01	3.62E+01	
group_656	1.80E-01	1.18E-01	1.08E-01	1.46E+00	9.64E-01	-1.20E+00	-2.69E+01	3.76E+01	
group_655	1.80E-01	2.98E-01	3.15E-01	9.23E-01	9.41E-01	-1.09E+00	-2.64E+01	3.68E+01	
repB	1.80E-01	1.79E-03	1.56E-03	2.73E+00	9.30E-01	-1.26E+00	-2.54E+01	2.62E+01	
group_334	1.80E-01	3.73E-02	7.54E-02	1.39E+00	8.27E-01	-1.15E+00	-2.66E+01	3.53E+01	
group_325	1.80E-01	2.98E-01	4.10E-01	5.92E-01	7.25E-01	-1.00E+00	-2.62E+01	3.48E+01	
group_235	1.80E-01	9.24E-03	2.42E-01	1.19E+00	1.06E+00	-1.12E+00	-2.81E+01	3.81E+01	
group_7160	1.70E-01	1.83E-01	1.91E-01	9.87E-01	7.73E-01	-1.07E+00	-2.66E+01	3.49E+01	
group_7105	1.70E-01	6.52E-05	3.00E-01	1.05E+00	1.12E+00	-9.55E-01	-2.21E+01	3.17E+01	bad-chisq
group_6636	1.70E-01	4.24E-01	6.60E-01	-4.91E-01	1.11E+00	-8.23E-01	-2.65E+01	3.52E+01	
group_6420	1.70E-01	6.52E-05	7.18E-02	2.50E+00	6.56E-01	-1.00E+00	-2.08E+01	3.09E+01	bad-chisq
group_6385	1.70E-01	6.52E-05	7.18E-02	2.50E+00	6.56E-01	-1.00E+00	-2.08E+01	3.09E+01	bad-chisq
group_5213	1.70E-01	1.83E-01	4.03E-01	6.37E-01	7.58E-01	-9.75E-01	-2.60E+01	3.36E+01	
group_4940	1.70E-01	5.39E-04	4.11E-04	-3.11E+00	9.97E-01	-5.34E-01	-2.76E+01	3.89E+01	
group_4921	1.70E-01	6.24E-02	2.91E-02	-1.65E+00	7.83E-01	-6.56E-01	-2.70E+01	3.83E+01	
group_4494	1.70E-01	6.24E-02	2.91E-02	-1.65E+00	7.83E-01	-6.56E-01	-2.70E+01	3.83E+01	
group_4122	1.70E-01	6.52E-05	7.18E-02	2.50E+00	6.56E-01	-1.00E+00	-2.08E+01	3.09E+01	bad-chisq
group_3907	1.70E-01	6.02E-06	2.68E-01	-1.69E+00	6.47E-01	-4.69E-01	-2.09E+01	2.72E+01	bad-chisq
group_3566	1.70E-01	1.83E-01	9.24E-01	7.44E-02	7.80E-01	-8.91E-01	-2.60E+01	3.51E+01	
group_3409	1.70E-01	1.66E-02	7.77E-01	2.35E-01	8.34E-01	-9.12E-01	-2.58E+01	3.49E+01	
group_3024	1.70E-01	7.90E-01	9.65E-03	-2.23E+00	9.37E-01	-4.93E-01	-3.09E+01	3.90E+01	
group_3014	1.70E-01	1.66E-02	1.07E-01	-1.56E+00	9.79E-01	-7.19E-01	-2.68E+01	3.57E+01	
group_3001	1.70E-01	5.39E-04	5.05E-01	-8.09E-01	1.22E+00	-7.76E-01	-2.54E+01	3.40E+01	
group_2989	1.70E-01	1.66E-02	1.07E-01	-1.56E+00	9.79E-01	-7.19E-01	-2.68E+01	3.57E+01	
group_2880	1.70E-01	6.24E-02	5.34E-04	-2.99E+00	9.39E-01	-6.57E-01	-3.32E+01	4.45E+01	
group_2697	1.70E-01	5.39E-04	5.96E-01	-6.79E-01	1.28E+00	-7.68E-01	-2.52E+01	3.36E+01	
group_2542	1.70E-01	1.83E-01	3.98E-01	6.40E-01	7.60E-01	-9.81E-01	-2.60E+01	3.36E+01	
group_2530	1.70E-01	6.52E-05	7.06E-01	-6.03E-01	9.81E-01	-6.33E-01	-2.27E+01	3.00E+01	bad-chisq
group_2353	1.70E-01	6.24E-02	2.62E-01	-8.43E-01	7.57E-01	-7.21E-01	-2.57E+01	3.52E+01	
group_2182	1.70E-01	6.24E-02	2.62E-01	-8.43E-01	7.57E-01	-7.21E-01	-2.57E+01	3.52E+01	
group_1886	1.70E-01	1.83E-01	6.62E-01	4.22E-01	9.67E-01	-9.70E-01	-2.61E+01	3.58E+01	
group_1788	1.70E-01	6.24E-02	2.62E-01	-8.43E-01	7.57E-01	-7.21E-01	-2.57E+01	3.52E+01	
group_1787	1.70E-01	6.24E-02	2.62E-01	-8.43E-01	7.57E-01	-7.21E-01	-2.57E+01	3.52E+01	
group_1786	1.70E-01	6.24E-02	2.62E-01	-8.43E-01	7.57E-01	-7.21E-01	-2.57E+01	3.52E+01	
group_1722	1.70E-01	6.24E-02	2.62E-01	-8.43E-01	7.57E-01	-7.21E-01	-2.57E+01	3.52E+01	
group_1657	1.70E-01	6.02E-06	5.45E-01	-1.36E+00	6.69E-01	-4.94E-01	-2.09E+01	2.72E+01	bad-chisq
group_1109	1.70E-01	6.52E-05	3.00E-01	1.05E+00	1.12E+00	-9.55E-01	-2.21E+01	3.17E+01	bad-chisq
group_810	1.70E-01	6.24E-02	2.62E-01	-8.43E-01	7.57E-01	-7.21E-01	-2.57E+01	3.52E+01	
group_809	1.70E-01	6.24E-02	2.62E-01	-8.43E-01	7.57E-01	-7.21E-01	-2.57E+01	3.52E+01	
group_807	1.70E-01	6.24E-02	2.62E-01	-8.43E-01	7.57E-01	-7.21E-01	-2.57E+01	3.52E+01	
group_618	1.70E-01	6.24E-02	2.62E-01	-8.43E-01	7.57E-01	-7.21E-01	-2.57E+01	3.52E+01	
group_7600	1.60E-01	1.02E-01	9.04E-01	9.46E-02	7.87E-01	-8.93E-01	-2.60E+01	3.51E+01	
group_7579	1.60E-01	1.27E-05	2.00E-01	-1.91E+00	5.94E-01	-5.30E-01	-2.20E+01	2.88E+01	bad-chisq
group_7082	1.60E-01	6.38E-03	9.37E-01	6.91E-02	8.69E-01	-8.88E-01	-2.60E+01	3.50E+01	
group_6660	1.60E-01	2.91E-02	4.46E-02	-2.06E+00	1.05E+00	-6.66E-01	-2.77E+01	3.59E+01	
group_6231	1.60E-01	1.27E-05	4.29E-05	-4.98E+00	5.89E-01	-8.67E-01	-3.05E+01	4.36E+01	bad-chisq
group_6210	1.60E-01	1.06E-03	3.15E-01	1.07E+00	1.12E+00	-1.00E+00	-2.49E+01	3.47E+01	
group_6170	1.60E-01	1.27E-05	3.86E-02	2.60E+00	6.73E-01	-1.09E+00	-2.08E+01	3.18E+01	bad-chisq
group_6105	1.60E-01	1.06E-03	3.15E-01	1.07E+00	1.12E+00	-1.00E+00	-2.49E+01	3.47E+01	
group_5984	1.60E-01	1.34E-04	1.35E-03	-2.91E+00	9.71E-01	-4.71E-01	-2.51E+01	3.37E+01	bad-chisq
group_5809	1.60E-01	1.27E-05	7.60E-02	2.29E+00	6.73E-01	-1.01E+00	-2.09E+01	3.11E+01	bad-chisq
group_5296	1.60E-01	1.34E-04	1.30E-03	-2.96E+00	9.71E-01	-5.16E-01	-2.58E+01	3.47E+01	bad-chisq
group_4492	1.60E-01	1.34E-04	1.30E-03	-2.96E+00	9.71E-01	-5.16E-01	-2.58E+01	3.47E+01	bad-chisq
tetRA	1.60E-01	1.02E-01	3.85E-01	9.04E-01	1.06E+00	-1.09E+00	-2.63E+01	3.70E+01	
group_2929	1.60E-01	1.02E-01	9.00E-01	-1.41E-01	1.12E+00	-8.57E-01	-2.60E+01	3.49E+01	
group_2893	1.60E-01	1.00E+00	2.82E-01	-1.10E+00	1.03E+00	-7.22E-01	-2.72E+01	3.52E+01	
group_2883	1.60E-01	1.02E-01	1.57E-01	-1.15E+00	8.27E-01	-7.52E-01	-2.64E+01	3.66E+01	
group_2868	1.60E-01	1.34E-04	2.08E-03	-2.82E+00	9.67E-01	-4.52E-01	-2.43E+01	3.25E+01	bad-chisq
group_2850	1.60E-01	1.27E-05	1.83E-01	-1.93E+00	6.05E-01	-4.98E-01	-2.16E+01	2.81E+01	bad-chisq
group_2822	1.60E-01	1.27E-05	6.98E-01	-1.19E+00	6.28E-01	-5.95E-01	-2.20E+01	2.93E+01	bad-chisq
group_2785	1.60E-01	1.27E-05	1.89E-02	-3.58E+00	5.06E-01	-5.08E-01	-2.38E+01	3.03E+01	bad-chisq
group_2784	1.60E-01	1.27E-05	1.89E-02	-3.58E+00	5.06E-01	-5.08E-01	-2.38E+01	3.03E+01	bad-chisq
tetA	1.60E-01	1.02E-01	3.85E-01	9.04E-01	1.06E+00	-1.09E+00	-2.63E+01	3.70E+01	
group_2702	1.60E-01	1.27E-05	1.89E-02	-3.58E+00	5.06E-01	-5.08E-01	-2.38E+01	3.03E+01	bad-chisq
ydiV	1.60E-01	2.91E-02	9.63E-01	-3.54E-02	7.54E-01	-8.75E-01	-2.61E+01	3.52E+01	
group_2685	1.60E-01	1.27E-05	2.75E-01	-1.78E+00	5.83E-01	-5.53E-01	-2.21E+01	2.90E+01	bad-chisq
group_2645	1.60E-01	1.27E-05	4.75E-02	-2.56E+00	5.84E-01	-5.42E-01	-2.25E+01	3.03E+01	bad-chisq
group_2541	1.60E-01	1.34E-04	1.49E-03	-2.87E+00	9.74E-01	-4.49E-01	-2.44E+01	3.29E+01	bad-chisq
group_2444	1.60E-01	2.75E-01	4.57E-01	5.89E-01	8.05E-01	-9.78E-01	-2.62E+01	3.51E+01	
group_2436	1.60E-01	1.27E-05	2.00E-01	-1.91E+00	5.94E-01	-5.30E-01	-2.20E+01	2.88E+01	bad-chisq
group_2298	1.60E-01	2.75E-01	4.57E-01	5.89E-01	8.05E-01	-9.78E-01	-2.62E+01	3.51E+01	
group_2281	1.60E-01	1.27E-05	2.00E-01	-1.91E+00	5.94E-01	-5.30E-01	-2.20E+01	2.88E+01	bad-chisq
group_2152	1.60E-01	6.38E-03	6.85E-01	-3.91E-01	9.64E-01	-8.35E-01	-2.58E+01	3.50E+01	
group_2088	1.60E-01	2.75E-01	4.57E-01	5.89E-01	8.05E-01	-9.78E-01	-2.62E+01	3.51E+01	
degT	1.60E-01	2.75E-01	4.57E-01	5.89E-01	8.05E-01	-9.78E-01	-2.62E+01	3.51E+01	
group_2025	1.60E-01	1.27E-05	2.00E-01	-1.91E+00	5.94E-01	-5.30E-01	-2.20E+01	2.88E+01	bad-chisq
group_1989	1.60E-01	2.75E-01	6.30E-01	-3.83E-01	7.98E-01	-8.26E-01	-2.59E+01	3.55E+01	
group_1937	1.60E-01	1.27E-05	2.00E-01	-1.91E+00	5.94E-01	-5.30E-01	-2.20E+01	2.88E+01	bad-chisq
group_1821	1.60E-01	1.34E-04	1.11E-03	-2.95E+00	9.78E-01	-4.59E-01	-2.52E+01	3.36E+01	bad-chisq
group_1672	1.60E-01	2.75E-01	2.10E-01	-9.80E-01	7.91E-01	-7.65E-01	-2.65E+01	3.67E+01	
lgaE	1.60E-01	2.75E-01	4.57E-01	5.89E-01	8.05E-01	-9.78E-01	-2.62E+01	3.51E+01	
group_1568	1.60E-01	2.75E-01	4.57E-01	5.89E-01	8.05E-01	-9.78E-01	-2.62E+01	3.51E+01	
group_1438	1.60E-01	2.75E-01	9.03E-01	-1.33E-01	1.09E+00	-8.61E-01	-2.62E+01	3.51E+01	
group_1168	1.60E-01	1.27E-05	2.00E-01	-1.91E+00	5.94E-01	-5.30E-01	-2.20E+01	2.88E+01	bad-chisq
group_1117	1.60E-01	1.27E-05	5.99E-04	-4.08E+00	5.87E-01	-6.51E-01	-2.66E+01	3.67E+01	bad-chisq
group_794	1.60E-01	2.91E-02	4.21E-02	-1.67E+00	8.52E-01	-6.86E-01	-2.64E+01	3.72E+01	
group_671	1.60E-01	1.34E-04	1.35E-03	-2.91E+00	9.71E-01	-4.71E-01	-2.51E+01	3.37E+01	bad-chisq
group_457	1.60E-01	1.27E-05	4.29E-05	-4.98E+00	5.89E-01	-8.67E-01	-3.05E+01	4.36E+01	bad-chisq
group_417	1.60E-01	1.02E-01	5.09E-01	5.62E-01	8.59E-01	-9.95E-01	-2.60E+01	3.56E+01	
group_416	1.60E-01	1.02E-01	5.09E-01	5.62E-01	8.59E-01	-9.95E-01	-2.60E+01	3.56E+01	
group_366	1.60E-01	1.34E-04	1.00E+00	1.28E-01	9.69E-01	-7.57E-01	-2.37E+01	3.17E+01	bad-chisq
group_328	1.60E-01	6.38E-03	6.75E-01	4.13E-01	9.91E-01	-9.42E-01	-2.65E+01	3.57E+01	
group_251	1.60E-01	2.75E-01	4.57E-01	5.89E-01	8.05E-01	-9.78E-01	-2.62E+01	3.51E+01	
group_7550	1.50E-01	2.66E-05	5.82E-02	-2.54E+00	5.71E-01	-5.82E-01	-2.29E+01	3.09E+01	bad-chisq
group_7539	1.50E-01	4.99E-02	8.59E-02	-1.58E+00	9.60E-01	-7.59E-01	-2.63E+01	3.71E+01	
group_7538	1.50E-01	2.66E-05	8.90E-02	-2.18E+00	6.25E-01	-4.31E-01	-2.12E+01	2.74E+01	bad-chisq
pseF	1.50E-01	4.01E-01	7.34E-01	-2.67E-01	7.89E-01	-8.32E-01	-2.58E+01	3.51E+01	
group_7366	1.50E-01	4.99E-02	8.59E-02	-1.58E+00	9.60E-01	-7.59E-01	-2.63E+01	3.71E+01	
group_7180	1.50E-01	2.66E-05	5.82E-02	-2.54E+00	5.71E-01	-5.82E-01	-2.29E+01	3.09E+01	bad-chisq
group_7151	1.50E-01	2.07E-03	8.04E-02	2.24E+00	1.50E+00	-1.07E+00	-2.51E+01	3.51E+01	
group_7097	1.50E-01	4.99E-02	8.59E-02	-1.58E+00	9.60E-01	-7.59E-01	-2.63E+01	3.71E+01	
group_7096	1.50E-01	4.99E-02	8.59E-02	-1.58E+00	9.60E-01	-7.59E-01	-2.63E+01	3.71E+01	
group_7029	1.50E-01	4.99E-02	8.59E-02	-1.58E+00	9.60E-01	-7.59E-01	-2.63E+01	3.71E+01	
blaOXA	1.50E-01	2.07E-03	9.26E-01	-1.40E-01	1.52E+00	-8.64E-01	-2.59E+01	3.49E+01	
group_6879	1.50E-01	4.99E-02	8.59E-02	-1.58E+00	9.60E-01	-7.59E-01	-2.63E+01	3.71E+01	
group_6861	1.50E-01	4.99E-02	8.59E-02	-1.58E+00	9.60E-01	-7.59E-01	-2.63E+01	3.71E+01	
group_6820	1.50E-01	4.99E-02	8.59E-02	-1.58E+00	9.60E-01	-7.59E-01	-2.63E+01	3.71E+01	
group_6817	1.50E-01	4.99E-02	8.59E-02	-1.58E+00	9.60E-01	-7.59E-01	-2.63E+01	3.71E+01	
group_6777	1.50E-01	2.72E-04	3.49E-03	-2.79E+00	9.48E-01	-5.34E-01	-2.50E+01	3.36E+01	bad-chisq
group_6750	1.50E-01	7.79E-01	9.31E-01	-9.45E-02	1.09E+00	-8.65E-01	-2.60E+01	3.50E+01	
group_6721	1.50E-01	4.99E-02	8.59E-02	-1.58E+00	9.60E-01	-7.59E-01	-2.63E+01	3.71E+01	
group_6695	1.50E-01	1.61E-01	7.34E-01	3.28E-01	9.67E-01	-9.44E-01	-2.60E+01	3.56E+01	
group_6416	1.50E-01	1.61E-01	2.18E-01	9.89E-01	8.08E-01	-1.00E+00	-2.59E+01	3.25E+01	
group_6321	1.50E-01	2.66E-05	5.99E-02	2.40E+00	6.71E-01	-1.05E+00	-2.11E+01	3.17E+01	bad-chisq
group_6172	1.50E-01	4.99E-02	8.59E-02	-1.58E+00	9.60E-01	-7.59E-01	-2.63E+01	3.71E+01	
group_6123	1.50E-01	1.17E-02	2.21E-01	1.14E+00	9.58E-01	-1.11E+00	-2.61E+01	3.65E+01	
group_6016	1.50E-01	2.66E-05	5.82E-02	-2.54E+00	5.71E-01	-5.82E-01	-2.29E+01	3.09E+01	bad-chisq
group_5996	1.50E-01	2.66E-05	5.99E-02	2.40E+00	6.71E-01	-1.05E+00	-2.11E+01	3.17E+01	bad-chisq
group_5981	1.50E-01	2.72E-04	3.48E-01	8.66E-01	1.08E+00	-9.14E-01	-2.27E+01	3.18E+01	bad-chisq
group_5881	1.50E-01	2.66E-05	5.99E-02	2.40E+00	6.71E-01	-1.05E+00	-2.11E+01	3.17E+01	bad-chisq
group_5646	1.50E-01	4.99E-02	8.59E-02	-1.58E+00	9.60E-01	-7.59E-01	-2.63E+01	3.71E+01	
group_5629	1.50E-01	4.99E-02	8.59E-02	-1.58E+00	9.60E-01	-7.59E-01	-2.63E+01	3.71E+01	
group_5544	1.50E-01	2.72E-04	3.48E-01	8.66E-01	1.08E+00	-9.14E-01	-2.27E+01	3.18E+01	bad-chisq
group_5514	1.50E-01	4.99E-02	8.59E-02	-1.58E+00	9.60E-01	-7.59E-01	-2.63E+01	3.71E+01	
group_5502	1.50E-01	2.66E-05	8.67E-02	2.22E+00	6.71E-01	-1.00E+00	-2.12E+01	3.13E+01	bad-chisq
group_5435	1.50E-01	2.07E-03	8.04E-02	2.24E+00	1.50E+00	-1.07E+00	-2.51E+01	3.51E+01	
group_5358	1.50E-01	4.99E-02	8.59E-02	-1.58E+00	9.60E-01	-7.59E-01	-2.63E+01	3.71E+01	
group_5297	1.50E-01	4.99E-02	8.59E-02	-1.58E+00	9.60E-01	-7.59E-01	-2.63E+01	3.71E+01	
group_5286	1.50E-01	2.66E-05	5.82E-02	-2.54E+00	5.71E-01	-5.82E-01	-2.29E+01	3.09E+01	bad-chisq
group_5204	1.50E-01	2.66E-05	8.67E-02	2.22E+00	6.71E-01	-1.00E+00	-2.12E+01	3.13E+01	bad-chisq
group_5194	1.50E-01	4.99E-02	8.59E-02	-1.58E+00	9.60E-01	-7.59E-01	-2.63E+01	3.71E+01	
group_4889	1.50E-01	4.99E-02	8.59E-02	-1.58E+00	9.60E-01	-7.59E-01	-2.63E+01	3.71E+01	
group_4888	1.50E-01	4.99E-02	8.59E-02	-1.58E+00	9.60E-01	-7.59E-01	-2.63E+01	3.71E+01	
group_4868	1.50E-01	4.99E-02	8.59E-02	-1.58E+00	9.60E-01	-7.59E-01	-2.63E+01	3.71E+01	
group_4739	1.50E-01	2.72E-04	3.38E-01	9.66E-01	1.07E+00	-9.39E-01	-2.27E+01	3.21E+01	bad-chisq
group_4714	1.50E-01	4.99E-02	8.59E-02	-1.58E+00	9.60E-01	-7.59E-01	-2.63E+01	3.71E+01	
group_4697	1.50E-01	4.99E-02	8.59E-02	-1.58E+00	9.60E-01	-7.59E-01	-2.63E+01	3.71E+01	
group_4667	1.50E-01	2.66E-05	5.82E-02	-2.54E+00	5.71E-01	-5.82E-01	-2.29E+01	3.09E+01	bad-chisq
group_4596	1.50E-01	1.61E-01	7.34E-01	3.28E-01	9.67E-01	-9.44E-01	-2.60E+01	3.56E+01	
group_4590	1.50E-01	4.99E-02	8.59E-02	-1.58E+00	9.60E-01	-7.59E-01	-2.63E+01	3.71E+01	
group_4536	1.50E-01	4.99E-02	8.59E-02	-1.58E+00	9.60E-01	-7.59E-01	-2.63E+01	3.71E+01	
group_4524	1.50E-01	4.99E-02	8.59E-02	-1.58E+00	9.60E-01	-7.59E-01	-2.63E+01	3.71E+01	
group_4438	1.50E-01	1.61E-01	7.34E-01	3.28E-01	9.67E-01	-9.44E-01	-2.60E+01	3.56E+01	
group_4379	1.50E-01	4.99E-02	8.59E-02	-1.58E+00	9.60E-01	-7.59E-01	-2.63E+01	3.71E+01	
group_4363	1.50E-01	4.99E-02	8.59E-02	-1.58E+00	9.60E-01	-7.59E-01	-2.63E+01	3.71E+01	
group_4352	1.50E-01	1.61E-01	2.18E-01	9.89E-01	8.08E-01	-1.00E+00	-2.59E+01	3.25E+01	
group_4343	1.50E-01	2.66E-05	5.82E-02	-2.54E+00	5.71E-01	-5.82E-01	-2.29E+01	3.09E+01	bad-chisq
group_4314	1.50E-01	2.66E-05	8.67E-02	2.22E+00	6.71E-01	-1.00E+00	-2.12E+01	3.13E+01	bad-chisq
group_4268	1.50E-01	4.99E-02	8.59E-02	-1.58E+00	9.60E-01	-7.59E-01	-2.63E+01	3.71E+01	
group_4151	1.50E-01	2.07E-03	8.04E-02	2.24E+00	1.50E+00	-1.07E+00	-2.51E+01	3.51E+01	
group_4106	1.50E-01	4.99E-02	8.59E-02	-1.58E+00	9.60E-01	-7.59E-01	-2.63E+01	3.71E+01	
group_4038	1.50E-01	4.99E-02	8.59E-02	-1.58E+00	9.60E-01	-7.59E-01	-2.63E+01	3.71E+01	
group_4022	1.50E-01	1.61E-01	2.02E-02	-2.15E+00	9.65E-01	-5.48E-01	-2.90E+01	3.66E+01	
group_3887	1.50E-01	4.99E-02	8.59E-02	-1.58E+00	9.60E-01	-7.59E-01	-2.63E+01	3.71E+01	
group_3886	1.50E-01	2.07E-03	8.66E-01	1.52E-01	9.08E-01	-8.92E-01	-2.58E+01	3.49E+01	
group_3794	1.50E-01	4.99E-02	8.59E-02	-1.58E+00	9.60E-01	-7.59E-01	-2.63E+01	3.71E+01	
group_3727	1.50E-01	4.99E-02	8.59E-02	-1.58E+00	9.60E-01	-7.59E-01	-2.63E+01	3.71E+01	
group_3572	1.50E-01	4.99E-02	8.59E-02	-1.58E+00	9.60E-01	-7.59E-01	-2.63E+01	3.71E+01	
pseB	1.50E-01	4.01E-01	7.34E-01	-2.67E-01	7.89E-01	-8.32E-01	-2.58E+01	3.51E+01	
group_3422	1.50E-01	2.66E-05	5.82E-02	-2.54E+00	5.71E-01	-5.82E-01	-2.29E+01	3.09E+01	bad-chisq
group_3400	1.50E-01	4.99E-02	8.59E-02	-1.58E+00	9.60E-01	-7.59E-01	-2.63E+01	3.71E+01	
group_3240	1.50E-01	4.99E-02	8.59E-02	-1.58E+00	9.60E-01	-7.59E-01	-2.63E+01	3.71E+01	
group_3218	1.50E-01	7.79E-01	9.31E-01	-9.45E-02	1.09E+00	-8.65E-01	-2.60E+01	3.50E+01	
pseC	1.50E-01	4.01E-01	7.34E-01	-2.67E-01	7.89E-01	-8.32E-01	-2.58E+01	3.51E+01	
group_3159	1.50E-01	1.61E-01	2.18E-01	9.89E-01	8.08E-01	-1.00E+00	-2.59E+01	3.25E+01	
group_3146	1.50E-01	2.66E-05	5.99E-02	2.40E+00	6.71E-01	-1.05E+00	-2.11E+01	3.17E+01	bad-chisq
group_3063	1.50E-01	1.61E-01	2.18E-01	9.89E-01	8.08E-01	-1.00E+00	-2.59E+01	3.25E+01	
pseI	1.50E-01	4.01E-01	7.34E-01	-2.67E-01	7.89E-01	-8.32E-01	-2.58E+01	3.51E+01	
group_2964	1.50E-01	1.17E-02	2.47E-01	1.30E+00	1.16E+00	-1.07E+00	-2.80E+01	3.74E+01	
group_2948	1.50E-01	4.99E-02	6.95E-01	3.77E-01	9.66E-01	-9.51E-01	-2.58E+01	3.54E+01	
group_2793	1.50E-01	2.72E-04	3.49E-03	-2.79E+00	9.48E-01	-5.34E-01	-2.50E+01	3.36E+01	bad-chisq
group_2757	1.50E-01	1.17E-02	6.56E-01	3.91E-01	8.97E-01	-9.14E-01	-2.56E+01	3.45E+01	
group_2743	1.50E-01	4.99E-02	8.59E-02	-1.58E+00	9.60E-01	-7.59E-01	-2.63E+01	3.71E+01	
group_2742	1.50E-01	2.66E-05	5.82E-02	-2.54E+00	5.71E-01	-5.82E-01	-2.29E+01	3.09E+01	bad-chisq
group_2704	1.50E-01	2.72E-04	3.49E-03	-2.79E+00	9.48E-01	-5.34E-01	-2.50E+01	3.36E+01	bad-chisq
group_2700	1.50E-01	1.17E-02	6.11E-01	5.14E-01	1.02E+00	-9.47E-01	-2.66E+01	3.57E+01	
group_2662	1.50E-01	2.66E-05	4.35E-05	-4.99E+00	5.88E-01	-8.78E-01	-3.06E+01	4.38E+01	bad-chisq
group_2601	1.50E-01	2.66E-05	5.82E-02	-2.54E+00	5.71E-01	-5.82E-01	-2.29E+01	3.09E+01	bad-chisq
group_2591	1.50E-01	4.99E-02	8.59E-02	-1.58E+00	9.60E-01	-7.59E-01	-2.63E+01	3.71E+01	
group_2589	1.50E-01	2.07E-03	2.30E-01	1.14E+00	1.02E+00	-1.00E+00	-2.51E+01	3.43E+01	
group_2515	1.50E-01	2.66E-05	1.37E-01	-2.76E+00	4.78E-01	-6.47E-01	-2.35E+01	3.14E+01	bad-chisq
group_2500	1.50E-01	2.66E-05	4.35E-05	-4.99E+00	5.88E-01	-8.78E-01	-3.06E+01	4.38E+01	bad-chisq
group_2498	1.50E-01	2.66E-05	5.82E-02	-2.54E+00	5.71E-01	-5.82E-01	-2.29E+01	3.09E+01	bad-chisq
group_2370	1.50E-01	2.07E-03	8.04E-02	2.24E+00	1.50E+00	-1.07E+00	-2.51E+01	3.51E+01	
group_2241	1.50E-01	2.66E-05	5.82E-02	-2.54E+00	5.71E-01	-5.82E-01	-2.29E+01	3.09E+01	bad-chisq
group_2148	1.50E-01	1.61E-01	2.82E-01	-8.17E-01	7.64E-01	-7.39E-01	-2.59E+01	3.55E+01	
group_2095	1.50E-01	2.66E-05	5.82E-02	-2.54E+00	5.71E-01	-5.82E-01	-2.29E+01	3.09E+01	bad-chisq
group_2094	1.50E-01	2.66E-05	5.82E-02	-2.54E+00	5.71E-01	-5.82E-01	-2.29E+01	3.09E+01	bad-chisq
group_2085	1.50E-01	1.17E-02	6.56E-01	3.91E-01	8.97E-01	-9.14E-01	-2.56E+01	3.45E+01	
group_2068	1.50E-01	2.66E-05	5.82E-02	-2.54E+00	5.71E-01	-5.82E-01	-2.29E+01	3.09E+01	bad-chisq
cdiA	1.50E-01	2.66E-05	5.82E-02	-2.54E+00	5.71E-01	-5.82E-01	-2.29E+01	3.09E+01	bad-chisq
group_1930	1.50E-01	2.07E-03	8.04E-02	2.24E+00	1.50E+00	-1.07E+00	-2.51E+01	3.51E+01	
group_1911	1.50E-01	4.99E-02	8.59E-02	-1.58E+00	9.60E-01	-7.59E-01	-2.63E+01	3.71E+01	
group_1879	1.50E-01	2.66E-05	3.97E-05	-4.38E+00	6.15E-01	-4.18E-01	-2.62E+01	3.51E+01	bad-chisq
group_1791	1.50E-01	1.17E-02	7.51E-01	-5.18E-01	1.63E+00	-8.32E-01	-2.57E+01	3.45E+01	
group_1784	1.50E-01	2.66E-05	1.35E-01	-1.92E+00	6.30E-01	-5.38E-01	-2.18E+01	2.94E+01	bad-chisq
group_1766	1.50E-01	2.66E-05	5.82E-02	-2.54E+00	5.71E-01	-5.82E-01	-2.29E+01	3.09E+01	bad-chisq
group_1760	1.50E-01	2.72E-04	3.28E-02	-2.39E+00	8.70E-01	-6.57E-01	-2.48E+01	3.35E+01	bad-chisq
group_1751	1.50E-01	1.17E-02	6.56E-01	3.91E-01	8.97E-01	-9.14E-01	-2.56E+01	3.45E+01	
group_1731	1.50E-01	1.17E-02	7.10E-01	-3.61E-01	9.73E-01	-8.42E-01	-2.59E+01	3.51E+01	
group_1700	1.50E-01	1.61E-01	8.63E-02	-1.45E+00	8.82E-01	-7.29E-01	-2.61E+01	3.75E+01	
group_1693	1.50E-01	4.01E-01	9.56E-01	-4.53E-02	8.20E-01	-8.75E-01	-2.61E+01	3.53E+01	
group_1680	1.50E-01	2.66E-05	8.44E-02	-2.22E+00	6.17E-01	-4.49E-01	-2.17E+01	2.79E+01	bad-chisq
group_1639	1.50E-01	1.61E-01	5.98E-03	-2.57E+00	1.00E+00	-5.48E-01	-3.15E+01	3.95E+01	
group_1611	1.50E-01	2.66E-05	5.82E-02	-2.54E+00	5.71E-01	-5.82E-01	-2.29E+01	3.09E+01	bad-chisq
group_1584	1.50E-01	1.17E-02	6.56E-01	3.91E-01	8.97E-01	-9.14E-01	-2.56E+01	3.45E+01	
group_1556	1.50E-01	2.66E-05	5.82E-02	-2.54E+00	5.71E-01	-5.82E-01	-2.29E+01	3.09E+01	bad-chisq
group_1528	1.50E-01	2.66E-05	5.82E-02	-2.54E+00	5.71E-01	-5.82E-01	-2.29E+01	3.09E+01	bad-chisq
group_1527	1.50E-01	2.66E-05	5.82E-02	-2.54E+00	5.71E-01	-5.82E-01	-2.29E+01	3.09E+01	bad-chisq
group_1385	1.50E-01	4.99E-02	8.59E-02	-1.58E+00	9.60E-01	-7.59E-01	-2.63E+01	3.71E+01	
group_1299	1.50E-01	4.99E-02	8.59E-02	-1.58E+00	9.60E-01	-7.59E-01	-2.63E+01	3.71E+01	
group_1251	1.50E-01	4.99E-02	8.59E-02	-1.58E+00	9.60E-01	-7.59E-01	-2.63E+01	3.71E+01	
group_1184	1.50E-01	2.66E-05	2.77E-05	-4.51E+00	6.15E-01	-5.12E-01	-2.80E+01	3.78E+01	bad-chisq
group_1179	1.50E-01	2.66E-05	5.82E-02	-2.54E+00	5.71E-01	-5.82E-01	-2.29E+01	3.09E+01	bad-chisq
group_1104	1.50E-01	4.99E-02	8.59E-02	-1.58E+00	9.60E-01	-7.59E-01	-2.63E+01	3.71E+01	
group_1103	1.50E-01	4.99E-02	8.59E-02	-1.58E+00	9.60E-01	-7.59E-01	-2.63E+01	3.71E+01	
group_1087	1.50E-01	7.79E-01	8.05E-02	-1.42E+00	8.28E-01	-7.68E-01	-2.76E+01	4.06E+01	
group_956	1.50E-01	4.99E-02	8.59E-02	-1.58E+00	9.60E-01	-7.59E-01	-2.63E+01	3.71E+01	
group_822	1.50E-01	4.99E-02	8.59E-02	-1.58E+00	9.60E-01	-7.59E-01	-2.63E+01	3.71E+01	
group_817	1.50E-01	1.17E-02	7.51E-01	-5.18E-01	1.63E+00	-8.32E-01	-2.57E+01	3.45E+01	
group_762	1.50E-01	2.66E-05	8.67E-02	2.22E+00	6.71E-01	-1.00E+00	-2.12E+01	3.13E+01	bad-chisq
group_757	1.50E-01	2.66E-05	5.82E-02	-2.54E+00	5.71E-01	-5.82E-01	-2.29E+01	3.09E+01	bad-chisq
group_739	1.50E-01	1.61E-01	2.18E-01	9.89E-01	8.08E-01	-1.00E+00	-2.59E+01	3.25E+01	
group_710	1.50E-01	1.17E-02	6.56E-01	3.91E-01	8.97E-01	-9.14E-01	-2.56E+01	3.45E+01	
group_692	1.50E-01	1.17E-02	7.10E-01	-3.61E-01	9.73E-01	-8.42E-01	-2.59E+01	3.51E+01	
group_683	1.50E-01	2.66E-05	5.82E-02	-2.54E+00	5.71E-01	-5.82E-01	-2.29E+01	3.09E+01	bad-chisq
group_659	1.50E-01	2.66E-05	5.99E-02	2.40E+00	6.71E-01	-1.05E+00	-2.11E+01	3.17E+01	bad-chisq
group_637	1.50E-01	1.17E-02	7.10E-01	-3.61E-01	9.73E-01	-8.42E-01	-2.59E+01	3.51E+01	
group_607	1.50E-01	4.99E-02	8.59E-02	-1.58E+00	9.60E-01	-7.59E-01	-2.63E+01	3.71E+01	
tipJ	1.50E-01	1.61E-01	5.83E-01	7.29E-01	1.35E+00	-9.81E-01	-2.65E+01	3.64E+01	
group_541	1.50E-01	4.01E-01	9.56E-01	-4.53E-02	8.20E-01	-8.75E-01	-2.61E+01	3.53E+01	
group_537	1.50E-01	4.99E-02	8.59E-02	-1.58E+00	9.60E-01	-7.59E-01	-2.63E+01	3.71E+01	
group_443	1.50E-01	1.61E-01	7.34E-01	3.28E-01	9.67E-01	-9.44E-01	-2.60E+01	3.56E+01	
group_365	1.50E-01	2.66E-05	5.82E-02	-2.54E+00	5.71E-01	-5.82E-01	-2.29E+01	3.09E+01	bad-chisq
group_297	1.50E-01	1.17E-02	6.56E-01	3.91E-01	8.97E-01	-9.14E-01	-2.56E+01	3.45E+01	
group_234	1.50E-01	2.66E-05	5.82E-02	-2.54E+00	5.71E-01	-5.82E-01	-2.29E+01	3.09E+01	bad-chisq
group_171	1.50E-01	2.66E-05	5.82E-02	-2.54E+00	5.71E-01	-5.82E-01	-2.29E+01	3.09E+01	bad-chisq
group_167	1.50E-01	2.72E-04	1.00E+00	-1.84E-01	1.08E+00	-6.81E-01	-2.30E+01	3.06E+01	bad-chisq
group_11	1.50E-01	2.66E-05	3.94E-01	-1.67E+00	5.63E-01	-5.83E-01	-2.23E+01	2.93E+01	bad-chisq
group_8029	1.40E-01	2.11E-02	5.57E-01	6.77E-01	1.17E+00	-9.76E-01	-2.68E+01	3.63E+01	
group_7596	1.40E-01	5.47E-05	4.09E-02	-3.42E+00	4.81E-01	-5.92E-01	-2.39E+01	3.13E+01	bad-chisq
group_7558	1.40E-01	5.47E-05	1.00E+00	-4.45E-01	6.62E-01	-6.44E-01	-2.24E+01	2.97E+01	bad-chisq
group_7557	1.40E-01	5.47E-05	1.00E+00	-4.45E-01	6.62E-01	-6.44E-01	-2.24E+01	2.97E+01	bad-chisq
group_7528	1.40E-01	3.95E-03	6.56E-01	3.91E-01	8.97E-01	-9.14E-01	-2.56E+01	3.45E+01	
group_7431	1.40E-01	3.95E-03	6.56E-01	3.91E-01	8.97E-01	-9.14E-01	-2.56E+01	3.45E+01	
group_7430	1.40E-01	3.95E-03	6.56E-01	3.91E-01	8.97E-01	-9.14E-01	-2.56E+01	3.45E+01	
group_7165	1.40E-01	3.95E-03	6.56E-01	3.91E-01	8.97E-01	-9.14E-01	-2.56E+01	3.45E+01	
group_7115	1.40E-01	3.95E-03	6.56E-01	3.91E-01	8.97E-01	-9.14E-01	-2.56E+01	3.45E+01	
group_6985	1.40E-01	2.49E-01	8.71E-01	-1.31E-01	8.01E-01	-8.64E-01	-2.61E+01	3.53E+01	
group_6972	1.40E-01	5.47E-05	1.00E+00	-7.77E-01	6.57E-01	-5.95E-01	-2.20E+01	2.89E+01	bad-chisq
group_6904	1.40E-01	2.49E-01	8.71E-01	-1.31E-01	8.01E-01	-8.64E-01	-2.61E+01	3.53E+01	
group_6884	1.40E-01	5.47E-05	1.41E-01	1.98E+00	6.68E-01	-9.66E-01	-2.15E+01	3.13E+01	bad-chisq
group_6844	1.40E-01	5.44E-04	3.49E-03	-2.79E+00	9.48E-01	-5.34E-01	-2.50E+01	3.36E+01	bad-chisq
group_6799	1.40E-01	5.47E-05	1.35E-06	-5.16E+00	6.16E-01	-5.40E-01	-2.93E+01	4.12E+01	bad-chisq
group_6671	1.40E-01	3.95E-03	3.67E-01	7.69E-01	8.89E-01	-9.58E-01	-2.54E+01	3.41E+01	
group_6460	1.40E-01	5.47E-05	3.95E-04	-4.15E+00	5.92E-01	-6.33E-01	-2.72E+01	3.70E+01	bad-chisq
group_6436	1.40E-01	5.64E-01	6.50E-01	-3.53E-01	7.78E-01	-8.38E-01	-2.62E+01	3.62E+01	
group_6327	1.40E-01	5.47E-05	1.00E+00	-2.42E-01	6.71E-01	-6.63E-01	-2.26E+01	3.00E+01	bad-chisq
group_6190	1.40E-01	3.95E-03	6.56E-01	3.91E-01	8.97E-01	-9.14E-01	-2.56E+01	3.45E+01	
group_6128	1.40E-01	8.38E-02	8.66E-02	-1.58E+00	9.61E-01	-7.62E-01	-2.63E+01	3.71E+01	
group_5850	1.40E-01	3.95E-03	3.67E-01	7.69E-01	8.89E-01	-9.58E-01	-2.54E+01	3.41E+01	
group_5710	1.40E-01	3.95E-03	6.56E-01	3.91E-01	8.97E-01	-9.14E-01	-2.56E+01	3.45E+01	
group_5492	1.40E-01	5.47E-05	6.46E-02	-2.53E+00	5.63E-01	-6.09E-01	-2.32E+01	3.14E+01	bad-chisq
group_5334	1.40E-01	5.47E-05	1.41E-01	1.98E+00	6.68E-01	-9.66E-01	-2.15E+01	3.13E+01	bad-chisq
group_5254	1.40E-01	5.64E-01	2.52E-02	-1.87E+00	8.64E-01	-6.29E-01	-2.92E+01	3.82E+01	
group_5196	1.40E-01	5.64E-01	2.52E-02	-1.87E+00	8.64E-01	-6.29E-01	-2.92E+01	3.82E+01	
group_5089	1.40E-01	3.95E-03	6.56E-01	3.91E-01	8.97E-01	-9.14E-01	-2.56E+01	3.45E+01	
group_5020	1.40E-01	3.95E-03	3.67E-01	7.69E-01	8.89E-01	-9.58E-01	-2.54E+01	3.41E+01	
group_5006	1.40E-01	5.47E-05	3.55E-01	-1.70E+00	5.69E-01	-5.71E-01	-2.22E+01	2.92E+01	bad-chisq
group_4974	1.40E-01	5.64E-01	2.52E-02	-1.87E+00	8.64E-01	-6.29E-01	-2.92E+01	3.82E+01	
group_4961	1.40E-01	5.47E-05	4.34E-05	-4.99E+00	5.88E-01	-8.78E-01	-3.06E+01	4.38E+01	bad-chisq
group_4909	1.40E-01	5.64E-01	2.52E-02	-1.87E+00	8.64E-01	-6.29E-01	-2.92E+01	3.82E+01	
group_4877	1.40E-01	5.64E-01	6.50E-01	-3.53E-01	7.78E-01	-8.38E-01	-2.62E+01	3.62E+01	
group_4756	1.40E-01	5.47E-05	1.23E-03	-4.03E+00	5.78E-01	-6.98E-01	-2.70E+01	3.69E+01	bad-chisq
group_4709	1.40E-01	5.47E-05	3.55E-01	-1.70E+00	5.69E-01	-5.71E-01	-2.22E+01	2.92E+01	bad-chisq
group_4632	1.40E-01	3.95E-03	3.67E-01	7.69E-01	8.89E-01	-9.58E-01	-2.54E+01	3.41E+01	
group_4195	1.40E-01	5.47E-05	4.34E-05	-4.99E+00	5.88E-01	-8.78E-01	-3.06E+01	4.38E+01	bad-chisq
group_4112	1.40E-01	5.47E-05	1.00E+00	-4.76E-01	6.62E-01	-6.40E-01	-2.24E+01	2.96E+01	bad-chisq
group_4043	1.40E-01	3.95E-03	3.67E-01	7.69E-01	8.89E-01	-9.58E-01	-2.54E+01	3.41E+01	
group_4040	1.40E-01	5.47E-05	6.46E-02	-2.53E+00	5.63E-01	-6.09E-01	-2.32E+01	3.14E+01	bad-chisq
group_3892	1.40E-01	5.64E-01	2.52E-02	-1.87E+00	8.64E-01	-6.29E-01	-2.92E+01	3.82E+01	
group_3778	1.40E-01	2.11E-02	2.78E-01	1.21E+00	1.15E+00	-1.10E+00	-2.60E+01	3.69E+01	
group_3737	1.40E-01	5.47E-05	6.46E-02	-2.53E+00	5.63E-01	-6.09E-01	-2.32E+01	3.14E+01	bad-chisq
group_3560	1.40E-01	5.47E-05	4.09E-02	-3.42E+00	4.81E-01	-5.92E-01	-2.39E+01	3.13E+01	bad-chisq
group_3437	1.40E-01	5.47E-05	1.00E+00	-4.45E-01	6.62E-01	-6.44E-01	-2.24E+01	2.97E+01	bad-chisq
group_3228	1.40E-01	5.47E-05	1.23E-03	-4.03E+00	5.78E-01	-6.98E-01	-2.70E+01	3.69E+01	bad-chisq
group_3168	1.40E-01	5.47E-05	4.68E-01	-1.62E+00	5.50E-01	-6.02E-01	-2.25E+01	2.96E+01	bad-chisq
group_3150	1.40E-01	3.95E-03	6.56E-01	3.91E-01	8.97E-01	-9.14E-01	-2.56E+01	3.45E+01	
group_3027	1.40E-01	2.11E-02	9.73E-01	3.67E-02	1.07E+00	-8.84E-01	-2.61E+01	3.52E+01	
group_2941	1.40E-01	5.47E-05	4.21E-01	-1.65E+00	5.56E-01	-5.94E-01	-2.24E+01	2.96E+01	bad-chisq
group_2923	1.40E-01	1.00E+00	4.63E-01	6.95E-01	9.66E-01	-9.63E-01	-2.64E+01	3.54E+01	
group_2862	1.40E-01	5.47E-05	3.55E-01	-1.70E+00	5.69E-01	-5.71E-01	-2.22E+01	2.92E+01	bad-chisq
group_2841	1.40E-01	5.44E-04	1.99E-01	-1.61E+00	8.09E-01	-6.54E-01	-2.34E+01	3.17E+01	bad-chisq
group_2721	1.40E-01	5.47E-05	1.00E+00	-4.45E-01	6.62E-01	-6.44E-01	-2.24E+01	2.97E+01	bad-chisq
group_2705	1.40E-01	5.47E-05	1.35E-06	-5.16E+00	6.16E-01	-5.40E-01	-2.93E+01	4.12E+01	bad-chisq
group_2690	1.40E-01	3.95E-03	8.61E-01	-2.56E-01	1.46E+00	-8.49E-01	-2.58E+01	3.47E+01	
group_2659	1.40E-01	5.47E-05	4.57E-02	-3.43E+00	4.76E-01	-6.07E-01	-2.41E+01	3.15E+01	bad-chisq
group_2276	1.40E-01	5.47E-05	8.75E-01	-1.11E+00	6.49E-01	-5.70E-01	-2.18E+01	2.87E+01	bad-chisq
group_2130	1.40E-01	2.49E-01	9.84E-03	-2.37E+00	9.38E-01	-6.83E-01	-2.99E+01	3.94E+01	
group_2012	1.40E-01	3.95E-03	6.56E-01	3.91E-01	8.97E-01	-9.14E-01	-2.56E+01	3.45E+01	
amsE	1.40E-01	5.64E-01	7.30E-01	-2.74E-01	7.93E-01	-8.45E-01	-2.60E+01	3.55E+01	
group_1948	1.40E-01	2.49E-01	6.55E-01	3.72E-01	8.40E-01	-9.31E-01	-2.60E+01	3.50E+01	
group_1877	1.40E-01	5.47E-05	1.00E+00	-9.31E-01	6.51E-01	-5.94E-01	-2.20E+01	2.90E+01	bad-chisq
group_1833	1.40E-01	3.95E-03	6.56E-01	3.91E-01	8.97E-01	-9.14E-01	-2.56E+01	3.45E+01	
group_1643	1.40E-01	8.38E-02	3.14E-02	-1.76E+00	8.49E-01	-7.04E-01	-2.70E+01	3.82E+01	
group_1641	1.40E-01	3.95E-03	6.56E-01	3.91E-01	8.97E-01	-9.14E-01	-2.56E+01	3.45E+01	
group_1640	1.40E-01	3.95E-03	6.56E-01	3.91E-01	8.97E-01	-9.14E-01	-2.56E+01	3.45E+01	
group_1533	1.40E-01	5.47E-05	2.68E-05	-4.47E+00	6.16E-01	-4.57E-01	-2.72E+01	3.66E+01	bad-chisq
group_1395	1.40E-01	5.47E-05	1.00E+00	-4.45E-01	6.62E-01	-6.44E-01	-2.24E+01	2.97E+01	bad-chisq
group_1382	1.40E-01	3.95E-03	6.56E-01	3.91E-01	8.97E-01	-9.14E-01	-2.56E+01	3.45E+01	
group_1335	1.40E-01	3.95E-03	6.56E-01	3.91E-01	8.97E-01	-9.14E-01	-2.56E+01	3.45E+01	
group_1297	1.40E-01	1.00E+00	5.39E-01	5.69E-01	9.39E-01	-1.00E+00	-2.66E+01	3.63E+01	
group_1198	1.40E-01	2.49E-01	6.55E-01	3.72E-01	8.40E-01	-9.31E-01	-2.60E+01	3.50E+01	
group_1167	1.40E-01	3.95E-03	6.56E-01	3.91E-01	8.97E-01	-9.14E-01	-2.56E+01	3.45E+01	
group_1166	1.40E-01	3.95E-03	6.56E-01	3.91E-01	8.97E-01	-9.14E-01	-2.56E+01	3.45E+01	
group_1051	1.40E-01	5.47E-05	3.97E-05	-4.38E+00	6.15E-01	-4.18E-01	-2.62E+01	3.51E+01	bad-chisq
group_917	1.40E-01	3.95E-03	6.56E-01	3.91E-01	8.97E-01	-9.14E-01	-2.56E+01	3.45E+01	
group_792	1.40E-01	1.00E+00	5.40E-01	-7.04E-01	1.14E+00	-8.02E-01	-2.66E+01	3.51E+01	
group_701	1.40E-01	5.64E-01	1.25E-02	-2.39E+00	1.04E+00	-5.31E-01	-3.25E+01	4.02E+01	
group_695	1.40E-01	3.95E-03	6.56E-01	3.91E-01	8.97E-01	-9.14E-01	-2.56E+01	3.45E+01	
group_654	1.40E-01	3.95E-03	3.67E-01	7.69E-01	8.89E-01	-9.58E-01	-2.54E+01	3.41E+01	
group_534	1.40E-01	5.47E-05	4.34E-05	-4.99E+00	5.88E-01	-8.78E-01	-3.06E+01	4.38E+01	bad-chisq
group_481	1.40E-01	3.95E-03	9.51E-01	-9.40E-02	1.54E+00	-8.70E-01	-2.60E+01	3.50E+01	
group_470	1.40E-01	3.95E-03	6.56E-01	3.91E-01	8.97E-01	-9.14E-01	-2.56E+01	3.45E+01	
group_445	1.40E-01	5.47E-05	3.55E-01	-1.70E+00	5.69E-01	-5.71E-01	-2.22E+01	2.92E+01	bad-chisq
group_412	1.40E-01	3.95E-03	6.56E-01	3.91E-01	8.97E-01	-9.14E-01	-2.56E+01	3.45E+01	
group_327	1.40E-01	8.38E-02	1.23E-01	-1.49E+00	9.95E-01	-8.04E-01	-2.65E+01	3.74E+01	
group_238	1.40E-01	5.47E-05	1.00E+00	-9.31E-01	6.51E-01	-5.94E-01	-2.20E+01	2.90E+01	bad-chisq
group_112	1.40E-01	2.49E-01	2.04E-02	-2.15E+00	9.66E-01	-5.51E-01	-2.90E+01	3.66E+01	
group_8030	1.30E-01	7.45E-03	8.29E-01	-2.32E-01	1.07E+00	-8.51E-01	-2.59E+01	3.49E+01	
group_7750	1.30E-01	1.11E-04	1.00E+00	1.22E-01	6.64E-01	-7.02E-01	-2.31E+01	3.07E+01	bad-chisq
group_7740	1.30E-01	1.11E-04	1.00E+00	1.22E-01	6.64E-01	-7.02E-01	-2.31E+01	3.07E+01	bad-chisq
group_7738	1.30E-01	1.11E-04	1.00E+00	1.22E-01	6.64E-01	-7.02E-01	-2.31E+01	3.07E+01	bad-chisq
group_7733	1.30E-01	1.11E-04	1.00E+00	1.22E-01	6.64E-01	-7.02E-01	-2.31E+01	3.07E+01	bad-chisq
group_7598	1.30E-01	1.37E-01	5.78E-01	4.82E-01	8.79E-01	-9.33E-01	-2.59E+01	3.48E+01	
group_7597	1.30E-01	1.37E-01	5.78E-01	4.82E-01	8.79E-01	-9.33E-01	-2.59E+01	3.48E+01	
group_7544	1.30E-01	7.66E-01	9.14E-01	9.96E-02	9.18E-01	-8.96E-01	-2.61E+01	3.52E+01	
pseH	1.30E-01	7.66E-01	7.88E-01	-2.15E-01	8.00E-01	-8.45E-01	-2.59E+01	3.52E+01	
group_7464	1.30E-01	1.11E-04	4.95E-03	4.36E+00	4.79E-01	-1.20E+00	-2.54E+01	3.61E+01	bad-chisq
group_7397	1.30E-01	1.11E-04	4.95E-03	4.36E+00	4.79E-01	-1.20E+00	-2.54E+01	3.61E+01	bad-chisq
group_7360	1.30E-01	3.74E-02	9.00E-01	-1.38E-01	1.10E+00	-8.63E-01	-2.62E+01	3.52E+01	
group_7323	1.30E-01	1.07E-03	3.95E-01	7.08E-01	1.07E+00	-8.84E-01	-2.31E+01	3.18E+01	bad-chisq
group_7195	1.30E-01	1.11E-04	1.00E+00	-6.63E-02	6.69E-01	-6.83E-01	-2.28E+01	3.04E+01	bad-chisq
group_7139	1.30E-01	1.07E-03	4.08E-03	-2.79E+00	9.42E-01	-5.74E-01	-2.54E+01	3.42E+01	bad-chisq
group_7037	1.30E-01	1.07E-03	4.08E-03	-2.79E+00	9.42E-01	-5.74E-01	-2.54E+01	3.42E+01	bad-chisq
brxL	1.30E-01	1.07E-03	4.08E-03	-2.79E+00	9.42E-01	-5.74E-01	-2.54E+01	3.42E+01	bad-chisq
group_6994	1.30E-01	1.11E-04	1.00E+00	-1.98E-01	6.56E-01	-6.74E-01	-2.28E+01	3.02E+01	bad-chisq
group_6863	1.30E-01	1.11E-04	1.00E+00	-9.06E-01	6.49E-01	-5.99E-01	-2.21E+01	2.91E+01	bad-chisq
group_6778	1.30E-01	7.45E-03	9.06E-01	-1.76E-01	1.49E+00	-8.61E-01	-2.59E+01	3.49E+01	
group_6718	1.30E-01	1.07E-03	3.95E-01	7.08E-01	1.07E+00	-8.84E-01	-2.31E+01	3.18E+01	bad-chisq
group_6644	1.30E-01	7.66E-01	4.89E-01	-6.14E-01	8.83E-01	-8.21E-01	-2.63E+01	3.57E+01	
group_6571	1.30E-01	1.11E-04	1.00E+00	-7.46E-01	6.55E-01	-6.01E-01	-2.21E+01	2.90E+01	bad-chisq
group_6426	1.30E-01	1.11E-04	4.95E-03	4.36E+00	4.79E-01	-1.20E+00	-2.54E+01	3.61E+01	bad-chisq
group_6311	1.30E-01	1.11E-04	1.00E+00	-9.06E-01	6.49E-01	-5.99E-01	-2.21E+01	2.91E+01	bad-chisq
cspG	1.30E-01	3.74E-02	9.31E-01	1.37E-01	1.59E+00	-8.93E-01	-2.61E+01	3.53E+01	
group_5972	1.30E-01	1.37E-01	8.98E-01	-1.05E-01	8.12E-01	-8.68E-01	-2.61E+01	3.53E+01	
group_5547	1.30E-01	1.11E-04	1.00E+00	-9.08E-01	6.22E-01	-6.14E-01	-2.23E+01	2.94E+01	bad-chisq
group_5315	1.30E-01	1.11E-04	1.00E+00	-4.74E-01	6.52E-01	-6.41E-01	-2.25E+01	2.97E+01	bad-chisq
group_5239	1.30E-01	3.72E-01	9.30E-02	-1.67E+00	9.77E-01	-7.44E-01	-2.79E+01	3.68E+01	
group_5051	1.30E-01	1.11E-04	1.00E+00	-7.46E-01	6.55E-01	-6.01E-01	-2.21E+01	2.90E+01	bad-chisq
group_4905	1.30E-01	3.74E-02	9.31E-01	1.37E-01	1.59E+00	-8.93E-01	-2.61E+01	3.53E+01	
group_4903	1.30E-01	1.37E-01	8.98E-01	-1.05E-01	8.12E-01	-8.68E-01	-2.61E+01	3.53E+01	
group_4828	1.30E-01	1.11E-04	1.00E+00	-5.64E-01	6.56E-01	-6.33E-01	-2.23E+01	2.96E+01	bad-chisq
group_4679	1.30E-01	1.11E-04	1.05E-04	-4.37E+00	6.04E-01	-6.05E-01	-2.77E+01	3.78E+01	bad-chisq
group_4594	1.30E-01	1.11E-04	1.00E+00	-4.35E-01	6.61E-01	-6.46E-01	-2.25E+01	2.97E+01	bad-chisq
group_4443	1.30E-01	3.74E-02	9.31E-01	1.37E-01	1.59E+00	-8.93E-01	-2.61E+01	3.53E+01	
group_4251	1.30E-01	1.11E-04	1.00E+00	-4.35E-01	6.61E-01	-6.46E-01	-2.25E+01	2.97E+01	bad-chisq
group_3736	1.30E-01	1.37E-01	8.98E-01	-1.05E-01	8.12E-01	-8.68E-01	-2.61E+01	3.53E+01	
group_3563	1.30E-01	1.37E-01	5.78E-01	4.82E-01	8.79E-01	-9.33E-01	-2.59E+01	3.48E+01	
group_3222	1.30E-01	1.11E-04	4.95E-03	4.36E+00	4.79E-01	-1.20E+00	-2.54E+01	3.61E+01	bad-chisq
group_3219	1.30E-01	1.37E-01	5.78E-01	4.82E-01	8.79E-01	-9.33E-01	-2.59E+01	3.48E+01	
group_3068	1.30E-01	1.11E-04	4.95E-03	4.36E+00	4.79E-01	-1.20E+00	-2.54E+01	3.61E+01	bad-chisq
group_3006	1.30E-01	1.11E-04	4.95E-03	4.36E+00	4.79E-01	-1.20E+00	-2.54E+01	3.61E+01	bad-chisq
group_3005	1.30E-01	1.11E-04	4.95E-03	4.36E+00	4.79E-01	-1.20E+00	-2.54E+01	3.61E+01	bad-chisq
group_3004	1.30E-01	1.11E-04	4.95E-03	4.36E+00	4.79E-01	-1.20E+00	-2.54E+01	3.61E+01	bad-chisq
merD	1.30E-01	7.45E-03	9.62E-01	-4.50E-02	9.43E-01	-8.75E-01	-2.61E+01	3.52E+01	
group_2946	1.30E-01	1.11E-04	4.34E-02	-3.43E+00	4.78E-01	-6.10E-01	-2.42E+01	3.16E+01	bad-chisq
group_2860	1.30E-01	1.11E-04	5.10E-01	-1.35E+00	6.15E-01	-5.75E-01	-2.20E+01	2.90E+01	bad-chisq
group_2837	1.30E-01	3.72E-01	2.43E-01	-9.80E-01	8.42E-01	-8.06E-01	-2.67E+01	3.70E+01	
group_2834	1.30E-01	3.72E-01	2.43E-01	-9.80E-01	8.42E-01	-8.06E-01	-2.67E+01	3.70E+01	
group_2752	1.30E-01	7.45E-03	4.77E-01	8.84E-01	1.25E+00	-9.91E-01	-2.72E+01	3.66E+01	
group_2687	1.30E-01	7.45E-03	6.99E-01	3.42E-01	9.01E-01	-9.12E-01	-2.57E+01	3.47E+01	
group_2681	1.30E-01	1.37E-01	1.02E-01	-1.55E+00	9.80E-01	-7.92E-01	-2.66E+01	3.75E+01	
group_2627	1.30E-01	1.37E-01	4.85E-04	-3.24E+00	1.02E+00	-5.96E-01	-3.33E+01	4.31E+01	
group_2619	1.30E-01	7.45E-03	4.77E-01	8.84E-01	1.25E+00	-9.91E-01	-2.72E+01	3.66E+01	
group_2523	1.30E-01	3.72E-01	8.50E-01	-1.48E-01	7.79E-01	-8.53E-01	-2.59E+01	3.52E+01	
group_2516	1.30E-01	7.45E-03	8.24E-01	2.47E-01	1.11E+00	-9.07E-01	-2.63E+01	3.54E+01	
group_2405	1.30E-01	1.07E-03	3.95E-01	7.08E-01	1.07E+00	-8.84E-01	-2.31E+01	3.18E+01	bad-chisq
csgG	1.30E-01	1.07E-03	1.00E+00	-5.28E-02	1.06E+00	-7.15E-01	-2.33E+01	3.12E+01	bad-chisq
group_2076	1.30E-01	1.07E-03	1.00E+00	-5.28E-02	1.06E+00	-7.15E-01	-2.33E+01	3.12E+01	bad-chisq
group_1945	1.30E-01	1.11E-04	1.00E+00	-6.63E-02	6.69E-01	-6.83E-01	-2.28E+01	3.04E+01	bad-chisq
group_1894	1.30E-01	1.07E-03	4.08E-03	-2.79E+00	9.42E-01	-5.74E-01	-2.54E+01	3.42E+01	bad-chisq
group_1769	1.30E-01	1.11E-04	4.95E-03	4.36E+00	4.79E-01	-1.20E+00	-2.54E+01	3.61E+01	bad-chisq
group_1694	1.30E-01	7.45E-03	8.24E-01	2.47E-01	1.11E+00	-9.07E-01	-2.63E+01	3.54E+01	
group_1606	1.30E-01	7.66E-01	3.19E-01	1.21E+00	1.26E+00	-1.06E+00	-2.68E+01	3.71E+01	
group_1565	1.30E-01	1.07E-03	3.14E-01	7.97E-01	1.06E+00	-8.59E-01	-2.31E+01	3.11E+01	bad-chisq
group_1550	1.30E-01	1.07E-03	1.00E+00	-5.28E-02	1.06E+00	-7.15E-01	-2.33E+01	3.12E+01	bad-chisq
pglD	1.30E-01	1.37E-01	5.78E-01	4.82E-01	8.79E-01	-9.33E-01	-2.59E+01	3.48E+01	
pseG	1.30E-01	7.66E-01	7.88E-01	-2.15E-01	8.00E-01	-8.45E-01	-2.59E+01	3.52E+01	
brxC	1.30E-01	1.07E-03	4.08E-03	-2.79E+00	9.42E-01	-5.74E-01	-2.54E+01	3.42E+01	bad-chisq
group_1065	1.30E-01	1.07E-03	4.08E-03	-2.79E+00	9.42E-01	-5.74E-01	-2.54E+01	3.42E+01	bad-chisq
pglZ	1.30E-01	1.07E-03	4.08E-03	-2.79E+00	9.42E-01	-5.74E-01	-2.54E+01	3.42E+01	bad-chisq
group_1040	1.30E-01	7.45E-03	9.62E-01	-4.50E-02	9.43E-01	-8.75E-01	-2.61E+01	3.52E+01	
group_997	1.30E-01	1.07E-03	3.95E-01	7.08E-01	1.07E+00	-8.84E-01	-2.31E+01	3.18E+01	bad-chisq
cdiI	1.30E-01	1.11E-04	1.00E+00	-2.08E-01	6.57E-01	-6.73E-01	-2.27E+01	3.02E+01	bad-chisq
group_964	1.30E-01	7.66E-01	3.81E-01	-7.05E-01	7.99E-01	-8.08E-01	-2.66E+01	3.63E+01	
ninB	1.30E-01	7.45E-03	8.24E-01	2.47E-01	1.11E+00	-9.07E-01	-2.63E+01	3.54E+01	
group_522	1.30E-01	1.11E-04	1.00E+00	-4.35E-01	6.61E-01	-6.46E-01	-2.25E+01	2.97E+01	bad-chisq
group_415	1.30E-01	1.07E-03	4.29E-02	1.71E+00	1.07E+00	-9.03E-01	-2.30E+01	2.88E+01	bad-chisq
group_367	1.30E-01	1.11E-04	1.05E-04	-4.37E+00	6.04E-01	-6.05E-01	-2.77E+01	3.78E+01	bad-chisq
group_362	1.30E-01	1.11E-04	1.00E+00	-1.98E-01	6.56E-01	-6.74E-01	-2.28E+01	3.02E+01	bad-chisq
group_339	1.30E-01	1.11E-04	5.26E-05	-4.35E+00	6.12E-01	-4.45E-01	-2.62E+01	3.53E+01	bad-chisq
filF	1.30E-01	7.66E-01	3.19E-01	1.21E+00	1.26E+00	-1.06E+00	-2.68E+01	3.71E+01	
group_285	1.30E-01	1.11E-04	1.65E-05	-4.50E+00	6.20E-01	-3.89E-01	-2.68E+01	3.59E+01	bad-chisq
vasX	1.20E-01	2.09E-03	1.00E+00	3.67E-02	1.06E+00	-7.34E-01	-2.35E+01	3.15E+01	bad-chisq
group_7535	1.20E-01	5.38E-01	3.05E-04	-3.56E+00	1.07E+00	-8.07E-01	-3.58E+01	4.76E+01	
group_7438	1.20E-01	2.22E-04	4.58E-01	-1.63E+00	5.44E-01	-6.11E-01	-2.26E+01	2.99E+01	bad-chisq
group_7349	1.20E-01	1.38E-02	2.18E-01	1.27E+00	1.08E+00	-1.07E+00	-2.60E+01	3.61E+01	
group_7300	1.20E-01	5.38E-01	8.40E-01	2.37E-01	1.18E+00	-9.24E-01	-2.62E+01	3.57E+01	
group_7294	1.20E-01	2.18E-01	5.50E-01	4.87E-01	8.19E-01	-9.27E-01	-2.59E+01	3.39E+01	
group_7005	1.20E-01	2.22E-04	1.00E+00	-3.01E-01	6.42E-01	-6.70E-01	-2.27E+01	3.02E+01	bad-chisq
group_6948	1.20E-01	2.22E-04	4.27E-02	2.22E+00	6.55E-01	-9.48E-01	-2.27E+01	3.07E+01	bad-chisq
group_6705	1.20E-01	2.22E-04	6.16E-01	-1.28E+00	5.99E-01	-6.02E-01	-2.24E+01	2.95E+01	bad-chisq
group_6691	1.20E-01	2.22E-04	1.00E+00	-1.98E-01	6.56E-01	-6.74E-01	-2.28E+01	3.02E+01	bad-chisq
group_6677	1.20E-01	2.22E-04	1.47E-01	1.94E+00	6.62E-01	-9.76E-01	-2.20E+01	3.19E+01	bad-chisq
group_6675	1.20E-01	2.22E-04	1.47E-01	1.94E+00	6.62E-01	-9.76E-01	-2.20E+01	3.19E+01	bad-chisq
group_6673	1.20E-01	2.22E-04	1.47E-01	1.94E+00	6.62E-01	-9.76E-01	-2.20E+01	3.19E+01	bad-chisq
group_6632	1.20E-01	1.38E-02	9.05E-01	1.48E-01	1.24E+00	-8.93E-01	-2.59E+01	3.51E+01	
group_6424	1.20E-01	2.22E-04	1.00E+00	-3.01E-01	6.42E-01	-6.70E-01	-2.27E+01	3.02E+01	bad-chisq
group_6375	1.20E-01	2.22E-04	1.00E+00	-1.01E+00	5.85E-01	-6.53E-01	-2.26E+01	3.03E+01	bad-chisq
group_6333	1.20E-01	1.00E+00	6.85E-01	3.22E-01	7.94E-01	-9.27E-01	-2.62E+01	3.49E+01	
group_6291	1.20E-01	1.38E-02	6.86E-02	1.69E+00	1.02E+00	-1.03E+00	-2.59E+01	3.35E+01	
group_6253	1.20E-01	2.22E-04	1.00E+00	1.66E-01	6.64E-01	-7.05E-01	-2.31E+01	3.08E+01	bad-chisq
group_6226	1.20E-01	1.38E-02	2.18E-01	1.27E+00	1.08E+00	-1.07E+00	-2.60E+01	3.61E+01	
group_6213	1.20E-01	2.22E-04	2.98E-04	-4.15E+00	5.95E-01	-5.70E-01	-2.67E+01	3.60E+01	bad-chisq
group_6017	1.20E-01	1.38E-02	4.37E-01	9.90E-01	1.29E+00	-9.93E-01	-2.72E+01	3.66E+01	
group_5915	1.20E-01	5.38E-01	3.05E-04	-3.56E+00	1.07E+00	-8.07E-01	-3.58E+01	4.76E+01	
group_5811	1.20E-01	5.38E-01	9.27E-04	-3.17E+00	1.03E+00	-6.75E-01	-3.38E+01	4.38E+01	
group_5696	1.20E-01	2.22E-04	1.00E+00	-3.24E-01	6.57E-01	-6.61E-01	-2.26E+01	3.00E+01	bad-chisq
group_5584	1.20E-01	2.22E-04	1.00E+00	1.66E-01	6.64E-01	-7.05E-01	-2.31E+01	3.08E+01	bad-chisq
group_5513	1.20E-01	5.38E-01	3.05E-04	-3.56E+00	1.07E+00	-8.07E-01	-3.58E+01	4.76E+01	
group_5478	1.20E-01	2.22E-04	1.44E-01	1.79E+00	6.60E-01	-9.18E-01	-2.23E+01	3.11E+01	bad-chisq
group_5448	1.20E-01	2.22E-04	1.44E-01	1.79E+00	6.60E-01	-9.18E-01	-2.23E+01	3.11E+01	bad-chisq
group_5404	1.20E-01	2.09E-03	5.43E-01	5.63E-01	1.09E+00	-8.77E-01	-2.31E+01	3.20E+01	bad-chisq
group_5348	1.20E-01	1.38E-02	4.37E-01	9.90E-01	1.29E+00	-9.93E-01	-2.72E+01	3.66E+01	
group_5322	1.20E-01	2.22E-04	1.44E-01	1.79E+00	6.60E-01	-9.18E-01	-2.23E+01	3.11E+01	bad-chisq
group_5313	1.20E-01	2.18E-01	5.50E-01	4.87E-01	8.19E-01	-9.27E-01	-2.59E+01	3.39E+01	
group_4978	1.20E-01	1.38E-02	4.37E-01	9.90E-01	1.29E+00	-9.93E-01	-2.72E+01	3.66E+01	
group_4972	1.20E-01	1.38E-02	3.69E-02	-2.05E+00	1.02E+00	-7.41E-01	-2.72E+01	3.71E+01	
group_4786	1.20E-01	2.09E-03	5.43E-01	5.63E-01	1.09E+00	-8.77E-01	-2.31E+01	3.20E+01	bad-chisq
group_4460	1.20E-01	2.22E-04	1.00E+00	-7.05E-01	6.04E-01	-6.50E-01	-2.26E+01	3.00E+01	bad-chisq
group_4458	1.20E-01	2.22E-04	1.44E-01	1.79E+00	6.60E-01	-9.18E-01	-2.23E+01	3.11E+01	bad-chisq
group_4447	1.20E-01	2.22E-04	1.44E-01	1.79E+00	6.60E-01	-9.18E-01	-2.23E+01	3.11E+01	bad-chisq
group_4370	1.20E-01	1.38E-02	9.05E-01	1.48E-01	1.24E+00	-8.93E-01	-2.59E+01	3.51E+01	
catA1	1.20E-01	2.09E-03	5.43E-01	5.63E-01	1.09E+00	-8.77E-01	-2.31E+01	3.20E+01	bad-chisq
group_4349	1.20E-01	1.38E-02	6.86E-02	1.69E+00	1.02E+00	-1.03E+00	-2.59E+01	3.35E+01	
group_4290	1.20E-01	1.38E-02	9.05E-01	1.48E-01	1.24E+00	-8.93E-01	-2.59E+01	3.51E+01	
group_4286	1.20E-01	6.48E-02	9.57E-01	-4.73E-02	8.69E-01	-8.77E-01	-2.61E+01	3.52E+01	
group_4280	1.20E-01	2.22E-04	1.00E+00	-5.81E-01	6.44E-01	-6.40E-01	-2.25E+01	2.97E+01	bad-chisq
group_4278	1.20E-01	6.48E-02	5.55E-01	5.18E-01	8.96E-01	-9.31E-01	-2.59E+01	3.47E+01	
group_4240	1.20E-01	2.22E-04	1.44E-01	1.79E+00	6.60E-01	-9.18E-01	-2.23E+01	3.11E+01	bad-chisq
group_4166	1.20E-01	2.22E-04	1.00E+00	-1.01E+00	5.85E-01	-6.53E-01	-2.26E+01	3.03E+01	bad-chisq
group_4131	1.20E-01	6.48E-02	5.55E-01	5.18E-01	8.96E-01	-9.31E-01	-2.59E+01	3.47E+01	
group_4071	1.20E-01	2.22E-04	1.44E-01	1.79E+00	6.60E-01	-9.18E-01	-2.23E+01	3.11E+01	bad-chisq
group_3973	1.20E-01	2.22E-04	1.44E-01	1.79E+00	6.60E-01	-9.18E-01	-2.23E+01	3.11E+01	bad-chisq
group_3817	1.20E-01	2.22E-04	1.44E-01	1.79E+00	6.60E-01	-9.18E-01	-2.23E+01	3.11E+01	bad-chisq
group_3685	1.20E-01	6.48E-02	5.55E-01	5.18E-01	8.96E-01	-9.31E-01	-2.59E+01	3.47E+01	
group_3659	1.20E-01	2.22E-04	1.44E-01	1.79E+00	6.60E-01	-9.18E-01	-2.23E+01	3.11E+01	bad-chisq
group_3562	1.20E-01	1.38E-02	4.37E-01	9.90E-01	1.29E+00	-9.93E-01	-2.72E+01	3.66E+01	
group_3488	1.20E-01	2.22E-04	1.00E+00	-7.05E-01	6.04E-01	-6.50E-01	-2.26E+01	3.00E+01	bad-chisq
group_3430	1.20E-01	1.38E-02	2.18E-01	1.27E+00	1.08E+00	-1.07E+00	-2.60E+01	3.61E+01	
group_3233	1.20E-01	1.38E-02	9.05E-01	1.48E-01	1.24E+00	-8.93E-01	-2.59E+01	3.51E+01	
group_3212	1.20E-01	2.22E-04	1.00E+00	1.66E-01	6.64E-01	-7.05E-01	-2.31E+01	3.08E+01	bad-chisq
group_3172	1.20E-01	2.22E-04	1.44E-01	1.79E+00	6.60E-01	-9.18E-01	-2.23E+01	3.11E+01	bad-chisq
group_3149	1.20E-01	2.22E-04	1.44E-01	1.79E+00	6.60E-01	-9.18E-01	-2.23E+01	3.11E+01	bad-chisq
group_3035	1.20E-01	2.22E-04	1.00E+00	1.18E-01	6.64E-01	-7.01E-01	-2.31E+01	3.07E+01	bad-chisq
group_3015	1.20E-01	5.38E-01	5.67E-01	-5.46E-01	9.53E-01	-8.09E-01	-2.60E+01	3.49E+01	
group_3007	1.20E-01	2.22E-04	4.47E-02	-3.43E+00	4.76E-01	-6.20E-01	-2.43E+01	3.18E+01	bad-chisq
group_2977	1.20E-01	6.48E-02	3.48E-01	1.14E+00	1.25E+00	-1.03E+00	-2.60E+01	3.63E+01	
group_2967	1.20E-01	1.00E+00	2.58E-01	-9.32E-01	8.21E-01	-7.82E-01	-2.66E+01	3.63E+01	
group_2942	1.20E-01	1.38E-02	5.69E-02	-1.88E+00	1.07E+00	-6.78E-01	-2.56E+01	3.51E+01	
group_2937	1.20E-01	2.22E-04	1.00E+00	-8.90E-01	5.79E-01	-6.67E-01	-2.27E+01	3.05E+01	bad-chisq
group_2927	1.20E-01	5.38E-01	9.07E-01	-1.20E-01	1.02E+00	-8.61E-01	-2.61E+01	3.51E+01	
group_2919	1.20E-01	1.38E-02	7.33E-01	-5.68E-01	1.67E+00	-8.33E-01	-2.57E+01	3.45E+01	
group_2910	1.20E-01	2.22E-04	1.00E+00	-1.98E-01	6.56E-01	-6.74E-01	-2.28E+01	3.02E+01	bad-chisq
group_2908	1.20E-01	2.09E-03	1.00E+00	3.70E-01	8.27E-01	-7.70E-01	-2.38E+01	3.18E+01	bad-chisq
group_2876	1.20E-01	2.09E-03	3.10E-01	2.15E+00	1.10E+00	-1.11E+00	-2.79E+01	3.85E+01	bad-chisq
group_2864	1.20E-01	5.38E-01	9.35E-01	8.30E-02	1.01E+00	-8.95E-01	-2.61E+01	3.53E+01	
group_2845	1.20E-01	5.38E-01	1.69E-01	-1.18E+00	8.78E-01	-7.67E-01	-2.62E+01	3.71E+01	
group_2796	1.20E-01	2.18E-01	9.15E-02	-1.57E+00	9.70E-01	-7.78E-01	-2.65E+01	3.74E+01	
group_2749	1.20E-01	2.18E-01	1.35E-01	-1.49E+00	1.02E+00	-8.41E-01	-2.70E+01	3.81E+01	
group_2740	1.20E-01	1.38E-02	9.05E-01	1.48E-01	1.24E+00	-8.93E-01	-2.59E+01	3.51E+01	
group_2723	1.20E-01	5.38E-01	3.05E-04	-3.56E+00	1.07E+00	-8.07E-01	-3.58E+01	4.76E+01	
group_2717	1.20E-01	5.38E-01	8.40E-01	2.37E-01	1.18E+00	-9.24E-01	-2.62E+01	3.57E+01	
group_2698	1.20E-01	5.38E-01	6.94E-01	-3.13E-01	7.94E-01	-8.50E-01	-2.62E+01	3.60E+01	
group_2654	1.20E-01	2.18E-01	9.35E-01	8.09E-02	9.93E-01	-8.93E-01	-2.60E+01	3.52E+01	
group_2650	1.20E-01	2.18E-01	1.35E-01	-1.49E+00	1.02E+00	-8.41E-01	-2.70E+01	3.81E+01	
group_2639	1.20E-01	2.22E-04	1.00E+00	4.88E-02	6.64E-01	-6.95E-01	-2.30E+01	3.06E+01	bad-chisq
group_2573	1.20E-01	5.38E-01	3.05E-04	-3.56E+00	1.07E+00	-8.07E-01	-3.58E+01	4.76E+01	
group_2535	1.20E-01	2.22E-04	1.00E+00	-6.97E-01	6.34E-01	-6.33E-01	-2.24E+01	2.97E+01	bad-chisq
group_2533	1.20E-01	5.38E-01	9.48E-01	7.11E-02	1.10E+00	-8.89E-01	-2.60E+01	3.52E+01	
group_2504	1.20E-01	2.22E-04	1.00E+00	-1.98E-01	6.56E-01	-6.74E-01	-2.28E+01	3.02E+01	bad-chisq
group_2470	1.20E-01	5.38E-01	3.05E-04	-3.56E+00	1.07E+00	-8.07E-01	-3.58E+01	4.76E+01	
group_2468	1.20E-01	5.38E-01	3.05E-04	-3.56E+00	1.07E+00	-8.07E-01	-3.58E+01	4.76E+01	
group_2460	1.20E-01	5.38E-01	3.05E-04	-3.56E+00	1.07E+00	-8.07E-01	-3.58E+01	4.76E+01	
group_2454	1.20E-01	5.38E-01	3.05E-04	-3.56E+00	1.07E+00	-8.07E-01	-3.58E+01	4.76E+01	
group_2415	1.20E-01	5.38E-01	3.05E-04	-3.56E+00	1.07E+00	-8.07E-01	-3.58E+01	4.76E+01	
group_2338	1.20E-01	5.38E-01	3.05E-04	-3.56E+00	1.07E+00	-8.07E-01	-3.58E+01	4.76E+01	
group_2301	1.20E-01	2.22E-04	1.44E-01	1.79E+00	6.60E-01	-9.18E-01	-2.23E+01	3.11E+01	bad-chisq
group_2259	1.20E-01	2.22E-04	1.00E+00	1.22E-01	6.64E-01	-7.02E-01	-2.31E+01	3.07E+01	bad-chisq
group_2229	1.20E-01	5.38E-01	7.51E-01	2.59E-01	8.18E-01	-9.06E-01	-2.60E+01	3.46E+01	
group_2156	1.20E-01	5.38E-01	3.05E-04	-3.56E+00	1.07E+00	-8.07E-01	-3.58E+01	4.76E+01	
group_2054	1.20E-01	1.38E-02	4.37E-01	9.90E-01	1.29E+00	-9.93E-01	-2.72E+01	3.66E+01	
group_1849	1.20E-01	2.09E-03	1.00E+00	3.67E-02	1.06E+00	-7.34E-01	-2.35E+01	3.15E+01	bad-chisq
group_1738	1.20E-01	5.38E-01	3.05E-04	-3.56E+00	1.07E+00	-8.07E-01	-3.58E+01	4.76E+01	
group_1721	1.20E-01	1.38E-02	4.44E-02	-1.96E+00	1.02E+00	-7.07E-01	-2.65E+01	3.61E+01	
group_1704	1.20E-01	5.38E-01	3.05E-04	-3.56E+00	1.07E+00	-8.07E-01	-3.58E+01	4.76E+01	
mazG	1.20E-01	1.38E-02	2.18E-01	1.27E+00	1.08E+00	-1.07E+00	-2.60E+01	3.61E+01	
group_1089	1.20E-01	2.22E-04	1.44E-01	1.79E+00	6.60E-01	-9.18E-01	-2.23E+01	3.11E+01	bad-chisq
group_1035	1.20E-01	2.22E-04	1.00E+00	-3.01E-01	6.42E-01	-6.70E-01	-2.27E+01	3.02E+01	bad-chisq
group_954	1.20E-01	2.09E-03	1.00E+00	3.67E-02	1.06E+00	-7.34E-01	-2.35E+01	3.15E+01	bad-chisq
group_953	1.20E-01	2.09E-03	1.00E+00	3.67E-02	1.06E+00	-7.34E-01	-2.35E+01	3.15E+01	bad-chisq
group_889	1.20E-01	2.09E-03	1.00E+00	3.67E-02	1.06E+00	-7.34E-01	-2.35E+01	3.15E+01	bad-chisq
group_738	1.20E-01	2.22E-04	1.00E+00	-5.81E-01	6.44E-01	-6.40E-01	-2.25E+01	2.97E+01	bad-chisq
group_725	1.20E-01	2.18E-01	5.50E-01	4.87E-01	8.19E-01	-9.27E-01	-2.59E+01	3.39E+01	
group_682	1.20E-01	2.22E-04	1.00E+00	-3.01E-01	6.42E-01	-6.70E-01	-2.27E+01	3.02E+01	bad-chisq
group_664	1.20E-01	5.38E-01	3.05E-04	-3.56E+00	1.07E+00	-8.07E-01	-3.58E+01	4.76E+01	
group_643	1.20E-01	5.38E-01	9.27E-04	-3.17E+00	1.03E+00	-6.75E-01	-3.38E+01	4.38E+01	
group_585	1.20E-01	5.38E-01	3.05E-04	-3.56E+00	1.07E+00	-8.07E-01	-3.58E+01	4.76E+01	
group_504	1.20E-01	5.38E-01	1.03E-01	-1.65E+00	9.88E-01	-7.68E-01	-2.81E+01	3.72E+01	
group_438	1.20E-01	2.22E-04	1.44E-01	1.79E+00	6.60E-01	-9.18E-01	-2.23E+01	3.11E+01	bad-chisq
group_404	1.20E-01	5.38E-01	8.02E-01	2.29E-01	9.16E-01	-9.12E-01	-2.61E+01	3.52E+01	
group_223	1.20E-01	2.22E-04	1.44E-01	1.79E+00	6.60E-01	-9.18E-01	-2.23E+01	3.11E+01	bad-chisq
group_205	1.20E-01	2.22E-04	1.71E-01	-1.87E+00	6.49E-01	-4.28E-01	-2.09E+01	2.69E+01	bad-chisq
group_169	1.20E-01	2.22E-04	1.00E+00	-1.01E+00	5.85E-01	-6.53E-01	-2.26E+01	3.03E+01	bad-chisq
group_82	1.20E-01	1.38E-02	4.37E-01	9.90E-01	1.29E+00	-9.93E-01	-2.72E+01	3.66E+01	
group_8143	1.10E-01	4.39E-04	1.00E+00	-4.67E-01	6.21E-01	-6.63E-01	-2.27E+01	3.02E+01	bad-chisq
group_8136	1.10E-01	4.39E-04	1.00E+00	-4.67E-01	6.21E-01	-6.63E-01	-2.27E+01	3.02E+01	bad-chisq
group_7616	1.10E-01	7.49E-01	5.59E-01	6.27E-01	1.08E+00	-9.71E-01	-2.65E+01	3.60E+01	
group_7427	1.10E-01	7.49E-01	3.06E-04	-3.56E+00	1.07E+00	-8.09E-01	-3.58E+01	4.77E+01	
group_7402	1.10E-01	4.02E-03	5.80E-03	-2.80E+00	9.27E-01	-6.67E-01	-2.64E+01	3.59E+01	bad-chisq
group_7108	1.10E-01	4.39E-04	6.14E-01	-1.57E+00	5.20E-01	-6.42E-01	-2.29E+01	3.04E+01	bad-chisq
group_7092	1.10E-01	7.49E-01	3.06E-04	-3.56E+00	1.07E+00	-8.09E-01	-3.58E+01	4.77E+01	
group_7019	1.10E-01	4.39E-04	1.00E+00	1.79E-01	6.63E-01	-7.07E-01	-2.31E+01	3.08E+01	bad-chisq
group_7018	1.10E-01	7.49E-01	8.32E-01	2.50E-01	1.18E+00	-9.25E-01	-2.62E+01	3.57E+01	
group_6977	1.10E-01	3.38E-01	4.22E-01	7.15E-01	8.97E-01	-1.01E+00	-2.70E+01	3.62E+01	
group_6893	1.10E-01	4.39E-04	1.00E+00	-2.35E-01	6.48E-01	-6.74E-01	-2.28E+01	3.03E+01	bad-chisq
group_6678	1.10E-01	4.39E-04	9.72E-02	1.92E+00	6.53E-01	-9.26E-01	-2.27E+01	3.11E+01	bad-chisq
group_6665	1.10E-01	4.02E-03	1.00E+00	6.81E-02	6.59E-01	-7.20E-01	-2.31E+01	3.09E+01	bad-chisq
group_6626	1.10E-01	3.38E-01	4.76E-01	8.68E-01	1.24E+00	-1.00E+00	-2.62E+01	3.62E+01	
group_6528	1.10E-01	3.38E-01	7.36E-01	2.78E-01	8.25E-01	-9.06E-01	-2.60E+01	3.45E+01	
group_6511	1.10E-01	3.38E-01	7.36E-01	2.78E-01	8.25E-01	-9.06E-01	-2.60E+01	3.45E+01	
group_6431	1.10E-01	4.39E-04	1.64E-01	1.75E+00	6.55E-01	-9.24E-01	-2.25E+01	3.14E+01	bad-chisq
group_6387	1.10E-01	4.02E-03	1.00E+00	4.48E-01	1.07E+00	-8.18E-01	-2.44E+01	3.29E+01	bad-chisq
group_6348	1.10E-01	3.38E-01	7.36E-01	2.78E-01	8.25E-01	-9.06E-01	-2.60E+01	3.45E+01	
group_6336	1.10E-01	4.39E-04	1.00E+00	-1.10E-01	6.51E-01	-6.84E-01	-2.29E+01	3.04E+01	bad-chisq
group_6315	1.10E-01	4.39E-04	1.00E+00	1.31E-01	6.62E-01	-7.03E-01	-2.31E+01	3.07E+01	bad-chisq
group_6234	1.10E-01	7.49E-01	6.70E-01	3.40E-01	7.98E-01	-9.26E-01	-2.62E+01	3.48E+01	
group_6216	1.10E-01	4.39E-04	1.00E+00	2.44E-01	6.62E-01	-7.12E-01	-2.32E+01	3.09E+01	bad-chisq
group_6148	1.10E-01	4.39E-04	1.64E-01	1.75E+00	6.55E-01	-9.24E-01	-2.25E+01	3.14E+01	bad-chisq
epsM	1.10E-01	7.49E-01	3.74E-01	-9.34E-01	1.06E+00	-7.14E-01	-2.65E+01	3.43E+01	
group_6142	1.10E-01	4.39E-04	1.00E+00	1.79E-01	6.63E-01	-7.07E-01	-2.31E+01	3.08E+01	bad-chisq
group_6020	1.10E-01	4.02E-03	1.00E+00	-1.46E-03	1.08E+00	-8.23E-01	-2.38E+01	3.23E+01	bad-chisq
group_5982	1.10E-01	4.02E-03	1.00E+00	-1.46E-03	1.08E+00	-8.23E-01	-2.38E+01	3.23E+01	bad-chisq
group_5888	1.10E-01	3.38E-01	7.36E-01	2.78E-01	8.25E-01	-9.06E-01	-2.60E+01	3.45E+01	
group_5874	1.10E-01	3.38E-01	7.36E-01	2.78E-01	8.25E-01	-9.06E-01	-2.60E+01	3.45E+01	
group_5783	1.10E-01	3.38E-01	7.36E-01	2.78E-01	8.25E-01	-9.06E-01	-2.60E+01	3.45E+01	
group_5644	1.10E-01	4.02E-03	1.00E+00	-1.46E-03	1.08E+00	-8.23E-01	-2.38E+01	3.23E+01	bad-chisq
group_5561	1.10E-01	4.39E-04	1.64E-01	1.75E+00	6.55E-01	-9.24E-01	-2.25E+01	3.14E+01	bad-chisq
group_5540	1.10E-01	3.38E-01	7.36E-01	2.78E-01	8.25E-01	-9.06E-01	-2.60E+01	3.45E+01	
group_5519	1.10E-01	3.38E-01	7.36E-01	2.78E-01	8.25E-01	-9.06E-01	-2.60E+01	3.45E+01	
group_5458	1.10E-01	4.39E-04	3.16E-01	-2.20E+00	4.80E-01	-7.11E-01	-2.36E+01	3.23E+01	bad-chisq
group_5393	1.10E-01	3.38E-01	7.36E-01	2.78E-01	8.25E-01	-9.06E-01	-2.60E+01	3.45E+01	
group_5342	1.10E-01	3.38E-01	7.36E-01	2.78E-01	8.25E-01	-9.06E-01	-2.60E+01	3.45E+01	
group_5225	1.10E-01	3.38E-01	7.36E-01	2.78E-01	8.25E-01	-9.06E-01	-2.60E+01	3.45E+01	
group_5205	1.10E-01	2.53E-02	3.90E-01	-9.25E-01	1.06E+00	-8.05E-01	-2.76E+01	3.63E+01	
group_5148	1.10E-01	3.38E-01	7.36E-01	2.78E-01	8.25E-01	-9.06E-01	-2.60E+01	3.45E+01	
group_5039	1.10E-01	4.39E-04	1.00E+00	9.34E-02	6.61E-01	-7.00E-01	-2.30E+01	3.07E+01	bad-chisq
group_4964	1.10E-01	7.49E-01	1.70E-01	-1.17E+00	8.79E-01	-7.70E-01	-2.62E+01	3.72E+01	
group_4945	1.10E-01	7.49E-01	6.70E-01	3.40E-01	7.98E-01	-9.26E-01	-2.62E+01	3.48E+01	
group_4860	1.10E-01	4.39E-04	1.00E+00	1.79E-01	6.63E-01	-7.07E-01	-2.31E+01	3.08E+01	bad-chisq
group_4839	1.10E-01	2.53E-02	3.90E-01	-9.25E-01	1.06E+00	-8.05E-01	-2.76E+01	3.63E+01	
group_4791	1.10E-01	4.39E-04	1.00E+00	-1.10E-01	6.51E-01	-6.84E-01	-2.29E+01	3.04E+01	bad-chisq
group_4718	1.10E-01	4.39E-04	1.00E+00	1.79E-01	6.63E-01	-7.07E-01	-2.31E+01	3.08E+01	bad-chisq
group_4716	1.10E-01	3.38E-01	4.49E-01	8.37E-01	1.13E+00	-9.79E-01	-2.63E+01	3.58E+01	
group_4694	1.10E-01	3.38E-01	7.36E-01	2.78E-01	8.25E-01	-9.06E-01	-2.60E+01	3.45E+01	
group_4600	1.10E-01	3.38E-01	1.31E-01	-1.48E+00	1.01E+00	-8.21E-01	-2.67E+01	3.77E+01	
group_4520	1.10E-01	3.38E-01	4.49E-01	8.37E-01	1.13E+00	-9.79E-01	-2.63E+01	3.58E+01	
group_4475	1.10E-01	4.02E-03	1.00E+00	-1.46E-03	1.08E+00	-8.23E-01	-2.38E+01	3.23E+01	bad-chisq
group_4437	1.10E-01	4.02E-03	1.00E+00	-1.46E-03	1.08E+00	-8.23E-01	-2.38E+01	3.23E+01	bad-chisq
group_4365	1.10E-01	3.38E-01	7.36E-01	2.78E-01	8.25E-01	-9.06E-01	-2.60E+01	3.45E+01	
group_4351	1.10E-01	4.39E-04	1.00E+00	2.44E-01	6.62E-01	-7.12E-01	-2.32E+01	3.09E+01	bad-chisq
group_4336	1.10E-01	4.39E-04	1.00E+00	1.79E-01	6.63E-01	-7.07E-01	-2.31E+01	3.08E+01	bad-chisq
group_4305	1.10E-01	4.02E-03	1.00E+00	-1.46E-03	1.08E+00	-8.23E-01	-2.38E+01	3.23E+01	bad-chisq
group_4199	1.10E-01	4.02E-03	1.00E+00	-1.46E-03	1.08E+00	-8.23E-01	-2.38E+01	3.23E+01	bad-chisq
group_4196	1.10E-01	3.38E-01	7.36E-01	2.78E-01	8.25E-01	-9.06E-01	-2.60E+01	3.45E+01	
group_4144	1.10E-01	7.49E-01	1.70E-01	-1.17E+00	8.79E-01	-7.70E-01	-2.62E+01	3.72E+01	
group_4142	1.10E-01	4.02E-03	1.00E+00	-1.46E-03	1.08E+00	-8.23E-01	-2.38E+01	3.23E+01	bad-chisq
group_4103	1.10E-01	4.02E-03	1.00E+00	-1.46E-03	1.08E+00	-8.23E-01	-2.38E+01	3.23E+01	bad-chisq
group_4031	1.10E-01	4.02E-03	2.79E-01	2.24E+00	1.09E+00	-1.11E+00	-2.79E+01	3.85E+01	bad-chisq
group_3981	1.10E-01	4.39E-04	2.00E-01	1.78E+00	6.60E-01	-9.52E-01	-2.21E+01	3.18E+01	bad-chisq
group_3944	1.10E-01	4.02E-03	1.00E+00	-1.46E-03	1.08E+00	-8.23E-01	-2.38E+01	3.23E+01	bad-chisq
group_3830	1.10E-01	7.49E-01	1.86E-01	-1.15E+00	8.85E-01	-7.85E-01	-2.63E+01	3.80E+01	
group_3764	1.10E-01	4.39E-04	1.00E+00	2.44E-01	6.62E-01	-7.12E-01	-2.32E+01	3.09E+01	bad-chisq
group_3640	1.10E-01	2.53E-02	3.90E-01	-9.25E-01	1.06E+00	-8.05E-01	-2.76E+01	3.63E+01	
group_3629	1.10E-01	3.38E-01	7.43E-01	2.77E-01	8.44E-01	-9.03E-01	-2.60E+01	3.45E+01	
group_3419	1.10E-01	4.02E-03	2.79E-01	2.24E+00	1.09E+00	-1.11E+00	-2.79E+01	3.85E+01	bad-chisq
group_3305	1.10E-01	2.53E-02	3.90E-01	-9.25E-01	1.06E+00	-8.05E-01	-2.76E+01	3.63E+01	
group_3183	1.10E-01	4.39E-04	2.00E-01	1.78E+00	6.60E-01	-9.52E-01	-2.21E+01	3.18E+01	bad-chisq
group_3017	1.10E-01	4.39E-04	1.00E+00	-2.68E-01	6.39E-01	-6.75E-01	-2.28E+01	3.03E+01	bad-chisq
group_2996	1.10E-01	4.39E-04	1.00E+00	-2.68E-01	6.39E-01	-6.75E-01	-2.28E+01	3.03E+01	bad-chisq
group_2994	1.10E-01	4.39E-04	1.00E+00	-2.68E-01	6.39E-01	-6.75E-01	-2.28E+01	3.03E+01	bad-chisq
group_2982	1.10E-01	7.49E-01	2.70E-01	-9.92E-01	9.15E-01	-8.13E-01	-2.63E+01	3.70E+01	
group_2965	1.10E-01	4.39E-04	1.00E+00	9.34E-02	6.61E-01	-7.00E-01	-2.30E+01	3.07E+01	bad-chisq
group_2951	1.10E-01	7.49E-01	2.70E-01	-9.92E-01	9.15E-01	-8.13E-01	-2.63E+01	3.70E+01	
group_2940	1.10E-01	4.39E-04	1.00E+00	-2.68E-01	6.39E-01	-6.75E-01	-2.28E+01	3.03E+01	bad-chisq
alpA	1.10E-01	3.38E-01	1.66E-01	1.97E+00	1.42E+00	-1.21E+00	-2.91E+01	4.06E+01	
group_2894	1.10E-01	1.10E-01	2.71E-01	-1.13E+00	1.04E+00	-6.99E-01	-2.57E+01	3.38E+01	
group_2840	1.10E-01	4.39E-04	1.00E+00	9.34E-02	6.61E-01	-7.00E-01	-2.30E+01	3.07E+01	bad-chisq
ezrA	1.10E-01	4.02E-03	1.00E+00	-1.46E-03	1.08E+00	-8.23E-01	-2.38E+01	3.23E+01	bad-chisq
group_2810	1.10E-01	4.39E-04	1.00E+00	-9.56E-01	5.71E-01	-6.69E-01	-2.28E+01	3.06E+01	bad-chisq
group_2773	1.10E-01	4.39E-04	1.00E+00	-9.56E-01	5.71E-01	-6.69E-01	-2.28E+01	3.06E+01	bad-chisq
group_2745	1.10E-01	4.39E-04	3.16E-01	-2.20E+00	4.80E-01	-7.11E-01	-2.36E+01	3.23E+01	bad-chisq
dnaT	1.10E-01	7.49E-01	8.32E-01	2.50E-01	1.18E+00	-9.25E-01	-2.62E+01	3.57E+01	
group_2728	1.10E-01	7.49E-01	8.32E-01	2.50E-01	1.18E+00	-9.25E-01	-2.62E+01	3.57E+01	
group_2655	1.10E-01	4.39E-04	3.64E-06	-5.27E+00	6.05E-01	-7.98E-01	-3.16E+01	4.51E+01	bad-chisq
group_2652	1.10E-01	3.38E-01	6.97E-01	3.43E-01	8.85E-01	-9.23E-01	-2.61E+01	3.51E+01	
group_2576	1.10E-01	7.49E-01	4.62E-01	-6.90E-01	9.35E-01	-8.11E-01	-2.62E+01	3.54E+01	
group_2556	1.10E-01	4.02E-03	1.00E+00	-6.27E-02	1.03E+00	-7.19E-01	-2.34E+01	3.12E+01	bad-chisq
group_2540	1.10E-01	1.10E-01	6.55E-02	-1.71E+00	9.85E-01	-7.30E-01	-2.59E+01	3.70E+01	
group_2538	1.10E-01	4.39E-04	1.00E+00	2.94E-01	6.59E-01	-7.16E-01	-2.32E+01	3.10E+01	bad-chisq
group_2517	1.10E-01	7.49E-01	8.32E-01	2.50E-01	1.18E+00	-9.25E-01	-2.62E+01	3.57E+01	
group_2350	1.10E-01	4.02E-03	1.35E-04	-3.57E+00	9.58E-01	-5.69E-01	-2.67E+01	3.86E+01	bad-chisq
group_2225	1.10E-01	7.49E-01	3.06E-04	-3.56E+00	1.07E+00	-8.09E-01	-3.58E+01	4.77E+01	
group_2165	1.10E-01	4.39E-04	1.00E+00	1.31E-01	6.62E-01	-7.03E-01	-2.31E+01	3.07E+01	bad-chisq
group_2154	1.10E-01	4.39E-04	1.00E+00	-9.88E-01	5.69E-01	-6.45E-01	-2.27E+01	3.01E+01	bad-chisq
group_1914	1.10E-01	7.49E-01	3.06E-04	-3.56E+00	1.07E+00	-8.09E-01	-3.58E+01	4.77E+01	
group_1908	1.10E-01	7.49E-01	3.06E-04	-3.56E+00	1.07E+00	-8.09E-01	-3.58E+01	4.77E+01	
group_1865	1.10E-01	3.38E-01	1.66E-01	1.97E+00	1.42E+00	-1.21E+00	-2.91E+01	4.06E+01	
group_1793	1.10E-01	4.02E-03	1.00E+00	8.84E-02	1.05E+00	-7.46E-01	-2.36E+01	3.17E+01	bad-chisq
group_1478	1.10E-01	4.39E-04	1.62E-05	-4.58E+00	6.17E-01	-4.91E-01	-2.85E+01	3.84E+01	bad-chisq
group_1421	1.10E-01	4.39E-04	8.99E-02	-3.48E+00	4.47E-01	-6.50E-01	-2.46E+01	3.18E+01	bad-chisq
group_1388	1.10E-01	3.38E-01	5.72E-01	5.83E-01	1.04E+00	-9.65E-01	-2.63E+01	3.58E+01	
group_1334	1.10E-01	7.49E-01	3.06E-04	-3.56E+00	1.07E+00	-8.09E-01	-3.58E+01	4.77E+01	
group_1142	1.10E-01	7.49E-01	1.86E-01	-1.15E+00	8.85E-01	-7.85E-01	-2.63E+01	3.80E+01	
group_1111	1.10E-01	4.39E-04	6.14E-01	-1.57E+00	5.20E-01	-6.42E-01	-2.29E+01	3.04E+01	bad-chisq
group_1101	1.10E-01	7.49E-01	3.06E-04	-3.56E+00	1.07E+00	-8.09E-01	-3.58E+01	4.77E+01	
group_1100	1.10E-01	7.49E-01	3.06E-04	-3.56E+00	1.07E+00	-8.09E-01	-3.58E+01	4.77E+01	
group_1054	1.10E-01	7.49E-01	8.32E-01	2.50E-01	1.18E+00	-9.25E-01	-2.62E+01	3.57E+01	
group_963	1.10E-01	4.39E-04	1.00E+00	-2.35E-01	6.48E-01	-6.74E-01	-2.28E+01	3.03E+01	bad-chisq
group_962	1.10E-01	4.39E-04	1.00E+00	-2.35E-01	6.48E-01	-6.74E-01	-2.28E+01	3.03E+01	bad-chisq
group_812	1.10E-01	4.02E-03	1.00E+00	6.81E-02	6.59E-01	-7.20E-01	-2.31E+01	3.09E+01	bad-chisq
group_804	1.10E-01	4.02E-03	1.00E+00	4.89E-01	8.03E-01	-7.77E-01	-2.38E+01	3.18E+01	bad-chisq
group_647	1.10E-01	2.53E-02	1.68E-01	1.40E+00	1.07E+00	-1.07E+00	-2.66E+01	3.62E+01	
group_589	1.10E-01	4.39E-04	6.14E-01	-1.57E+00	5.20E-01	-6.42E-01	-2.29E+01	3.04E+01	bad-chisq
group_536	1.10E-01	4.39E-04	1.75E-01	1.70E+00	6.53E-01	-9.07E-01	-2.25E+01	3.12E+01	bad-chisq
group_510	1.10E-01	4.39E-04	6.14E-01	-1.57E+00	5.20E-01	-6.42E-01	-2.29E+01	3.04E+01	bad-chisq
group_414	1.10E-01	2.53E-02	3.90E-01	-9.25E-01	1.06E+00	-8.05E-01	-2.76E+01	3.63E+01	
group_338	1.10E-01	4.02E-03	1.00E+00	-1.46E-03	1.08E+00	-8.23E-01	-2.38E+01	3.23E+01	bad-chisq
group_296	1.10E-01	4.39E-04	1.00E+00	-1.10E-01	6.51E-01	-6.84E-01	-2.29E+01	3.04E+01	bad-chisq
group_230	1.10E-01	3.38E-01	1.36E-01	-1.49E+00	1.02E+00	-8.44E-01	-2.70E+01	3.81E+01	
group_8408	1.00E-01	8.58E-04	1.00E+00	2.94E-01	6.59E-01	-7.16E-01	-2.32E+01	3.10E+01	bad-chisq
group_8266	1.00E-01	8.58E-04	1.00E+00	2.94E-01	6.59E-01	-7.16E-01	-2.32E+01	3.10E+01	bad-chisq
group_8265	1.00E-01	8.58E-04	1.00E+00	2.94E-01	6.59E-01	-7.16E-01	-2.32E+01	3.10E+01	bad-chisq
group_8264	1.00E-01	8.58E-04	1.00E+00	2.94E-01	6.59E-01	-7.16E-01	-2.32E+01	3.10E+01	bad-chisq
group_8263	1.00E-01	8.58E-04	1.00E+00	2.94E-01	6.59E-01	-7.16E-01	-2.32E+01	3.10E+01	bad-chisq
group_8262	1.00E-01	8.58E-04	1.00E+00	2.94E-01	6.59E-01	-7.16E-01	-2.32E+01	3.10E+01	bad-chisq
group_8261	1.00E-01	8.58E-04	1.00E+00	2.94E-01	6.59E-01	-7.16E-01	-2.32E+01	3.10E+01	bad-chisq
group_8260	1.00E-01	8.58E-04	1.00E+00	2.94E-01	6.59E-01	-7.16E-01	-2.32E+01	3.10E+01	bad-chisq
group_8259	1.00E-01	8.58E-04	1.00E+00	2.94E-01	6.59E-01	-7.16E-01	-2.32E+01	3.10E+01	bad-chisq
group_8258	1.00E-01	8.58E-04	1.00E+00	2.94E-01	6.59E-01	-7.16E-01	-2.32E+01	3.10E+01	bad-chisq
group_8257	1.00E-01	8.58E-04	1.00E+00	2.94E-01	6.59E-01	-7.16E-01	-2.32E+01	3.10E+01	bad-chisq
group_8256	1.00E-01	8.58E-04	1.00E+00	2.94E-01	6.59E-01	-7.16E-01	-2.32E+01	3.10E+01	bad-chisq
group_8255	1.00E-01	8.58E-04	1.00E+00	2.94E-01	6.59E-01	-7.16E-01	-2.32E+01	3.10E+01	bad-chisq
group_8254	1.00E-01	8.58E-04	1.00E+00	2.94E-01	6.59E-01	-7.16E-01	-2.32E+01	3.10E+01	bad-chisq
group_8253	1.00E-01	8.58E-04	1.00E+00	2.94E-01	6.59E-01	-7.16E-01	-2.32E+01	3.10E+01	bad-chisq
group_8252	1.00E-01	8.58E-04	1.00E+00	2.94E-01	6.59E-01	-7.16E-01	-2.32E+01	3.10E+01	bad-chisq
group_8251	1.00E-01	8.58E-04	1.00E+00	2.94E-01	6.59E-01	-7.16E-01	-2.32E+01	3.10E+01	bad-chisq
group_8250	1.00E-01	8.58E-04	1.00E+00	2.94E-01	6.59E-01	-7.16E-01	-2.32E+01	3.10E+01	bad-chisq
group_8249	1.00E-01	8.58E-04	1.00E+00	2.94E-01	6.59E-01	-7.16E-01	-2.32E+01	3.10E+01	bad-chisq
group_8248	1.00E-01	8.58E-04	1.00E+00	2.94E-01	6.59E-01	-7.16E-01	-2.32E+01	3.10E+01	bad-chisq
group_8247	1.00E-01	8.58E-04	1.00E+00	2.94E-01	6.59E-01	-7.16E-01	-2.32E+01	3.10E+01	bad-chisq
group_8246	1.00E-01	8.58E-04	1.00E+00	2.94E-01	6.59E-01	-7.16E-01	-2.32E+01	3.10E+01	bad-chisq
group_8245	1.00E-01	8.58E-04	1.00E+00	2.94E-01	6.59E-01	-7.16E-01	-2.32E+01	3.10E+01	bad-chisq
group_8244	1.00E-01	8.58E-04	1.00E+00	2.94E-01	6.59E-01	-7.16E-01	-2.32E+01	3.10E+01	bad-chisq
group_8243	1.00E-01	8.58E-04	1.00E+00	2.94E-01	6.59E-01	-7.16E-01	-2.32E+01	3.10E+01	bad-chisq
group_8242	1.00E-01	8.58E-04	1.00E+00	2.94E-01	6.59E-01	-7.16E-01	-2.32E+01	3.10E+01	bad-chisq
group_8241	1.00E-01	8.58E-04	1.00E+00	2.94E-01	6.59E-01	-7.16E-01	-2.32E+01	3.10E+01	bad-chisq
group_8240	1.00E-01	8.58E-04	1.00E+00	2.94E-01	6.59E-01	-7.16E-01	-2.32E+01	3.10E+01	bad-chisq
group_8239	1.00E-01	8.58E-04	1.00E+00	2.94E-01	6.59E-01	-7.16E-01	-2.32E+01	3.10E+01	bad-chisq
group_8238	1.00E-01	8.58E-04	1.00E+00	2.94E-01	6.59E-01	-7.16E-01	-2.32E+01	3.10E+01	bad-chisq
group_8237	1.00E-01	8.58E-04	1.00E+00	2.94E-01	6.59E-01	-7.16E-01	-2.32E+01	3.10E+01	bad-chisq
group_8236	1.00E-01	8.58E-04	1.00E+00	2.94E-01	6.59E-01	-7.16E-01	-2.32E+01	3.10E+01	bad-chisq
group_8235	1.00E-01	8.58E-04	1.00E+00	2.94E-01	6.59E-01	-7.16E-01	-2.32E+01	3.10E+01	bad-chisq
group_8234	1.00E-01	8.58E-04	1.00E+00	2.94E-01	6.59E-01	-7.16E-01	-2.32E+01	3.10E+01	bad-chisq
group_8233	1.00E-01	8.58E-04	1.00E+00	2.94E-01	6.59E-01	-7.16E-01	-2.32E+01	3.10E+01	bad-chisq
group_8232	1.00E-01	8.58E-04	1.00E+00	2.94E-01	6.59E-01	-7.16E-01	-2.32E+01	3.10E+01	bad-chisq
group_8231	1.00E-01	8.58E-04	1.00E+00	2.94E-01	6.59E-01	-7.16E-01	-2.32E+01	3.10E+01	bad-chisq
group_8230	1.00E-01	8.58E-04	1.00E+00	2.94E-01	6.59E-01	-7.16E-01	-2.32E+01	3.10E+01	bad-chisq
group_8229	1.00E-01	8.58E-04	1.00E+00	2.94E-01	6.59E-01	-7.16E-01	-2.32E+01	3.10E+01	bad-chisq
group_8228	1.00E-01	8.58E-04	1.00E+00	2.94E-01	6.59E-01	-7.16E-01	-2.32E+01	3.10E+01	bad-chisq
group_8141	1.00E-01	8.58E-04	1.00E+00	2.94E-01	6.59E-01	-7.16E-01	-2.32E+01	3.10E+01	bad-chisq
group_8139	1.00E-01	8.58E-04	1.00E+00	2.94E-01	6.59E-01	-7.16E-01	-2.32E+01	3.10E+01	bad-chisq
group_8138	1.00E-01	8.58E-04	1.00E+00	2.94E-01	6.59E-01	-7.16E-01	-2.32E+01	3.10E+01	bad-chisq
group_8135	1.00E-01	8.58E-04	1.00E+00	2.94E-01	6.59E-01	-7.16E-01	-2.32E+01	3.10E+01	bad-chisq
group_8032	1.00E-01	8.58E-04	1.00E+00	2.94E-01	6.59E-01	-7.16E-01	-2.32E+01	3.10E+01	bad-chisq
aph3VIb	1.00E-01	1.82E-01	3.48E-02	-1.84E+00	8.94E-01	-7.42E-01	-2.73E+01	3.83E+01	
group_7816	1.00E-01	1.82E-01	3.48E-02	-1.84E+00	8.94E-01	-7.42E-01	-2.73E+01	3.83E+01	
blaPER1	1.00E-01	1.82E-01	3.48E-02	-1.84E+00	8.94E-01	-7.42E-01	-2.73E+01	3.83E+01	
group_7526	1.00E-01	1.82E-01	2.71E-02	3.30E+00	1.57E+00	-1.36E+00	-2.99E+01	4.23E+01	
group_6999	1.00E-01	8.58E-04	4.47E-01	-1.39E+00	6.57E-01	-5.03E-01	-2.14E+01	2.76E+01	bad-chisq
group_6908	1.00E-01	1.00E+00	1.00E+00	-1.07E-01	9.60E-01	-7.54E-01	-2.35E+01	3.15E+01	bad-chisq
group_6894	1.00E-01	7.66E-03	5.36E-01	8.36E-01	9.19E-01	-8.96E-01	-2.33E+01	3.25E+01	bad-chisq
aac6Ib~~~aac6Ib	1.00E-01	5.05E-01	3.93E-01	-8.25E-01	9.62E-01	-8.41E-01	-2.65E+01	3.64E+01	
group_6803	1.00E-01	1.82E-01	2.71E-02	3.30E+00	1.57E+00	-1.36E+00	-2.99E+01	4.23E+01	
group_6756	1.00E-01	5.05E-01	9.31E-01	-7.39E-02	8.58E-01	-8.75E-01	-2.61E+01	3.53E+01	
group_6681	1.00E-01	8.58E-04	1.00E+00	2.94E-01	6.59E-01	-7.16E-01	-2.32E+01	3.10E+01	bad-chisq
group_6680	1.00E-01	8.58E-04	1.00E+00	2.94E-01	6.59E-01	-7.16E-01	-2.32E+01	3.10E+01	bad-chisq
group_6666	1.00E-01	7.66E-03	1.00E+00	1.92E-01	6.51E-01	-7.28E-01	-2.32E+01	3.10E+01	bad-chisq
group_6657	1.00E-01	4.55E-02	6.65E-03	-2.49E+00	9.81E-01	-6.74E-01	-2.82E+01	3.85E+01	
group_6640	1.00E-01	8.58E-04	1.00E+00	2.94E-01	6.59E-01	-7.16E-01	-2.32E+01	3.10E+01	bad-chisq
group_6611	1.00E-01	8.58E-04	1.00E+00	2.94E-01	6.59E-01	-7.16E-01	-2.32E+01	3.10E+01	bad-chisq
group_6607	1.00E-01	4.55E-02	8.07E-01	-2.43E-01	9.85E-01	-8.73E-01	-2.63E+01	3.56E+01	
group_6578	1.00E-01	8.58E-04	1.00E+00	2.94E-01	6.59E-01	-7.16E-01	-2.32E+01	3.10E+01	bad-chisq
group_6552	1.00E-01	8.58E-04	1.00E+00	2.94E-01	6.59E-01	-7.16E-01	-2.32E+01	3.10E+01	bad-chisq
group_6506	1.00E-01	8.58E-04	1.00E+00	2.94E-01	6.59E-01	-7.16E-01	-2.32E+01	3.10E+01	bad-chisq
group_6505	1.00E-01	8.58E-04	1.00E+00	2.94E-01	6.59E-01	-7.16E-01	-2.32E+01	3.10E+01	bad-chisq
group_6491	1.00E-01	8.58E-04	1.00E+00	2.94E-01	6.59E-01	-7.16E-01	-2.32E+01	3.10E+01	bad-chisq
group_6476	1.00E-01	8.58E-04	1.00E+00	2.94E-01	6.59E-01	-7.16E-01	-2.32E+01	3.10E+01	bad-chisq
group_6471	1.00E-01	7.66E-03	5.36E-01	8.36E-01	9.19E-01	-8.96E-01	-2.33E+01	3.25E+01	bad-chisq
group_6465	1.00E-01	8.58E-04	1.00E+00	2.94E-01	6.59E-01	-7.16E-01	-2.32E+01	3.10E+01	bad-chisq
group_6427	1.00E-01	8.58E-04	1.00E+00	2.94E-01	6.59E-01	-7.16E-01	-2.32E+01	3.10E+01	bad-chisq
group_6383	1.00E-01	8.58E-04	1.00E+00	2.94E-01	6.59E-01	-7.16E-01	-2.32E+01	3.10E+01	bad-chisq
group_6353	1.00E-01	8.58E-04	1.00E+00	2.94E-01	6.59E-01	-7.16E-01	-2.32E+01	3.10E+01	bad-chisq
group_6342	1.00E-01	8.58E-04	1.00E+00	2.94E-01	6.59E-01	-7.16E-01	-2.32E+01	3.10E+01	bad-chisq
group_6341	1.00E-01	8.58E-04	1.00E+00	2.94E-01	6.59E-01	-7.16E-01	-2.32E+01	3.10E+01	bad-chisq
group_6318	1.00E-01	8.58E-04	1.00E+00	2.94E-01	6.59E-01	-7.16E-01	-2.32E+01	3.10E+01	bad-chisq
group_6317	1.00E-01	8.58E-04	1.00E+00	2.94E-01	6.59E-01	-7.16E-01	-2.32E+01	3.10E+01	bad-chisq
group_6301	1.00E-01	8.58E-04	1.00E+00	2.94E-01	6.59E-01	-7.16E-01	-2.32E+01	3.10E+01	bad-chisq
group_6273	1.00E-01	8.58E-04	2.74E-01	1.61E+00	6.56E-01	-9.30E-01	-2.24E+01	3.19E+01	bad-chisq
group_6267	1.00E-01	8.58E-04	1.00E+00	2.94E-01	6.59E-01	-7.16E-01	-2.32E+01	3.10E+01	bad-chisq
group_6258	1.00E-01	7.66E-03	3.02E-01	8.58E-01	1.02E+00	-8.62E-01	-2.35E+01	3.13E+01	bad-chisq
group_6224	1.00E-01	8.58E-04	1.00E+00	2.94E-01	6.59E-01	-7.16E-01	-2.32E+01	3.10E+01	bad-chisq
group_6204	1.00E-01	8.58E-04	1.00E+00	2.94E-01	6.59E-01	-7.16E-01	-2.32E+01	3.10E+01	bad-chisq
group_6203	1.00E-01	8.58E-04	1.00E+00	2.94E-01	6.59E-01	-7.16E-01	-2.32E+01	3.10E+01	bad-chisq
group_6164	1.00E-01	8.58E-04	1.00E+00	2.94E-01	6.59E-01	-7.16E-01	-2.32E+01	3.10E+01	bad-chisq
group_6119	1.00E-01	8.58E-04	1.00E+00	2.94E-01	6.59E-01	-7.16E-01	-2.32E+01	3.10E+01	bad-chisq
group_6118	1.00E-01	8.58E-04	1.00E+00	2.94E-01	6.59E-01	-7.16E-01	-2.32E+01	3.10E+01	bad-chisq
group_6081	1.00E-01	8.58E-04	1.00E+00	2.94E-01	6.59E-01	-7.16E-01	-2.32E+01	3.10E+01	bad-chisq
group_6080	1.00E-01	8.58E-04	1.00E+00	2.94E-01	6.59E-01	-7.16E-01	-2.32E+01	3.10E+01	bad-chisq
group_6032	1.00E-01	8.58E-04	1.00E+00	2.94E-01	6.59E-01	-7.16E-01	-2.32E+01	3.10E+01	bad-chisq
group_6018	1.00E-01	8.58E-04	1.00E+00	2.94E-01	6.59E-01	-7.16E-01	-2.32E+01	3.10E+01	bad-chisq
group_6008	1.00E-01	1.00E+00	1.00E+00	-1.07E-01	9.60E-01	-7.54E-01	-2.35E+01	3.15E+01	bad-chisq
group_5992	1.00E-01	8.58E-04	1.00E+00	2.94E-01	6.59E-01	-7.16E-01	-2.32E+01	3.10E+01	bad-chisq
group_5991	1.00E-01	8.58E-04	1.00E+00	2.94E-01	6.59E-01	-7.16E-01	-2.32E+01	3.10E+01	bad-chisq
group_5958	1.00E-01	8.58E-04	1.00E+00	2.94E-01	6.59E-01	-7.16E-01	-2.32E+01	3.10E+01	bad-chisq
group_5953	1.00E-01	1.82E-01	4.79E-01	-6.57E-01	9.13E-01	-8.53E-01	-2.67E+01	3.65E+01	
group_5911	1.00E-01	8.58E-04	1.00E+00	2.94E-01	6.59E-01	-7.16E-01	-2.32E+01	3.10E+01	bad-chisq
group_5896	1.00E-01	8.58E-04	1.00E+00	2.94E-01	6.59E-01	-7.16E-01	-2.32E+01	3.10E+01	bad-chisq
group_5878	1.00E-01	8.58E-04	1.00E+00	2.94E-01	6.59E-01	-7.16E-01	-2.32E+01	3.10E+01	bad-chisq
group_5877	1.00E-01	8.58E-04	1.00E+00	2.94E-01	6.59E-01	-7.16E-01	-2.32E+01	3.10E+01	bad-chisq
group_5853	1.00E-01	1.00E+00	1.00E+00	-1.07E-01	9.60E-01	-7.54E-01	-2.35E+01	3.15E+01	bad-chisq
group_5838	1.00E-01	8.58E-04	2.74E-01	1.61E+00	6.56E-01	-9.30E-01	-2.24E+01	3.19E+01	bad-chisq
group_5834	1.00E-01	8.58E-04	1.00E+00	2.94E-01	6.59E-01	-7.16E-01	-2.32E+01	3.10E+01	bad-chisq
group_5833	1.00E-01	8.58E-04	1.00E+00	2.94E-01	6.59E-01	-7.16E-01	-2.32E+01	3.10E+01	bad-chisq
group_5829	1.00E-01	1.82E-01	4.49E-01	8.37E-01	1.13E+00	-9.79E-01	-2.63E+01	3.58E+01	
group_5804	1.00E-01	8.58E-04	1.00E+00	2.94E-01	6.59E-01	-7.16E-01	-2.32E+01	3.10E+01	bad-chisq
group_5790	1.00E-01	7.66E-03	5.36E-01	8.36E-01	9.19E-01	-8.96E-01	-2.33E+01	3.25E+01	bad-chisq
group_5753	1.00E-01	1.82E-01	4.42E-01	9.80E-01	1.31E+00	-9.98E-01	-2.62E+01	3.62E+01	
group_5739	1.00E-01	1.00E+00	1.00E+00	-1.07E-01	9.60E-01	-7.54E-01	-2.35E+01	3.15E+01	bad-chisq
group_5732	1.00E-01	8.58E-04	1.00E+00	2.94E-01	6.59E-01	-7.16E-01	-2.32E+01	3.10E+01	bad-chisq
group_5689	1.00E-01	1.00E+00	1.00E+00	-1.07E-01	9.60E-01	-7.54E-01	-2.35E+01	3.15E+01	bad-chisq
group_5654	1.00E-01	8.58E-04	1.00E+00	2.94E-01	6.59E-01	-7.16E-01	-2.32E+01	3.10E+01	bad-chisq
group_5618	1.00E-01	8.58E-04	1.00E+00	2.94E-01	6.59E-01	-7.16E-01	-2.32E+01	3.10E+01	bad-chisq
group_5484	1.00E-01	8.58E-04	1.00E+00	2.94E-01	6.59E-01	-7.16E-01	-2.32E+01	3.10E+01	bad-chisq
group_5452	1.00E-01	1.82E-01	4.49E-01	8.37E-01	1.13E+00	-9.79E-01	-2.63E+01	3.58E+01	
group_5449	1.00E-01	1.00E+00	1.00E+00	-1.07E-01	9.60E-01	-7.54E-01	-2.35E+01	3.15E+01	bad-chisq
group_5430	1.00E-01	8.58E-04	1.00E+00	2.94E-01	6.59E-01	-7.16E-01	-2.32E+01	3.10E+01	bad-chisq
group_5408	1.00E-01	8.58E-04	1.00E+00	2.94E-01	6.59E-01	-7.16E-01	-2.32E+01	3.10E+01	bad-chisq
group_5407	1.00E-01	8.58E-04	1.00E+00	2.94E-01	6.59E-01	-7.16E-01	-2.32E+01	3.10E+01	bad-chisq
group_5382	1.00E-01	8.58E-04	1.00E+00	2.94E-01	6.59E-01	-7.16E-01	-2.32E+01	3.10E+01	bad-chisq
group_5337	1.00E-01	5.05E-01	9.45E-01	-6.10E-02	8.87E-01	-8.76E-01	-2.61E+01	3.53E+01	
group_5317	1.00E-01	8.58E-04	1.00E+00	2.94E-01	6.59E-01	-7.16E-01	-2.32E+01	3.10E+01	bad-chisq
group_5316	1.00E-01	8.58E-04	1.00E+00	2.94E-01	6.59E-01	-7.16E-01	-2.32E+01	3.10E+01	bad-chisq
group_5295	1.00E-01	1.82E-01	4.42E-01	9.80E-01	1.31E+00	-9.98E-01	-2.62E+01	3.62E+01	
group_5270	1.00E-01	8.58E-04	1.00E+00	2.94E-01	6.59E-01	-7.16E-01	-2.32E+01	3.10E+01	bad-chisq
group_5201	1.00E-01	8.58E-04	1.00E+00	2.94E-01	6.59E-01	-7.16E-01	-2.32E+01	3.10E+01	bad-chisq
group_5190	1.00E-01	8.58E-04	1.00E+00	2.94E-01	6.59E-01	-7.16E-01	-2.32E+01	3.10E+01	bad-chisq
group_5162	1.00E-01	8.58E-04	1.00E+00	2.94E-01	6.59E-01	-7.16E-01	-2.32E+01	3.10E+01	bad-chisq
group_5140	1.00E-01	8.58E-04	1.00E+00	2.94E-01	6.59E-01	-7.16E-01	-2.32E+01	3.10E+01	bad-chisq
group_5139	1.00E-01	8.58E-04	1.00E+00	2.94E-01	6.59E-01	-7.16E-01	-2.32E+01	3.10E+01	bad-chisq
insA	1.00E-01	4.55E-02	9.33E-01	1.40E-01	1.66E+00	-8.92E-01	-2.61E+01	3.53E+01	
group_5133	1.00E-01	8.58E-04	1.00E+00	2.94E-01	6.59E-01	-7.16E-01	-2.32E+01	3.10E+01	bad-chisq
group_5117	1.00E-01	8.58E-04	1.00E+00	2.94E-01	6.59E-01	-7.16E-01	-2.32E+01	3.10E+01	bad-chisq
group_5116	1.00E-01	8.58E-04	1.00E+00	2.94E-01	6.59E-01	-7.16E-01	-2.32E+01	3.10E+01	bad-chisq
group_5106	1.00E-01	8.58E-04	1.00E+00	2.94E-01	6.59E-01	-7.16E-01	-2.32E+01	3.10E+01	bad-chisq
group_5048	1.00E-01	8.58E-04	1.00E+00	2.94E-01	6.59E-01	-7.16E-01	-2.32E+01	3.10E+01	bad-chisq
group_5034	1.00E-01	8.58E-04	1.00E+00	2.94E-01	6.59E-01	-7.16E-01	-2.32E+01	3.10E+01	bad-chisq
group_4994	1.00E-01	8.58E-04	1.00E+00	2.94E-01	6.59E-01	-7.16E-01	-2.32E+01	3.10E+01	bad-chisq
group_4968	1.00E-01	8.58E-04	1.00E+00	2.94E-01	6.59E-01	-7.16E-01	-2.32E+01	3.10E+01	bad-chisq
group_4951	1.00E-01	8.58E-04	1.00E+00	2.94E-01	6.59E-01	-7.16E-01	-2.32E+01	3.10E+01	bad-chisq
group_4929	1.00E-01	8.58E-04	1.00E+00	2.94E-01	6.59E-01	-7.16E-01	-2.32E+01	3.10E+01	bad-chisq
group_4892	1.00E-01	8.58E-04	1.00E+00	2.94E-01	6.59E-01	-7.16E-01	-2.32E+01	3.10E+01	bad-chisq
group_4883	1.00E-01	8.58E-04	1.00E+00	2.94E-01	6.59E-01	-7.16E-01	-2.32E+01	3.10E+01	bad-chisq
group_4859	1.00E-01	8.58E-04	1.00E+00	2.94E-01	6.59E-01	-7.16E-01	-2.32E+01	3.10E+01	bad-chisq
group_4851	1.00E-01	1.00E+00	1.00E+00	-1.07E-01	9.60E-01	-7.54E-01	-2.35E+01	3.15E+01	bad-chisq
group_4813	1.00E-01	8.58E-04	1.00E+00	2.94E-01	6.59E-01	-7.16E-01	-2.32E+01	3.10E+01	bad-chisq
group_4678	1.00E-01	7.66E-03	5.36E-01	8.36E-01	9.19E-01	-8.96E-01	-2.33E+01	3.25E+01	bad-chisq
group_4642	1.00E-01	8.58E-04	1.00E+00	2.94E-01	6.59E-01	-7.16E-01	-2.32E+01	3.10E+01	bad-chisq
group_4641	1.00E-01	8.58E-04	1.00E+00	2.94E-01	6.59E-01	-7.16E-01	-2.32E+01	3.10E+01	bad-chisq
group_4626	1.00E-01	8.58E-04	1.00E+00	2.94E-01	6.59E-01	-7.16E-01	-2.32E+01	3.10E+01	bad-chisq
group_4623	1.00E-01	5.05E-01	9.31E-01	-7.39E-02	8.58E-01	-8.75E-01	-2.61E+01	3.53E+01	
group_4602	1.00E-01	8.58E-04	1.00E+00	2.94E-01	6.59E-01	-7.16E-01	-2.32E+01	3.10E+01	bad-chisq
group_4559	1.00E-01	8.58E-04	1.00E+00	2.94E-01	6.59E-01	-7.16E-01	-2.32E+01	3.10E+01	bad-chisq
group_4558	1.00E-01	8.58E-04	1.00E+00	2.94E-01	6.59E-01	-7.16E-01	-2.32E+01	3.10E+01	bad-chisq
group_4451	1.00E-01	8.58E-04	1.00E+00	2.94E-01	6.59E-01	-7.16E-01	-2.32E+01	3.10E+01	bad-chisq
group_4386	1.00E-01	7.66E-03	3.02E-01	8.58E-01	1.02E+00	-8.62E-01	-2.35E+01	3.13E+01	bad-chisq
group_4366	1.00E-01	8.58E-04	1.00E+00	2.94E-01	6.59E-01	-7.16E-01	-2.32E+01	3.10E+01	bad-chisq
group_4345	1.00E-01	8.58E-04	1.00E+00	2.94E-01	6.59E-01	-7.16E-01	-2.32E+01	3.10E+01	bad-chisq
group_4275	1.00E-01	8.58E-04	1.00E+00	2.94E-01	6.59E-01	-7.16E-01	-2.32E+01	3.10E+01	bad-chisq
group_4218	1.00E-01	8.58E-04	1.00E+00	2.94E-01	6.59E-01	-7.16E-01	-2.32E+01	3.10E+01	bad-chisq
group_4117	1.00E-01	8.58E-04	1.00E+00	2.94E-01	6.59E-01	-7.16E-01	-2.32E+01	3.10E+01	bad-chisq
group_4089	1.00E-01	8.58E-04	1.00E+00	2.94E-01	6.59E-01	-7.16E-01	-2.32E+01	3.10E+01	bad-chisq
group_4046	1.00E-01	8.58E-04	1.00E+00	2.94E-01	6.59E-01	-7.16E-01	-2.32E+01	3.10E+01	bad-chisq
group_4025	1.00E-01	8.58E-04	2.74E-01	1.61E+00	6.56E-01	-9.30E-01	-2.24E+01	3.19E+01	bad-chisq
group_4021	1.00E-01	8.58E-04	1.00E+00	2.94E-01	6.59E-01	-7.16E-01	-2.32E+01	3.10E+01	bad-chisq
group_3979	1.00E-01	8.58E-04	1.00E+00	2.94E-01	6.59E-01	-7.16E-01	-2.32E+01	3.10E+01	bad-chisq
group_3960	1.00E-01	8.58E-04	1.00E+00	2.94E-01	6.59E-01	-7.16E-01	-2.32E+01	3.10E+01	bad-chisq
group_3926	1.00E-01	8.58E-04	1.00E+00	2.94E-01	6.59E-01	-7.16E-01	-2.32E+01	3.10E+01	bad-chisq
group_3911	1.00E-01	8.58E-04	1.00E+00	2.94E-01	6.59E-01	-7.16E-01	-2.32E+01	3.10E+01	bad-chisq
group_3878	1.00E-01	1.82E-01	4.79E-01	-6.57E-01	9.13E-01	-8.53E-01	-2.67E+01	3.65E+01	
yibB	1.00E-01	1.82E-01	2.71E-02	3.30E+00	1.57E+00	-1.36E+00	-2.99E+01	4.23E+01	
group_3839	1.00E-01	7.66E-03	1.00E+00	-2.11E-01	1.01E+00	-6.97E-01	-2.33E+01	3.09E+01	bad-chisq
group_3832	1.00E-01	8.58E-04	1.00E+00	2.94E-01	6.59E-01	-7.16E-01	-2.32E+01	3.10E+01	bad-chisq
group_3801	1.00E-01	8.58E-04	1.00E+00	2.94E-01	6.59E-01	-7.16E-01	-2.32E+01	3.10E+01	bad-chisq
group_3748	1.00E-01	8.58E-04	1.00E+00	2.94E-01	6.59E-01	-7.16E-01	-2.32E+01	3.10E+01	bad-chisq
group_3732	1.00E-01	8.58E-04	1.00E+00	2.94E-01	6.59E-01	-7.16E-01	-2.32E+01	3.10E+01	bad-chisq
group_3731	1.00E-01	8.58E-04	1.00E+00	2.94E-01	6.59E-01	-7.16E-01	-2.32E+01	3.10E+01	bad-chisq
group_3724	1.00E-01	7.66E-03	5.36E-01	8.36E-01	9.19E-01	-8.96E-01	-2.33E+01	3.25E+01	bad-chisq
group_3697	1.00E-01	8.58E-04	1.00E+00	2.94E-01	6.59E-01	-7.16E-01	-2.32E+01	3.10E+01	bad-chisq
group_3651	1.00E-01	8.58E-04	1.00E+00	2.94E-01	6.59E-01	-7.16E-01	-2.32E+01	3.10E+01	bad-chisq
group_3595	1.00E-01	8.58E-04	1.00E+00	2.94E-01	6.59E-01	-7.16E-01	-2.32E+01	3.10E+01	bad-chisq
group_3580	1.00E-01	1.00E+00	1.00E+00	-1.07E-01	9.60E-01	-7.54E-01	-2.35E+01	3.15E+01	bad-chisq
group_3538	1.00E-01	8.58E-04	1.00E+00	2.94E-01	6.59E-01	-7.16E-01	-2.32E+01	3.10E+01	bad-chisq
group_3519	1.00E-01	7.66E-03	5.36E-01	8.36E-01	9.19E-01	-8.96E-01	-2.33E+01	3.25E+01	bad-chisq
group_3498	1.00E-01	8.58E-04	1.00E+00	2.94E-01	6.59E-01	-7.16E-01	-2.32E+01	3.10E+01	bad-chisq
group_3490	1.00E-01	1.82E-01	2.71E-02	3.30E+00	1.57E+00	-1.36E+00	-2.99E+01	4.23E+01	
group_3486	1.00E-01	8.58E-04	1.00E+00	2.94E-01	6.59E-01	-7.16E-01	-2.32E+01	3.10E+01	bad-chisq
group_3471	1.00E-01	8.58E-04	1.00E+00	2.94E-01	6.59E-01	-7.16E-01	-2.32E+01	3.10E+01	bad-chisq
group_3425	1.00E-01	1.00E+00	1.00E+00	-1.07E-01	9.60E-01	-7.54E-01	-2.35E+01	3.15E+01	bad-chisq
group_3415	1.00E-01	1.82E-01	2.71E-02	3.30E+00	1.57E+00	-1.36E+00	-2.99E+01	4.23E+01	
group_3391	1.00E-01	5.05E-01	9.31E-01	-7.39E-02	8.58E-01	-8.75E-01	-2.61E+01	3.53E+01	
abrB	1.00E-01	8.58E-04	1.00E+00	2.94E-01	6.59E-01	-7.16E-01	-2.32E+01	3.10E+01	bad-chisq
group_3378	1.00E-01	1.82E-01	2.71E-02	3.30E+00	1.57E+00	-1.36E+00	-2.99E+01	4.23E+01	
group_3351	1.00E-01	8.58E-04	1.00E+00	2.94E-01	6.59E-01	-7.16E-01	-2.32E+01	3.10E+01	bad-chisq
group_3339	1.00E-01	1.82E-01	2.71E-02	3.30E+00	1.57E+00	-1.36E+00	-2.99E+01	4.23E+01	
group_3295	1.00E-01	5.05E-01	9.31E-01	-7.39E-02	8.58E-01	-8.75E-01	-2.61E+01	3.53E+01	
group_3221	1.00E-01	8.58E-04	1.00E+00	2.94E-01	6.59E-01	-7.16E-01	-2.32E+01	3.10E+01	bad-chisq
group_3198	1.00E-01	8.58E-04	1.00E+00	2.94E-01	6.59E-01	-7.16E-01	-2.32E+01	3.10E+01	bad-chisq
group_3163	1.00E-01	8.58E-04	1.00E+00	2.94E-01	6.59E-01	-7.16E-01	-2.32E+01	3.10E+01	bad-chisq
pucR	1.00E-01	8.58E-04	1.00E+00	2.94E-01	6.59E-01	-7.16E-01	-2.32E+01	3.10E+01	bad-chisq
group_3053	1.00E-01	1.00E+00	1.00E+00	3.40E-01	9.95E-01	-8.26E-01	-2.37E+01	3.24E+01	bad-chisq
group_3051	1.00E-01	8.58E-04	3.66E-05	-4.50E+00	6.12E-01	-5.58E-01	-2.83E+01	3.84E+01	bad-chisq
group_3046	1.00E-01	8.58E-04	1.00E+00	2.94E-01	6.59E-01	-7.16E-01	-2.32E+01	3.10E+01	bad-chisq
group_2980	1.00E-01	1.00E+00	1.00E+00	1.63E-01	9.91E-01	-8.08E-01	-2.37E+01	3.22E+01	bad-chisq
group_2947	1.00E-01	1.00E+00	1.00E+00	-1.07E-01	9.60E-01	-7.54E-01	-2.35E+01	3.15E+01	bad-chisq
group_2899	1.00E-01	8.58E-04	1.00E+00	2.94E-01	6.59E-01	-7.16E-01	-2.32E+01	3.10E+01	bad-chisq
group_2873	1.00E-01	8.58E-04	3.57E-01	-1.52E+00	6.19E-01	-5.42E-01	-2.20E+01	2.87E+01	bad-chisq
group_2858	1.00E-01	7.66E-03	1.05E-03	-3.34E+00	9.30E-01	-7.39E-01	-2.82E+01	3.93E+01	bad-chisq
group_2830	1.00E-01	1.00E+00	1.00E+00	-1.07E-01	9.60E-01	-7.54E-01	-2.35E+01	3.15E+01	bad-chisq
group_2824	1.00E-01	1.00E+00	1.00E+00	-1.07E-01	9.60E-01	-7.54E-01	-2.35E+01	3.15E+01	bad-chisq
group_2823	1.00E-01	8.58E-04	9.55E-02	2.03E+00	6.21E-01	-8.78E-01	-2.32E+01	3.05E+01	bad-chisq
group_2811	1.00E-01	7.66E-03	9.29E-02	2.05E+00	6.21E-01	-8.72E-01	-2.32E+01	3.03E+01	bad-chisq
group_2805	1.00E-01	8.58E-04	1.00E+00	2.94E-01	6.59E-01	-7.16E-01	-2.32E+01	3.10E+01	bad-chisq
group_2791	1.00E-01	7.66E-03	1.02E-03	-3.34E+00	9.31E-01	-7.27E-01	-2.81E+01	3.90E+01	bad-chisq
group_2787	1.00E-01	1.82E-01	9.83E-01	1.87E-02	8.99E-01	-8.81E-01	-2.60E+01	3.51E+01	
group_2734	1.00E-01	8.58E-04	1.00E+00	2.94E-01	6.59E-01	-7.16E-01	-2.32E+01	3.10E+01	bad-chisq
group_2712	1.00E-01	8.58E-04	1.00E+00	2.94E-01	6.59E-01	-7.16E-01	-2.32E+01	3.10E+01	bad-chisq
group_2707	1.00E-01	1.00E+00	1.00E+00	-1.07E-01	9.60E-01	-7.54E-01	-2.35E+01	3.15E+01	bad-chisq
group_2624	1.00E-01	1.00E+00	1.00E+00	-1.07E-01	9.60E-01	-7.54E-01	-2.35E+01	3.15E+01	bad-chisq
group_2578	1.00E-01	4.55E-02	8.51E-01	-1.93E-01	1.03E+00	-8.47E-01	-2.58E+01	3.48E+01	
group_2497	1.00E-01	8.58E-04	1.00E+00	2.94E-01	6.59E-01	-7.16E-01	-2.32E+01	3.10E+01	bad-chisq
group_2390	1.00E-01	1.00E+00	1.00E+00	-1.07E-01	9.60E-01	-7.54E-01	-2.35E+01	3.15E+01	bad-chisq
yajD	1.00E-01	1.00E+00	1.00E+00	-1.07E-01	9.60E-01	-7.54E-01	-2.35E+01	3.15E+01	bad-chisq
group_2213	1.00E-01	4.55E-02	7.57E-01	3.59E-01	1.18E+00	-9.17E-01	-2.58E+01	3.51E+01	
group_2203	1.00E-01	5.05E-01	2.02E-01	-1.31E+00	1.03E+00	-7.72E-01	-2.67E+01	3.57E+01	
copG	1.00E-01	4.55E-02	3.65E-01	1.17E+00	1.33E+00	-1.01E+00	-2.60E+01	3.61E+01	
group_2178	1.00E-01	8.58E-04	1.00E+00	2.94E-01	6.59E-01	-7.16E-01	-2.32E+01	3.10E+01	bad-chisq
group_2176	1.00E-01	8.58E-04	1.00E+00	2.94E-01	6.59E-01	-7.16E-01	-2.32E+01	3.10E+01	bad-chisq
group_2160	1.00E-01	8.58E-04	1.00E+00	2.94E-01	6.59E-01	-7.16E-01	-2.32E+01	3.10E+01	bad-chisq
group_2143	1.00E-01	8.58E-04	1.00E+00	2.94E-01	6.59E-01	-7.16E-01	-2.32E+01	3.10E+01	bad-chisq
group_2086	1.00E-01	8.58E-04	1.00E+00	2.94E-01	6.59E-01	-7.16E-01	-2.32E+01	3.10E+01	bad-chisq
group_2039	1.00E-01	1.00E+00	1.00E+00	-1.07E-01	9.60E-01	-7.54E-01	-2.35E+01	3.15E+01	bad-chisq
group_2038	1.00E-01	1.00E+00	1.00E+00	-1.07E-01	9.60E-01	-7.54E-01	-2.35E+01	3.15E+01	bad-chisq
group_2037	1.00E-01	8.58E-04	1.00E+00	2.94E-01	6.59E-01	-7.16E-01	-2.32E+01	3.10E+01	bad-chisq
group_1832	1.00E-01	7.66E-03	3.02E-01	8.58E-01	1.02E+00	-8.62E-01	-2.35E+01	3.13E+01	bad-chisq
group_1789	1.00E-01	1.00E+00	1.79E-01	1.07E+00	1.20E+00	-9.39E-01	-2.48E+01	3.27E+01	bad-chisq
group_1782	1.00E-01	8.58E-04	1.00E+00	2.94E-01	6.59E-01	-7.16E-01	-2.32E+01	3.10E+01	bad-chisq
group_1689	1.00E-01	7.66E-03	3.04E-02	-2.41E+00	8.69E-01	-6.62E-01	-2.50E+01	3.38E+01	bad-chisq
group_1644	1.00E-01	8.58E-04	1.00E+00	2.94E-01	6.59E-01	-7.16E-01	-2.32E+01	3.10E+01	bad-chisq
group_1564	1.00E-01	8.58E-04	8.61E-01	9.89E-01	6.58E-01	-8.48E-01	-2.27E+01	3.13E+01	bad-chisq
group_1552	1.00E-01	8.58E-04	1.00E+00	2.94E-01	6.59E-01	-7.16E-01	-2.32E+01	3.10E+01	bad-chisq
group_1460	1.00E-01	8.58E-04	1.00E+00	2.94E-01	6.59E-01	-7.16E-01	-2.32E+01	3.10E+01	bad-chisq
group_1439	1.00E-01	8.58E-04	1.00E+00	2.94E-01	6.59E-01	-7.16E-01	-2.32E+01	3.10E+01	bad-chisq
group_1433	1.00E-01	7.66E-03	1.00E+00	8.27E-04	8.53E-01	-7.54E-01	-2.37E+01	3.18E+01	bad-chisq
group_1426	1.00E-01	1.00E+00	1.00E+00	-1.07E-01	9.60E-01	-7.54E-01	-2.35E+01	3.15E+01	bad-chisq
group_1234	1.00E-01	8.58E-04	1.00E+00	2.94E-01	6.59E-01	-7.16E-01	-2.32E+01	3.10E+01	bad-chisq
group_1052	1.00E-01	5.05E-01	9.27E-01	-8.30E-02	9.00E-01	-8.68E-01	-2.60E+01	3.51E+01	
group_914	1.00E-01	8.58E-04	1.00E+00	2.94E-01	6.59E-01	-7.16E-01	-2.32E+01	3.10E+01	bad-chisq
group_816	1.00E-01	8.58E-04	1.13E-01	1.87E+00	6.46E-01	-9.18E-01	-2.28E+01	3.12E+01	bad-chisq
group_814	1.00E-01	7.66E-03	1.00E+00	1.92E-01	6.51E-01	-7.28E-01	-2.32E+01	3.10E+01	bad-chisq
group_799	1.00E-01	1.00E+00	1.00E+00	-5.50E-01	9.57E-01	-7.61E-01	-2.41E+01	3.22E+01	bad-chisq
group_770	1.00E-01	4.55E-02	8.07E-01	-2.43E-01	9.85E-01	-8.73E-01	-2.63E+01	3.56E+01	
group_715	1.00E-01	7.66E-03	3.02E-01	8.58E-01	1.02E+00	-8.62E-01	-2.35E+01	3.13E+01	bad-chisq
group_649	1.00E-01	1.82E-01	4.49E-01	8.37E-01	1.13E+00	-9.79E-01	-2.63E+01	3.58E+01	
group_584	1.00E-01	8.58E-04	1.00E+00	2.94E-01	6.59E-01	-7.16E-01	-2.32E+01	3.10E+01	bad-chisq
group_538	1.00E-01	5.05E-01	9.45E-01	-6.10E-02	8.87E-01	-8.76E-01	-2.61E+01	3.53E+01	
group_418	1.00E-01	7.66E-03	1.00E+00	-4.70E-01	1.09E+00	-7.92E-01	-2.44E+01	3.27E+01	bad-chisq
group_347	1.00E-01	5.05E-01	9.31E-01	-7.39E-02	8.58E-01	-8.75E-01	-2.61E+01	3.53E+01	
group_320	1.00E-01	8.58E-04	1.00E+00	2.94E-01	6.59E-01	-7.16E-01	-2.32E+01	3.10E+01	bad-chisq
group_286	1.00E-01	8.58E-04	1.00E+00	2.94E-01	6.59E-01	-7.16E-01	-2.32E+01	3.10E+01	bad-chisq
group_219	1.00E-01	8.58E-04	1.00E+00	2.94E-01	6.59E-01	-7.16E-01	-2.32E+01	3.10E+01	bad-chisq
group_154	1.00E-01	8.58E-04	1.00E+00	2.94E-01	6.59E-01	-7.16E-01	-2.32E+01	3.10E+01	bad-chisq
group_131	1.00E-01	7.66E-03	4.03E-03	-2.83E+00	9.37E-01	-6.22E-01	-2.61E+01	3.54E+01	bad-chisq
group_68	1.00E-01	8.58E-04	1.00E+00	2.94E-01	6.59E-01	-7.16E-01	-2.32E+01	3.10E+01	bad-chisq
group_42	1.00E-01	8.58E-04	1.00E+00	2.94E-01	6.59E-01	-7.16E-01	-2.32E+01	3.10E+01	bad-chisq
group_39	1.00E-01	8.58E-04	1.00E+00	2.94E-01	6.59E-01	-7.16E-01	-2.32E+01	3.10E+01	bad-chisq
group_8417	9.00E-02	2.95E-01	7.71E-01	-3.65E-01	1.23E+00	-8.54E-01	-2.64E+01	3.53E+01	
group_8416	9.00E-02	2.95E-01	7.71E-01	-3.65E-01	1.23E+00	-8.54E-01	-2.64E+01	3.53E+01	
group_8404	9.00E-02	1.66E-03	3.33E-05	-4.50E+00	6.13E-01	-5.37E-01	-2.81E+01	3.81E+01	bad-chisq
group_8174	9.00E-02	1.66E-03	3.19E-01	1.53E+00	6.52E-01	-9.25E-01	-2.26E+01	3.20E+01	bad-chisq
group_8173	9.00E-02	1.66E-03	2.44E-01	1.55E+00	6.38E-01	-8.92E-01	-2.29E+01	3.15E+01	bad-chisq
group_7991	9.00E-02	8.06E-02	1.70E-01	1.70E+00	1.34E+00	-1.02E+00	-2.64E+01	3.57E+01	
group_7821	9.00E-02	2.95E-01	3.93E-02	-1.82E+00	9.02E-01	-7.69E-01	-2.75E+01	3.87E+01	
group_7819	9.00E-02	2.95E-01	3.93E-02	-1.82E+00	9.02E-01	-7.69E-01	-2.75E+01	3.87E+01	
group_7817	9.00E-02	2.95E-01	3.93E-02	-1.82E+00	9.02E-01	-7.69E-01	-2.75E+01	3.87E+01	
group_7485	9.00E-02	1.44E-02	5.29E-03	-2.81E+00	9.29E-01	-6.57E-01	-2.63E+01	3.58E+01	bad-chisq
group_7400	9.00E-02	7.27E-01	1.00E+00	1.82E-01	9.73E-01	-8.13E-01	-2.38E+01	3.23E+01	bad-chisq
group_7399	9.00E-02	7.27E-01	1.00E+00	1.82E-01	9.73E-01	-8.13E-01	-2.38E+01	3.23E+01	bad-chisq
group_7119	9.00E-02	1.66E-03	1.36E-04	-4.36E+00	6.02E-01	-6.43E-01	-2.81E+01	3.83E+01	bad-chisq
group_7089	9.00E-02	7.27E-01	1.00E+00	3.03E-01	9.98E-01	-8.23E-01	-2.38E+01	3.24E+01	bad-chisq
group_7081	9.00E-02	7.27E-01	1.00E+00	3.03E-01	9.98E-01	-8.23E-01	-2.38E+01	3.24E+01	bad-chisq
ant2Ia	9.00E-02	2.95E-01	6.97E-01	-6.19E-01	1.59E+00	-8.23E-01	-2.58E+01	3.44E+01	
group_6875	9.00E-02	1.44E-02	5.29E-03	-2.81E+00	9.29E-01	-6.57E-01	-2.63E+01	3.58E+01	bad-chisq
group_6794	9.00E-02	1.44E-02	5.29E-03	-2.81E+00	9.29E-01	-6.57E-01	-2.63E+01	3.58E+01	bad-chisq
group_6734	9.00E-02	1.44E-02	5.29E-03	-2.81E+00	9.29E-01	-6.57E-01	-2.63E+01	3.58E+01	bad-chisq
group_6707	9.00E-02	8.06E-02	1.78E-01	1.87E+00	1.54E+00	-1.02E+00	-2.62E+01	3.59E+01	
group_6663	9.00E-02	7.27E-01	5.17E-01	-2.78E-01	1.41E+00	-7.76E-01	-2.42E+01	3.30E+01	bad-chisq
group_6641	9.00E-02	8.06E-02	2.44E-01	1.18E+00	1.07E+00	-9.44E-01	-2.58E+01	3.38E+01	
group_6621	9.00E-02	8.06E-02	5.17E-02	-2.13E+00	1.09E+00	-8.31E-01	-2.78E+01	3.82E+01	
group_6608	9.00E-02	8.06E-02	7.26E-01	-3.58E-01	1.01E+00	-8.72E-01	-2.64E+01	3.58E+01	
group_6546	9.00E-02	1.66E-03	2.74E-01	1.61E+00	6.53E-01	-9.38E-01	-2.25E+01	3.21E+01	bad-chisq
group_6527	9.00E-02	1.44E-02	5.29E-03	-2.81E+00	9.29E-01	-6.57E-01	-2.63E+01	3.58E+01	bad-chisq
group_6519	9.00E-02	1.44E-02	5.29E-03	-2.81E+00	9.29E-01	-6.57E-01	-2.63E+01	3.58E+01	bad-chisq
group_6347	9.00E-02	1.44E-02	5.29E-03	-2.81E+00	9.29E-01	-6.57E-01	-2.63E+01	3.58E+01	bad-chisq
group_6330	9.00E-02	1.44E-02	5.29E-03	-2.81E+00	9.29E-01	-6.57E-01	-2.63E+01	3.58E+01	bad-chisq
group_6290	9.00E-02	1.66E-03	3.14E-01	1.53E+00	6.52E-01	-9.25E-01	-2.25E+01	3.20E+01	bad-chisq
group_6278	9.00E-02	1.44E-02	5.29E-03	-2.81E+00	9.29E-01	-6.57E-01	-2.63E+01	3.58E+01	bad-chisq
group_6230	9.00E-02	1.66E-03	9.29E-02	2.05E+00	6.21E-01	-8.72E-01	-2.32E+01	3.03E+01	bad-chisq
group_6151	9.00E-02	1.44E-02	5.29E-03	-2.81E+00	9.29E-01	-6.57E-01	-2.63E+01	3.58E+01	bad-chisq
wbuB	9.00E-02	2.95E-01	6.78E-01	-4.91E-01	1.17E+00	-8.20E-01	-2.64E+01	3.50E+01	
group_6000	9.00E-02	1.44E-02	5.29E-03	-2.81E+00	9.29E-01	-6.57E-01	-2.63E+01	3.58E+01	bad-chisq
group_5905	9.00E-02	1.44E-02	5.29E-03	-2.81E+00	9.29E-01	-6.57E-01	-2.63E+01	3.58E+01	bad-chisq
group_5825	9.00E-02	1.66E-03	1.25E-04	-4.37E+00	6.02E-01	-6.48E-01	-2.81E+01	3.85E+01	bad-chisq
group_5795	9.00E-02	1.44E-02	5.29E-03	-2.81E+00	9.29E-01	-6.57E-01	-2.63E+01	3.58E+01	bad-chisq
group_5756	9.00E-02	1.44E-02	5.29E-03	-2.81E+00	9.29E-01	-6.57E-01	-2.63E+01	3.58E+01	bad-chisq
group_5724	9.00E-02	1.44E-02	5.29E-03	-2.81E+00	9.29E-01	-6.57E-01	-2.63E+01	3.58E+01	bad-chisq
group_5723	9.00E-02	1.44E-02	5.29E-03	-2.81E+00	9.29E-01	-6.57E-01	-2.63E+01	3.58E+01	bad-chisq
group_5631	9.00E-02	1.44E-02	5.29E-03	-2.81E+00	9.29E-01	-6.57E-01	-2.63E+01	3.58E+01	bad-chisq
yxeA	9.00E-02	1.44E-02	5.29E-03	-2.81E+00	9.29E-01	-6.57E-01	-2.63E+01	3.58E+01	bad-chisq
group_5595	9.00E-02	1.44E-02	5.29E-03	-2.81E+00	9.29E-01	-6.57E-01	-2.63E+01	3.58E+01	bad-chisq
group_5593	9.00E-02	1.66E-03	3.89E-01	-1.47E+00	6.13E-01	-5.58E-01	-2.22E+01	2.90E+01	bad-chisq
tetR1	9.00E-02	1.44E-02	5.29E-03	-2.81E+00	9.29E-01	-6.57E-01	-2.63E+01	3.58E+01	bad-chisq
group_5548	9.00E-02	1.44E-02	5.29E-03	-2.81E+00	9.29E-01	-6.57E-01	-2.63E+01	3.58E+01	bad-chisq
group_5539	9.00E-02	1.44E-02	5.29E-03	-2.81E+00	9.29E-01	-6.57E-01	-2.63E+01	3.58E+01	bad-chisq
group_5479	9.00E-02	1.44E-02	5.29E-03	-2.81E+00	9.29E-01	-6.57E-01	-2.63E+01	3.58E+01	bad-chisq
group_5389	9.00E-02	1.44E-02	5.29E-03	-2.81E+00	9.29E-01	-6.57E-01	-2.63E+01	3.58E+01	bad-chisq
group_5375	9.00E-02	1.44E-02	5.29E-03	-2.81E+00	9.29E-01	-6.57E-01	-2.63E+01	3.58E+01	bad-chisq
group_5326	9.00E-02	1.44E-02	5.29E-03	-2.81E+00	9.29E-01	-6.57E-01	-2.63E+01	3.58E+01	bad-chisq
group_5325	9.00E-02	1.44E-02	5.29E-03	-2.81E+00	9.29E-01	-6.57E-01	-2.63E+01	3.58E+01	bad-chisq
group_5324	9.00E-02	1.44E-02	5.29E-03	-2.81E+00	9.29E-01	-6.57E-01	-2.63E+01	3.58E+01	bad-chisq
group_5323	9.00E-02	1.44E-02	5.29E-03	-2.81E+00	9.29E-01	-6.57E-01	-2.63E+01	3.58E+01	bad-chisq
group_5299	9.00E-02	1.44E-02	5.29E-03	-2.81E+00	9.29E-01	-6.57E-01	-2.63E+01	3.58E+01	bad-chisq
group_5278	9.00E-02	1.44E-02	5.29E-03	-2.81E+00	9.29E-01	-6.57E-01	-2.63E+01	3.58E+01	bad-chisq
group_5277	9.00E-02	1.44E-02	5.29E-03	-2.81E+00	9.29E-01	-6.57E-01	-2.63E+01	3.58E+01	bad-chisq
group_5255	9.00E-02	1.44E-02	5.29E-03	-2.81E+00	9.29E-01	-6.57E-01	-2.63E+01	3.58E+01	bad-chisq
group_5237	9.00E-02	1.44E-02	5.29E-03	-2.81E+00	9.29E-01	-6.57E-01	-2.63E+01	3.58E+01	bad-chisq
group_5227	9.00E-02	8.06E-02	1.80E-02	3.71E+00	1.65E+00	-1.40E+00	-3.01E+01	4.30E+01	
group_5208	9.00E-02	1.44E-02	5.29E-03	-2.81E+00	9.29E-01	-6.57E-01	-2.63E+01	3.58E+01	bad-chisq
group_5151	9.00E-02	1.66E-03	3.47E-01	1.48E+00	6.51E-01	-9.18E-01	-2.26E+01	3.20E+01	bad-chisq
group_5094	9.00E-02	1.66E-03	3.97E-01	-1.38E+00	6.46E-01	-5.36E-01	-2.17E+01	2.84E+01	bad-chisq
group_5090	9.00E-02	8.06E-02	1.78E-01	1.87E+00	1.54E+00	-1.02E+00	-2.62E+01	3.59E+01	
group_5061	9.00E-02	1.44E-02	5.29E-03	-2.81E+00	9.29E-01	-6.57E-01	-2.63E+01	3.58E+01	bad-chisq
group_5014	9.00E-02	1.66E-03	7.37E-01	-1.10E+00	6.44E-01	-5.79E-01	-2.20E+01	2.90E+01	bad-chisq
group_5004	9.00E-02	1.44E-02	5.29E-03	-2.81E+00	9.29E-01	-6.57E-01	-2.63E+01	3.58E+01	bad-chisq
group_4922	9.00E-02	1.44E-02	5.29E-03	-2.81E+00	9.29E-01	-6.57E-01	-2.63E+01	3.58E+01	bad-chisq
group_4900	9.00E-02	1.44E-02	5.29E-03	-2.81E+00	9.29E-01	-6.57E-01	-2.63E+01	3.58E+01	bad-chisq
group_4895	9.00E-02	1.66E-03	3.47E-01	1.48E+00	6.51E-01	-9.18E-01	-2.26E+01	3.20E+01	bad-chisq
group_4879	9.00E-02	8.06E-02	1.80E-02	3.71E+00	1.65E+00	-1.40E+00	-3.01E+01	4.30E+01	
group_4875	9.00E-02	1.44E-02	5.29E-03	-2.81E+00	9.29E-01	-6.57E-01	-2.63E+01	3.58E+01	bad-chisq
group_4874	9.00E-02	1.44E-02	5.29E-03	-2.81E+00	9.29E-01	-6.57E-01	-2.63E+01	3.58E+01	bad-chisq
group_4873	9.00E-02	1.44E-02	5.29E-03	-2.81E+00	9.29E-01	-6.57E-01	-2.63E+01	3.58E+01	bad-chisq
group_4872	9.00E-02	1.44E-02	5.29E-03	-2.81E+00	9.29E-01	-6.57E-01	-2.63E+01	3.58E+01	bad-chisq
group_4871	9.00E-02	1.44E-02	5.29E-03	-2.81E+00	9.29E-01	-6.57E-01	-2.63E+01	3.58E+01	bad-chisq
group_4855	9.00E-02	7.27E-01	7.12E-02	1.75E+00	1.17E+00	-1.10E+00	-2.68E+01	3.58E+01	bad-chisq
group_4798	9.00E-02	1.44E-02	5.29E-03	-2.81E+00	9.29E-01	-6.57E-01	-2.63E+01	3.58E+01	bad-chisq
group_4707	9.00E-02	1.44E-02	5.29E-03	-2.81E+00	9.29E-01	-6.57E-01	-2.63E+01	3.58E+01	bad-chisq
group_4706	9.00E-02	1.44E-02	5.29E-03	-2.81E+00	9.29E-01	-6.57E-01	-2.63E+01	3.58E+01	bad-chisq
group_4702	9.00E-02	1.66E-03	3.47E-01	1.48E+00	6.51E-01	-9.18E-01	-2.26E+01	3.20E+01	bad-chisq
group_4648	9.00E-02	1.44E-02	5.29E-03	-2.81E+00	9.29E-01	-6.57E-01	-2.63E+01	3.58E+01	bad-chisq
group_4613	9.00E-02	1.44E-02	5.29E-03	-2.81E+00	9.29E-01	-6.57E-01	-2.63E+01	3.58E+01	bad-chisq
nemR	9.00E-02	1.44E-02	5.29E-03	-2.81E+00	9.29E-01	-6.57E-01	-2.63E+01	3.58E+01	bad-chisq
group_4591	9.00E-02	1.44E-02	5.29E-03	-2.81E+00	9.29E-01	-6.57E-01	-2.63E+01	3.58E+01	bad-chisq
group_4516	9.00E-02	1.44E-02	5.29E-03	-2.81E+00	9.29E-01	-6.57E-01	-2.63E+01	3.58E+01	bad-chisq
group_4504	9.00E-02	7.27E-01	1.00E+00	1.10E+00	7.33E-01	-8.60E-01	-2.35E+01	3.24E+01	bad-chisq
group_4387	9.00E-02	1.44E-02	5.29E-03	-2.81E+00	9.29E-01	-6.57E-01	-2.63E+01	3.58E+01	bad-chisq
group_4382	9.00E-02	1.44E-02	5.29E-03	-2.81E+00	9.29E-01	-6.57E-01	-2.63E+01	3.58E+01	bad-chisq
group_4381	9.00E-02	1.44E-02	5.29E-03	-2.81E+00	9.29E-01	-6.57E-01	-2.63E+01	3.58E+01	bad-chisq
group_4377	9.00E-02	1.66E-03	3.47E-01	1.48E+00	6.51E-01	-9.18E-01	-2.26E+01	3.20E+01	bad-chisq
group_4371	9.00E-02	1.44E-02	5.29E-03	-2.81E+00	9.29E-01	-6.57E-01	-2.63E+01	3.58E+01	bad-chisq
group_4340	9.00E-02	1.44E-02	5.29E-03	-2.81E+00	9.29E-01	-6.57E-01	-2.63E+01	3.58E+01	bad-chisq
group_4265	9.00E-02	1.66E-03	3.47E-01	1.48E+00	6.51E-01	-9.18E-01	-2.26E+01	3.20E+01	bad-chisq
group_4206	9.00E-02	1.44E-02	5.29E-03	-2.81E+00	9.29E-01	-6.57E-01	-2.63E+01	3.58E+01	bad-chisq
group_4107	9.00E-02	1.44E-02	5.29E-03	-2.81E+00	9.29E-01	-6.57E-01	-2.63E+01	3.58E+01	bad-chisq
group_4081	9.00E-02	1.44E-02	5.29E-03	-2.81E+00	9.29E-01	-6.57E-01	-2.63E+01	3.58E+01	bad-chisq
group_4072	9.00E-02	1.44E-02	5.29E-03	-2.81E+00	9.29E-01	-6.57E-01	-2.63E+01	3.58E+01	bad-chisq
group_4042	9.00E-02	8.06E-02	1.91E-01	2.06E+00	1.80E+00	-9.86E-01	-2.59E+01	3.53E+01	
group_3966	9.00E-02	1.44E-02	5.29E-03	-2.81E+00	9.29E-01	-6.57E-01	-2.63E+01	3.58E+01	bad-chisq
traI	9.00E-02	1.44E-02	5.29E-03	-2.81E+00	9.29E-01	-6.57E-01	-2.63E+01	3.58E+01	bad-chisq
group_3924	9.00E-02	1.44E-02	5.29E-03	-2.81E+00	9.29E-01	-6.57E-01	-2.63E+01	3.58E+01	bad-chisq
group_3846	9.00E-02	1.44E-02	5.29E-03	-2.81E+00	9.29E-01	-6.57E-01	-2.63E+01	3.58E+01	bad-chisq
group_3840	9.00E-02	1.44E-02	5.29E-03	-2.81E+00	9.29E-01	-6.57E-01	-2.63E+01	3.58E+01	bad-chisq
group_3795	9.00E-02	1.44E-02	5.29E-03	-2.81E+00	9.29E-01	-6.57E-01	-2.63E+01	3.58E+01	bad-chisq
group_3782	9.00E-02	1.44E-02	5.29E-03	-2.81E+00	9.29E-01	-6.57E-01	-2.63E+01	3.58E+01	bad-chisq
group_3743	9.00E-02	1.44E-02	5.29E-03	-2.81E+00	9.29E-01	-6.57E-01	-2.63E+01	3.58E+01	bad-chisq
group_3605	9.00E-02	1.44E-02	5.29E-03	-2.81E+00	9.29E-01	-6.57E-01	-2.63E+01	3.58E+01	bad-chisq
group_3549	9.00E-02	1.44E-02	5.29E-03	-2.81E+00	9.29E-01	-6.57E-01	-2.63E+01	3.58E+01	bad-chisq
group_3460	9.00E-02	1.44E-02	5.29E-03	-2.81E+00	9.29E-01	-6.57E-01	-2.63E+01	3.58E+01	bad-chisq
group_3382	9.00E-02	1.44E-02	5.29E-03	-2.81E+00	9.29E-01	-6.57E-01	-2.63E+01	3.58E+01	bad-chisq
group_3381	9.00E-02	1.44E-02	5.29E-03	-2.81E+00	9.29E-01	-6.57E-01	-2.63E+01	3.58E+01	bad-chisq
stbB	9.00E-02	1.44E-02	5.29E-03	-2.81E+00	9.29E-01	-6.57E-01	-2.63E+01	3.58E+01	bad-chisq
group_3304	9.00E-02	2.95E-01	6.78E-01	-4.91E-01	1.17E+00	-8.20E-01	-2.64E+01	3.50E+01	
group_3300	9.00E-02	7.27E-01	1.00E+00	1.10E+00	7.33E-01	-8.60E-01	-2.35E+01	3.24E+01	bad-chisq
group_3271	9.00E-02	1.44E-02	5.29E-03	-2.81E+00	9.29E-01	-6.57E-01	-2.63E+01	3.58E+01	bad-chisq
group_3267	9.00E-02	2.95E-01	6.78E-01	-4.91E-01	1.17E+00	-8.20E-01	-2.64E+01	3.50E+01	
group_3220	9.00E-02	1.44E-02	5.29E-03	-2.81E+00	9.29E-01	-6.57E-01	-2.63E+01	3.58E+01	bad-chisq
group_3214	9.00E-02	1.44E-02	5.29E-03	-2.81E+00	9.29E-01	-6.57E-01	-2.63E+01	3.58E+01	bad-chisq
traW	9.00E-02	1.44E-02	5.29E-03	-2.81E+00	9.29E-01	-6.57E-01	-2.63E+01	3.58E+01	bad-chisq
group_3071	9.00E-02	7.27E-01	1.00E+00	1.82E-01	9.73E-01	-8.13E-01	-2.38E+01	3.23E+01	bad-chisq
group_3034	9.00E-02	7.27E-01	3.18E-01	-1.14E+00	1.05E+00	-7.32E-01	-2.46E+01	3.31E+01	bad-chisq
group_3023	9.00E-02	8.06E-02	6.77E-01	3.94E-01	9.63E-01	-9.02E-01	-2.59E+01	3.46E+01	
group_2957	9.00E-02	7.27E-01	1.77E-01	-1.54E+00	1.16E+00	-6.64E-01	-2.54E+01	3.29E+01	bad-chisq
group_2954	9.00E-02	7.27E-01	1.77E-01	-1.54E+00	1.16E+00	-6.64E-01	-2.54E+01	3.29E+01	bad-chisq
group_2874	9.00E-02	2.95E-01	9.97E-02	-1.66E+00	1.05E+00	-8.10E-01	-2.66E+01	3.76E+01	
group_2853	9.00E-02	2.95E-01	3.12E-01	1.06E+00	1.06E+00	-1.04E+00	-2.75E+01	3.69E+01	
group_2813	9.00E-02	8.06E-02	4.44E-01	8.53E-01	1.19E+00	-9.12E-01	-2.56E+01	3.42E+01	
group_2755	9.00E-02	8.06E-02	9.08E-01	1.08E-01	9.35E-01	-8.88E-01	-2.60E+01	3.50E+01	
group_2714	9.00E-02	7.27E-01	7.42E-01	4.96E-01	1.02E+00	-8.39E-01	-2.41E+01	3.26E+01	bad-chisq
group_2686	9.00E-02	1.44E-02	6.51E-01	3.97E-01	1.01E+00	-8.30E-01	-2.36E+01	3.18E+01	bad-chisq
group_2672	9.00E-02	7.27E-01	1.49E-01	-1.37E+00	1.18E+00	-7.57E-01	-2.49E+01	3.51E+01	bad-chisq
tadA	9.00E-02	1.44E-02	5.29E-03	-2.81E+00	9.29E-01	-6.57E-01	-2.63E+01	3.58E+01	bad-chisq
group_2602	9.00E-02	7.27E-01	1.00E+00	7.03E-01	8.52E-01	-8.51E-01	-2.37E+01	3.25E+01	bad-chisq
group_2599	9.00E-02	2.95E-01	7.86E-01	-2.54E-01	9.36E-01	-8.55E-01	-2.60E+01	3.52E+01	
group_2597	9.00E-02	7.27E-01	1.00E+00	5.07E-02	8.92E-01	-7.77E-01	-2.35E+01	3.17E+01	bad-chisq
group_2585	9.00E-02	7.27E-01	2.25E-01	-1.30E+00	1.14E+00	-7.91E-01	-2.51E+01	3.52E+01	bad-chisq
group_2574	9.00E-02	1.44E-02	5.29E-03	-2.81E+00	9.29E-01	-6.57E-01	-2.63E+01	3.58E+01	bad-chisq
group_2568	9.00E-02	7.27E-01	4.72E-02	-1.85E+00	1.34E+00	-6.40E-01	-2.72E+01	3.51E+01	bad-chisq
group_2546	9.00E-02	7.27E-01	5.68E-01	-7.22E-01	1.05E+00	-7.70E-01	-2.43E+01	3.32E+01	bad-chisq
group_2326	9.00E-02	7.27E-01	1.74E-01	-1.30E+00	1.13E+00	-7.09E-01	-2.47E+01	3.35E+01	bad-chisq
group_2126	9.00E-02	1.44E-02	5.29E-03	-2.81E+00	9.29E-01	-6.57E-01	-2.63E+01	3.58E+01	bad-chisq
group_2097	9.00E-02	1.44E-02	5.29E-03	-2.81E+00	9.29E-01	-6.57E-01	-2.63E+01	3.58E+01	bad-chisq
group_2048	9.00E-02	1.44E-02	5.29E-03	-2.81E+00	9.29E-01	-6.57E-01	-2.63E+01	3.58E+01	bad-chisq
group_1972	9.00E-02	2.95E-01	6.78E-01	-4.91E-01	1.17E+00	-8.20E-01	-2.64E+01	3.50E+01	
group_1947	9.00E-02	7.27E-01	5.54E-01	9.48E-02	1.46E+00	-8.07E-01	-2.42E+01	3.23E+01	bad-chisq
group_1917	9.00E-02	2.95E-01	6.78E-01	-4.91E-01	1.17E+00	-8.20E-01	-2.64E+01	3.50E+01	
group_1778	9.00E-02	7.27E-01	1.00E+00	3.50E-01	8.77E-01	-8.08E-01	-2.36E+01	3.21E+01	bad-chisq
group_1765	9.00E-02	1.44E-02	2.93E-04	-3.58E+00	9.54E-01	-7.35E-01	-2.90E+01	4.07E+01	bad-chisq
group_1618	9.00E-02	2.95E-01	6.78E-01	-4.91E-01	1.17E+00	-8.20E-01	-2.64E+01	3.50E+01	
group_1593	9.00E-02	1.44E-02	2.93E-04	-3.58E+00	9.54E-01	-7.35E-01	-2.90E+01	4.07E+01	bad-chisq
group_1343	9.00E-02	1.44E-02	5.29E-03	-2.81E+00	9.29E-01	-6.57E-01	-2.63E+01	3.58E+01	bad-chisq
group_1272	9.00E-02	1.44E-02	5.29E-03	-2.81E+00	9.29E-01	-6.57E-01	-2.63E+01	3.58E+01	bad-chisq
group_1136	9.00E-02	1.44E-02	5.29E-03	-2.81E+00	9.29E-01	-6.57E-01	-2.63E+01	3.58E+01	bad-chisq
group_970	9.00E-02	1.44E-02	5.29E-03	-2.81E+00	9.29E-01	-6.57E-01	-2.63E+01	3.58E+01	bad-chisq
group_865	9.00E-02	1.44E-02	5.29E-03	-2.81E+00	9.29E-01	-6.57E-01	-2.63E+01	3.58E+01	bad-chisq
group_828	9.00E-02	1.44E-02	5.29E-03	-2.81E+00	9.29E-01	-6.57E-01	-2.63E+01	3.58E+01	bad-chisq
group_737	9.00E-02	1.44E-02	5.29E-03	-2.81E+00	9.29E-01	-6.57E-01	-2.63E+01	3.58E+01	bad-chisq
group_667	9.00E-02	1.44E-02	5.29E-03	-2.81E+00	9.29E-01	-6.57E-01	-2.63E+01	3.58E+01	bad-chisq
group_650	9.00E-02	8.06E-02	1.78E-01	1.87E+00	1.54E+00	-1.02E+00	-2.62E+01	3.59E+01	
group_648	9.00E-02	1.66E-03	1.25E-04	-4.37E+00	6.02E-01	-6.48E-01	-2.81E+01	3.85E+01	bad-chisq
group_627	9.00E-02	8.06E-02	1.24E-01	-1.67E+00	1.14E+00	-7.73E-01	-2.62E+01	3.60E+01	
group_562	9.00E-02	7.27E-01	1.00E+00	3.03E-01	9.98E-01	-8.23E-01	-2.38E+01	3.24E+01	bad-chisq
group_561	9.00E-02	1.44E-02	5.29E-03	-2.81E+00	9.29E-01	-6.57E-01	-2.63E+01	3.58E+01	bad-chisq
group_529	9.00E-02	1.44E-02	7.71E-01	1.26E+00	1.04E+00	-9.70E-01	-2.59E+01	3.56E+01	bad-chisq
group_432	9.00E-02	7.27E-01	1.00E+00	3.03E-01	9.98E-01	-8.23E-01	-2.38E+01	3.24E+01	bad-chisq
group_430	9.00E-02	1.44E-02	5.29E-03	-2.81E+00	9.29E-01	-6.57E-01	-2.63E+01	3.58E+01	bad-chisq
group_409	9.00E-02	1.66E-03	1.00E+00	-9.14E-01	6.24E-01	-6.23E-01	-2.25E+01	2.97E+01	bad-chisq
group_390	9.00E-02	1.44E-02	1.00E+00	-5.90E-01	1.07E+00	-7.86E-01	-2.46E+01	3.28E+01	bad-chisq
group_387	9.00E-02	1.44E-02	5.29E-03	-2.81E+00	9.29E-01	-6.57E-01	-2.63E+01	3.58E+01	bad-chisq
group_356	9.00E-02	1.44E-02	5.29E-03	-2.81E+00	9.29E-01	-6.57E-01	-2.63E+01	3.58E+01	bad-chisq
traM	9.00E-02	1.44E-02	5.29E-03	-2.81E+00	9.29E-01	-6.57E-01	-2.63E+01	3.58E+01	bad-chisq
group_249	9.00E-02	1.66E-03	9.29E-02	2.05E+00	6.21E-01	-8.72E-01	-2.32E+01	3.03E+01	bad-chisq
group_199	9.00E-02	1.44E-02	5.29E-03	-2.81E+00	9.29E-01	-6.57E-01	-2.63E+01	3.58E+01	bad-chisq
group_136	9.00E-02	1.44E-02	5.29E-03	-2.81E+00	9.29E-01	-6.57E-01	-2.63E+01	3.58E+01	bad-chisq
group_10	9.00E-02	2.95E-01	3.01E-01	8.94E-01	8.90E-01	-9.70E-01	-2.61E+01	3.42E+01	
group_8407	8.00E-02	3.19E-03	4.16E-01	1.38E+00	6.45E-01	-9.10E-01	-2.28E+01	3.21E+01	bad-chisq
group_8267	8.00E-02	3.19E-03	4.28E-01	1.36E+00	6.46E-01	-9.07E-01	-2.28E+01	3.21E+01	bad-chisq
group_8175	8.00E-02	3.19E-03	3.56E-01	1.46E+00	6.46E-01	-9.23E-01	-2.28E+01	3.22E+01	bad-chisq
group_7984	8.00E-02	3.19E-03	1.26E-04	-4.37E+00	6.02E-01	-6.55E-01	-2.82E+01	3.87E+01	bad-chisq
group_7983	8.00E-02	3.19E-03	1.26E-04	-4.37E+00	6.02E-01	-6.55E-01	-2.82E+01	3.87E+01	bad-chisq
group_7982	8.00E-02	3.19E-03	1.26E-04	-4.37E+00	6.02E-01	-6.55E-01	-2.82E+01	3.87E+01	bad-chisq
group_7981	8.00E-02	3.19E-03	1.26E-04	-4.37E+00	6.02E-01	-6.55E-01	-2.82E+01	3.87E+01	bad-chisq
group_7980	8.00E-02	3.19E-03	1.26E-04	-4.37E+00	6.02E-01	-6.55E-01	-2.82E+01	3.87E+01	bad-chisq
group_7979	8.00E-02	3.19E-03	1.26E-04	-4.37E+00	6.02E-01	-6.55E-01	-2.82E+01	3.87E+01	bad-chisq
group_7978	8.00E-02	3.19E-03	1.26E-04	-4.37E+00	6.02E-01	-6.55E-01	-2.82E+01	3.87E+01	bad-chisq
group_7977	8.00E-02	3.19E-03	1.26E-04	-4.37E+00	6.02E-01	-6.55E-01	-2.82E+01	3.87E+01	bad-chisq
group_7976	8.00E-02	3.19E-03	1.26E-04	-4.37E+00	6.02E-01	-6.55E-01	-2.82E+01	3.87E+01	bad-chisq
group_7975	8.00E-02	3.19E-03	1.26E-04	-4.37E+00	6.02E-01	-6.55E-01	-2.82E+01	3.87E+01	bad-chisq
group_7633	8.00E-02	1.00E+00	3.37E-01	-1.14E+00	1.04E+00	-7.44E-01	-2.47E+01	3.33E+01	bad-chisq
group_7632	8.00E-02	1.00E+00	3.37E-01	-1.14E+00	1.04E+00	-7.44E-01	-2.47E+01	3.33E+01	bad-chisq
group_7375	8.00E-02	1.00E+00	3.71E-01	-1.32E+00	1.03E+00	-6.71E-01	-2.45E+01	3.18E+01	bad-chisq
group_7299	8.00E-02	3.19E-03	7.70E-01	-1.08E+00	6.42E-01	-5.85E-01	-2.21E+01	2.91E+01	bad-chisq
group_7230	8.00E-02	3.19E-03	9.85E-05	-4.40E+00	6.03E-01	-6.36E-01	-2.83E+01	3.87E+01	bad-chisq
group_7171	8.00E-02	1.00E+00	3.71E-01	-1.32E+00	1.03E+00	-6.71E-01	-2.45E+01	3.18E+01	bad-chisq
group_7063	8.00E-02	4.61E-01	1.98E-01	-1.62E+00	1.07E+00	-7.57E-01	-2.56E+01	3.43E+01	bad-chisq
group_7015	8.00E-02	3.19E-03	1.29E-05	-5.06E+00	5.97E-01	-7.75E-01	-3.06E+01	4.34E+01	bad-chisq
group_6987	8.00E-02	1.40E-01	6.72E-01	-4.52E-01	1.06E+00	-8.55E-01	-2.64E+01	3.55E+01	
group_6871	8.00E-02	2.70E-02	2.69E-02	3.64E+00	7.25E-01	-1.20E+00	-2.69E+01	3.82E+01	bad-chisq
group_6837	8.00E-02	1.00E+00	5.68E-01	-7.22E-01	1.05E+00	-7.70E-01	-2.43E+01	3.32E+01	bad-chisq
group_6832	8.00E-02	3.19E-03	9.85E-05	-4.40E+00	6.03E-01	-6.36E-01	-2.83E+01	3.87E+01	bad-chisq
group_6752	8.00E-02	3.19E-03	3.56E-01	1.46E+00	6.46E-01	-9.23E-01	-2.28E+01	3.22E+01	bad-chisq
group_6729	8.00E-02	2.70E-02	6.13E-03	-2.81E+00	9.24E-01	-6.91E-01	-2.66E+01	3.64E+01	bad-chisq
group_6669	8.00E-02	2.70E-02	4.63E-01	6.83E-01	9.83E-01	-8.33E-01	-2.36E+01	3.14E+01	bad-chisq
group_6625	8.00E-02	1.00E+00	1.00E+00	3.88E-01	8.54E-01	-8.12E-01	-2.36E+01	3.21E+01	bad-chisq
group_6574	8.00E-02	3.19E-03	1.26E-04	-4.37E+00	6.02E-01	-6.55E-01	-2.82E+01	3.87E+01	bad-chisq
group_6567	8.00E-02	3.19E-03	8.93E-03	4.44E+00	4.63E-01	-1.18E+00	-2.65E+01	3.70E+01	bad-chisq
group_6474	8.00E-02	2.70E-02	2.69E-02	3.64E+00	7.25E-01	-1.20E+00	-2.69E+01	3.82E+01	bad-chisq
group_6473	8.00E-02	1.40E-01	8.92E-01	-1.60E-01	1.17E+00	-8.73E-01	-2.62E+01	3.53E+01	
group_6358	8.00E-02	1.40E-01	6.72E-01	-4.52E-01	1.06E+00	-8.55E-01	-2.64E+01	3.55E+01	
group_6337	8.00E-02	3.19E-03	3.26E-01	1.51E+00	6.48E-01	-9.30E-01	-2.27E+01	3.22E+01	bad-chisq
group_6289	8.00E-02	3.19E-03	1.00E+00	-8.48E-01	6.37E-01	-6.17E-01	-2.23E+01	2.95E+01	bad-chisq
group_6221	8.00E-02	2.70E-02	2.69E-02	3.64E+00	7.25E-01	-1.20E+00	-2.69E+01	3.82E+01	bad-chisq
group_6152	8.00E-02	3.19E-03	1.26E-04	-4.37E+00	6.02E-01	-6.55E-01	-2.82E+01	3.87E+01	bad-chisq
group_6108	8.00E-02	3.19E-03	1.26E-04	-4.37E+00	6.02E-01	-6.55E-01	-2.82E+01	3.87E+01	bad-chisq
group_5949	8.00E-02	4.61E-01	1.00E+00	1.05E-01	8.57E-01	-7.85E-01	-2.35E+01	3.18E+01	bad-chisq
group_5831	8.00E-02	3.19E-03	3.56E-01	1.46E+00	6.46E-01	-9.23E-01	-2.28E+01	3.22E+01	bad-chisq
group_5799	8.00E-02	1.00E+00	2.27E-01	-1.30E+00	1.14E+00	-7.93E-01	-2.51E+01	3.53E+01	bad-chisq
group_5796	8.00E-02	3.19E-03	1.26E-04	-4.37E+00	6.02E-01	-6.55E-01	-2.82E+01	3.87E+01	bad-chisq
group_5784	8.00E-02	2.70E-02	2.69E-02	3.64E+00	7.25E-01	-1.20E+00	-2.69E+01	3.82E+01	bad-chisq
group_5764	8.00E-02	2.70E-02	5.54E-01	5.56E-01	9.79E-01	-8.32E-01	-2.37E+01	3.16E+01	bad-chisq
group_5626	8.00E-02	4.61E-01	1.00E+00	1.05E-01	8.57E-01	-7.85E-01	-2.35E+01	3.18E+01	bad-chisq
group_5614	8.00E-02	3.19E-03	1.26E-04	-4.37E+00	6.02E-01	-6.55E-01	-2.82E+01	3.87E+01	bad-chisq
group_5532	8.00E-02	2.70E-02	4.63E-01	6.83E-01	9.83E-01	-8.33E-01	-2.36E+01	3.14E+01	bad-chisq
group_5505	8.00E-02	1.00E+00	2.27E-01	-1.30E+00	1.14E+00	-7.93E-01	-2.51E+01	3.53E+01	bad-chisq
group_5498	8.00E-02	4.61E-01	1.98E-01	-1.62E+00	1.07E+00	-7.57E-01	-2.56E+01	3.43E+01	bad-chisq
group_5467	8.00E-02	3.19E-03	5.22E-01	1.27E+00	6.40E-01	-8.97E-01	-2.29E+01	3.21E+01	bad-chisq
group_5461	8.00E-02	1.40E-01	9.34E-02	1.63E+00	1.04E+00	-1.01E+00	-2.63E+01	3.38E+01	
group_5436	8.00E-02	4.61E-01	1.00E+00	1.05E-01	8.57E-01	-7.85E-01	-2.35E+01	3.18E+01	bad-chisq
group_5300	8.00E-02	3.19E-03	1.26E-04	-4.37E+00	6.02E-01	-6.55E-01	-2.82E+01	3.87E+01	bad-chisq
group_5136	8.00E-02	3.19E-03	1.26E-04	-4.37E+00	6.02E-01	-6.55E-01	-2.82E+01	3.87E+01	bad-chisq
group_5049	8.00E-02	1.00E+00	2.27E-01	-1.30E+00	1.14E+00	-7.93E-01	-2.51E+01	3.53E+01	bad-chisq
group_5012	8.00E-02	4.61E-01	1.00E+00	1.05E-01	8.57E-01	-7.85E-01	-2.35E+01	3.18E+01	bad-chisq
group_4987	8.00E-02	1.00E+00	3.71E-01	-1.32E+00	1.03E+00	-6.71E-01	-2.45E+01	3.18E+01	bad-chisq
group_4965	8.00E-02	3.19E-03	5.22E-01	1.27E+00	6.40E-01	-8.97E-01	-2.29E+01	3.21E+01	bad-chisq
group_4957	8.00E-02	4.61E-01	1.00E+00	1.05E-01	8.57E-01	-7.85E-01	-2.35E+01	3.18E+01	bad-chisq
group_4936	8.00E-02	4.61E-01	1.00E+00	1.05E-01	8.57E-01	-7.85E-01	-2.35E+01	3.18E+01	bad-chisq
mobB	8.00E-02	2.70E-02	2.69E-02	3.64E+00	7.25E-01	-1.20E+00	-2.69E+01	3.82E+01	bad-chisq
group_4845	8.00E-02	3.19E-03	5.22E-01	1.27E+00	6.40E-01	-8.97E-01	-2.29E+01	3.21E+01	bad-chisq
group_4807	8.00E-02	4.61E-01	1.00E+00	1.05E-01	8.57E-01	-7.85E-01	-2.35E+01	3.18E+01	bad-chisq
group_4759	8.00E-02	3.19E-03	3.56E-01	1.46E+00	6.46E-01	-9.23E-01	-2.28E+01	3.22E+01	bad-chisq
group_4752	8.00E-02	4.61E-01	1.00E+00	-5.50E-01	9.29E-01	-7.80E-01	-2.42E+01	3.25E+01	bad-chisq
group_4750	8.00E-02	3.19E-03	1.00E+00	7.62E-01	6.41E-01	-8.45E-01	-2.30E+01	3.18E+01	bad-chisq
group_4692	8.00E-02	4.61E-01	1.00E+00	1.05E-01	8.57E-01	-7.85E-01	-2.35E+01	3.18E+01	bad-chisq
group_4448	8.00E-02	3.19E-03	1.26E-04	-4.37E+00	6.02E-01	-6.55E-01	-2.82E+01	3.87E+01	bad-chisq
group_4408	8.00E-02	1.00E+00	5.68E-01	-7.22E-01	1.05E+00	-7.70E-01	-2.43E+01	3.32E+01	bad-chisq
darT	8.00E-02	1.00E+00	2.23E-01	1.95E+00	9.78E-01	-1.05E+00	-2.63E+01	3.64E+01	bad-chisq
group_4315	8.00E-02	1.40E-01	6.72E-01	-4.52E-01	1.06E+00	-8.55E-01	-2.64E+01	3.55E+01	
group_4299	8.00E-02	3.19E-03	9.85E-05	-4.40E+00	6.03E-01	-6.36E-01	-2.83E+01	3.87E+01	bad-chisq
group_4241	8.00E-02	2.70E-02	6.40E-01	1.34E+00	1.03E+00	-9.65E-01	-2.60E+01	3.55E+01	bad-chisq
group_4180	8.00E-02	4.61E-01	9.08E-02	-1.52E+00	1.19E+00	-7.11E-01	-2.45E+01	3.51E+01	bad-chisq
group_3847	8.00E-02	1.00E+00	2.27E-01	-1.30E+00	1.14E+00	-7.93E-01	-2.51E+01	3.53E+01	bad-chisq
group_3823	8.00E-02	3.19E-03	9.85E-05	-4.40E+00	6.03E-01	-6.36E-01	-2.83E+01	3.87E+01	bad-chisq
group_3816	8.00E-02	3.19E-03	4.36E-01	1.28E+00	6.17E-01	-8.48E-01	-2.30E+01	3.12E+01	bad-chisq
group_3779	8.00E-02	3.19E-03	9.85E-05	-4.40E+00	6.03E-01	-6.36E-01	-2.83E+01	3.87E+01	bad-chisq
group_3679	8.00E-02	3.19E-03	9.85E-05	-4.40E+00	6.03E-01	-6.36E-01	-2.83E+01	3.87E+01	bad-chisq
group_3671	8.00E-02	3.19E-03	9.85E-05	-4.40E+00	6.03E-01	-6.36E-01	-2.83E+01	3.87E+01	bad-chisq
group_3621	8.00E-02	3.19E-03	3.56E-01	1.46E+00	6.46E-01	-9.23E-01	-2.28E+01	3.22E+01	bad-chisq
group_3589	8.00E-02	3.19E-03	9.85E-05	-4.40E+00	6.03E-01	-6.36E-01	-2.83E+01	3.87E+01	bad-chisq
group_3533	8.00E-02	3.19E-03	3.56E-01	1.46E+00	6.46E-01	-9.23E-01	-2.28E+01	3.22E+01	bad-chisq
group_3492	8.00E-02	3.19E-03	9.85E-05	-4.40E+00	6.03E-01	-6.36E-01	-2.83E+01	3.87E+01	bad-chisq
group_3463	8.00E-02	3.19E-03	3.56E-01	1.46E+00	6.46E-01	-9.23E-01	-2.28E+01	3.22E+01	bad-chisq
group_3428	8.00E-02	3.19E-03	9.85E-05	-4.40E+00	6.03E-01	-6.36E-01	-2.83E+01	3.87E+01	bad-chisq
group_3427	8.00E-02	3.19E-03	9.85E-05	-4.40E+00	6.03E-01	-6.36E-01	-2.83E+01	3.87E+01	bad-chisq
group_3421	8.00E-02	3.19E-03	3.56E-01	1.46E+00	6.46E-01	-9.23E-01	-2.28E+01	3.22E+01	bad-chisq
group_3392	8.00E-02	3.19E-03	9.85E-05	-4.40E+00	6.03E-01	-6.36E-01	-2.83E+01	3.87E+01	bad-chisq
group_3322	8.00E-02	3.19E-03	3.56E-01	1.46E+00	6.46E-01	-9.23E-01	-2.28E+01	3.22E+01	bad-chisq
group_3306	8.00E-02	1.00E+00	2.23E-01	1.95E+00	9.78E-01	-1.05E+00	-2.63E+01	3.64E+01	bad-chisq
group_3249	8.00E-02	3.19E-03	3.56E-01	1.46E+00	6.46E-01	-9.23E-01	-2.28E+01	3.22E+01	bad-chisq
group_3211	8.00E-02	3.19E-03	3.56E-01	1.46E+00	6.46E-01	-9.23E-01	-2.28E+01	3.22E+01	bad-chisq
group_3194	8.00E-02	3.19E-03	1.48E-04	-4.37E+00	6.01E-01	-6.82E-01	-2.84E+01	3.90E+01	bad-chisq
tet39	8.00E-02	2.70E-02	6.40E-01	1.34E+00	1.03E+00	-9.65E-01	-2.60E+01	3.55E+01	bad-chisq
group_2971	8.00E-02	2.70E-02	3.12E-03	-3.23E+00	9.05E-01	-8.03E-01	-2.80E+01	3.91E+01	bad-chisq
group_2968	8.00E-02	1.40E-01	1.21E-01	-1.49E+00	9.99E-01	-7.72E-01	-2.61E+01	3.65E+01	
group_2934	8.00E-02	3.19E-03	4.27E-06	-5.33E+00	6.01E-01	-8.79E-01	-3.25E+01	4.67E+01	bad-chisq
group_2926	8.00E-02	3.19E-03	1.00E+00	-6.65E-01	6.32E-01	-6.42E-01	-2.26E+01	2.99E+01	bad-chisq
group_2888	8.00E-02	1.00E+00	3.71E-01	-1.32E+00	1.03E+00	-6.71E-01	-2.45E+01	3.18E+01	bad-chisq
group_2821	8.00E-02	4.61E-01	5.33E-01	4.67E-01	1.17E+00	-8.44E-01	-2.44E+01	3.26E+01	bad-chisq
group_2807	8.00E-02	2.70E-02	7.28E-03	-2.82E+00	9.18E-01	-7.28E-01	-2.70E+01	3.70E+01	bad-chisq
group_2786	8.00E-02	1.00E+00	3.71E-01	-1.32E+00	1.03E+00	-6.71E-01	-2.45E+01	3.18E+01	bad-chisq
group_2696	8.00E-02	1.00E+00	3.71E-01	-1.32E+00	1.03E+00	-6.71E-01	-2.45E+01	3.18E+01	bad-chisq
group_2669	8.00E-02	3.19E-03	1.52E-01	-1.97E+00	5.92E-01	-5.40E-01	-2.23E+01	2.93E+01	bad-chisq
group_2660	8.00E-02	4.61E-01	1.98E-01	-1.62E+00	1.07E+00	-7.57E-01	-2.56E+01	3.43E+01	bad-chisq
bmgB	8.00E-02	1.40E-01	3.98E-01	1.29E+00	1.62E+00	-9.85E-01	-2.60E+01	3.59E+01	
group_2351	8.00E-02	3.19E-03	3.56E-01	1.46E+00	6.46E-01	-9.23E-01	-2.28E+01	3.22E+01	bad-chisq
group_2275	8.00E-02	2.70E-02	7.25E-03	-2.82E+00	9.18E-01	-7.26E-01	-2.70E+01	3.69E+01	bad-chisq
group_2233	8.00E-02	3.19E-03	7.84E-01	-1.55E+00	4.94E-01	-6.75E-01	-2.34E+01	3.11E+01	bad-chisq
group_2216	8.00E-02	1.40E-01	8.79E-01	1.81E-01	1.20E+00	-8.92E-01	-2.60E+01	3.51E+01	
group_2200	8.00E-02	3.19E-03	1.00E+00	-8.93E-01	6.39E-01	-6.09E-01	-2.23E+01	2.94E+01	bad-chisq
group_2050	8.00E-02	3.19E-03	1.26E-04	-4.37E+00	6.02E-01	-6.55E-01	-2.82E+01	3.87E+01	bad-chisq
group_1903	8.00E-02	4.61E-01	1.98E-01	-1.62E+00	1.07E+00	-7.57E-01	-2.56E+01	3.43E+01	bad-chisq
group_1848	8.00E-02	2.70E-02	1.00E+00	4.30E-01	9.91E-01	-8.11E-01	-2.43E+01	3.27E+01	bad-chisq
group_1801	8.00E-02	2.70E-02	1.00E+00	4.30E-01	9.91E-01	-8.11E-01	-2.43E+01	3.27E+01	bad-chisq
group_1732	8.00E-02	2.70E-02	5.54E-01	5.56E-01	9.79E-01	-8.32E-01	-2.37E+01	3.16E+01	bad-chisq
group_1727	8.00E-02	2.70E-02	1.12E-01	-1.82E+00	8.15E-01	-6.51E-01	-2.37E+01	3.23E+01	bad-chisq
group_1658	8.00E-02	4.61E-01	1.00E+00	1.05E-01	8.57E-01	-7.85E-01	-2.35E+01	3.18E+01	bad-chisq
group_1650	8.00E-02	4.61E-01	1.00E+00	1.05E-01	8.57E-01	-7.85E-01	-2.35E+01	3.18E+01	bad-chisq
group_1629	8.00E-02	3.19E-03	3.56E-01	1.46E+00	6.46E-01	-9.23E-01	-2.28E+01	3.22E+01	bad-chisq
group_1626	8.00E-02	3.19E-03	9.85E-05	-4.40E+00	6.03E-01	-6.36E-01	-2.83E+01	3.87E+01	bad-chisq
group_1326	8.00E-02	2.70E-02	1.00E+00	7.76E-01	9.04E-01	-8.53E-01	-2.47E+01	3.33E+01	bad-chisq
group_1304	8.00E-02	1.00E+00	3.71E-01	-1.32E+00	1.03E+00	-6.71E-01	-2.45E+01	3.18E+01	bad-chisq
group_1232	8.00E-02	2.70E-02	1.00E+00	1.86E-01	8.33E-01	-7.74E-01	-2.38E+01	3.20E+01	bad-chisq
group_1149	8.00E-02	1.00E+00	3.71E-01	-1.32E+00	1.03E+00	-6.71E-01	-2.45E+01	3.18E+01	bad-chisq
group_1123	8.00E-02	3.19E-03	1.37E-04	-4.36E+00	6.02E-01	-6.46E-01	-2.82E+01	3.84E+01	bad-chisq
group_1088	8.00E-02	4.61E-01	1.98E-01	-1.62E+00	1.07E+00	-7.57E-01	-2.56E+01	3.43E+01	bad-chisq
group_898	8.00E-02	3.19E-03	3.56E-01	1.46E+00	6.46E-01	-9.23E-01	-2.28E+01	3.22E+01	bad-chisq
group_892	8.00E-02	1.00E+00	3.55E-01	-8.20E-01	1.14E+00	-7.26E-01	-2.44E+01	3.28E+01	bad-chisq
group_801	8.00E-02	3.19E-03	1.00E+00	-7.49E-01	6.30E-01	-6.35E-01	-2.25E+01	2.99E+01	bad-chisq
group_699	8.00E-02	3.19E-03	1.26E-04	-4.37E+00	6.02E-01	-6.55E-01	-2.82E+01	3.87E+01	bad-chisq
group_636	8.00E-02	4.61E-01	1.98E-01	-1.62E+00	1.07E+00	-7.57E-01	-2.56E+01	3.43E+01	bad-chisq
arsR	8.00E-02	2.70E-02	5.54E-01	5.56E-01	9.79E-01	-8.32E-01	-2.37E+01	3.16E+01	bad-chisq
group_605	8.00E-02	4.61E-01	1.00E+00	1.05E-01	8.57E-01	-7.85E-01	-2.35E+01	3.18E+01	bad-chisq
group_451	8.00E-02	4.61E-01	1.00E+00	1.05E-01	8.57E-01	-7.85E-01	-2.35E+01	3.18E+01	bad-chisq
group_450	8.00E-02	4.61E-01	1.00E+00	1.05E-01	8.57E-01	-7.85E-01	-2.35E+01	3.18E+01	bad-chisq
group_435	8.00E-02	4.61E-01	1.00E+00	1.05E-01	8.57E-01	-7.85E-01	-2.35E+01	3.18E+01	bad-chisq
group_425	8.00E-02	4.61E-01	1.00E+00	1.05E-01	8.57E-01	-7.85E-01	-2.35E+01	3.18E+01	bad-chisq
group_349	8.00E-02	4.61E-01	1.98E-01	-1.62E+00	1.07E+00	-7.57E-01	-2.56E+01	3.43E+01	bad-chisq
group_314	8.00E-02	4.61E-01	1.00E+00	1.05E-01	8.57E-01	-7.85E-01	-2.35E+01	3.18E+01	bad-chisq
group_90	8.00E-02	1.40E-01	8.92E-01	-1.60E-01	1.17E+00	-8.73E-01	-2.62E+01	3.53E+01	
group_59	8.00E-02	3.19E-03	1.26E-04	-4.37E+00	6.02E-01	-6.55E-01	-2.82E+01	3.87E+01	bad-chisq
group_28	8.00E-02	3.19E-03	9.85E-05	-4.40E+00	6.03E-01	-6.36E-01	-2.83E+01	3.87E+01	bad-chisq
group_8171	7.00E-02	5.00E-02	1.00E+00	-5.25E-01	1.01E+00	-7.83E-01	-2.44E+01	3.26E+01	bad-chisq
group_8170	7.00E-02	5.00E-02	1.00E+00	-5.25E-01	1.01E+00	-7.83E-01	-2.44E+01	3.26E+01	bad-chisq
group_8033	7.00E-02	6.08E-03	1.85E-03	4.35E+00	5.01E-01	-1.12E+00	-2.62E+01	3.38E+01	bad-chisq
group_7988	7.00E-02	6.08E-03	1.28E-04	-4.38E+00	6.02E-01	-6.62E-01	-2.83E+01	3.88E+01	bad-chisq
group_7987	7.00E-02	6.08E-03	6.54E-05	-4.46E+00	6.06E-01	-6.56E-01	-2.85E+01	3.96E+01	bad-chisq
group_7891	7.00E-02	6.08E-03	1.00E+00	2.57E-01	6.00E-01	-7.24E-01	-2.34E+01	3.12E+01	bad-chisq
group_7679	7.00E-02	6.95E-01	5.94E-01	-2.36E-01	1.21E+00	-7.75E-01	-2.42E+01	3.27E+01	bad-chisq
group_7582	7.00E-02	2.40E-01	1.00E+00	1.14E+00	6.31E-01	-8.58E-01	-2.33E+01	3.22E+01	bad-chisq
group_7398	7.00E-02	6.95E-01	2.90E-01	-1.61E+00	9.65E-01	-6.59E-01	-2.45E+01	3.18E+01	bad-chisq
group_7310	7.00E-02	6.08E-03	6.84E-05	-4.44E+00	6.06E-01	-6.07E-01	-2.83E+01	3.86E+01	bad-chisq
group_7301	7.00E-02	6.95E-01	1.00E+00	7.33E-02	8.35E-01	-7.81E-01	-2.36E+01	3.18E+01	bad-chisq
group_7298	7.00E-02	6.08E-03	2.49E-06	-5.35E+00	6.04E-01	-8.10E-01	-3.23E+01	4.62E+01	bad-chisq
group_7059	7.00E-02	6.95E-01	1.00E+00	7.33E-02	8.35E-01	-7.81E-01	-2.36E+01	3.18E+01	bad-chisq
group_7007	7.00E-02	6.95E-01	1.00E+00	7.33E-02	8.35E-01	-7.81E-01	-2.36E+01	3.18E+01	bad-chisq
group_6914	7.00E-02	5.00E-02	1.00E+00	1.09E-01	9.12E-01	-7.60E-01	-2.38E+01	3.18E+01	bad-chisq
group_6909	7.00E-02	2.40E-01	1.00E+00	1.14E+00	6.31E-01	-8.58E-01	-2.33E+01	3.22E+01	bad-chisq
group_6901	7.00E-02	6.08E-03	1.00E+00	9.08E-03	6.24E-01	-7.03E-01	-2.32E+01	3.09E+01	bad-chisq
group_6870	7.00E-02	6.95E-01	1.00E+00	7.33E-02	8.35E-01	-7.81E-01	-2.36E+01	3.18E+01	bad-chisq
group_6859	7.00E-02	6.08E-03	1.00E+00	-8.22E-01	6.33E-01	-6.24E-01	-2.24E+01	2.97E+01	bad-chisq
group_6847	7.00E-02	6.08E-03	1.00E+00	-8.22E-01	6.33E-01	-6.24E-01	-2.24E+01	2.97E+01	bad-chisq
group_6840	7.00E-02	6.08E-03	1.00E+00	-8.22E-01	6.33E-01	-6.24E-01	-2.24E+01	2.97E+01	bad-chisq
group_6838	7.00E-02	6.95E-01	4.86E-01	-7.65E-01	1.08E+00	-7.62E-01	-2.43E+01	3.32E+01	bad-chisq
group_6771	7.00E-02	2.40E-01	1.00E+00	7.18E-01	8.05E-01	-8.54E-01	-2.37E+01	3.25E+01	bad-chisq
group_6722	7.00E-02	2.40E-01	1.00E+00	7.18E-01	8.05E-01	-8.54E-01	-2.37E+01	3.25E+01	bad-chisq
group_6654	7.00E-02	6.08E-03	1.00E+00	-5.41E-01	6.16E-01	-6.65E-01	-2.28E+01	3.04E+01	bad-chisq
group_6633	7.00E-02	5.00E-02	1.00E+00	-8.30E-01	1.03E+00	-7.74E-01	-2.48E+01	3.29E+01	bad-chisq
group_6558	7.00E-02	6.08E-03	1.00E+00	-8.22E-01	6.33E-01	-6.24E-01	-2.24E+01	2.97E+01	bad-chisq
group_6403	7.00E-02	2.40E-01	1.00E+00	-5.50E-01	9.34E-01	-7.77E-01	-2.42E+01	3.25E+01	bad-chisq
group_6345	7.00E-02	6.95E-01	1.00E+00	7.33E-02	8.35E-01	-7.81E-01	-2.36E+01	3.18E+01	bad-chisq
group_6295	7.00E-02	6.08E-03	1.00E+00	-8.22E-01	6.33E-01	-6.24E-01	-2.24E+01	2.97E+01	bad-chisq
group_6279	7.00E-02	5.00E-02	5.67E-03	-2.82E+00	9.25E-01	-6.81E-01	-2.66E+01	3.63E+01	bad-chisq
group_6275	7.00E-02	6.95E-01	1.00E+00	7.33E-02	8.35E-01	-7.81E-01	-2.36E+01	3.18E+01	bad-chisq
group_6229	7.00E-02	2.40E-01	1.00E+00	3.57E-01	7.49E-01	-8.04E-01	-2.35E+01	3.19E+01	bad-chisq
group_6177	7.00E-02	5.00E-02	5.67E-03	-2.82E+00	9.25E-01	-6.81E-01	-2.66E+01	3.63E+01	bad-chisq
group_6088	7.00E-02	2.40E-01	1.00E+00	3.57E-01	7.49E-01	-8.04E-01	-2.35E+01	3.19E+01	bad-chisq
group_6011	7.00E-02	5.00E-02	5.67E-03	-2.82E+00	9.25E-01	-6.81E-01	-2.66E+01	3.63E+01	bad-chisq
group_5935	7.00E-02	5.00E-02	9.27E-02	1.51E+00	1.02E+00	-8.92E-01	-2.40E+01	3.03E+01	bad-chisq
group_5933	7.00E-02	6.08E-03	1.00E+00	-8.22E-01	6.33E-01	-6.24E-01	-2.24E+01	2.97E+01	bad-chisq
group_5891	7.00E-02	2.40E-01	1.00E+00	-2.60E-01	8.23E-01	-7.27E-01	-2.34E+01	3.12E+01	bad-chisq
group_5857	7.00E-02	2.40E-01	1.00E+00	1.14E+00	6.31E-01	-8.58E-01	-2.33E+01	3.22E+01	bad-chisq
group_5797	7.00E-02	6.08E-03	1.00E+00	-8.22E-01	6.33E-01	-6.24E-01	-2.24E+01	2.97E+01	bad-chisq
group_5752	7.00E-02	6.95E-01	1.00E+00	7.33E-02	8.35E-01	-7.81E-01	-2.36E+01	3.18E+01	bad-chisq
group_5711	7.00E-02	2.40E-01	1.00E+00	-5.50E-01	9.34E-01	-7.77E-01	-2.42E+01	3.25E+01	bad-chisq
group_5693	7.00E-02	5.00E-02	3.73E-02	-2.42E+00	8.56E-01	-7.14E-01	-2.56E+01	3.47E+01	bad-chisq
group_5676	7.00E-02	6.08E-03	1.22E-04	-4.38E+00	6.02E-01	-6.48E-01	-2.82E+01	3.86E+01	bad-chisq
group_5648	7.00E-02	6.08E-03	1.00E+00	-8.22E-01	6.33E-01	-6.24E-01	-2.24E+01	2.97E+01	bad-chisq
group_5636	7.00E-02	2.40E-01	2.05E-01	-1.62E+00	1.07E+00	-7.66E-01	-2.57E+01	3.45E+01	bad-chisq
group_5628	7.00E-02	2.40E-01	1.00E+00	7.18E-01	8.05E-01	-8.54E-01	-2.37E+01	3.25E+01	bad-chisq
group_5615	7.00E-02	5.00E-02	5.67E-03	-2.82E+00	9.25E-01	-6.81E-01	-2.66E+01	3.63E+01	bad-chisq
group_5528	7.00E-02	5.00E-02	5.67E-03	-2.82E+00	9.25E-01	-6.81E-01	-2.66E+01	3.63E+01	bad-chisq
group_5480	7.00E-02	6.08E-03	1.00E+00	-8.22E-01	6.33E-01	-6.24E-01	-2.24E+01	2.97E+01	bad-chisq
group_5455	7.00E-02	5.00E-02	1.00E+00	-5.25E-01	1.01E+00	-7.83E-01	-2.44E+01	3.26E+01	bad-chisq
group_5416	7.00E-02	6.08E-03	6.47E-06	-5.19E+00	5.96E-01	-7.80E-01	-3.09E+01	4.45E+01	bad-chisq
group_5357	7.00E-02	6.08E-03	7.32E-01	1.12E+00	6.30E-01	-8.85E-01	-2.31E+01	3.22E+01	bad-chisq
group_5356	7.00E-02	2.40E-01	1.00E+00	-5.50E-01	9.34E-01	-7.77E-01	-2.42E+01	3.25E+01	bad-chisq
group_5355	7.00E-02	6.95E-01	1.00E+00	7.33E-02	8.35E-01	-7.81E-01	-2.36E+01	3.18E+01	bad-chisq
group_5310	7.00E-02	6.95E-01	5.44E-01	-8.91E-01	9.81E-01	-7.70E-01	-2.43E+01	3.33E+01	bad-chisq
group_5187	7.00E-02	5.00E-02	5.67E-03	-2.82E+00	9.25E-01	-6.81E-01	-2.66E+01	3.63E+01	bad-chisq
group_5130	7.00E-02	5.00E-02	5.67E-03	-2.82E+00	9.25E-01	-6.81E-01	-2.66E+01	3.63E+01	bad-chisq
group_5114	7.00E-02	2.40E-01	1.00E+00	1.14E+00	6.31E-01	-8.58E-01	-2.33E+01	3.22E+01	bad-chisq
group_5082	7.00E-02	5.00E-02	1.00E+00	4.71E-01	9.35E-01	-8.15E-01	-2.43E+01	3.27E+01	bad-chisq
group_4890	7.00E-02	5.00E-02	5.67E-03	-2.82E+00	9.25E-01	-6.81E-01	-2.66E+01	3.63E+01	bad-chisq
group_4886	7.00E-02	6.95E-01	1.00E+00	7.33E-02	8.35E-01	-7.81E-01	-2.36E+01	3.18E+01	bad-chisq
group_4876	7.00E-02	6.08E-03	1.00E+00	-8.22E-01	6.33E-01	-6.24E-01	-2.24E+01	2.97E+01	bad-chisq
group_4844	7.00E-02	5.00E-02	1.00E+00	8.39E-01	6.38E-01	-8.33E-01	-2.31E+01	3.18E+01	bad-chisq
group_4819	7.00E-02	2.40E-01	8.17E-01	-2.92E-01	1.08E+00	-7.81E-01	-2.41E+01	3.26E+01	bad-chisq
group_4767	7.00E-02	6.08E-03	1.47E-04	-4.38E+00	6.00E-01	-6.95E-01	-2.86E+01	3.94E+01	bad-chisq
group_4755	7.00E-02	6.08E-03	1.00E+00	-8.22E-01	6.33E-01	-6.24E-01	-2.24E+01	2.97E+01	bad-chisq
group_4728	7.00E-02	6.95E-01	1.00E+00	7.33E-02	8.35E-01	-7.81E-01	-2.36E+01	3.18E+01	bad-chisq
group_4649	7.00E-02	2.40E-01	5.47E-04	-3.43E+00	1.15E+00	-9.37E-01	-3.09E+01	4.48E+01	bad-chisq
group_4639	7.00E-02	2.40E-01	2.50E-01	-1.30E+00	9.48E-01	-7.16E-01	-2.43E+01	3.30E+01	bad-chisq
group_4505	7.00E-02	6.95E-01	1.52E-01	-1.48E+00	1.10E+00	-7.60E-01	-2.48E+01	3.50E+01	bad-chisq
group_4483	7.00E-02	6.08E-03	1.00E+00	-8.22E-01	6.33E-01	-6.24E-01	-2.24E+01	2.97E+01	bad-chisq
group_4461	7.00E-02	6.08E-03	1.35E-06	-5.43E+00	6.07E-01	-8.06E-01	-3.30E+01	4.71E+01	bad-chisq
group_4420	7.00E-02	6.08E-03	1.00E+00	-8.22E-01	6.33E-01	-6.24E-01	-2.24E+01	2.97E+01	bad-chisq
group_4409	7.00E-02	2.40E-01	1.00E+00	3.57E-01	7.49E-01	-8.04E-01	-2.35E+01	3.19E+01	bad-chisq
group_4397	7.00E-02	6.08E-03	1.00E+00	-8.22E-01	6.33E-01	-6.24E-01	-2.24E+01	2.97E+01	bad-chisq
group_4324	7.00E-02	6.08E-03	1.00E+00	-8.22E-01	6.33E-01	-6.24E-01	-2.24E+01	2.97E+01	bad-chisq
group_4279	7.00E-02	6.08E-03	1.00E+00	-8.22E-01	6.33E-01	-6.24E-01	-2.24E+01	2.97E+01	bad-chisq
group_4217	7.00E-02	5.00E-02	1.00E+00	-5.25E-01	1.01E+00	-7.83E-01	-2.44E+01	3.26E+01	bad-chisq
group_4170	7.00E-02	5.00E-02	5.67E-03	-2.82E+00	9.25E-01	-6.81E-01	-2.66E+01	3.63E+01	bad-chisq
group_4143	7.00E-02	2.40E-01	1.00E+00	-6.52E-01	9.93E-01	-7.62E-01	-2.43E+01	3.24E+01	bad-chisq
group_4135	7.00E-02	6.95E-01	5.44E-01	-8.91E-01	9.81E-01	-7.70E-01	-2.43E+01	3.33E+01	bad-chisq
group_4132	7.00E-02	6.08E-03	7.32E-01	1.12E+00	6.30E-01	-8.85E-01	-2.31E+01	3.22E+01	bad-chisq
insB	7.00E-02	2.40E-01	8.17E-01	-2.92E-01	1.08E+00	-7.81E-01	-2.41E+01	3.26E+01	bad-chisq
group_3908	7.00E-02	6.95E-01	1.52E-01	-1.48E+00	1.10E+00	-7.60E-01	-2.48E+01	3.50E+01	bad-chisq
group_3897	7.00E-02	5.00E-02	5.67E-03	-2.82E+00	9.25E-01	-6.81E-01	-2.66E+01	3.63E+01	bad-chisq
group_3766	7.00E-02	5.00E-02	1.00E+00	4.71E-01	9.35E-01	-8.15E-01	-2.43E+01	3.27E+01	bad-chisq
group_3602	7.00E-02	6.95E-01	5.44E-01	-8.91E-01	9.81E-01	-7.70E-01	-2.43E+01	3.33E+01	bad-chisq
group_3536	7.00E-02	6.08E-03	3.76E-06	-5.30E+00	6.03E-01	-8.32E-01	-3.20E+01	4.58E+01	bad-chisq
group_3526	7.00E-02	2.40E-01	1.00E+00	1.14E+00	6.31E-01	-8.58E-01	-2.33E+01	3.22E+01	bad-chisq
group_3524	7.00E-02	6.08E-03	9.42E-04	-4.04E+00	5.80E-01	-6.64E-01	-2.68E+01	3.65E+01	bad-chisq
group_3443	7.00E-02	2.40E-01	1.00E+00	7.18E-01	8.05E-01	-8.54E-01	-2.37E+01	3.25E+01	bad-chisq
group_3186	7.00E-02	6.95E-01	1.00E+00	7.33E-02	8.35E-01	-7.81E-01	-2.36E+01	3.18E+01	bad-chisq
group_3052	7.00E-02	6.95E-01	1.52E-01	-1.48E+00	1.10E+00	-7.60E-01	-2.48E+01	3.50E+01	bad-chisq
group_3011	7.00E-02	6.08E-03	4.15E-05	-5.00E+00	5.88E-01	-8.81E-01	-3.07E+01	4.39E+01	bad-chisq
group_2975	7.00E-02	2.40E-01	7.52E-01	4.38E-01	1.07E+00	-8.32E-01	-2.44E+01	3.27E+01	bad-chisq
group_2936	7.00E-02	2.40E-01	3.14E-03	-2.77E+00	1.14E+00	-7.62E-01	-2.82E+01	3.95E+01	bad-chisq
group_2907	7.00E-02	6.08E-03	4.27E-06	-5.33E+00	6.01E-01	-8.79E-01	-3.25E+01	4.67E+01	bad-chisq
ycgL	7.00E-02	6.95E-01	2.90E-01	-1.61E+00	9.65E-01	-6.59E-01	-2.45E+01	3.18E+01	bad-chisq
group_2778	7.00E-02	6.08E-03	4.51E-06	-5.35E+00	6.00E-01	-9.06E-01	-3.28E+01	4.72E+01	bad-chisq
fliP	7.00E-02	6.08E-03	1.22E-04	-4.38E+00	6.02E-01	-6.48E-01	-2.82E+01	3.86E+01	bad-chisq
group_2651	7.00E-02	6.95E-01	1.00E+00	7.33E-02	8.35E-01	-7.81E-01	-2.36E+01	3.18E+01	bad-chisq
group_2615	7.00E-02	2.40E-01	1.00E+00	-1.05E-01	9.48E-01	-7.91E-01	-2.38E+01	3.22E+01	bad-chisq
group_2464	7.00E-02	6.08E-03	1.40E-04	-4.37E+00	6.02E-01	-6.56E-01	-2.83E+01	3.86E+01	bad-chisq
group_2277	7.00E-02	6.08E-03	1.47E-04	-4.38E+00	6.00E-01	-6.95E-01	-2.86E+01	3.94E+01	bad-chisq
group_2249	7.00E-02	2.40E-01	8.92E-03	-2.63E+00	1.10E+00	-8.14E-01	-2.78E+01	3.91E+01	bad-chisq
group_2228	7.00E-02	6.08E-03	1.00E+00	-6.34E-01	6.28E-01	-6.48E-01	-2.27E+01	3.00E+01	bad-chisq
group_2186	7.00E-02	6.95E-01	1.00E+00	7.33E-02	8.35E-01	-7.81E-01	-2.36E+01	3.18E+01	bad-chisq
group_2141	7.00E-02	2.40E-01	2.05E-01	-1.62E+00	1.07E+00	-7.66E-01	-2.57E+01	3.45E+01	bad-chisq
group_2137	7.00E-02	5.00E-02	7.87E-01	4.05E-01	9.42E-01	-8.27E-01	-2.38E+01	3.20E+01	bad-chisq
group_2129	7.00E-02	6.08E-03	1.00E+00	-8.22E-01	6.33E-01	-6.24E-01	-2.24E+01	2.97E+01	bad-chisq
group_1906	7.00E-02	5.00E-02	1.00E+00	4.05E-02	8.82E-01	-7.53E-01	-2.37E+01	3.17E+01	bad-chisq
group_1892	7.00E-02	6.95E-01	8.93E-01	-1.88E-01	1.10E+00	-7.76E-01	-2.40E+01	3.24E+01	bad-chisq
group_1882	7.00E-02	6.95E-01	1.00E+00	-1.21E-01	7.89E-01	-7.62E-01	-2.35E+01	3.17E+01	bad-chisq
group_1852	7.00E-02	2.40E-01	6.90E-01	-5.05E-01	1.07E+00	-7.79E-01	-2.43E+01	3.29E+01	bad-chisq
group_1822	7.00E-02	6.95E-01	1.52E-01	-1.48E+00	1.10E+00	-7.60E-01	-2.48E+01	3.50E+01	bad-chisq
group_1783	7.00E-02	6.08E-03	4.47E-05	-5.03E+00	5.86E-01	-9.14E-01	-3.11E+01	4.46E+01	bad-chisq
group_1623	7.00E-02	6.08E-03	1.00E+00	-8.22E-01	6.33E-01	-6.24E-01	-2.24E+01	2.97E+01	bad-chisq
group_1526	7.00E-02	6.95E-01	3.50E-01	-1.02E+00	1.05E+00	-7.53E-01	-2.42E+01	3.36E+01	bad-chisq
hicA	7.00E-02	6.95E-01	3.49E-01	-1.14E+00	1.03E+00	-7.52E-01	-2.48E+01	3.35E+01	bad-chisq
group_1356	7.00E-02	2.40E-01	1.00E+00	7.18E-01	8.05E-01	-8.54E-01	-2.37E+01	3.25E+01	bad-chisq
group_1264	7.00E-02	6.08E-03	6.84E-05	-4.44E+00	6.06E-01	-6.07E-01	-2.83E+01	3.86E+01	bad-chisq
group_1042	7.00E-02	6.95E-01	1.00E+00	7.33E-02	8.35E-01	-7.81E-01	-2.36E+01	3.18E+01	bad-chisq
group_972	7.00E-02	2.40E-01	1.00E+00	1.14E+00	6.31E-01	-8.58E-01	-2.33E+01	3.22E+01	bad-chisq
group_930	7.00E-02	5.00E-02	5.67E-03	-2.82E+00	9.25E-01	-6.81E-01	-2.66E+01	3.63E+01	bad-chisq
group_899	7.00E-02	6.08E-03	2.21E-06	-5.32E+00	6.06E-01	-7.65E-01	-3.18E+01	4.54E+01	bad-chisq
group_803	7.00E-02	6.08E-03	7.00E-01	-1.57E+00	4.97E-01	-6.74E-01	-2.34E+01	3.11E+01	bad-chisq
group_802	7.00E-02	5.00E-02	7.28E-03	-2.82E+00	9.18E-01	-7.28E-01	-2.70E+01	3.70E+01	bad-chisq
group_633	7.00E-02	6.95E-01	1.00E+00	7.33E-02	8.35E-01	-7.81E-01	-2.36E+01	3.18E+01	bad-chisq
group_581	7.00E-02	2.40E-01	2.05E-01	-1.62E+00	1.07E+00	-7.66E-01	-2.57E+01	3.45E+01	bad-chisq
group_580	7.00E-02	2.40E-01	2.05E-01	-1.62E+00	1.07E+00	-7.66E-01	-2.57E+01	3.45E+01	bad-chisq
group_545	7.00E-02	6.95E-01	1.00E+00	7.33E-02	8.35E-01	-7.81E-01	-2.36E+01	3.18E+01	bad-chisq
group_523	7.00E-02	6.08E-03	4.35E-05	-5.01E+00	5.87E-01	-8.96E-01	-3.09E+01	4.42E+01	bad-chisq
group_452	7.00E-02	2.40E-01	8.17E-01	-2.92E-01	1.08E+00	-7.81E-01	-2.41E+01	3.26E+01	bad-chisq
group_426	7.00E-02	6.95E-01	1.00E+00	7.33E-02	8.35E-01	-7.81E-01	-2.36E+01	3.18E+01	bad-chisq
group_316	7.00E-02	6.08E-03	1.62E-04	-4.39E+00	5.99E-01	-7.15E-01	-2.89E+01	3.97E+01	bad-chisq
group_266	7.00E-02	6.08E-03	8.61E-05	-4.41E+00	6.04E-01	-6.15E-01	-2.81E+01	3.84E+01	bad-chisq
group_229	7.00E-02	5.00E-02	4.03E-01	1.80E+00	9.47E-01	-9.93E-01	-2.63E+01	3.60E+01	bad-chisq
group_161	7.00E-02	6.08E-03	1.00E+00	-8.22E-01	6.33E-01	-6.24E-01	-2.24E+01	2.97E+01	bad-chisq
group_45	7.00E-02	6.08E-03	1.47E-04	-4.38E+00	6.00E-01	-6.95E-01	-2.86E+01	3.94E+01	bad-chisq
group_8409	6.00E-02	1.15E-02	8.66E-01	1.06E+00	6.28E-01	-8.83E-01	-2.32E+01	3.23E+01	bad-chisq
group_8172	6.00E-02	9.21E-02	1.00E+00	-6.50E-01	9.80E-01	-7.74E-01	-2.44E+01	3.26E+01	bad-chisq
group_8056	6.00E-02	9.21E-02	1.00E+00	5.09E-01	6.04E-01	-8.29E-01	-2.33E+01	3.20E+01	bad-chisq
group_8055	6.00E-02	9.21E-02	1.00E+00	5.09E-01	6.04E-01	-8.29E-01	-2.33E+01	3.20E+01	bad-chisq
group_8054	6.00E-02	9.21E-02	1.00E+00	5.09E-01	6.04E-01	-8.29E-01	-2.33E+01	3.20E+01	bad-chisq
group_7783	6.00E-02	1.15E-02	1.00E+00	3.50E-01	6.28E-01	-8.29E-01	-2.34E+01	3.20E+01	bad-chisq
group_7782	6.00E-02	1.15E-02	1.00E+00	3.50E-01	6.28E-01	-8.29E-01	-2.34E+01	3.20E+01	bad-chisq
group_7781	6.00E-02	1.15E-02	1.00E+00	3.50E-01	6.28E-01	-8.29E-01	-2.34E+01	3.20E+01	bad-chisq
group_7780	6.00E-02	1.15E-02	1.00E+00	3.50E-01	6.28E-01	-8.29E-01	-2.34E+01	3.20E+01	bad-chisq
group_7765	6.00E-02	1.15E-02	1.00E+00	9.50E-01	6.27E-01	-8.73E-01	-2.32E+01	3.22E+01	bad-chisq
group_7764	6.00E-02	1.15E-02	1.00E+00	9.50E-01	6.27E-01	-8.73E-01	-2.32E+01	3.22E+01	bad-chisq
group_7441	6.00E-02	1.15E-02	3.64E-01	-1.72E+00	5.32E-01	-6.48E-01	-2.33E+01	3.10E+01	bad-chisq
group_7334	6.00E-02	1.15E-02	1.75E-04	-4.40E+00	5.98E-01	-7.46E-01	-2.92E+01	4.03E+01	bad-chisq
group_7315	6.00E-02	1.15E-02	1.75E-04	-4.40E+00	5.98E-01	-7.46E-01	-2.92E+01	4.03E+01	bad-chisq
group_7306	6.00E-02	9.21E-02	4.15E-01	1.77E+00	9.48E-01	-9.91E-01	-2.63E+01	3.59E+01	bad-chisq
group_7302	6.00E-02	1.00E+00	1.00E+00	-8.08E-02	7.76E-01	-7.62E-01	-2.35E+01	3.16E+01	bad-chisq
abiH	6.00E-02	1.15E-02	4.11E-06	-5.33E+00	6.01E-01	-8.71E-01	-3.25E+01	4.66E+01	bad-chisq
group_7084	6.00E-02	9.21E-02	1.00E+00	8.42E-01	7.39E-01	-8.17E-01	-2.41E+01	3.25E+01	bad-chisq
group_7044	6.00E-02	1.15E-02	1.00E+00	-5.82E-01	6.21E-01	-6.58E-01	-2.28E+01	3.02E+01	bad-chisq
group_7016	6.00E-02	1.15E-02	1.34E-04	-4.38E+00	6.01E-01	-6.78E-01	-2.85E+01	3.91E+01	bad-chisq
fliN	6.00E-02	1.15E-02	1.34E-04	-4.38E+00	6.01E-01	-6.78E-01	-2.85E+01	3.91E+01	bad-chisq
group_6930	6.00E-02	1.15E-02	1.00E+00	1.92E-02	6.22E-01	-7.05E-01	-2.32E+01	3.09E+01	bad-chisq
group_6892	6.00E-02	1.15E-02	1.34E-04	-4.38E+00	6.01E-01	-6.78E-01	-2.85E+01	3.91E+01	bad-chisq
group_6824	6.00E-02	1.15E-02	1.00E+00	-5.82E-01	6.21E-01	-6.58E-01	-2.28E+01	3.02E+01	bad-chisq
tse2	6.00E-02	1.15E-02	3.21E-06	-5.33E+00	6.03E-01	-8.30E-01	-3.22E+01	4.61E+01	bad-chisq
group_6748	6.00E-02	9.21E-02	1.00E+00	2.66E-01	7.93E-01	-7.85E-01	-2.39E+01	3.22E+01	bad-chisq
group_6746	6.00E-02	1.15E-02	1.34E-04	-4.38E+00	6.01E-01	-6.78E-01	-2.85E+01	3.91E+01	bad-chisq
group_6711	6.00E-02	1.15E-02	4.82E-01	-1.62E+00	5.24E-01	-6.43E-01	-2.31E+01	3.06E+01	bad-chisq
group_6598	6.00E-02	4.00E-01	1.00E+00	-9.21E-02	1.03E+00	-7.90E-01	-2.41E+01	3.24E+01	bad-chisq
group_6575	6.00E-02	1.15E-02	1.00E+00	-5.82E-01	6.21E-01	-6.58E-01	-2.28E+01	3.02E+01	bad-chisq
group_6551	6.00E-02	9.21E-02	1.26E-01	1.42E+00	1.00E+00	-8.87E-01	-2.42E+01	3.09E+01	bad-chisq
group_6540	6.00E-02	1.00E+00	1.00E+00	-8.08E-02	7.76E-01	-7.62E-01	-2.35E+01	3.16E+01	bad-chisq
group_6515	6.00E-02	1.15E-02	1.71E-03	-3.91E+00	5.75E-01	-7.00E-01	-2.69E+01	3.68E+01	bad-chisq
group_6509	6.00E-02	1.15E-02	3.21E-06	-5.33E+00	6.03E-01	-8.30E-01	-3.22E+01	4.61E+01	bad-chisq
group_6502	6.00E-02	4.00E-01	3.62E-01	-1.14E+00	1.03E+00	-7.60E-01	-2.49E+01	3.36E+01	bad-chisq
group_6462	6.00E-02	1.15E-02	1.00E+00	6.03E-01	6.27E-01	-8.42E-01	-2.33E+01	3.20E+01	bad-chisq
group_6449	6.00E-02	9.21E-02	1.00E+00	8.32E-01	7.25E-01	-8.61E-01	-2.36E+01	3.25E+01	bad-chisq
group_6366	6.00E-02	9.21E-02	1.00E+00	-6.50E-01	9.80E-01	-7.74E-01	-2.44E+01	3.26E+01	bad-chisq
group_6331	6.00E-02	4.00E-01	1.00E+00	-9.21E-02	1.03E+00	-7.90E-01	-2.41E+01	3.24E+01	bad-chisq
group_6313	6.00E-02	9.21E-02	1.26E-01	1.42E+00	1.00E+00	-8.87E-01	-2.42E+01	3.09E+01	bad-chisq
group_6292	6.00E-02	1.15E-02	1.00E+00	1.92E-02	6.22E-01	-7.05E-01	-2.32E+01	3.09E+01	bad-chisq
group_6283	6.00E-02	9.21E-02	1.00E+00	-6.50E-01	9.80E-01	-7.74E-01	-2.44E+01	3.26E+01	bad-chisq
group_6282	6.00E-02	4.00E-01	3.62E-01	-1.14E+00	1.03E+00	-7.60E-01	-2.49E+01	3.36E+01	bad-chisq
group_6183	6.00E-02	9.21E-02	1.00E+00	-6.50E-01	9.80E-01	-7.74E-01	-2.44E+01	3.26E+01	bad-chisq
group_6180	6.00E-02	1.15E-02	1.00E+00	6.03E-01	6.27E-01	-8.42E-01	-2.33E+01	3.20E+01	bad-chisq
group_6179	6.00E-02	1.15E-02	4.56E-06	-5.36E+00	6.00E-01	-9.16E-01	-3.30E+01	4.74E+01	bad-chisq
group_6158	6.00E-02	9.21E-02	1.00E+00	-6.50E-01	9.80E-01	-7.74E-01	-2.44E+01	3.26E+01	bad-chisq
group_6156	6.00E-02	1.15E-02	1.00E+00	6.03E-01	6.27E-01	-8.42E-01	-2.33E+01	3.20E+01	bad-chisq
group_6125	6.00E-02	1.15E-02	7.37E-01	-1.56E+00	4.93E-01	-6.78E-01	-2.35E+01	3.12E+01	bad-chisq
group_6115	6.00E-02	4.00E-01	3.62E-01	-1.14E+00	1.03E+00	-7.60E-01	-2.49E+01	3.36E+01	bad-chisq
group_6077	6.00E-02	9.21E-02	1.00E+00	-6.50E-01	9.80E-01	-7.74E-01	-2.44E+01	3.26E+01	bad-chisq
group_6046	6.00E-02	9.21E-02	1.00E+00	1.16E+00	6.07E-01	-8.75E-01	-2.32E+01	3.23E+01	bad-chisq
group_6027	6.00E-02	9.21E-02	1.00E+00	-6.50E-01	9.80E-01	-7.74E-01	-2.44E+01	3.26E+01	bad-chisq
group_5819	6.00E-02	1.15E-02	6.77E-01	1.16E+00	5.82E-01	-8.47E-01	-2.34E+01	3.17E+01	bad-chisq
group_5812	6.00E-02	4.00E-01	1.00E+00	-9.21E-02	1.03E+00	-7.90E-01	-2.41E+01	3.24E+01	bad-chisq
group_5802	6.00E-02	9.21E-02	1.00E+00	8.32E-01	7.25E-01	-8.61E-01	-2.36E+01	3.25E+01	bad-chisq
group_5791	6.00E-02	9.21E-02	2.04E-01	2.48E+00	9.89E-01	-1.09E+00	-2.76E+01	3.80E+01	bad-chisq
group_5786	6.00E-02	1.15E-02	1.79E-01	1.79E+00	6.11E-01	-8.33E-01	-2.34E+01	3.03E+01	bad-chisq
group_5754	6.00E-02	1.15E-02	9.65E-01	1.05E+00	6.23E-01	-8.83E-01	-2.32E+01	3.23E+01	bad-chisq
group_5721	6.00E-02	1.15E-02	1.00E+00	9.28E-01	6.16E-01	-8.71E-01	-2.33E+01	3.23E+01	bad-chisq
group_5709	6.00E-02	9.21E-02	1.00E+00	-5.54E-01	9.25E-01	-7.83E-01	-2.43E+01	3.26E+01	bad-chisq
group_5691	6.00E-02	1.15E-02	1.00E+00	1.92E-02	6.22E-01	-7.05E-01	-2.32E+01	3.09E+01	bad-chisq
grlR	6.00E-02	1.15E-02	1.00E+00	6.03E-01	6.27E-01	-8.42E-01	-2.33E+01	3.20E+01	bad-chisq
group_5610	6.00E-02	1.15E-02	1.00E+00	1.92E-02	6.22E-01	-7.05E-01	-2.32E+01	3.09E+01	bad-chisq
group_5607	6.00E-02	9.21E-02	3.77E-01	8.33E-01	9.64E-01	-8.53E-01	-2.39E+01	3.17E+01	bad-chisq
group_5563	6.00E-02	1.15E-02	1.34E-04	-4.38E+00	6.01E-01	-6.78E-01	-2.85E+01	3.91E+01	bad-chisq
group_5525	6.00E-02	4.00E-01	3.62E-01	-1.14E+00	1.03E+00	-7.60E-01	-2.49E+01	3.36E+01	bad-chisq
group_5493	6.00E-02	1.00E+00	1.00E+00	-8.08E-02	7.76E-01	-7.62E-01	-2.35E+01	3.16E+01	bad-chisq
group_5425	6.00E-02	1.15E-02	1.75E-04	-4.40E+00	5.98E-01	-7.46E-01	-2.92E+01	4.03E+01	bad-chisq
group_5405	6.00E-02	1.15E-02	1.75E-04	-4.40E+00	5.98E-01	-7.46E-01	-2.92E+01	4.03E+01	bad-chisq
group_5391	6.00E-02	4.00E-01	9.19E-03	-2.64E+00	1.10E+00	-8.27E-01	-2.80E+01	3.93E+01	bad-chisq
group_5341	6.00E-02	1.15E-02	1.75E-04	-4.40E+00	5.98E-01	-7.46E-01	-2.92E+01	4.03E+01	bad-chisq
group_5302	6.00E-02	4.00E-01	3.62E-01	-1.14E+00	1.03E+00	-7.60E-01	-2.49E+01	3.36E+01	bad-chisq
group_5285	6.00E-02	4.00E-01	3.62E-01	-1.14E+00	1.03E+00	-7.60E-01	-2.49E+01	3.36E+01	bad-chisq
group_5284	6.00E-02	4.00E-01	3.62E-01	-1.14E+00	1.03E+00	-7.60E-01	-2.49E+01	3.36E+01	bad-chisq
group_5248	6.00E-02	1.15E-02	1.40E-05	-5.09E+00	5.95E-01	-8.18E-01	-3.11E+01	4.42E+01	bad-chisq
flgD	6.00E-02	1.15E-02	1.34E-04	-4.38E+00	6.01E-01	-6.78E-01	-2.85E+01	3.91E+01	bad-chisq
hpaR	6.00E-02	1.15E-02	1.75E-04	-4.40E+00	5.98E-01	-7.46E-01	-2.92E+01	4.03E+01	bad-chisq
group_5173	6.00E-02	1.15E-02	1.00E+00	6.03E-01	6.27E-01	-8.42E-01	-2.33E+01	3.20E+01	bad-chisq
group_5095	6.00E-02	1.00E+00	2.70E-01	1.24E+00	9.88E-01	-9.04E-01	-2.49E+01	3.29E+01	bad-chisq
group_5045	6.00E-02	1.15E-02	1.00E+00	-5.82E-01	6.21E-01	-6.58E-01	-2.28E+01	3.02E+01	bad-chisq
group_4977	6.00E-02	9.21E-02	1.00E+00	-6.50E-01	9.80E-01	-7.74E-01	-2.44E+01	3.26E+01	bad-chisq
group_4975	6.00E-02	1.15E-02	1.00E+00	6.03E-01	6.27E-01	-8.42E-01	-2.33E+01	3.20E+01	bad-chisq
group_4833	6.00E-02	9.21E-02	1.00E+00	-6.50E-01	9.80E-01	-7.74E-01	-2.44E+01	3.26E+01	bad-chisq
group_4818	6.00E-02	4.00E-01	1.00E+00	4.76E-01	7.40E-01	-8.19E-01	-2.36E+01	3.22E+01	bad-chisq
group_4810	6.00E-02	4.00E-01	3.62E-01	-1.14E+00	1.03E+00	-7.60E-01	-2.49E+01	3.36E+01	bad-chisq
dfrA44	6.00E-02	1.15E-02	1.00E+00	9.28E-01	6.16E-01	-8.71E-01	-2.33E+01	3.23E+01	bad-chisq
group_4683	6.00E-02	1.15E-02	1.00E+00	6.03E-01	6.27E-01	-8.42E-01	-2.33E+01	3.20E+01	bad-chisq
group_4650	6.00E-02	9.21E-02	1.00E+00	8.32E-01	7.25E-01	-8.61E-01	-2.36E+01	3.25E+01	bad-chisq
group_4518	6.00E-02	9.21E-02	6.56E-01	1.36E+00	9.13E-01	-9.31E-01	-2.55E+01	3.47E+01	bad-chisq
group_4514	6.00E-02	1.15E-02	3.64E-01	-1.72E+00	5.32E-01	-6.48E-01	-2.33E+01	3.10E+01	bad-chisq
group_4488	6.00E-02	9.21E-02	9.22E-01	-9.69E-01	7.30E-01	-6.77E-01	-2.32E+01	3.09E+01	bad-chisq
catB8	6.00E-02	1.00E+00	3.72E-01	-1.02E+00	1.04E+00	-7.64E-01	-2.43E+01	3.38E+01	bad-chisq
group_4372	6.00E-02	4.00E-01	1.00E+00	-9.21E-02	1.03E+00	-7.90E-01	-2.41E+01	3.24E+01	bad-chisq
group_4360	6.00E-02	1.15E-02	1.75E-04	-4.40E+00	5.98E-01	-7.46E-01	-2.92E+01	4.03E+01	bad-chisq
group_4322	6.00E-02	9.21E-02	1.80E-01	2.61E+00	9.53E-01	-1.09E+00	-2.76E+01	3.79E+01	bad-chisq
group_4232	6.00E-02	1.15E-02	1.00E+00	6.03E-01	6.27E-01	-8.42E-01	-2.33E+01	3.20E+01	bad-chisq
group_4230	6.00E-02	9.21E-02	1.00E+00	2.66E-01	7.93E-01	-7.85E-01	-2.39E+01	3.22E+01	bad-chisq
group_4177	6.00E-02	9.21E-02	3.77E-01	8.33E-01	9.64E-01	-8.53E-01	-2.39E+01	3.17E+01	bad-chisq
group_4150	6.00E-02	9.21E-02	1.00E+00	-6.50E-01	9.80E-01	-7.74E-01	-2.44E+01	3.26E+01	bad-chisq
group_4098	6.00E-02	1.15E-02	1.75E-04	-4.40E+00	5.98E-01	-7.46E-01	-2.92E+01	4.03E+01	bad-chisq
group_4068	6.00E-02	4.00E-01	1.00E+00	-9.21E-02	1.03E+00	-7.90E-01	-2.41E+01	3.24E+01	bad-chisq
group_4067	6.00E-02	1.15E-02	1.75E-04	-4.40E+00	5.98E-01	-7.46E-01	-2.92E+01	4.03E+01	bad-chisq
group_4059	6.00E-02	9.21E-02	1.00E+00	-6.50E-01	9.80E-01	-7.74E-01	-2.44E+01	3.26E+01	bad-chisq
trbJ	6.00E-02	9.21E-02	1.00E+00	-6.50E-01	9.80E-01	-7.74E-01	-2.44E+01	3.26E+01	bad-chisq
group_3968	6.00E-02	1.15E-02	1.00E+00	4.68E-01	6.39E-01	-8.07E-01	-2.32E+01	3.14E+01	bad-chisq
group_3967	6.00E-02	1.15E-02	4.56E-06	-5.36E+00	6.00E-01	-9.16E-01	-3.30E+01	4.74E+01	bad-chisq
group_3956	6.00E-02	1.15E-02	1.75E-04	-4.40E+00	5.98E-01	-7.46E-01	-2.92E+01	4.03E+01	bad-chisq
group_3950	6.00E-02	1.15E-02	1.75E-04	-4.40E+00	5.98E-01	-7.46E-01	-2.92E+01	4.03E+01	bad-chisq
group_3945	6.00E-02	1.15E-02	1.40E-05	-5.09E+00	5.95E-01	-8.18E-01	-3.11E+01	4.42E+01	bad-chisq
group_3900	6.00E-02	9.21E-02	1.00E+00	-6.50E-01	9.80E-01	-7.74E-01	-2.44E+01	3.26E+01	bad-chisq
group_3857	6.00E-02	9.21E-02	1.00E+00	2.66E-01	7.93E-01	-7.85E-01	-2.39E+01	3.22E+01	bad-chisq
group_3841	6.00E-02	1.15E-02	1.75E-04	-4.40E+00	5.98E-01	-7.46E-01	-2.92E+01	4.03E+01	bad-chisq
group_3836	6.00E-02	1.15E-02	3.21E-06	-5.33E+00	6.03E-01	-8.30E-01	-3.22E+01	4.61E+01	bad-chisq
group_3771	6.00E-02	1.15E-02	1.75E-04	-4.40E+00	5.98E-01	-7.46E-01	-2.92E+01	4.03E+01	bad-chisq
group_3734	6.00E-02	9.21E-02	6.56E-01	1.36E+00	9.13E-01	-9.31E-01	-2.55E+01	3.47E+01	bad-chisq
group_3680	6.00E-02	9.21E-02	6.56E-01	1.36E+00	9.13E-01	-9.31E-01	-2.55E+01	3.47E+01	bad-chisq
group_3571	6.00E-02	1.15E-02	3.64E-01	-1.72E+00	5.32E-01	-6.48E-01	-2.33E+01	3.10E+01	bad-chisq
group_3565	6.00E-02	1.15E-02	1.75E-04	-4.40E+00	5.98E-01	-7.46E-01	-2.92E+01	4.03E+01	bad-chisq
group_3390	6.00E-02	9.21E-02	1.73E-01	1.37E+00	9.51E-01	-8.77E-01	-2.43E+01	3.14E+01	bad-chisq
lprI	6.00E-02	9.21E-02	7.65E-01	1.35E+00	8.79E-01	-9.11E-01	-2.53E+01	3.43E+01	bad-chisq
group_3363	6.00E-02	9.21E-02	1.00E+00	2.66E-01	7.93E-01	-7.85E-01	-2.39E+01	3.22E+01	bad-chisq
group_3353	6.00E-02	1.15E-02	3.64E-01	-1.72E+00	5.32E-01	-6.48E-01	-2.33E+01	3.10E+01	bad-chisq
group_3344	6.00E-02	9.21E-02	1.00E+00	-6.50E-01	9.80E-01	-7.74E-01	-2.44E+01	3.26E+01	bad-chisq
group_3279	6.00E-02	9.21E-02	1.00E+00	8.32E-01	7.25E-01	-8.61E-01	-2.36E+01	3.25E+01	bad-chisq
group_3273	6.00E-02	4.00E-01	3.62E-01	-1.14E+00	1.03E+00	-7.60E-01	-2.49E+01	3.36E+01	bad-chisq
group_3189	6.00E-02	9.21E-02	1.00E+00	2.66E-01	7.93E-01	-7.85E-01	-2.39E+01	3.22E+01	bad-chisq
flgE	6.00E-02	1.15E-02	1.34E-04	-4.38E+00	6.01E-01	-6.78E-01	-2.85E+01	3.91E+01	bad-chisq
group_3151	6.00E-02	1.15E-02	1.75E-04	-4.40E+00	5.98E-01	-7.46E-01	-2.92E+01	4.03E+01	bad-chisq
group_3140	6.00E-02	9.21E-02	1.00E+00	-6.50E-01	9.80E-01	-7.74E-01	-2.44E+01	3.26E+01	bad-chisq
group_3124	6.00E-02	9.21E-02	1.00E+00	2.66E-01	7.93E-01	-7.85E-01	-2.39E+01	3.22E+01	bad-chisq
group_3111	6.00E-02	9.21E-02	1.00E+00	-6.50E-01	9.80E-01	-7.74E-01	-2.44E+01	3.26E+01	bad-chisq
group_3087	6.00E-02	1.15E-02	1.75E-04	-4.40E+00	5.98E-01	-7.46E-01	-2.92E+01	4.03E+01	bad-chisq
group_3036	6.00E-02	9.21E-02	7.66E-01	-7.13E-01	8.38E-01	-7.12E-01	-2.36E+01	3.17E+01	bad-chisq
group_2938	6.00E-02	9.21E-02	1.00E+00	5.20E-01	7.81E-01	-8.02E-01	-2.40E+01	3.24E+01	bad-chisq
group_2906	6.00E-02	9.21E-02	1.00E+00	4.09E-01	7.96E-01	-7.94E-01	-2.40E+01	3.23E+01	bad-chisq
group_2889	6.00E-02	9.21E-02	1.00E+00	7.51E-01	7.63E-01	-8.13E-01	-2.41E+01	3.25E+01	bad-chisq
cmlA5	6.00E-02	1.00E+00	1.00E+00	-1.55E-01	5.56E-01	-7.59E-01	-2.32E+01	3.13E+01	bad-chisq
group_2827	6.00E-02	1.15E-02	1.52E-04	-4.39E+00	6.00E-01	-7.13E-01	-2.89E+01	3.97E+01	bad-chisq
group_2808	6.00E-02	1.15E-02	4.41E-02	-3.48E+00	4.71E-01	-6.22E-01	-2.45E+01	3.20E+01	bad-chisq
group_2775	6.00E-02	9.21E-02	1.00E+00	2.66E-01	7.93E-01	-7.85E-01	-2.39E+01	3.22E+01	bad-chisq
group_2771	6.00E-02	1.15E-02	1.75E-04	-4.40E+00	5.98E-01	-7.46E-01	-2.92E+01	4.03E+01	bad-chisq
dfrA7~~~dfrA1	6.00E-02	1.15E-02	1.00E+00	2.76E-01	6.26E-01	-8.26E-01	-2.34E+01	3.20E+01	bad-chisq
group_2737	6.00E-02	1.15E-02	4.47E-05	-5.03E+00	5.86E-01	-9.14E-01	-3.11E+01	4.46E+01	bad-chisq
group_2699	6.00E-02	1.15E-02	7.37E-01	-1.56E+00	4.93E-01	-6.78E-01	-2.35E+01	3.12E+01	bad-chisq
group_2695	6.00E-02	1.15E-02	1.00E+00	-1.63E-01	5.97E-01	-6.92E-01	-2.32E+01	3.07E+01	bad-chisq
group_2691	6.00E-02	1.15E-02	1.00E+00	1.92E-02	6.22E-01	-7.05E-01	-2.32E+01	3.09E+01	bad-chisq
group_2580	6.00E-02	9.21E-02	1.00E+00	-5.77E-02	7.81E-01	-7.43E-01	-2.36E+01	3.15E+01	bad-chisq
group_2577	6.00E-02	1.15E-02	4.47E-05	-5.03E+00	5.86E-01	-9.14E-01	-3.11E+01	4.46E+01	bad-chisq
group_2562	6.00E-02	1.15E-02	3.64E-01	-1.72E+00	5.32E-01	-6.48E-01	-2.33E+01	3.10E+01	bad-chisq
group_2545	6.00E-02	9.21E-02	6.56E-01	1.36E+00	9.13E-01	-9.31E-01	-2.55E+01	3.47E+01	bad-chisq
group_2528	6.00E-02	1.15E-02	1.75E-04	-4.40E+00	5.98E-01	-7.46E-01	-2.92E+01	4.03E+01	bad-chisq
group_2514	6.00E-02	1.15E-02	6.47E-06	-5.19E+00	5.96E-01	-7.80E-01	-3.09E+01	4.45E+01	bad-chisq
group_2513	6.00E-02	1.15E-02	1.75E-04	-4.40E+00	5.98E-01	-7.46E-01	-2.92E+01	4.03E+01	bad-chisq
group_2479	6.00E-02	9.21E-02	3.47E-04	-3.63E+00	9.40E-01	-8.05E-01	-2.91E+01	4.21E+01	bad-chisq
group_2348	6.00E-02	1.15E-02	2.09E-05	-5.12E+00	5.88E-01	-8.73E-01	-3.08E+01	4.47E+01	bad-chisq
group_2322	6.00E-02	1.15E-02	1.75E-04	-4.40E+00	5.98E-01	-7.46E-01	-2.92E+01	4.03E+01	bad-chisq
group_2308	6.00E-02	9.21E-02	7.12E-04	-3.53E+00	9.31E-01	-8.39E-01	-2.92E+01	4.18E+01	bad-chisq
group_2230	6.00E-02	1.15E-02	2.07E-05	-5.11E+00	5.88E-01	-8.65E-01	-3.07E+01	4.46E+01	bad-chisq
group_2211	6.00E-02	1.00E+00	1.00E+00	-1.02E-01	7.71E-01	-7.68E-01	-2.36E+01	3.18E+01	bad-chisq
group_2171	6.00E-02	1.15E-02	2.09E-05	-5.12E+00	5.88E-01	-8.73E-01	-3.08E+01	4.47E+01	bad-chisq
group_2140	6.00E-02	1.15E-02	1.75E-04	-4.40E+00	5.98E-01	-7.46E-01	-2.92E+01	4.03E+01	bad-chisq
sduA	6.00E-02	9.21E-02	1.26E-01	1.42E+00	1.00E+00	-8.87E-01	-2.42E+01	3.09E+01	bad-chisq
yhjE	6.00E-02	1.15E-02	1.75E-04	-4.40E+00	5.98E-01	-7.46E-01	-2.92E+01	4.03E+01	bad-chisq
group_2055	6.00E-02	1.15E-02	1.40E-05	-5.09E+00	5.95E-01	-8.18E-01	-3.11E+01	4.42E+01	bad-chisq
group_1983	6.00E-02	1.15E-02	1.00E+00	-1.54E+00	4.73E-01	-6.98E-01	-2.37E+01	3.16E+01	bad-chisq
group_1977	6.00E-02	1.15E-02	1.40E-05	-5.09E+00	5.95E-01	-8.18E-01	-3.11E+01	4.42E+01	bad-chisq
group_1974	6.00E-02	1.15E-02	6.99E-05	-4.44E+00	6.06E-01	-6.17E-01	-2.84E+01	3.88E+01	bad-chisq
group_1875	6.00E-02	9.21E-02	1.00E+00	-6.50E-01	9.80E-01	-7.74E-01	-2.44E+01	3.26E+01	bad-chisq
group_1795	6.00E-02	1.15E-02	1.75E-04	-4.40E+00	5.98E-01	-7.46E-01	-2.92E+01	4.03E+01	bad-chisq
group_1747	6.00E-02	1.15E-02	1.75E-04	-4.40E+00	5.98E-01	-7.46E-01	-2.92E+01	4.03E+01	bad-chisq
group_1724	6.00E-02	9.21E-02	1.00E+00	-5.54E-01	9.25E-01	-7.83E-01	-2.43E+01	3.26E+01	bad-chisq
group_1719	6.00E-02	1.15E-02	1.00E+00	-5.82E-01	6.21E-01	-6.58E-01	-2.28E+01	3.02E+01	bad-chisq
group_1642	6.00E-02	9.21E-02	6.11E-01	-1.08E+00	7.39E-01	-6.86E-01	-2.33E+01	3.14E+01	bad-chisq
group_1619	6.00E-02	9.21E-02	1.00E+00	9.85E-01	5.98E-01	-8.61E-01	-2.33E+01	3.22E+01	bad-chisq
group_1566	6.00E-02	4.00E-01	1.79E-01	-1.26E+00	1.09E+00	-7.38E-01	-2.46E+01	3.43E+01	bad-chisq
group_1494	6.00E-02	1.15E-02	1.40E-05	-5.09E+00	5.95E-01	-8.18E-01	-3.11E+01	4.42E+01	bad-chisq
group_1404	6.00E-02	9.21E-02	1.00E+00	8.32E-01	7.25E-01	-8.61E-01	-2.36E+01	3.25E+01	bad-chisq
group_1342	6.00E-02	1.15E-02	3.64E-01	-1.72E+00	5.32E-01	-6.48E-01	-2.33E+01	3.10E+01	bad-chisq
group_1283	6.00E-02	1.15E-02	1.00E+00	-1.54E+00	4.73E-01	-6.98E-01	-2.37E+01	3.16E+01	bad-chisq
group_1261	6.00E-02	1.15E-02	6.99E-05	-4.44E+00	6.06E-01	-6.17E-01	-2.84E+01	3.88E+01	bad-chisq
group_1196	6.00E-02	9.21E-02	1.81E-01	2.60E+00	9.60E-01	-1.09E+00	-2.76E+01	3.80E+01	bad-chisq
group_1096	6.00E-02	9.21E-02	1.00E+00	7.51E-02	8.68E-01	-7.60E-01	-2.37E+01	3.18E+01	bad-chisq
fliJ	6.00E-02	1.15E-02	1.34E-04	-4.38E+00	6.01E-01	-6.78E-01	-2.85E+01	3.91E+01	bad-chisq
group_998	6.00E-02	9.21E-02	1.00E+00	2.66E-01	7.93E-01	-7.85E-01	-2.39E+01	3.22E+01	bad-chisq
group_702	6.00E-02	1.15E-02	1.00E+00	6.03E-01	6.27E-01	-8.42E-01	-2.33E+01	3.20E+01	bad-chisq
group_687	6.00E-02	9.21E-02	1.00E+00	1.16E+00	6.07E-01	-8.75E-01	-2.32E+01	3.23E+01	bad-chisq
group_622	6.00E-02	9.21E-02	1.00E+00	-5.54E-01	9.25E-01	-7.83E-01	-2.43E+01	3.26E+01	bad-chisq
group_621	6.00E-02	9.21E-02	1.00E+00	-5.54E-01	9.25E-01	-7.83E-01	-2.43E+01	3.26E+01	bad-chisq
group_619	6.00E-02	9.21E-02	1.00E+00	4.33E-01	8.95E-01	-8.09E-01	-2.42E+01	3.26E+01	bad-chisq
group_563	6.00E-02	1.15E-02	1.75E-04	-4.40E+00	5.98E-01	-7.46E-01	-2.92E+01	4.03E+01	bad-chisq
group_440	6.00E-02	9.21E-02	1.00E+00	-6.50E-01	9.80E-01	-7.74E-01	-2.44E+01	3.26E+01	bad-chisq
group_276	6.00E-02	1.15E-02	1.75E-04	-4.40E+00	5.98E-01	-7.46E-01	-2.92E+01	4.03E+01	bad-chisq
group_195	6.00E-02	1.15E-02	1.00E+00	-5.82E-01	6.21E-01	-6.58E-01	-2.28E+01	3.02E+01	bad-chisq
group_119	6.00E-02	4.00E-01	3.62E-01	-1.14E+00	1.03E+00	-7.60E-01	-2.49E+01	3.36E+01	bad-chisq
group_84	6.00E-02	1.15E-02	1.40E-05	-5.09E+00	5.95E-01	-8.18E-01	-3.11E+01	4.42E+01	bad-chisq
group_60	6.00E-02	1.15E-02	1.48E-04	-4.39E+00	6.00E-01	-7.00E-01	-2.87E+01	3.95E+01	bad-chisq
group_8419	5.00E-02	2.18E-02	1.00E+00	-1.54E+00	4.58E-01	-7.13E-01	-2.39E+01	3.19E+01	bad-chisq
group_8418	5.00E-02	2.18E-02	1.00E+00	-1.54E+00	4.58E-01	-7.13E-01	-2.39E+01	3.19E+01	bad-chisq
group_8402	5.00E-02	6.46E-01	1.00E+00	-1.76E-01	1.01E+00	-7.84E-01	-2.41E+01	3.26E+01	bad-chisq
group_8225	5.00E-02	2.18E-02	1.00E+00	7.18E-01	6.07E-01	-8.58E-01	-2.34E+01	3.23E+01	bad-chisq
group_7986	5.00E-02	2.18E-02	4.56E-06	-5.36E+00	6.00E-01	-9.16E-01	-3.30E+01	4.74E+01	bad-chisq
group_7985	5.00E-02	2.18E-02	4.56E-06	-5.36E+00	6.00E-01	-9.16E-01	-3.30E+01	4.74E+01	bad-chisq
group_7856	5.00E-02	2.18E-02	1.00E+00	6.24E-01	6.00E-01	-7.45E-01	-2.36E+01	3.16E+01	bad-chisq
group_7786	5.00E-02	2.18E-02	1.00E+00	2.37E-01	6.17E-01	-8.27E-01	-2.35E+01	3.21E+01	bad-chisq
group_7785	5.00E-02	2.18E-02	1.00E+00	2.37E-01	6.17E-01	-8.27E-01	-2.35E+01	3.21E+01	bad-chisq
group_7784	5.00E-02	2.18E-02	1.00E+00	2.37E-01	6.17E-01	-8.27E-01	-2.35E+01	3.21E+01	bad-chisq
group_7779	5.00E-02	2.18E-02	1.00E+00	2.37E-01	6.17E-01	-8.27E-01	-2.35E+01	3.21E+01	bad-chisq
group_7778	5.00E-02	2.18E-02	1.00E+00	2.37E-01	6.17E-01	-8.27E-01	-2.35E+01	3.21E+01	bad-chisq
group_7777	5.00E-02	2.18E-02	1.00E+00	2.37E-01	6.17E-01	-8.27E-01	-2.35E+01	3.21E+01	bad-chisq
group_7776	5.00E-02	2.18E-02	1.00E+00	2.37E-01	6.17E-01	-8.27E-01	-2.35E+01	3.21E+01	bad-chisq
group_7775	5.00E-02	2.18E-02	1.00E+00	2.37E-01	6.17E-01	-8.27E-01	-2.35E+01	3.21E+01	bad-chisq
group_7774	5.00E-02	2.18E-02	1.00E+00	2.37E-01	6.17E-01	-8.27E-01	-2.35E+01	3.21E+01	bad-chisq
yrbG	5.00E-02	2.18E-02	1.00E+00	2.37E-01	6.17E-01	-8.27E-01	-2.35E+01	3.21E+01	bad-chisq
mobC	5.00E-02	2.18E-02	1.00E+00	2.37E-01	6.17E-01	-8.27E-01	-2.35E+01	3.21E+01	bad-chisq
group_7773	5.00E-02	2.18E-02	1.00E+00	2.37E-01	6.17E-01	-8.27E-01	-2.35E+01	3.21E+01	bad-chisq
group_7772	5.00E-02	2.18E-02	1.00E+00	2.37E-01	6.17E-01	-8.27E-01	-2.35E+01	3.21E+01	bad-chisq
group_7771	5.00E-02	2.18E-02	1.00E+00	2.37E-01	6.17E-01	-8.27E-01	-2.35E+01	3.21E+01	bad-chisq
group_7770	5.00E-02	2.18E-02	1.00E+00	2.37E-01	6.17E-01	-8.27E-01	-2.35E+01	3.21E+01	bad-chisq
group_7769	5.00E-02	2.18E-02	1.00E+00	2.37E-01	6.17E-01	-8.27E-01	-2.35E+01	3.21E+01	bad-chisq
group_7768	5.00E-02	2.18E-02	1.00E+00	2.37E-01	6.17E-01	-8.27E-01	-2.35E+01	3.21E+01	bad-chisq
group_7594	5.00E-02	1.69E-01	1.00E+00	9.48E-01	6.88E-01	-8.21E-01	-2.41E+01	3.26E+01	bad-chisq
group_7486	5.00E-02	1.69E-01	1.00E+00	5.53E-01	6.69E-01	-8.27E-01	-2.36E+01	3.22E+01	bad-chisq
group_7187	5.00E-02	6.46E-01	2.07E-01	-1.24E+00	1.08E+00	-7.62E-01	-2.48E+01	3.46E+01	bad-chisq
group_7053	5.00E-02	6.46E-01	1.00E+00	-4.73E-01	6.59E-01	-7.50E-01	-2.35E+01	3.16E+01	bad-chisq
group_7021	5.00E-02	2.18E-02	1.76E-04	-4.40E+00	5.98E-01	-7.50E-01	-2.92E+01	4.04E+01	bad-chisq
group_6971	5.00E-02	1.69E-01	3.38E-01	1.96E+00	9.54E-01	-1.02E+00	-2.67E+01	3.66E+01	bad-chisq
group_6961	5.00E-02	1.69E-01	4.66E-01	1.76E+00	8.52E-01	-9.54E-01	-2.58E+01	3.51E+01	bad-chisq
group_6931	5.00E-02	2.18E-02	4.56E-06	-5.36E+00	6.00E-01	-9.16E-01	-3.30E+01	4.74E+01	bad-chisq
group_6927	5.00E-02	2.18E-02	4.44E-04	-4.18E+00	5.88E-01	-6.91E-01	-2.80E+01	3.82E+01	bad-chisq
group_6918	5.00E-02	1.69E-01	3.38E-01	1.96E+00	9.54E-01	-1.02E+00	-2.67E+01	3.66E+01	bad-chisq
group_6896	5.00E-02	2.18E-02	4.56E-06	-5.36E+00	6.00E-01	-9.16E-01	-3.30E+01	4.74E+01	bad-chisq
group_6891	5.00E-02	2.18E-02	4.47E-05	-5.03E+00	5.86E-01	-9.15E-01	-3.11E+01	4.46E+01	bad-chisq
group_6809	5.00E-02	2.18E-02	1.00E+00	-2.20E-01	6.03E-01	-6.86E-01	-2.31E+01	3.06E+01	bad-chisq
group_6789	5.00E-02	1.69E-01	3.38E-01	1.96E+00	9.54E-01	-1.02E+00	-2.67E+01	3.66E+01	bad-chisq
group_6784	5.00E-02	2.18E-02	4.56E-06	-5.36E+00	6.00E-01	-9.16E-01	-3.30E+01	4.74E+01	bad-chisq
tse3	5.00E-02	2.18E-02	4.56E-06	-5.36E+00	6.00E-01	-9.16E-01	-3.30E+01	4.74E+01	bad-chisq
group_6760	5.00E-02	2.18E-02	1.00E+00	5.50E-01	6.17E-01	-8.44E-01	-2.34E+01	3.21E+01	bad-chisq
group_6679	5.00E-02	2.18E-02	1.00E+00	8.39E-01	6.05E-01	-8.68E-01	-2.34E+01	3.24E+01	bad-chisq
group_6653	5.00E-02	2.18E-02	4.83E-01	-1.63E+00	5.17E-01	-6.63E-01	-2.34E+01	3.11E+01	bad-chisq
group_6652	5.00E-02	2.18E-02	4.83E-01	-1.63E+00	5.17E-01	-6.63E-01	-2.34E+01	3.11E+01	bad-chisq
group_6651	5.00E-02	2.18E-02	1.00E+00	-1.38E-01	5.93E-01	-7.05E-01	-2.32E+01	3.10E+01	bad-chisq
group_6649	5.00E-02	2.18E-02	1.00E+00	-1.38E-01	5.93E-01	-7.05E-01	-2.32E+01	3.10E+01	bad-chisq
group_6645	5.00E-02	6.46E-01	6.05E-01	-8.97E-01	9.64E-01	-7.86E-01	-2.45E+01	3.36E+01	bad-chisq
group_6538	5.00E-02	2.18E-02	1.00E+00	2.37E-01	6.17E-01	-8.27E-01	-2.35E+01	3.21E+01	bad-chisq
group_6520	5.00E-02	2.18E-02	1.59E-04	-4.39E+00	5.99E-01	-7.20E-01	-2.89E+01	3.98E+01	bad-chisq
group_6510	5.00E-02	2.18E-02	4.56E-06	-5.36E+00	6.00E-01	-9.16E-01	-3.30E+01	4.74E+01	bad-chisq
group_6464	5.00E-02	2.18E-02	1.00E+00	8.39E-01	6.05E-01	-8.68E-01	-2.34E+01	3.24E+01	bad-chisq
group_6428	5.00E-02	2.18E-02	1.00E+00	-1.90E-01	6.16E-01	-8.12E-01	-2.36E+01	3.21E+01	bad-chisq
group_6413	5.00E-02	2.18E-02	1.00E+00	2.37E-01	6.17E-01	-8.27E-01	-2.35E+01	3.21E+01	bad-chisq
group_6404	5.00E-02	2.18E-02	4.74E-01	-1.65E+00	5.17E-01	-6.61E-01	-2.34E+01	3.11E+01	bad-chisq
group_6391	5.00E-02	6.46E-01	1.00E+00	-4.73E-01	6.59E-01	-7.50E-01	-2.35E+01	3.16E+01	bad-chisq
group_6365	5.00E-02	2.18E-02	1.00E+00	8.39E-01	6.05E-01	-8.68E-01	-2.34E+01	3.24E+01	bad-chisq
group_6329	5.00E-02	2.18E-02	4.53E-05	-5.04E+00	5.86E-01	-9.24E-01	-3.12E+01	4.48E+01	bad-chisq
group_6325	5.00E-02	2.18E-02	1.00E+00	2.37E-01	6.17E-01	-8.27E-01	-2.35E+01	3.21E+01	bad-chisq
group_6314	5.00E-02	2.18E-02	1.00E+00	8.39E-01	6.05E-01	-8.68E-01	-2.34E+01	3.24E+01	bad-chisq
group_6281	5.00E-02	1.69E-01	1.49E-01	2.82E+00	9.26E-01	-1.10E+00	-2.77E+01	3.82E+01	bad-chisq
group_6191	5.00E-02	2.18E-02	1.00E+00	2.37E-01	6.17E-01	-8.27E-01	-2.35E+01	3.21E+01	bad-chisq
group_6189	5.00E-02	2.18E-02	1.00E+00	2.37E-01	6.17E-01	-8.27E-01	-2.35E+01	3.21E+01	bad-chisq
group_6188	5.00E-02	2.18E-02	1.00E+00	2.37E-01	6.17E-01	-8.27E-01	-2.35E+01	3.21E+01	bad-chisq
group_6175	5.00E-02	2.18E-02	1.74E-04	-4.40E+00	5.98E-01	-7.44E-01	-2.92E+01	4.02E+01	bad-chisq
group_6154	5.00E-02	6.46E-01	1.00E+00	-4.73E-01	6.59E-01	-7.50E-01	-2.35E+01	3.16E+01	bad-chisq
group_6149	5.00E-02	2.18E-02	1.00E+00	2.37E-01	6.17E-01	-8.27E-01	-2.35E+01	3.21E+01	bad-chisq
group_6116	5.00E-02	1.69E-01	5.75E-01	-1.29E+00	9.72E-01	-7.70E-01	-2.52E+01	3.34E+01	bad-chisq
group_6113	5.00E-02	6.46E-01	1.00E+00	-4.73E-01	6.59E-01	-7.50E-01	-2.35E+01	3.16E+01	bad-chisq
group_6089	5.00E-02	2.18E-02	1.00E+00	2.37E-01	6.17E-01	-8.27E-01	-2.35E+01	3.21E+01	bad-chisq
group_6055	5.00E-02	2.18E-02	1.96E-01	-2.48E+00	4.74E-01	-6.97E-01	-2.41E+01	3.24E+01	bad-chisq
group_6053	5.00E-02	2.18E-02	1.00E+00	2.37E-01	6.17E-01	-8.27E-01	-2.35E+01	3.21E+01	bad-chisq
group_6024	5.00E-02	1.69E-01	1.00E+00	6.37E-01	8.02E-01	-8.05E-01	-2.42E+01	3.24E+01	bad-chisq
group_6001	5.00E-02	1.69E-01	3.38E-01	1.96E+00	9.54E-01	-1.02E+00	-2.67E+01	3.66E+01	bad-chisq
group_5968	5.00E-02	6.46E-01	6.05E-01	-8.97E-01	9.64E-01	-7.86E-01	-2.45E+01	3.36E+01	bad-chisq
group_5960	5.00E-02	1.69E-01	1.80E-01	2.61E+00	9.53E-01	-1.09E+00	-2.76E+01	3.79E+01	bad-chisq
fliQ	5.00E-02	2.18E-02	4.56E-06	-5.36E+00	6.00E-01	-9.16E-01	-3.30E+01	4.74E+01	bad-chisq
group_5906	5.00E-02	1.69E-01	3.38E-01	1.96E+00	9.54E-01	-1.02E+00	-2.67E+01	3.66E+01	bad-chisq
group_5852	5.00E-02	2.18E-02	1.00E+00	-1.90E-01	6.16E-01	-8.12E-01	-2.36E+01	3.21E+01	bad-chisq
group_5828	5.00E-02	6.46E-01	6.05E-01	-8.97E-01	9.64E-01	-7.86E-01	-2.45E+01	3.36E+01	bad-chisq
group_5789	5.00E-02	2.18E-02	1.00E+00	2.37E-01	6.17E-01	-8.27E-01	-2.35E+01	3.21E+01	bad-chisq
group_5708	5.00E-02	2.18E-02	1.00E+00	2.37E-01	6.17E-01	-8.27E-01	-2.35E+01	3.21E+01	bad-chisq
group_5681	5.00E-02	6.46E-01	1.79E-01	2.07E+00	6.62E-01	-8.63E-01	-2.43E+01	3.16E+01	bad-chisq
group_5652	5.00E-02	2.18E-02	1.00E+00	8.39E-01	6.05E-01	-8.68E-01	-2.34E+01	3.24E+01	bad-chisq
group_5651	5.00E-02	2.18E-02	1.84E-01	1.79E+00	6.08E-01	-8.35E-01	-2.34E+01	3.04E+01	bad-chisq
group_5639	5.00E-02	2.18E-02	1.41E-03	-4.07E+00	5.73E-01	-7.68E-01	-2.79E+01	3.83E+01	bad-chisq
group_5630	5.00E-02	2.18E-02	1.18E-04	-4.41E+00	6.01E-01	-6.85E-01	-2.88E+01	3.95E+01	bad-chisq
group_5597	5.00E-02	6.46E-01	6.86E-01	6.30E-01	9.19E-01	-8.25E-01	-2.41E+01	3.19E+01	bad-chisq
group_5589	5.00E-02	2.18E-02	1.00E+00	-1.90E-01	6.16E-01	-8.12E-01	-2.36E+01	3.21E+01	bad-chisq
group_5581	5.00E-02	2.18E-02	1.00E+00	8.39E-01	6.05E-01	-8.68E-01	-2.34E+01	3.24E+01	bad-chisq
group_5575	5.00E-02	1.69E-01	7.74E-03	-2.83E+00	9.15E-01	-7.50E-01	-2.73E+01	3.74E+01	bad-chisq
group_5489	5.00E-02	2.18E-02	1.00E+00	2.37E-01	6.17E-01	-8.27E-01	-2.35E+01	3.21E+01	bad-chisq
group_5440	5.00E-02	6.46E-01	2.07E-01	-1.24E+00	1.08E+00	-7.62E-01	-2.48E+01	3.46E+01	bad-chisq
group_5439	5.00E-02	2.18E-02	4.56E-06	-5.36E+00	6.00E-01	-9.16E-01	-3.30E+01	4.74E+01	bad-chisq
group_5412	5.00E-02	2.18E-02	1.00E+00	2.37E-01	6.17E-01	-8.27E-01	-2.35E+01	3.21E+01	bad-chisq
group_5359	5.00E-02	6.46E-01	2.07E-01	-1.24E+00	1.08E+00	-7.62E-01	-2.48E+01	3.46E+01	bad-chisq
group_5282	5.00E-02	6.46E-01	1.00E+00	-4.73E-01	6.59E-01	-7.50E-01	-2.35E+01	3.16E+01	bad-chisq
group_5223	5.00E-02	2.18E-02	1.00E+00	2.37E-01	6.17E-01	-8.27E-01	-2.35E+01	3.21E+01	bad-chisq
group_5174	5.00E-02	2.18E-02	1.00E+00	8.39E-01	6.05E-01	-8.68E-01	-2.34E+01	3.24E+01	bad-chisq
group_5083	5.00E-02	6.46E-01	1.00E+00	-4.73E-01	6.59E-01	-7.50E-01	-2.35E+01	3.16E+01	bad-chisq
group_4939	5.00E-02	2.18E-02	4.56E-06	-5.36E+00	6.00E-01	-9.16E-01	-3.30E+01	4.74E+01	bad-chisq
group_4902	5.00E-02	6.46E-01	1.00E+00	-4.73E-01	6.59E-01	-7.50E-01	-2.35E+01	3.16E+01	bad-chisq
group_4869	5.00E-02	2.18E-02	4.56E-06	-5.36E+00	6.00E-01	-9.16E-01	-3.30E+01	4.74E+01	bad-chisq
group_4825	5.00E-02	2.18E-02	1.00E+00	2.37E-01	6.17E-01	-8.27E-01	-2.35E+01	3.21E+01	bad-chisq
group_4674	5.00E-02	2.18E-02	1.00E+00	-1.90E-01	6.16E-01	-8.12E-01	-2.36E+01	3.21E+01	bad-chisq
group_4614	5.00E-02	1.69E-01	1.00E+00	6.37E-01	8.02E-01	-8.05E-01	-2.42E+01	3.24E+01	bad-chisq
group_4612	5.00E-02	2.18E-02	1.96E-01	-2.48E+00	4.74E-01	-6.97E-01	-2.41E+01	3.24E+01	bad-chisq
group_4604	5.00E-02	2.18E-02	4.56E-06	-5.36E+00	6.00E-01	-9.16E-01	-3.30E+01	4.74E+01	bad-chisq
group_4508	5.00E-02	2.18E-02	1.00E+00	-4.70E-01	6.09E-01	-6.76E-01	-2.30E+01	3.06E+01	bad-chisq
group_4484	5.00E-02	6.46E-01	1.00E+00	-4.73E-01	6.59E-01	-7.50E-01	-2.35E+01	3.16E+01	bad-chisq
group_4457	5.00E-02	2.18E-02	1.00E+00	2.37E-01	6.17E-01	-8.27E-01	-2.35E+01	3.21E+01	bad-chisq
group_4439	5.00E-02	2.18E-02	1.18E-04	-4.41E+00	6.01E-01	-6.85E-01	-2.88E+01	3.95E+01	bad-chisq
group_4410	5.00E-02	2.18E-02	1.00E+00	2.37E-01	6.17E-01	-8.27E-01	-2.35E+01	3.21E+01	bad-chisq
group_4403	5.00E-02	2.18E-02	1.00E+00	8.39E-01	6.05E-01	-8.68E-01	-2.34E+01	3.24E+01	bad-chisq
group_4294	5.00E-02	6.46E-01	1.00E+00	-4.73E-01	6.59E-01	-7.50E-01	-2.35E+01	3.16E+01	bad-chisq
flgA	5.00E-02	2.18E-02	4.56E-06	-5.36E+00	6.00E-01	-9.16E-01	-3.30E+01	4.74E+01	bad-chisq
group_4270	5.00E-02	2.18E-02	1.00E+00	-2.82E-01	6.08E-01	-6.80E-01	-2.30E+01	3.05E+01	bad-chisq
group_4228	5.00E-02	2.18E-02	1.18E-04	-4.41E+00	6.01E-01	-6.85E-01	-2.88E+01	3.95E+01	bad-chisq
group_4226	5.00E-02	1.69E-01	1.21E-02	-2.70E+00	9.03E-01	-7.65E-01	-2.68E+01	3.72E+01	bad-chisq
group_4224	5.00E-02	2.18E-02	1.00E+00	2.37E-01	6.17E-01	-8.27E-01	-2.35E+01	3.21E+01	bad-chisq
group_4211	5.00E-02	2.18E-02	1.00E+00	2.37E-01	6.17E-01	-8.27E-01	-2.35E+01	3.21E+01	bad-chisq
creB	5.00E-02	1.69E-01	1.49E-01	2.82E+00	9.26E-01	-1.10E+00	-2.77E+01	3.82E+01	bad-chisq
group_4193	5.00E-02	2.18E-02	1.00E+00	2.37E-01	6.17E-01	-8.27E-01	-2.35E+01	3.21E+01	bad-chisq
group_4192	5.00E-02	2.18E-02	1.00E+00	2.37E-01	6.17E-01	-8.27E-01	-2.35E+01	3.21E+01	bad-chisq
group_4187	5.00E-02	2.18E-02	4.56E-06	-5.36E+00	6.00E-01	-9.16E-01	-3.30E+01	4.74E+01	bad-chisq
fliR	5.00E-02	2.18E-02	4.56E-06	-5.36E+00	6.00E-01	-9.16E-01	-3.30E+01	4.74E+01	bad-chisq
group_4168	5.00E-02	2.18E-02	1.74E-04	-4.40E+00	5.98E-01	-7.44E-01	-2.92E+01	4.02E+01	bad-chisq
group_4087	5.00E-02	2.18E-02	4.56E-06	-5.36E+00	6.00E-01	-9.16E-01	-3.30E+01	4.74E+01	bad-chisq
group_4080	5.00E-02	2.18E-02	4.56E-06	-5.36E+00	6.00E-01	-9.16E-01	-3.30E+01	4.74E+01	bad-chisq
istB	5.00E-02	2.18E-02	1.00E+00	2.37E-01	6.17E-01	-8.27E-01	-2.35E+01	3.21E+01	bad-chisq
group_4009	5.00E-02	2.18E-02	1.00E+00	8.39E-01	6.05E-01	-8.68E-01	-2.34E+01	3.24E+01	bad-chisq
group_3977	5.00E-02	1.69E-01	1.97E-01	1.67E+00	7.58E-01	-8.64E-01	-2.40E+01	3.14E+01	bad-chisq
group_3952	5.00E-02	6.46E-01	6.05E-01	-8.97E-01	9.64E-01	-7.86E-01	-2.45E+01	3.36E+01	bad-chisq
group_3934	5.00E-02	2.18E-02	1.00E+00	-2.20E-01	6.03E-01	-6.86E-01	-2.31E+01	3.06E+01	bad-chisq
group_3928	5.00E-02	2.18E-02	1.00E+00	-1.90E-01	6.16E-01	-8.12E-01	-2.36E+01	3.21E+01	bad-chisq
group_3863	5.00E-02	2.18E-02	4.56E-06	-5.36E+00	6.00E-01	-9.16E-01	-3.30E+01	4.74E+01	bad-chisq
group_3792	5.00E-02	2.18E-02	1.00E+00	-1.90E-01	6.16E-01	-8.12E-01	-2.36E+01	3.21E+01	bad-chisq
group_3790	5.00E-02	2.18E-02	4.56E-06	-5.36E+00	6.00E-01	-9.16E-01	-3.30E+01	4.74E+01	bad-chisq
group_3729	5.00E-02	1.69E-01	3.38E-01	1.96E+00	9.54E-01	-1.02E+00	-2.67E+01	3.66E+01	bad-chisq
group_3649	5.00E-02	1.69E-01	2.54E-01	1.13E+00	9.67E-01	-8.61E-01	-2.42E+01	3.14E+01	bad-chisq
group_3643	5.00E-02	2.18E-02	1.00E+00	-4.70E-01	6.09E-01	-6.76E-01	-2.30E+01	3.06E+01	bad-chisq
group_3604	5.00E-02	2.18E-02	4.56E-06	-5.36E+00	6.00E-01	-9.16E-01	-3.30E+01	4.74E+01	bad-chisq
group_3581	5.00E-02	2.18E-02	1.00E+00	2.37E-01	6.17E-01	-8.27E-01	-2.35E+01	3.21E+01	bad-chisq
group_3548	5.00E-02	2.18E-02	4.56E-06	-5.36E+00	6.00E-01	-9.16E-01	-3.30E+01	4.74E+01	bad-chisq
acuI	5.00E-02	2.18E-02	1.00E+00	8.39E-01	6.05E-01	-8.68E-01	-2.34E+01	3.24E+01	bad-chisq
group_3520	5.00E-02	2.18E-02	4.56E-06	-5.36E+00	6.00E-01	-9.16E-01	-3.30E+01	4.74E+01	bad-chisq
group_3517	5.00E-02	2.18E-02	1.00E+00	8.39E-01	6.05E-01	-8.68E-01	-2.34E+01	3.24E+01	bad-chisq
group_3491	5.00E-02	6.46E-01	1.00E+00	-3.56E-01	5.96E-01	-7.60E-01	-2.34E+01	3.15E+01	bad-chisq
group_3371	5.00E-02	1.69E-01	4.66E-01	1.76E+00	8.52E-01	-9.54E-01	-2.58E+01	3.51E+01	bad-chisq
group_3350	5.00E-02	2.18E-02	1.00E+00	5.50E-01	6.17E-01	-8.44E-01	-2.34E+01	3.21E+01	bad-chisq
flhB	5.00E-02	2.18E-02	4.56E-06	-5.36E+00	6.00E-01	-9.16E-01	-3.30E+01	4.74E+01	bad-chisq
group_3314	5.00E-02	2.18E-02	1.00E+00	2.37E-01	6.17E-01	-8.27E-01	-2.35E+01	3.21E+01	bad-chisq
group_3296	5.00E-02	1.69E-01	1.97E-01	1.67E+00	7.58E-01	-8.64E-01	-2.40E+01	3.14E+01	bad-chisq
group_3270	5.00E-02	2.18E-02	4.56E-06	-5.36E+00	6.00E-01	-9.16E-01	-3.30E+01	4.74E+01	bad-chisq
group_3260	5.00E-02	2.18E-02	1.00E+00	2.37E-01	6.17E-01	-8.27E-01	-2.35E+01	3.21E+01	bad-chisq
group_3242	5.00E-02	2.18E-02	1.18E-04	-4.41E+00	6.01E-01	-6.85E-01	-2.88E+01	3.95E+01	bad-chisq
group_3131	5.00E-02	2.18E-02	4.56E-06	-5.36E+00	6.00E-01	-9.16E-01	-3.30E+01	4.74E+01	bad-chisq
group_3110	5.00E-02	2.18E-02	1.00E+00	5.50E-01	6.17E-01	-8.44E-01	-2.34E+01	3.21E+01	bad-chisq
group_2905	5.00E-02	2.18E-02	1.00E+00	-2.03E-01	5.91E-01	-7.02E-01	-2.32E+01	3.10E+01	bad-chisq
group_2900	5.00E-02	1.69E-01	3.38E-01	1.96E+00	9.54E-01	-1.02E+00	-2.67E+01	3.66E+01	bad-chisq
group_2881	5.00E-02	1.69E-01	1.00E+00	-3.48E-01	7.44E-01	-7.55E-01	-2.38E+01	3.20E+01	bad-chisq
group_2854	5.00E-02	1.69E-01	1.00E+00	8.70E-01	7.24E-01	-8.18E-01	-2.41E+01	3.25E+01	bad-chisq
group_2843	5.00E-02	6.46E-01	1.00E+00	-4.73E-01	6.59E-01	-7.50E-01	-2.35E+01	3.16E+01	bad-chisq
group_2829	5.00E-02	1.69E-01	4.66E-01	1.76E+00	8.52E-01	-9.54E-01	-2.58E+01	3.51E+01	bad-chisq
group_2804	5.00E-02	2.18E-02	1.00E+00	-5.02E-01	6.18E-01	-6.56E-01	-2.28E+01	3.01E+01	bad-chisq
group_2783	5.00E-02	2.18E-02	1.00E+00	-9.07E-01	5.57E-01	-6.83E-01	-2.32E+01	3.10E+01	bad-chisq
group_2753	5.00E-02	2.18E-02	1.00E+00	-5.02E-01	6.18E-01	-6.56E-01	-2.28E+01	3.01E+01	bad-chisq
group_2673	5.00E-02	6.46E-01	2.07E-01	-1.24E+00	1.08E+00	-7.62E-01	-2.48E+01	3.46E+01	bad-chisq
group_2646	5.00E-02	2.18E-02	1.00E+00	-2.82E-01	6.08E-01	-6.80E-01	-2.30E+01	3.05E+01	bad-chisq
group_2570	5.00E-02	2.18E-02	1.00E+00	2.37E-01	6.17E-01	-8.27E-01	-2.35E+01	3.21E+01	bad-chisq
group_2548	5.00E-02	2.18E-02	1.00E+00	-1.33E-01	5.90E-01	-6.97E-01	-2.32E+01	3.08E+01	bad-chisq
group_2525	5.00E-02	2.18E-02	6.93E-04	-4.10E+00	5.82E-01	-6.78E-01	-2.74E+01	3.73E+01	bad-chisq
group_2489	5.00E-02	6.46E-01	2.07E-01	-1.24E+00	1.08E+00	-7.62E-01	-2.48E+01	3.46E+01	bad-chisq
group_2487	5.00E-02	6.46E-01	2.07E-01	-1.24E+00	1.08E+00	-7.62E-01	-2.48E+01	3.46E+01	bad-chisq
group_2483	5.00E-02	6.46E-01	2.07E-01	-1.24E+00	1.08E+00	-7.62E-01	-2.48E+01	3.46E+01	bad-chisq
group_2477	5.00E-02	6.46E-01	2.07E-01	-1.24E+00	1.08E+00	-7.62E-01	-2.48E+01	3.46E+01	bad-chisq
group_2466	5.00E-02	6.46E-01	2.07E-01	-1.24E+00	1.08E+00	-7.62E-01	-2.48E+01	3.46E+01	bad-chisq
group_2450	5.00E-02	2.18E-02	1.00E+00	2.37E-01	6.17E-01	-8.27E-01	-2.35E+01	3.21E+01	bad-chisq
group_2448	5.00E-02	6.46E-01	2.07E-01	-1.24E+00	1.08E+00	-7.62E-01	-2.48E+01	3.46E+01	bad-chisq
group_2441	5.00E-02	2.18E-02	1.00E+00	-2.66E-01	5.84E-01	-7.00E-01	-2.32E+01	3.10E+01	bad-chisq
yopX	5.00E-02	6.46E-01	1.00E+00	9.62E-01	8.00E-01	-8.48E-01	-2.44E+01	3.28E+01	bad-chisq
group_2407	5.00E-02	6.46E-01	2.07E-01	-1.24E+00	1.08E+00	-7.62E-01	-2.48E+01	3.46E+01	bad-chisq
group_2404	5.00E-02	6.46E-01	2.07E-01	-1.24E+00	1.08E+00	-7.62E-01	-2.48E+01	3.46E+01	bad-chisq
group_2392	5.00E-02	2.18E-02	1.00E+00	-2.66E-01	5.84E-01	-7.00E-01	-2.32E+01	3.10E+01	bad-chisq
group_2349	5.00E-02	6.46E-01	1.00E+00	9.62E-01	8.00E-01	-8.48E-01	-2.44E+01	3.28E+01	bad-chisq
group_2340	5.00E-02	6.46E-01	1.00E+00	-4.73E-01	6.59E-01	-7.50E-01	-2.35E+01	3.16E+01	bad-chisq
group_2339	5.00E-02	1.69E-01	3.38E-01	1.96E+00	9.54E-01	-1.02E+00	-2.67E+01	3.66E+01	bad-chisq
group_2327	5.00E-02	6.46E-01	2.07E-01	-1.24E+00	1.08E+00	-7.62E-01	-2.48E+01	3.46E+01	bad-chisq
group_2317	5.00E-02	6.46E-01	2.07E-01	-1.24E+00	1.08E+00	-7.62E-01	-2.48E+01	3.46E+01	bad-chisq
group_2174	5.00E-02	6.46E-01	1.00E+00	9.62E-01	8.00E-01	-8.48E-01	-2.44E+01	3.28E+01	bad-chisq
group_2161	5.00E-02	6.46E-01	1.00E+00	-4.73E-01	6.59E-01	-7.50E-01	-2.35E+01	3.16E+01	bad-chisq
group_2157	5.00E-02	1.69E-01	3.38E-01	1.96E+00	9.54E-01	-1.02E+00	-2.67E+01	3.66E+01	bad-chisq
group_2149	5.00E-02	1.69E-01	1.48E-01	-1.80E+00	7.84E-01	-7.05E-01	-2.42E+01	3.32E+01	bad-chisq
group_2142	5.00E-02	2.18E-02	1.41E-03	-4.07E+00	5.73E-01	-7.68E-01	-2.79E+01	3.83E+01	bad-chisq
group_2136	5.00E-02	6.46E-01	2.07E-01	-1.24E+00	1.08E+00	-7.62E-01	-2.48E+01	3.46E+01	bad-chisq
group_2066	5.00E-02	2.18E-02	1.00E+00	-2.03E-01	5.91E-01	-7.02E-01	-2.32E+01	3.10E+01	bad-chisq
tnsA	5.00E-02	2.18E-02	1.00E+00	-2.66E-01	5.84E-01	-7.00E-01	-2.32E+01	3.10E+01	bad-chisq
group_2031	5.00E-02	1.69E-01	1.00E+00	9.48E-01	6.88E-01	-8.21E-01	-2.41E+01	3.26E+01	bad-chisq
creD	5.00E-02	1.69E-01	1.49E-01	2.82E+00	9.26E-01	-1.10E+00	-2.77E+01	3.82E+01	bad-chisq
group_2026	5.00E-02	2.18E-02	3.82E-01	-1.68E+00	5.37E-01	-6.36E-01	-2.31E+01	3.07E+01	bad-chisq
group_2014	5.00E-02	2.18E-02	1.00E+00	-2.03E-01	5.91E-01	-7.02E-01	-2.32E+01	3.10E+01	bad-chisq
group_1902	5.00E-02	2.18E-02	4.53E-05	-5.04E+00	5.86E-01	-9.24E-01	-3.12E+01	4.48E+01	bad-chisq
group_1792	5.00E-02	6.46E-01	1.00E+00	-4.19E-01	5.79E-01	-7.63E-01	-2.34E+01	3.15E+01	bad-chisq
group_1772	5.00E-02	6.46E-01	1.00E+00	9.62E-01	8.00E-01	-8.48E-01	-2.44E+01	3.28E+01	bad-chisq
umuC	5.00E-02	2.18E-02	4.49E-05	-5.03E+00	5.86E-01	-9.18E-01	-3.11E+01	4.46E+01	bad-chisq
group_1745	5.00E-02	6.46E-01	1.00E+00	-4.73E-01	6.59E-01	-7.50E-01	-2.35E+01	3.16E+01	bad-chisq
group_1739	5.00E-02	1.69E-01	3.38E-01	1.96E+00	9.54E-01	-1.02E+00	-2.67E+01	3.66E+01	bad-chisq
group_1735	5.00E-02	1.69E-01	1.00E+00	9.48E-01	6.88E-01	-8.21E-01	-2.41E+01	3.26E+01	bad-chisq
group_1730	5.00E-02	1.69E-01	1.49E-01	2.82E+00	9.26E-01	-1.10E+00	-2.77E+01	3.82E+01	bad-chisq
group_1720	5.00E-02	6.46E-01	6.13E-01	5.46E-01	1.00E+00	-8.36E-01	-2.42E+01	3.22E+01	bad-chisq
group_1699	5.00E-02	6.46E-01	2.07E-01	-1.24E+00	1.08E+00	-7.62E-01	-2.48E+01	3.46E+01	bad-chisq
group_1665	5.00E-02	6.46E-01	1.00E+00	-4.73E-01	6.59E-01	-7.50E-01	-2.35E+01	3.16E+01	bad-chisq
group_1535	5.00E-02	2.18E-02	1.00E+00	2.37E-01	6.17E-01	-8.27E-01	-2.35E+01	3.21E+01	bad-chisq
group_1422	5.00E-02	1.69E-01	1.00E+00	9.48E-01	6.88E-01	-8.21E-01	-2.41E+01	3.26E+01	bad-chisq
group_1311	5.00E-02	2.18E-02	1.00E+00	8.39E-01	6.05E-01	-8.68E-01	-2.34E+01	3.24E+01	bad-chisq
group_1248	5.00E-02	1.69E-01	1.80E-01	2.61E+00	9.53E-01	-1.09E+00	-2.76E+01	3.79E+01	bad-chisq
group_1209	5.00E-02	1.69E-01	1.80E-01	2.61E+00	9.53E-01	-1.09E+00	-2.76E+01	3.79E+01	bad-chisq
group_1080	5.00E-02	6.46E-01	1.00E+00	-4.73E-01	6.59E-01	-7.50E-01	-2.35E+01	3.16E+01	bad-chisq
yknV	5.00E-02	1.69E-01	4.66E-01	1.76E+00	8.52E-01	-9.54E-01	-2.58E+01	3.51E+01	bad-chisq
group_946	5.00E-02	2.18E-02	1.00E+00	2.37E-01	6.17E-01	-8.27E-01	-2.35E+01	3.21E+01	bad-chisq
group_920	5.00E-02	1.69E-01	4.66E-01	1.76E+00	8.52E-01	-9.54E-01	-2.58E+01	3.51E+01	bad-chisq
group_905	5.00E-02	2.18E-02	1.00E+00	-2.20E-01	6.03E-01	-6.86E-01	-2.31E+01	3.06E+01	bad-chisq
yfcG	5.00E-02	2.18E-02	1.77E-04	-4.40E+00	5.98E-01	-7.52E-01	-2.93E+01	4.04E+01	bad-chisq
group_818	5.00E-02	6.46E-01	1.00E+00	-4.19E-01	5.79E-01	-7.63E-01	-2.34E+01	3.15E+01	bad-chisq
group_805	5.00E-02	2.18E-02	1.00E+00	-1.90E-01	6.16E-01	-8.12E-01	-2.36E+01	3.21E+01	bad-chisq
group_734	5.00E-02	1.69E-01	2.54E-01	1.13E+00	9.67E-01	-8.61E-01	-2.42E+01	3.14E+01	bad-chisq
flhA	5.00E-02	2.18E-02	4.56E-06	-5.36E+00	6.00E-01	-9.16E-01	-3.30E+01	4.74E+01	bad-chisq
group_721	5.00E-02	2.18E-02	4.49E-05	-5.03E+00	5.86E-01	-9.18E-01	-3.11E+01	4.46E+01	bad-chisq
group_694	5.00E-02	6.46E-01	1.00E+00	-4.73E-01	6.59E-01	-7.50E-01	-2.35E+01	3.16E+01	bad-chisq
group_675	5.00E-02	1.69E-01	3.38E-01	1.96E+00	9.54E-01	-1.02E+00	-2.67E+01	3.66E+01	bad-chisq
group_569	5.00E-02	6.46E-01	2.07E-01	-1.24E+00	1.08E+00	-7.62E-01	-2.48E+01	3.46E+01	bad-chisq
group_547	5.00E-02	6.46E-01	2.07E-01	-1.24E+00	1.08E+00	-7.62E-01	-2.48E+01	3.46E+01	bad-chisq
group_468	5.00E-02	6.46E-01	1.00E+00	-4.73E-01	6.59E-01	-7.50E-01	-2.35E+01	3.16E+01	bad-chisq
group_439	5.00E-02	1.69E-01	4.66E-01	1.76E+00	8.52E-01	-9.54E-01	-2.58E+01	3.51E+01	bad-chisq
group_376	5.00E-02	2.18E-02	8.01E-02	-2.54E+00	5.39E-01	-6.84E-01	-2.42E+01	3.30E+01	bad-chisq
group_292	5.00E-02	6.46E-01	1.00E+00	-4.73E-01	6.59E-01	-7.50E-01	-2.35E+01	3.16E+01	bad-chisq
group_111	5.00E-02	2.18E-02	1.84E-01	1.79E+00	6.08E-01	-8.35E-01	-2.34E+01	3.04E+01	bad-chisq
group_79	5.00E-02	1.69E-01	3.38E-01	1.96E+00	9.54E-01	-1.02E+00	-2.67E+01	3.66E+01	bad-chisq
group_8198	4.00E-02	3.07E-01	1.00E+00	-4.15E-01	7.78E-01	-7.61E-01	-2.40E+01	3.23E+01	bad-chisq
group_8197	4.00E-02	3.07E-01	1.00E+00	-4.15E-01	7.78E-01	-7.61E-01	-2.40E+01	3.23E+01	bad-chisq
group_8196	4.00E-02	3.07E-01	1.00E+00	-4.15E-01	7.78E-01	-7.61E-01	-2.40E+01	3.23E+01	bad-chisq
group_8195	4.00E-02	3.07E-01	1.00E+00	-4.15E-01	7.78E-01	-7.61E-01	-2.40E+01	3.23E+01	bad-chisq
group_8194	4.00E-02	3.07E-01	1.00E+00	-4.15E-01	7.78E-01	-7.61E-01	-2.40E+01	3.23E+01	bad-chisq
group_8193	4.00E-02	3.07E-01	1.00E+00	-4.15E-01	7.78E-01	-7.61E-01	-2.40E+01	3.23E+01	bad-chisq
group_8031	4.00E-02	3.07E-01	1.00E+00	1.20E-01	8.96E-01	-8.16E-01	-2.41E+01	3.24E+01	bad-chisq
group_8024	4.00E-02	4.12E-02	1.00E+00	3.48E-01	5.73E-01	-7.36E-01	-2.35E+01	3.15E+01	bad-chisq
group_7973	4.00E-02	1.00E+00	3.17E-01	-1.90E+00	7.90E-01	-7.48E-01	-2.49E+01	3.33E+01	bad-chisq
group_7972	4.00E-02	1.00E+00	3.17E-01	-1.90E+00	7.90E-01	-7.48E-01	-2.49E+01	3.33E+01	bad-chisq
group_7971	4.00E-02	1.00E+00	3.17E-01	-1.90E+00	7.90E-01	-7.48E-01	-2.49E+01	3.33E+01	bad-chisq
group_7970	4.00E-02	1.00E+00	3.17E-01	-1.90E+00	7.90E-01	-7.48E-01	-2.49E+01	3.33E+01	bad-chisq
group_7969	4.00E-02	1.00E+00	3.17E-01	-1.90E+00	7.90E-01	-7.48E-01	-2.49E+01	3.33E+01	bad-chisq
group_7968	4.00E-02	1.00E+00	3.17E-01	-1.90E+00	7.90E-01	-7.48E-01	-2.49E+01	3.33E+01	bad-chisq
group_7967	4.00E-02	1.00E+00	3.17E-01	-1.90E+00	7.90E-01	-7.48E-01	-2.49E+01	3.33E+01	bad-chisq
group_7966	4.00E-02	1.00E+00	3.17E-01	-1.90E+00	7.90E-01	-7.48E-01	-2.49E+01	3.33E+01	bad-chisq
group_7964	4.00E-02	1.00E+00	3.17E-01	-1.90E+00	7.90E-01	-7.48E-01	-2.49E+01	3.33E+01	bad-chisq
group_7963	4.00E-02	1.00E+00	3.17E-01	-1.90E+00	7.90E-01	-7.48E-01	-2.49E+01	3.33E+01	bad-chisq
group_7962	4.00E-02	1.00E+00	3.17E-01	-1.90E+00	7.90E-01	-7.48E-01	-2.49E+01	3.33E+01	bad-chisq
sprT	4.00E-02	1.00E+00	3.17E-01	-1.90E+00	7.90E-01	-7.48E-01	-2.49E+01	3.33E+01	bad-chisq
group_7960	4.00E-02	1.00E+00	3.17E-01	-1.90E+00	7.90E-01	-7.48E-01	-2.49E+01	3.33E+01	bad-chisq
group_7959	4.00E-02	1.00E+00	3.17E-01	-1.90E+00	7.90E-01	-7.48E-01	-2.49E+01	3.33E+01	bad-chisq
group_7958	4.00E-02	1.00E+00	3.17E-01	-1.90E+00	7.90E-01	-7.48E-01	-2.49E+01	3.33E+01	bad-chisq
group_7957	4.00E-02	1.00E+00	3.17E-01	-1.90E+00	7.90E-01	-7.48E-01	-2.49E+01	3.33E+01	bad-chisq
group_7956	4.00E-02	1.00E+00	3.17E-01	-1.90E+00	7.90E-01	-7.48E-01	-2.49E+01	3.33E+01	bad-chisq
group_7955	4.00E-02	1.00E+00	3.17E-01	-1.90E+00	7.90E-01	-7.48E-01	-2.49E+01	3.33E+01	bad-chisq
group_7954	4.00E-02	1.00E+00	3.17E-01	-1.90E+00	7.90E-01	-7.48E-01	-2.49E+01	3.33E+01	bad-chisq
group_7953	4.00E-02	1.00E+00	3.17E-01	-1.90E+00	7.90E-01	-7.48E-01	-2.49E+01	3.33E+01	bad-chisq
group_7951	4.00E-02	1.00E+00	3.17E-01	-1.90E+00	7.90E-01	-7.48E-01	-2.49E+01	3.33E+01	bad-chisq
group_7950	4.00E-02	1.00E+00	3.17E-01	-1.90E+00	7.90E-01	-7.48E-01	-2.49E+01	3.33E+01	bad-chisq
group_7949	4.00E-02	1.00E+00	3.17E-01	-1.90E+00	7.90E-01	-7.48E-01	-2.49E+01	3.33E+01	bad-chisq
group_7948	4.00E-02	1.00E+00	3.17E-01	-1.90E+00	7.90E-01	-7.48E-01	-2.49E+01	3.33E+01	bad-chisq
group_7947	4.00E-02	1.00E+00	3.17E-01	-1.90E+00	7.90E-01	-7.48E-01	-2.49E+01	3.33E+01	bad-chisq
group_7946	4.00E-02	1.00E+00	3.17E-01	-1.90E+00	7.90E-01	-7.48E-01	-2.49E+01	3.33E+01	bad-chisq
group_7945	4.00E-02	1.00E+00	3.17E-01	-1.90E+00	7.90E-01	-7.48E-01	-2.49E+01	3.33E+01	bad-chisq
group_7944	4.00E-02	1.00E+00	3.17E-01	-1.90E+00	7.90E-01	-7.48E-01	-2.49E+01	3.33E+01	bad-chisq
group_7943	4.00E-02	1.00E+00	3.17E-01	-1.90E+00	7.90E-01	-7.48E-01	-2.49E+01	3.33E+01	bad-chisq
group_7942	4.00E-02	1.00E+00	3.17E-01	-1.90E+00	7.90E-01	-7.48E-01	-2.49E+01	3.33E+01	bad-chisq
group_7941	4.00E-02	1.00E+00	3.17E-01	-1.90E+00	7.90E-01	-7.48E-01	-2.49E+01	3.33E+01	bad-chisq
group_7940	4.00E-02	1.00E+00	3.17E-01	-1.90E+00	7.90E-01	-7.48E-01	-2.49E+01	3.33E+01	bad-chisq
group_7939	4.00E-02	1.00E+00	3.17E-01	-1.90E+00	7.90E-01	-7.48E-01	-2.49E+01	3.33E+01	bad-chisq
group_7938	4.00E-02	1.00E+00	3.17E-01	-1.90E+00	7.90E-01	-7.48E-01	-2.49E+01	3.33E+01	bad-chisq
group_7936	4.00E-02	1.00E+00	3.17E-01	-1.90E+00	7.90E-01	-7.48E-01	-2.49E+01	3.33E+01	bad-chisq
group_7935	4.00E-02	1.00E+00	3.17E-01	-1.90E+00	7.90E-01	-7.48E-01	-2.49E+01	3.33E+01	bad-chisq
group_7934	4.00E-02	1.00E+00	3.17E-01	-1.90E+00	7.90E-01	-7.48E-01	-2.49E+01	3.33E+01	bad-chisq
group_7933	4.00E-02	1.00E+00	3.17E-01	-1.90E+00	7.90E-01	-7.48E-01	-2.49E+01	3.33E+01	bad-chisq
group_7932	4.00E-02	1.00E+00	3.17E-01	-1.90E+00	7.90E-01	-7.48E-01	-2.49E+01	3.33E+01	bad-chisq
group_7931	4.00E-02	1.00E+00	3.17E-01	-1.90E+00	7.90E-01	-7.48E-01	-2.49E+01	3.33E+01	bad-chisq
group_7930	4.00E-02	1.00E+00	3.17E-01	-1.90E+00	7.90E-01	-7.48E-01	-2.49E+01	3.33E+01	bad-chisq
group_7929	4.00E-02	1.00E+00	3.17E-01	-1.90E+00	7.90E-01	-7.48E-01	-2.49E+01	3.33E+01	bad-chisq
group_7928	4.00E-02	1.00E+00	3.17E-01	-1.90E+00	7.90E-01	-7.48E-01	-2.49E+01	3.33E+01	bad-chisq
group_7927	4.00E-02	1.00E+00	3.17E-01	-1.90E+00	7.90E-01	-7.48E-01	-2.49E+01	3.33E+01	bad-chisq
group_7926	4.00E-02	1.00E+00	3.17E-01	-1.90E+00	7.90E-01	-7.48E-01	-2.49E+01	3.33E+01	bad-chisq
group_7925	4.00E-02	1.00E+00	3.17E-01	-1.90E+00	7.90E-01	-7.48E-01	-2.49E+01	3.33E+01	bad-chisq
group_7922	4.00E-02	1.00E+00	3.17E-01	-1.90E+00	7.90E-01	-7.48E-01	-2.49E+01	3.33E+01	bad-chisq
group_7921	4.00E-02	1.00E+00	3.17E-01	-1.90E+00	7.90E-01	-7.48E-01	-2.49E+01	3.33E+01	bad-chisq
group_7920	4.00E-02	1.00E+00	3.17E-01	-1.90E+00	7.90E-01	-7.48E-01	-2.49E+01	3.33E+01	bad-chisq
group_7918	4.00E-02	1.00E+00	3.17E-01	-1.90E+00	7.90E-01	-7.48E-01	-2.49E+01	3.33E+01	bad-chisq
group_7917	4.00E-02	1.00E+00	3.17E-01	-1.90E+00	7.90E-01	-7.48E-01	-2.49E+01	3.33E+01	bad-chisq
group_7916	4.00E-02	1.00E+00	3.17E-01	-1.90E+00	7.90E-01	-7.48E-01	-2.49E+01	3.33E+01	bad-chisq
group_7915	4.00E-02	1.00E+00	3.17E-01	-1.90E+00	7.90E-01	-7.48E-01	-2.49E+01	3.33E+01	bad-chisq
group_7914	4.00E-02	1.00E+00	3.17E-01	-1.90E+00	7.90E-01	-7.48E-01	-2.49E+01	3.33E+01	bad-chisq
group_7913	4.00E-02	1.00E+00	3.17E-01	-1.90E+00	7.90E-01	-7.48E-01	-2.49E+01	3.33E+01	bad-chisq
group_7912	4.00E-02	1.00E+00	3.17E-01	-1.90E+00	7.90E-01	-7.48E-01	-2.49E+01	3.33E+01	bad-chisq
group_7911	4.00E-02	1.00E+00	3.17E-01	-1.90E+00	7.90E-01	-7.48E-01	-2.49E+01	3.33E+01	bad-chisq
group_7910	4.00E-02	1.00E+00	3.17E-01	-1.90E+00	7.90E-01	-7.48E-01	-2.49E+01	3.33E+01	bad-chisq
group_7909	4.00E-02	1.00E+00	3.17E-01	-1.90E+00	7.90E-01	-7.48E-01	-2.49E+01	3.33E+01	bad-chisq
group_7884	4.00E-02	1.00E+00	1.00E+00	3.48E-01	8.75E-01	-8.18E-01	-2.42E+01	3.24E+01	bad-chisq
group_7857	4.00E-02	4.12E-02	1.00E+00	6.38E-01	5.96E-01	-7.47E-01	-2.36E+01	3.16E+01	bad-chisq
group_7763	4.00E-02	3.07E-01	1.00E+00	-1.60E-03	6.01E-01	-7.90E-01	-2.36E+01	3.19E+01	bad-chisq
group_7762	4.00E-02	3.07E-01	1.00E+00	-1.60E-03	6.01E-01	-7.90E-01	-2.36E+01	3.19E+01	bad-chisq
group_7761	4.00E-02	3.07E-01	1.00E+00	-1.60E-03	6.01E-01	-7.90E-01	-2.36E+01	3.19E+01	bad-chisq
group_7760	4.00E-02	3.07E-01	1.00E+00	-1.60E-03	6.01E-01	-7.90E-01	-2.36E+01	3.19E+01	bad-chisq
group_7759	4.00E-02	3.07E-01	1.00E+00	-1.60E-03	6.01E-01	-7.90E-01	-2.36E+01	3.19E+01	bad-chisq
group_7636	4.00E-02	4.12E-02	1.00E+00	-3.93E-01	5.79E-01	-6.99E-01	-2.32E+01	3.10E+01	bad-chisq
group_7571	4.00E-02	3.07E-01	1.22E-01	3.05E+00	8.23E-01	-1.09E+00	-2.75E+01	3.78E+01	bad-chisq
group_7548	4.00E-02	1.00E+00	8.23E-01	-5.72E-01	9.86E-01	-7.84E-01	-2.43E+01	3.33E+01	bad-chisq
group_7527	4.00E-02	4.12E-02	3.71E-01	-1.73E+00	5.25E-01	-6.62E-01	-2.36E+01	3.13E+01	bad-chisq
group_7505	4.00E-02	3.07E-01	4.59E-01	1.79E+00	8.30E-01	-9.52E-01	-2.57E+01	3.51E+01	bad-chisq
group_7496	4.00E-02	3.07E-01	1.27E-01	2.99E+00	8.68E-01	-1.09E+00	-2.76E+01	3.80E+01	bad-chisq
group_7449	4.00E-02	3.07E-01	1.00E+00	-2.89E-01	6.23E-01	-7.22E-01	-2.33E+01	3.11E+01	bad-chisq
group_7426	4.00E-02	3.07E-01	2.76E-01	2.18E+00	9.00E-01	-1.03E+00	-2.67E+01	3.67E+01	bad-chisq
group_7133	4.00E-02	4.12E-02	1.00E+00	-5.45E-02	5.73E-01	-7.08E-01	-2.34E+01	3.10E+01	bad-chisq
group_7066	4.00E-02	4.12E-02	1.44E-03	-4.07E+00	5.73E-01	-7.77E-01	-2.80E+01	3.85E+01	bad-chisq
group_7065	4.00E-02	4.12E-02	1.44E-03	-4.07E+00	5.73E-01	-7.77E-01	-2.80E+01	3.85E+01	bad-chisq
group_7046	4.00E-02	4.12E-02	4.15E-01	-1.70E+00	5.18E-01	-6.71E-01	-2.36E+01	3.14E+01	bad-chisq
group_7045	4.00E-02	4.12E-02	1.00E+00	-6.35E-01	5.93E-01	-6.61E-01	-2.30E+01	3.04E+01	bad-chisq
group_7004	4.00E-02	4.12E-02	1.00E+00	-4.65E-02	5.55E-01	-7.25E-01	-2.35E+01	3.14E+01	bad-chisq
group_7002	4.00E-02	3.07E-01	1.00E+00	5.88E-01	5.63E-01	-7.44E-01	-2.35E+01	3.13E+01	bad-chisq
group_6986	4.00E-02	4.12E-02	1.00E+00	1.21E-01	5.89E-01	-8.25E-01	-2.36E+01	3.22E+01	bad-chisq
group_6917	4.00E-02	3.07E-01	1.00E+00	1.30E+00	7.56E-01	-8.73E-01	-2.47E+01	3.35E+01	bad-chisq
group_6916	4.00E-02	3.07E-01	1.00E+00	1.30E+00	7.56E-01	-8.73E-01	-2.47E+01	3.35E+01	bad-chisq
group_6906	4.00E-02	4.12E-02	1.00E+00	1.21E-01	5.89E-01	-8.25E-01	-2.36E+01	3.22E+01	bad-chisq
group_6902	4.00E-02	4.12E-02	1.00E+00	-6.35E-01	5.93E-01	-6.61E-01	-2.30E+01	3.04E+01	bad-chisq
group_6821	4.00E-02	3.07E-01	4.59E-01	1.79E+00	8.30E-01	-9.52E-01	-2.57E+01	3.51E+01	bad-chisq
group_6776	4.00E-02	4.12E-02	1.00E+00	3.52E-01	5.76E-01	-7.35E-01	-2.35E+01	3.14E+01	bad-chisq
group_6715	4.00E-02	4.12E-02	1.00E+00	-8.76E-01	5.00E-01	-7.04E-01	-2.35E+01	3.13E+01	bad-chisq
group_6683	4.00E-02	3.07E-01	1.00E+00	-7.62E-01	5.69E-01	-7.94E-01	-2.37E+01	3.21E+01	bad-chisq
group_6682	4.00E-02	3.07E-01	1.00E+00	-7.62E-01	5.69E-01	-7.94E-01	-2.37E+01	3.21E+01	bad-chisq
group_6658	4.00E-02	3.07E-01	1.22E-01	3.05E+00	8.23E-01	-1.09E+00	-2.75E+01	3.78E+01	bad-chisq
group_6650	4.00E-02	4.12E-02	1.00E+00	-2.68E-02	5.53E-01	-7.26E-01	-2.35E+01	3.14E+01	bad-chisq
group_6648	4.00E-02	4.12E-02	1.00E+00	-1.54E+00	4.63E-01	-7.08E-01	-2.38E+01	3.18E+01	bad-chisq
group_6624	4.00E-02	4.12E-02	1.00E+00	1.30E+00	5.91E-01	-7.69E-01	-2.39E+01	3.20E+01	bad-chisq
group_6605	4.00E-02	3.07E-01	1.00E+00	1.06E+00	5.33E-01	-8.42E-01	-2.38E+01	3.21E+01	bad-chisq
group_6532	4.00E-02	4.12E-02	4.53E-05	-5.04E+00	5.86E-01	-9.25E-01	-3.12E+01	4.48E+01	bad-chisq
group_6531	4.00E-02	4.12E-02	1.77E-04	-4.40E+00	5.98E-01	-7.52E-01	-2.93E+01	4.04E+01	bad-chisq
group_6516	4.00E-02	4.12E-02	4.53E-05	-5.04E+00	5.86E-01	-9.25E-01	-3.12E+01	4.48E+01	bad-chisq
group_6513	4.00E-02	4.12E-02	1.00E+00	-5.97E-02	5.99E-01	-8.19E-01	-2.36E+01	3.22E+01	bad-chisq
group_6492	4.00E-02	3.07E-01	1.00E+00	-6.13E-01	6.28E-01	-7.69E-01	-2.37E+01	3.19E+01	bad-chisq
group_6488	4.00E-02	3.07E-01	1.27E-01	2.99E+00	8.68E-01	-1.09E+00	-2.76E+01	3.80E+01	bad-chisq
group_6487	4.00E-02	4.12E-02	1.00E+00	2.44E-01	5.93E-01	-7.27E-01	-2.34E+01	3.13E+01	bad-chisq
group_6475	4.00E-02	4.12E-02	1.00E+00	-5.97E-02	5.99E-01	-8.19E-01	-2.36E+01	3.22E+01	bad-chisq
group_6463	4.00E-02	3.07E-01	4.84E-01	-1.56E+00	9.16E-01	-7.50E-01	-2.53E+01	3.32E+01	bad-chisq
group_6459	4.00E-02	4.12E-02	4.53E-05	-5.04E+00	5.86E-01	-9.25E-01	-3.12E+01	4.48E+01	bad-chisq
group_6435	4.00E-02	4.12E-02	4.53E-05	-5.04E+00	5.86E-01	-9.25E-01	-3.12E+01	4.48E+01	bad-chisq
group_6425	4.00E-02	4.12E-02	1.77E-04	-4.40E+00	5.98E-01	-7.52E-01	-2.93E+01	4.04E+01	bad-chisq
group_6417	4.00E-02	1.00E+00	1.00E+00	3.80E-01	5.42E-01	-7.84E-01	-2.34E+01	3.17E+01	bad-chisq
group_6395	4.00E-02	4.12E-02	1.41E-03	-4.07E+00	5.73E-01	-7.71E-01	-2.79E+01	3.84E+01	bad-chisq
group_6381	4.00E-02	4.12E-02	3.23E-01	-2.25E+00	4.66E-01	-7.43E-01	-2.41E+01	3.31E+01	bad-chisq
group_6379	4.00E-02	1.00E+00	1.00E+00	3.80E-01	5.42E-01	-7.84E-01	-2.34E+01	3.17E+01	bad-chisq
group_6363	4.00E-02	1.00E+00	1.00E+00	2.82E-01	6.14E-01	-7.88E-01	-2.36E+01	3.19E+01	bad-chisq
group_6334	4.00E-02	3.07E-01	1.00E+00	9.48E-01	6.88E-01	-8.21E-01	-2.41E+01	3.26E+01	bad-chisq
group_6306	4.00E-02	4.12E-02	1.00E+00	1.70E-01	6.00E-01	-8.29E-01	-2.36E+01	3.22E+01	bad-chisq
group_6303	4.00E-02	4.12E-02	1.00E+00	-5.45E-02	5.73E-01	-7.08E-01	-2.34E+01	3.10E+01	bad-chisq
group_6299	4.00E-02	4.12E-02	1.00E+00	4.12E-02	5.93E-01	-7.15E-01	-2.33E+01	3.11E+01	bad-chisq
msrB	4.00E-02	4.12E-02	1.00E+00	1.16E+00	5.70E-01	-7.67E-01	-2.38E+01	3.20E+01	bad-chisq
group_6262	4.00E-02	4.12E-02	4.53E-05	-5.04E+00	5.86E-01	-9.25E-01	-3.12E+01	4.48E+01	bad-chisq
group_6238	4.00E-02	3.07E-01	4.84E-01	-1.56E+00	9.16E-01	-7.50E-01	-2.53E+01	3.32E+01	bad-chisq
group_6233	4.00E-02	4.12E-02	4.53E-05	-5.04E+00	5.86E-01	-9.25E-01	-3.12E+01	4.48E+01	bad-chisq
group_6223	4.00E-02	4.12E-02	1.00E+00	-5.97E-02	5.99E-01	-8.19E-01	-2.36E+01	3.22E+01	bad-chisq
group_6219	4.00E-02	1.00E+00	1.00E+00	3.80E-01	5.42E-01	-7.84E-01	-2.34E+01	3.17E+01	bad-chisq
group_6217	4.00E-02	4.12E-02	1.44E-03	-4.07E+00	5.73E-01	-7.77E-01	-2.80E+01	3.85E+01	bad-chisq
group_6200	4.00E-02	4.12E-02	1.00E+00	-2.39E-01	5.74E-01	-7.09E-01	-2.33E+01	3.11E+01	bad-chisq
group_6197	4.00E-02	4.12E-02	4.53E-05	-5.04E+00	5.86E-01	-9.25E-01	-3.12E+01	4.48E+01	bad-chisq
group_6181	4.00E-02	4.12E-02	1.00E+00	-5.97E-02	5.99E-01	-8.19E-01	-2.36E+01	3.22E+01	bad-chisq
group_6176	4.00E-02	4.12E-02	1.77E-04	-4.40E+00	5.98E-01	-7.52E-01	-2.93E+01	4.04E+01	bad-chisq
group_6174	4.00E-02	4.12E-02	1.77E-04	-4.40E+00	5.98E-01	-7.52E-01	-2.93E+01	4.04E+01	bad-chisq
group_6173	4.00E-02	4.12E-02	1.00E+00	-1.54E+00	4.63E-01	-7.08E-01	-2.38E+01	3.18E+01	bad-chisq
group_6138	4.00E-02	3.07E-01	4.84E-01	-1.56E+00	9.16E-01	-7.50E-01	-2.53E+01	3.32E+01	bad-chisq
group_6114	4.00E-02	4.12E-02	1.00E+00	-5.97E-02	5.99E-01	-8.19E-01	-2.36E+01	3.22E+01	bad-chisq
group_6096	4.00E-02	3.07E-01	1.00E+00	1.55E-01	8.80E-01	-8.08E-01	-2.41E+01	3.22E+01	bad-chisq
group_6079	4.00E-02	3.07E-01	6.21E-01	6.41E-01	9.16E-01	-8.38E-01	-2.42E+01	3.21E+01	bad-chisq
group_6063	4.00E-02	4.12E-02	4.92E-02	-2.77E+00	5.37E-01	-6.54E-01	-2.45E+01	3.28E+01	bad-chisq
group_5986	4.00E-02	4.12E-02	1.77E-04	-4.40E+00	5.98E-01	-7.52E-01	-2.93E+01	4.04E+01	bad-chisq
group_5967	4.00E-02	4.12E-02	4.53E-05	-5.04E+00	5.86E-01	-9.25E-01	-3.12E+01	4.48E+01	bad-chisq
group_5952	4.00E-02	4.12E-02	1.00E+00	2.44E-01	5.93E-01	-7.27E-01	-2.34E+01	3.13E+01	bad-chisq
yoeB	4.00E-02	4.12E-02	1.00E+00	2.44E-01	5.93E-01	-7.27E-01	-2.34E+01	3.13E+01	bad-chisq
group_5950	4.00E-02	3.07E-01	1.00E+00	1.50E+00	7.33E-01	-8.53E-01	-2.47E+01	3.30E+01	bad-chisq
group_5941	4.00E-02	3.07E-01	8.85E-01	5.59E-01	9.05E-01	-8.16E-01	-2.41E+01	3.18E+01	bad-chisq
group_5936	4.00E-02	4.12E-02	1.00E+00	-5.97E-02	5.99E-01	-8.19E-01	-2.36E+01	3.22E+01	bad-chisq
group_5909	4.00E-02	3.07E-01	1.95E-01	1.93E+00	5.72E-01	-8.50E-01	-2.41E+01	3.12E+01	bad-chisq
group_5889	4.00E-02	3.07E-01	1.00E+00	1.30E+00	7.56E-01	-8.73E-01	-2.47E+01	3.35E+01	bad-chisq
group_5856	4.00E-02	4.12E-02	4.53E-05	-5.04E+00	5.86E-01	-9.25E-01	-3.12E+01	4.48E+01	bad-chisq
group_5844	4.00E-02	4.12E-02	4.53E-05	-5.04E+00	5.86E-01	-9.25E-01	-3.12E+01	4.48E+01	bad-chisq
group_5842	4.00E-02	4.12E-02	1.77E-04	-4.40E+00	5.98E-01	-7.52E-01	-2.93E+01	4.04E+01	bad-chisq
group_5830	4.00E-02	3.07E-01	4.84E-01	-1.56E+00	9.16E-01	-7.50E-01	-2.53E+01	3.32E+01	bad-chisq
group_5815	4.00E-02	4.12E-02	1.00E+00	-5.97E-02	5.99E-01	-8.19E-01	-2.36E+01	3.22E+01	bad-chisq
group_5814	4.00E-02	4.12E-02	1.00E+00	-5.97E-02	5.99E-01	-8.19E-01	-2.36E+01	3.22E+01	bad-chisq
fliE	4.00E-02	4.12E-02	1.77E-04	-4.40E+00	5.98E-01	-7.52E-01	-2.93E+01	4.04E+01	bad-chisq
group_5774	4.00E-02	4.12E-02	1.00E+00	-5.97E-02	5.99E-01	-8.19E-01	-2.36E+01	3.22E+01	bad-chisq
group_5773	4.00E-02	4.12E-02	1.00E+00	-5.97E-02	5.99E-01	-8.19E-01	-2.36E+01	3.22E+01	bad-chisq
group_5758	4.00E-02	4.12E-02	4.53E-05	-5.04E+00	5.86E-01	-9.25E-01	-3.12E+01	4.48E+01	bad-chisq
group_5726	4.00E-02	4.12E-02	1.00E+00	2.44E-01	5.93E-01	-7.27E-01	-2.34E+01	3.13E+01	bad-chisq
qacE	4.00E-02	4.12E-02	1.77E-04	-4.40E+00	5.98E-01	-7.52E-01	-2.93E+01	4.04E+01	bad-chisq
group_5660	4.00E-02	4.12E-02	1.77E-04	-4.40E+00	5.98E-01	-7.52E-01	-2.93E+01	4.04E+01	bad-chisq
group_5633	4.00E-02	4.12E-02	1.00E+00	-2.39E-01	5.74E-01	-7.09E-01	-2.33E+01	3.11E+01	bad-chisq
group_5599	4.00E-02	3.07E-01	4.79E-01	8.61E-01	9.13E-01	-8.41E-01	-2.42E+01	3.18E+01	bad-chisq
group_5580	4.00E-02	4.12E-02	1.93E-01	1.79E+00	6.00E-01	-8.39E-01	-2.36E+01	3.06E+01	bad-chisq
group_5576	4.00E-02	4.12E-02	4.53E-05	-5.04E+00	5.86E-01	-9.25E-01	-3.12E+01	4.48E+01	bad-chisq
group_5573	4.00E-02	3.07E-01	1.00E+00	-2.89E-01	6.23E-01	-7.22E-01	-2.33E+01	3.11E+01	bad-chisq
group_5551	4.00E-02	4.12E-02	1.44E-03	-4.07E+00	5.73E-01	-7.77E-01	-2.80E+01	3.85E+01	bad-chisq
group_5550	4.00E-02	4.12E-02	4.53E-05	-5.04E+00	5.86E-01	-9.25E-01	-3.12E+01	4.48E+01	bad-chisq
group_5549	4.00E-02	4.12E-02	1.00E+00	2.44E-01	5.93E-01	-7.27E-01	-2.34E+01	3.13E+01	bad-chisq
group_5538	4.00E-02	4.12E-02	1.77E-04	-4.40E+00	5.98E-01	-7.52E-01	-2.93E+01	4.04E+01	bad-chisq
group_5509	4.00E-02	4.12E-02	3.35E-02	4.45E+00	4.39E-01	-1.11E+00	-2.71E+01	3.77E+01	bad-chisq
group_5463	4.00E-02	4.12E-02	4.53E-05	-5.04E+00	5.86E-01	-9.25E-01	-3.12E+01	4.48E+01	bad-chisq
group_5415	4.00E-02	4.12E-02	1.00E+00	1.36E+00	5.81E-01	-7.71E-01	-2.39E+01	3.21E+01	bad-chisq
group_5409	4.00E-02	3.07E-01	1.00E+00	-5.48E-01	5.82E-01	-7.74E-01	-2.36E+01	3.18E+01	bad-chisq
group_5376	4.00E-02	4.12E-02	4.53E-05	-5.04E+00	5.86E-01	-9.25E-01	-3.12E+01	4.48E+01	bad-chisq
group_5374	4.00E-02	4.12E-02	1.77E-04	-4.40E+00	5.98E-01	-7.52E-01	-2.93E+01	4.04E+01	bad-chisq
group_5360	4.00E-02	3.07E-01	5.77E-01	-1.32E+00	7.03E-01	-7.50E-01	-2.40E+01	3.29E+01	bad-chisq
group_5347	4.00E-02	4.12E-02	1.00E+00	-5.97E-02	5.99E-01	-8.19E-01	-2.36E+01	3.22E+01	bad-chisq
group_5328	4.00E-02	3.07E-01	6.59E-01	1.56E+00	7.98E-01	-9.13E-01	-2.52E+01	3.43E+01	bad-chisq
group_5312	4.00E-02	4.12E-02	4.53E-05	-5.04E+00	5.86E-01	-9.25E-01	-3.12E+01	4.48E+01	bad-chisq
flgC	4.00E-02	4.12E-02	1.77E-04	-4.40E+00	5.98E-01	-7.52E-01	-2.93E+01	4.04E+01	bad-chisq
group_5281	4.00E-02	3.07E-01	4.59E-01	1.79E+00	8.30E-01	-9.52E-01	-2.57E+01	3.51E+01	bad-chisq
group_5257	4.00E-02	4.12E-02	1.00E+00	2.44E-01	5.93E-01	-7.27E-01	-2.34E+01	3.13E+01	bad-chisq
group_5226	4.00E-02	3.07E-01	4.59E-01	1.79E+00	8.30E-01	-9.52E-01	-2.57E+01	3.51E+01	bad-chisq
group_5197	4.00E-02	4.12E-02	1.00E+00	2.44E-01	5.93E-01	-7.27E-01	-2.34E+01	3.13E+01	bad-chisq
group_5186	4.00E-02	4.12E-02	1.77E-04	-4.40E+00	5.98E-01	-7.52E-01	-2.93E+01	4.04E+01	bad-chisq
group_5167	4.00E-02	4.12E-02	1.77E-04	-4.40E+00	5.98E-01	-7.52E-01	-2.93E+01	4.04E+01	bad-chisq
group_5147	4.00E-02	4.12E-02	4.53E-05	-5.04E+00	5.86E-01	-9.25E-01	-3.12E+01	4.48E+01	bad-chisq
group_5137	4.00E-02	4.12E-02	1.00E+00	2.44E-01	5.93E-01	-7.27E-01	-2.34E+01	3.13E+01	bad-chisq
group_5112	4.00E-02	4.12E-02	1.77E-04	-4.40E+00	5.98E-01	-7.52E-01	-2.93E+01	4.04E+01	bad-chisq
group_5104	4.00E-02	4.12E-02	1.00E+00	-4.65E-02	5.55E-01	-7.25E-01	-2.35E+01	3.14E+01	bad-chisq
group_5093	4.00E-02	4.12E-02	1.77E-04	-4.40E+00	5.98E-01	-7.52E-01	-2.93E+01	4.04E+01	bad-chisq
arr2	4.00E-02	4.12E-02	1.00E+00	3.52E-01	5.76E-01	-7.35E-01	-2.35E+01	3.14E+01	bad-chisq
group_5060	4.00E-02	4.12E-02	1.77E-04	-4.40E+00	5.98E-01	-7.52E-01	-2.93E+01	4.04E+01	bad-chisq
group_5047	4.00E-02	4.12E-02	4.53E-05	-5.04E+00	5.86E-01	-9.25E-01	-3.12E+01	4.48E+01	bad-chisq
group_5044	4.00E-02	4.12E-02	1.77E-04	-4.40E+00	5.98E-01	-7.52E-01	-2.93E+01	4.04E+01	bad-chisq
group_5043	4.00E-02	3.07E-01	1.27E-01	3.00E+00	8.67E-01	-1.09E+00	-2.76E+01	3.80E+01	bad-chisq
group_5032	4.00E-02	4.12E-02	1.77E-04	-4.40E+00	5.98E-01	-7.52E-01	-2.93E+01	4.04E+01	bad-chisq
group_4991	4.00E-02	4.12E-02	4.53E-05	-5.04E+00	5.86E-01	-9.25E-01	-3.12E+01	4.48E+01	bad-chisq
group_4989	4.00E-02	4.12E-02	1.00E+00	-6.16E-02	5.33E-01	-7.24E-01	-2.34E+01	3.13E+01	bad-chisq
group_4981	4.00E-02	1.00E+00	8.23E-01	-5.72E-01	9.86E-01	-7.84E-01	-2.43E+01	3.33E+01	bad-chisq
group_4976	4.00E-02	3.07E-01	4.84E-01	-1.56E+00	9.16E-01	-7.50E-01	-2.53E+01	3.32E+01	bad-chisq
group_4973	4.00E-02	4.12E-02	1.77E-04	-4.40E+00	5.98E-01	-7.52E-01	-2.93E+01	4.04E+01	bad-chisq
group_4944	4.00E-02	3.07E-01	1.80E-01	2.07E+00	6.65E-01	-8.63E-01	-2.43E+01	3.16E+01	bad-chisq
group_4925	4.00E-02	4.12E-02	1.93E-01	1.79E+00	6.00E-01	-8.39E-01	-2.36E+01	3.06E+01	bad-chisq
group_4924	4.00E-02	4.12E-02	4.53E-05	-5.04E+00	5.86E-01	-9.25E-01	-3.12E+01	4.48E+01	bad-chisq
group_4907	4.00E-02	3.07E-01	8.85E-01	5.59E-01	9.05E-01	-8.16E-01	-2.41E+01	3.18E+01	bad-chisq
group_4870	4.00E-02	4.12E-02	1.77E-04	-4.40E+00	5.98E-01	-7.52E-01	-2.93E+01	4.04E+01	bad-chisq
group_4853	4.00E-02	4.12E-02	1.77E-04	-4.40E+00	5.98E-01	-7.52E-01	-2.93E+01	4.04E+01	bad-chisq
ykgB	4.00E-02	4.12E-02	1.00E+00	1.16E+00	5.70E-01	-7.67E-01	-2.38E+01	3.20E+01	bad-chisq
group_4787	4.00E-02	4.12E-02	1.77E-04	-4.40E+00	5.98E-01	-7.52E-01	-2.93E+01	4.04E+01	bad-chisq
group_4747	4.00E-02	4.12E-02	4.53E-05	-5.04E+00	5.86E-01	-9.25E-01	-3.12E+01	4.48E+01	bad-chisq
group_4746	4.00E-02	4.12E-02	1.00E+00	2.44E-01	5.93E-01	-7.27E-01	-2.34E+01	3.13E+01	bad-chisq
group_4744	4.00E-02	1.00E+00	1.00E+00	1.94E-01	6.37E-01	-7.86E-01	-2.36E+01	3.19E+01	bad-chisq
group_4710	4.00E-02	4.12E-02	6.81E-01	-1.57E+00	4.96E-01	-6.77E-01	-2.35E+01	3.12E+01	bad-chisq
group_4698	4.00E-02	4.12E-02	1.00E+00	2.44E-01	5.93E-01	-7.27E-01	-2.34E+01	3.13E+01	bad-chisq
group_4681	4.00E-02	4.12E-02	4.53E-05	-5.04E+00	5.86E-01	-9.25E-01	-3.12E+01	4.48E+01	bad-chisq
group_4680	4.00E-02	4.12E-02	1.77E-04	-4.40E+00	5.98E-01	-7.52E-01	-2.93E+01	4.04E+01	bad-chisq
group_4666	4.00E-02	3.07E-01	4.84E-01	-1.56E+00	9.16E-01	-7.50E-01	-2.53E+01	3.32E+01	bad-chisq
group_4657	4.00E-02	4.12E-02	1.00E+00	1.16E+00	5.70E-01	-7.67E-01	-2.38E+01	3.20E+01	bad-chisq
group_4599	4.00E-02	4.12E-02	1.41E-03	-4.07E+00	5.73E-01	-7.70E-01	-2.79E+01	3.84E+01	bad-chisq
group_4571	4.00E-02	4.12E-02	4.53E-05	-5.04E+00	5.86E-01	-9.25E-01	-3.12E+01	4.48E+01	bad-chisq
group_4517	4.00E-02	4.12E-02	4.53E-05	-5.04E+00	5.86E-01	-9.25E-01	-3.12E+01	4.48E+01	bad-chisq
group_4510	4.00E-02	4.12E-02	1.00E+00	-1.19E-01	5.87E-01	-6.99E-01	-2.33E+01	3.08E+01	bad-chisq
group_4486	4.00E-02	3.07E-01	1.00E+00	-6.13E-01	6.28E-01	-7.69E-01	-2.37E+01	3.19E+01	bad-chisq
group_4429	4.00E-02	1.00E+00	8.23E-01	-5.72E-01	9.86E-01	-7.84E-01	-2.43E+01	3.33E+01	bad-chisq
group_4421	4.00E-02	3.07E-01	1.27E-01	2.99E+00	8.68E-01	-1.09E+00	-2.76E+01	3.80E+01	bad-chisq
group_4341	4.00E-02	4.12E-02	1.00E+00	2.44E-01	5.93E-01	-7.27E-01	-2.34E+01	3.13E+01	bad-chisq
group_4310	4.00E-02	4.12E-02	1.00E+00	-1.19E-01	5.87E-01	-6.99E-01	-2.33E+01	3.08E+01	bad-chisq
group_4308	4.00E-02	3.07E-01	1.00E+00	-6.13E-01	6.28E-01	-7.69E-01	-2.37E+01	3.19E+01	bad-chisq
group_4287	4.00E-02	4.12E-02	1.77E-04	-4.40E+00	5.98E-01	-7.52E-01	-2.93E+01	4.04E+01	bad-chisq
group_4269	4.00E-02	4.12E-02	1.00E+00	2.44E-01	5.93E-01	-7.27E-01	-2.34E+01	3.13E+01	bad-chisq
hrpE	4.00E-02	4.12E-02	1.77E-04	-4.40E+00	5.98E-01	-7.52E-01	-2.93E+01	4.04E+01	bad-chisq
group_4246	4.00E-02	4.12E-02	1.77E-04	-4.40E+00	5.98E-01	-7.52E-01	-2.93E+01	4.04E+01	bad-chisq
group_4244	4.00E-02	3.07E-01	4.84E-01	-1.56E+00	9.16E-01	-7.50E-01	-2.53E+01	3.32E+01	bad-chisq
group_4243	4.00E-02	3.07E-01	1.00E+00	1.55E-01	8.80E-01	-8.08E-01	-2.41E+01	3.22E+01	bad-chisq
group_4229	4.00E-02	4.12E-02	1.77E-04	-4.40E+00	5.98E-01	-7.52E-01	-2.93E+01	4.04E+01	bad-chisq
group_4197	4.00E-02	4.12E-02	1.77E-04	-4.40E+00	5.98E-01	-7.52E-01	-2.93E+01	4.04E+01	bad-chisq
group_4189	4.00E-02	4.12E-02	1.00E+00	-5.97E-02	5.99E-01	-8.19E-01	-2.36E+01	3.22E+01	bad-chisq
group_4188	4.00E-02	4.12E-02	4.53E-05	-5.04E+00	5.86E-01	-9.25E-01	-3.12E+01	4.48E+01	bad-chisq
group_4179	4.00E-02	4.12E-02	4.53E-05	-5.04E+00	5.86E-01	-9.25E-01	-3.12E+01	4.48E+01	bad-chisq
tadB	4.00E-02	4.12E-02	1.77E-04	-4.40E+00	5.98E-01	-7.52E-01	-2.93E+01	4.04E+01	bad-chisq
group_4169	4.00E-02	4.12E-02	1.77E-04	-4.40E+00	5.98E-01	-7.52E-01	-2.93E+01	4.04E+01	bad-chisq
group_4158	4.00E-02	3.07E-01	4.59E-01	1.79E+00	8.30E-01	-9.52E-01	-2.57E+01	3.51E+01	bad-chisq
group_4145	4.00E-02	1.00E+00	1.00E+00	3.80E-01	5.42E-01	-7.84E-01	-2.34E+01	3.17E+01	bad-chisq
group_4126	4.00E-02	3.07E-01	1.43E-01	2.86E+00	8.95E-01	-1.09E+00	-2.76E+01	3.80E+01	bad-chisq
group_4113	4.00E-02	3.07E-01	4.59E-01	1.79E+00	8.30E-01	-9.52E-01	-2.57E+01	3.51E+01	bad-chisq
group_4099	4.00E-02	4.12E-02	1.00E+00	-4.65E-02	5.55E-01	-7.25E-01	-2.35E+01	3.14E+01	bad-chisq
ssuB	4.00E-02	3.07E-01	4.59E-01	1.79E+00	8.30E-01	-9.52E-01	-2.57E+01	3.51E+01	bad-chisq
group_4083	4.00E-02	3.07E-01	1.43E-01	2.86E+00	8.95E-01	-1.09E+00	-2.76E+01	3.80E+01	bad-chisq
group_4082	4.00E-02	3.07E-01	5.77E-01	-1.32E+00	7.03E-01	-7.50E-01	-2.40E+01	3.29E+01	bad-chisq
group_4075	4.00E-02	4.12E-02	1.00E+00	-5.97E-02	5.99E-01	-8.19E-01	-2.36E+01	3.22E+01	bad-chisq
group_4039	4.00E-02	4.12E-02	1.00E+00	-4.65E-02	5.55E-01	-7.25E-01	-2.35E+01	3.14E+01	bad-chisq
group_4016	4.00E-02	4.12E-02	8.30E-01	-1.56E+00	4.84E-01	-6.88E-01	-2.36E+01	3.14E+01	bad-chisq
group_4000	4.00E-02	4.12E-02	1.77E-04	-4.40E+00	5.98E-01	-7.52E-01	-2.93E+01	4.04E+01	bad-chisq
group_3985	4.00E-02	3.07E-01	4.59E-01	1.79E+00	8.30E-01	-9.52E-01	-2.57E+01	3.51E+01	bad-chisq
group_3969	4.00E-02	3.07E-01	4.84E-01	-1.56E+00	9.16E-01	-7.50E-01	-2.53E+01	3.32E+01	bad-chisq
group_3951	4.00E-02	4.12E-02	4.53E-05	-5.04E+00	5.86E-01	-9.25E-01	-3.12E+01	4.48E+01	bad-chisq
group_3923	4.00E-02	4.12E-02	1.77E-04	-4.40E+00	5.98E-01	-7.52E-01	-2.93E+01	4.04E+01	bad-chisq
group_3899	4.00E-02	3.07E-01	4.59E-01	1.79E+00	8.30E-01	-9.52E-01	-2.57E+01	3.51E+01	bad-chisq
group_3842	4.00E-02	4.12E-02	4.53E-05	-5.04E+00	5.86E-01	-9.25E-01	-3.12E+01	4.48E+01	bad-chisq
group_3822	4.00E-02	3.07E-01	1.00E+00	-6.99E-01	5.69E-01	-7.87E-01	-2.37E+01	3.19E+01	bad-chisq
group_3819	4.00E-02	4.12E-02	1.77E-04	-4.40E+00	5.98E-01	-7.52E-01	-2.93E+01	4.04E+01	bad-chisq
group_3788	4.00E-02	1.00E+00	5.58E-01	-1.13E+00	8.24E-01	-7.57E-01	-2.42E+01	3.30E+01	bad-chisq
group_3781	4.00E-02	4.12E-02	1.77E-04	-4.40E+00	5.98E-01	-7.52E-01	-2.93E+01	4.04E+01	bad-chisq
group_3754	4.00E-02	3.07E-01	1.27E-01	2.99E+00	8.68E-01	-1.09E+00	-2.76E+01	3.80E+01	bad-chisq
group_3712	4.00E-02	4.12E-02	1.00E+00	1.80E-02	5.02E-01	-7.34E-01	-2.36E+01	3.15E+01	bad-chisq
group_3701	4.00E-02	4.12E-02	1.77E-04	-4.40E+00	5.98E-01	-7.52E-01	-2.93E+01	4.04E+01	bad-chisq
group_3700	4.00E-02	4.12E-02	1.77E-04	-4.40E+00	5.98E-01	-7.52E-01	-2.93E+01	4.04E+01	bad-chisq
group_3672	4.00E-02	3.07E-01	1.00E+00	-6.13E-01	6.28E-01	-7.69E-01	-2.37E+01	3.19E+01	bad-chisq
group_3660	4.00E-02	4.12E-02	1.00E+00	-3.93E-01	5.79E-01	-6.99E-01	-2.32E+01	3.10E+01	bad-chisq
group_3648	4.00E-02	4.12E-02	4.53E-05	-5.04E+00	5.86E-01	-9.25E-01	-3.12E+01	4.48E+01	bad-chisq
group_3615	4.00E-02	4.12E-02	1.00E+00	-5.97E-02	5.99E-01	-8.19E-01	-2.36E+01	3.22E+01	bad-chisq
group_3614	4.00E-02	4.12E-02	1.00E+00	1.73E+00	5.64E-01	-7.79E-01	-2.40E+01	3.22E+01	bad-chisq
group_3612	4.00E-02	4.12E-02	1.77E-04	-4.40E+00	5.98E-01	-7.52E-01	-2.93E+01	4.04E+01	bad-chisq
group_3607	4.00E-02	1.00E+00	1.00E+00	3.80E-01	5.42E-01	-7.84E-01	-2.34E+01	3.17E+01	bad-chisq
group_3606	4.00E-02	4.12E-02	1.00E+00	2.44E-01	5.93E-01	-7.27E-01	-2.34E+01	3.13E+01	bad-chisq
group_3553	4.00E-02	4.12E-02	1.00E+00	1.80E-02	5.02E-01	-7.34E-01	-2.36E+01	3.15E+01	bad-chisq
group_3541	4.00E-02	4.12E-02	1.77E-04	-4.40E+00	5.98E-01	-7.52E-01	-2.93E+01	4.04E+01	bad-chisq
group_3494	4.00E-02	3.07E-01	1.22E-01	3.05E+00	8.23E-01	-1.09E+00	-2.75E+01	3.78E+01	bad-chisq
group_3480	4.00E-02	4.12E-02	3.35E-02	4.45E+00	4.39E-01	-1.11E+00	-2.71E+01	3.77E+01	bad-chisq
yfmJ	4.00E-02	4.12E-02	1.00E+00	1.80E-02	5.02E-01	-7.34E-01	-2.36E+01	3.15E+01	bad-chisq
group_3479	4.00E-02	4.12E-02	3.71E-01	-1.73E+00	5.25E-01	-6.62E-01	-2.36E+01	3.13E+01	bad-chisq
group_3453	4.00E-02	4.12E-02	1.00E+00	-5.97E-02	5.99E-01	-8.19E-01	-2.36E+01	3.22E+01	bad-chisq
group_3416	4.00E-02	3.07E-01	1.00E+00	2.44E-01	7.83E-01	-7.92E-01	-2.41E+01	3.23E+01	bad-chisq
group_3403	4.00E-02	3.07E-01	1.27E-01	2.99E+00	8.68E-01	-1.09E+00	-2.76E+01	3.80E+01	bad-chisq
group_3402	4.00E-02	4.12E-02	1.77E-04	-4.40E+00	5.98E-01	-7.52E-01	-2.93E+01	4.04E+01	bad-chisq
virS	4.00E-02	4.12E-02	3.71E-01	-1.73E+00	5.25E-01	-6.62E-01	-2.36E+01	3.13E+01	bad-chisq
group_3337	4.00E-02	4.12E-02	1.77E-04	-4.40E+00	5.98E-01	-7.52E-01	-2.93E+01	4.04E+01	bad-chisq
group_3327	4.00E-02	3.07E-01	4.59E-01	1.79E+00	8.30E-01	-9.52E-01	-2.57E+01	3.51E+01	bad-chisq
group_3321	4.00E-02	3.07E-01	4.59E-01	1.79E+00	8.30E-01	-9.52E-01	-2.57E+01	3.51E+01	bad-chisq
group_3318	4.00E-02	4.12E-02	1.00E+00	-5.97E-02	5.99E-01	-8.19E-01	-2.36E+01	3.22E+01	bad-chisq
group_3285	4.00E-02	4.12E-02	4.53E-05	-5.04E+00	5.86E-01	-9.25E-01	-3.12E+01	4.48E+01	bad-chisq
group_3277	4.00E-02	4.12E-02	1.77E-04	-4.40E+00	5.98E-01	-7.52E-01	-2.93E+01	4.04E+01	bad-chisq
group_3248	4.00E-02	4.12E-02	1.77E-04	-4.40E+00	5.98E-01	-7.52E-01	-2.93E+01	4.04E+01	bad-chisq
group_3210	4.00E-02	3.07E-01	4.59E-01	1.79E+00	8.30E-01	-9.52E-01	-2.57E+01	3.51E+01	bad-chisq
group_3195	4.00E-02	1.00E+00	1.00E+00	3.80E-01	5.42E-01	-7.84E-01	-2.34E+01	3.17E+01	bad-chisq
group_3188	4.00E-02	4.12E-02	1.77E-04	-4.40E+00	5.98E-01	-7.52E-01	-2.93E+01	4.04E+01	bad-chisq
group_3158	4.00E-02	4.12E-02	8.30E-01	-1.56E+00	4.84E-01	-6.88E-01	-2.36E+01	3.14E+01	bad-chisq
group_3134	4.00E-02	4.12E-02	4.53E-05	-5.04E+00	5.86E-01	-9.25E-01	-3.12E+01	4.48E+01	bad-chisq
group_3132	4.00E-02	4.12E-02	1.00E+00	2.44E-01	5.93E-01	-7.27E-01	-2.34E+01	3.13E+01	bad-chisq
group_3119	4.00E-02	3.07E-01	4.59E-01	1.79E+00	8.30E-01	-9.52E-01	-2.57E+01	3.51E+01	bad-chisq
group_3088	4.00E-02	4.12E-02	1.00E+00	4.12E-02	5.93E-01	-7.15E-01	-2.33E+01	3.11E+01	bad-chisq
group_3086	4.00E-02	4.12E-02	1.77E-04	-4.40E+00	5.98E-01	-7.52E-01	-2.93E+01	4.04E+01	bad-chisq
floR	4.00E-02	4.12E-02	1.00E+00	-5.71E-02	5.94E-01	-7.09E-01	-2.33E+01	3.11E+01	bad-chisq
group_3077	4.00E-02	3.07E-01	1.27E-01	2.99E+00	8.68E-01	-1.09E+00	-2.76E+01	3.80E+01	bad-chisq
group_3070	4.00E-02	4.12E-02	1.77E-04	-4.40E+00	5.98E-01	-7.52E-01	-2.93E+01	4.04E+01	bad-chisq
group_3003	4.00E-02	3.07E-01	2.76E-01	2.18E+00	9.00E-01	-1.03E+00	-2.67E+01	3.67E+01	bad-chisq
group_2990	4.00E-02	4.12E-02	1.00E+00	1.16E+00	5.70E-01	-7.67E-01	-2.38E+01	3.20E+01	bad-chisq
yqaJ	4.00E-02	3.07E-01	2.76E-01	2.18E+00	9.00E-01	-1.03E+00	-2.67E+01	3.67E+01	bad-chisq
group_2976	4.00E-02	3.07E-01	2.76E-01	2.18E+00	9.00E-01	-1.03E+00	-2.67E+01	3.67E+01	bad-chisq
group_2959	4.00E-02	3.07E-01	1.00E-01	3.26E+00	8.78E-01	-1.13E+00	-2.80E+01	3.87E+01	bad-chisq
group_2920	4.00E-02	4.12E-02	3.23E-01	-2.25E+00	4.66E-01	-7.43E-01	-2.41E+01	3.31E+01	bad-chisq
group_2909	4.00E-02	4.12E-02	1.00E+00	1.16E+00	5.70E-01	-7.67E-01	-2.38E+01	3.20E+01	bad-chisq
group_2863	4.00E-02	3.07E-01	1.00E+00	-7.62E-01	5.69E-01	-7.94E-01	-2.37E+01	3.21E+01	bad-chisq
group_2815	4.00E-02	4.12E-02	1.00E+00	-1.84E-01	5.94E-01	-6.92E-01	-2.32E+01	3.07E+01	bad-chisq
group_2794	4.00E-02	1.00E+00	1.00E+00	3.80E-01	5.42E-01	-7.84E-01	-2.34E+01	3.17E+01	bad-chisq
group_2789	4.00E-02	4.12E-02	1.00E+00	-5.45E-02	5.73E-01	-7.08E-01	-2.34E+01	3.10E+01	bad-chisq
group_2754	4.00E-02	3.07E-01	1.95E-01	1.93E+00	5.72E-01	-8.50E-01	-2.41E+01	3.12E+01	bad-chisq
group_2746	4.00E-02	3.07E-01	1.00E+00	-2.89E-01	6.23E-01	-7.22E-01	-2.33E+01	3.11E+01	bad-chisq
group_2744	4.00E-02	4.12E-02	1.00E+00	-3.87E-02	5.75E-01	-7.16E-01	-2.34E+01	3.12E+01	bad-chisq
group_2716	4.00E-02	4.12E-02	1.00E+00	-5.45E-02	5.73E-01	-7.08E-01	-2.34E+01	3.10E+01	bad-chisq
group_2632	4.00E-02	4.12E-02	1.00E+00	1.70E-01	6.00E-01	-8.29E-01	-2.36E+01	3.22E+01	bad-chisq
group_2594	4.00E-02	4.12E-02	1.00E+00	-2.40E-02	5.52E-01	-7.26E-01	-2.35E+01	3.14E+01	bad-chisq
group_2592	4.00E-02	4.12E-02	1.00E+00	3.22E-01	5.32E-01	-7.41E-01	-2.36E+01	3.16E+01	bad-chisq
group_2588	4.00E-02	4.12E-02	6.81E-01	-1.57E+00	4.96E-01	-6.77E-01	-2.35E+01	3.12E+01	bad-chisq
group_2575	4.00E-02	3.07E-01	6.59E-01	1.56E+00	7.98E-01	-9.13E-01	-2.52E+01	3.43E+01	bad-chisq
group_2571	4.00E-02	4.12E-02	1.00E+00	3.53E-01	5.86E-01	-7.34E-01	-2.35E+01	3.14E+01	bad-chisq
group_2563	4.00E-02	3.07E-01	6.59E-01	1.56E+00	7.98E-01	-9.13E-01	-2.52E+01	3.43E+01	bad-chisq
group_2550	4.00E-02	3.07E-01	6.59E-01	1.56E+00	7.98E-01	-9.13E-01	-2.52E+01	3.43E+01	bad-chisq
group_2536	4.00E-02	3.07E-01	1.00E+00	-2.89E-01	6.23E-01	-7.22E-01	-2.33E+01	3.11E+01	bad-chisq
group_2443	4.00E-02	1.00E+00	8.23E-01	-5.72E-01	9.86E-01	-7.84E-01	-2.43E+01	3.33E+01	bad-chisq
group_2431	4.00E-02	4.12E-02	1.00E+00	-8.32E-02	5.81E-01	-7.03E-01	-2.33E+01	3.09E+01	bad-chisq
group_2396	4.00E-02	3.07E-01	1.95E-01	1.93E+00	5.72E-01	-8.50E-01	-2.41E+01	3.12E+01	bad-chisq
group_2395	4.00E-02	3.07E-01	1.00E+00	7.44E-01	7.47E-01	-8.10E-01	-2.42E+01	3.24E+01	bad-chisq
group_2361	4.00E-02	4.12E-02	1.77E-04	-4.40E+00	5.98E-01	-7.52E-01	-2.93E+01	4.04E+01	bad-chisq
group_2347	4.00E-02	3.07E-01	1.00E+00	9.48E-01	6.88E-01	-8.21E-01	-2.41E+01	3.26E+01	bad-chisq
group_2323	4.00E-02	4.12E-02	1.00E+00	-3.40E-01	6.00E-01	-6.79E-01	-2.31E+01	3.05E+01	bad-chisq
group_2319	4.00E-02	4.12E-02	1.00E+00	-1.55E+00	4.73E-01	-7.01E-01	-2.38E+01	3.17E+01	bad-chisq
group_2310	4.00E-02	4.12E-02	3.71E-01	-1.73E+00	5.25E-01	-6.62E-01	-2.36E+01	3.13E+01	bad-chisq
group_2299	4.00E-02	3.07E-01	1.95E-01	1.93E+00	5.72E-01	-8.50E-01	-2.41E+01	3.12E+01	bad-chisq
ycjS	4.00E-02	3.07E-01	1.00E+00	7.44E-01	7.47E-01	-8.10E-01	-2.42E+01	3.24E+01	bad-chisq
group_2270	4.00E-02	3.07E-01	1.22E-01	3.05E+00	8.23E-01	-1.09E+00	-2.75E+01	3.78E+01	bad-chisq
group_2265	4.00E-02	3.07E-01	1.22E-01	3.05E+00	8.23E-01	-1.09E+00	-2.75E+01	3.78E+01	bad-chisq
group_2159	4.00E-02	4.12E-02	1.00E+00	1.16E+00	5.70E-01	-7.67E-01	-2.38E+01	3.20E+01	bad-chisq
group_2118	4.00E-02	1.00E+00	5.39E-01	-8.52E-01	9.74E-01	-7.81E-01	-2.45E+01	3.37E+01	bad-chisq
group_2109	4.00E-02	4.12E-02	1.40E-03	-4.07E+00	5.73E-01	-7.68E-01	-2.79E+01	3.83E+01	bad-chisq
group_2072	4.00E-02	4.12E-02	1.00E+00	1.73E+00	5.64E-01	-7.79E-01	-2.40E+01	3.22E+01	bad-chisq
group_1931	4.00E-02	4.12E-02	3.71E-01	-1.73E+00	5.25E-01	-6.62E-01	-2.36E+01	3.13E+01	bad-chisq
group_1755	4.00E-02	3.07E-01	1.00E+00	9.48E-01	6.88E-01	-8.21E-01	-2.41E+01	3.26E+01	bad-chisq
msrA	4.00E-02	4.12E-02	1.00E+00	1.16E+00	5.70E-01	-7.67E-01	-2.38E+01	3.20E+01	bad-chisq
group_1741	4.00E-02	4.12E-02	1.00E+00	-1.12E-01	5.73E-01	-7.15E-01	-2.33E+01	3.12E+01	bad-chisq
group_1718	4.00E-02	4.12E-02	1.77E-04	-4.40E+00	5.98E-01	-7.52E-01	-2.93E+01	4.04E+01	bad-chisq
group_1716	4.00E-02	4.12E-02	1.00E+00	-2.39E-01	5.74E-01	-7.09E-01	-2.33E+01	3.11E+01	bad-chisq
group_1705	4.00E-02	4.12E-02	1.00E+00	2.44E-01	5.93E-01	-7.27E-01	-2.34E+01	3.13E+01	bad-chisq
group_1663	4.00E-02	1.00E+00	5.39E-01	-8.52E-01	9.74E-01	-7.81E-01	-2.45E+01	3.37E+01	bad-chisq
group_1515	4.00E-02	1.00E+00	1.00E+00	4.63E-01	8.72E-01	-8.13E-01	-2.42E+01	3.22E+01	bad-chisq
group_1477	4.00E-02	1.00E+00	1.00E+00	3.80E-01	5.42E-01	-7.84E-01	-2.34E+01	3.17E+01	bad-chisq
group_1462	4.00E-02	4.12E-02	1.77E-04	-4.40E+00	5.98E-01	-7.52E-01	-2.93E+01	4.04E+01	bad-chisq
group_1436	4.00E-02	3.07E-01	4.59E-01	1.79E+00	8.30E-01	-9.52E-01	-2.57E+01	3.51E+01	bad-chisq
group_1366	4.00E-02	3.07E-01	1.27E-01	2.99E+00	8.68E-01	-1.09E+00	-2.76E+01	3.80E+01	bad-chisq
group_1312	4.00E-02	3.07E-01	1.00E+00	9.48E-01	6.88E-01	-8.21E-01	-2.41E+01	3.26E+01	bad-chisq
group_1262	4.00E-02	3.07E-01	1.27E-01	2.99E+00	8.68E-01	-1.09E+00	-2.76E+01	3.80E+01	bad-chisq
group_1259	4.00E-02	4.12E-02	1.00E+00	-8.25E-01	5.81E-01	-6.53E-01	-2.30E+01	3.03E+01	bad-chisq
group_1029	4.00E-02	3.07E-01	1.00E+00	-6.13E-01	6.28E-01	-7.69E-01	-2.37E+01	3.19E+01	bad-chisq
group_1021	4.00E-02	4.12E-02	1.32E-03	-4.06E+00	5.74E-01	-7.53E-01	-2.77E+01	3.81E+01	bad-chisq
group_973	4.00E-02	4.12E-02	1.00E+00	-4.69E-01	5.11E-01	-7.17E-01	-2.35E+01	3.14E+01	bad-chisq
group_944	4.00E-02	3.07E-01	1.27E-01	3.00E+00	8.67E-01	-1.09E+00	-2.76E+01	3.80E+01	bad-chisq
group_918	4.00E-02	4.12E-02	4.53E-05	-5.04E+00	5.86E-01	-9.25E-01	-3.12E+01	4.48E+01	bad-chisq
group_916	4.00E-02	4.12E-02	1.77E-04	-4.40E+00	5.98E-01	-7.52E-01	-2.93E+01	4.04E+01	bad-chisq
group_859	4.00E-02	4.12E-02	1.77E-04	-4.40E+00	5.98E-01	-7.52E-01	-2.93E+01	4.04E+01	bad-chisq
group_821	4.00E-02	4.12E-02	1.00E+00	2.44E-01	5.93E-01	-7.27E-01	-2.34E+01	3.13E+01	bad-chisq
group_820	4.00E-02	3.07E-01	1.00E+00	-2.89E-01	6.23E-01	-7.22E-01	-2.33E+01	3.11E+01	bad-chisq
group_808	4.00E-02	3.07E-01	1.00E+00	-6.13E-01	6.28E-01	-7.69E-01	-2.37E+01	3.19E+01	bad-chisq
group_806	4.00E-02	3.07E-01	1.00E+00	9.48E-01	6.88E-01	-8.21E-01	-2.41E+01	3.26E+01	bad-chisq
group_795	4.00E-02	4.12E-02	1.00E+00	2.44E-01	5.93E-01	-7.27E-01	-2.34E+01	3.13E+01	bad-chisq
group_781	4.00E-02	1.00E+00	1.00E+00	7.41E-01	5.30E-01	-7.91E-01	-2.34E+01	3.17E+01	bad-chisq
group_729	4.00E-02	3.07E-01	1.00E+00	9.48E-01	6.88E-01	-8.21E-01	-2.41E+01	3.26E+01	bad-chisq
recQ	4.00E-02	4.12E-02	1.00E+00	2.44E-01	5.93E-01	-7.27E-01	-2.34E+01	3.13E+01	bad-chisq
group_658	4.00E-02	1.00E+00	1.00E+00	3.80E-01	5.42E-01	-7.84E-01	-2.34E+01	3.17E+01	bad-chisq
group_628	4.00E-02	4.12E-02	1.00E+00	-2.39E-01	5.74E-01	-7.09E-01	-2.33E+01	3.11E+01	bad-chisq
group_606	4.00E-02	4.12E-02	1.00E+00	-1.12E-01	5.73E-01	-7.15E-01	-2.33E+01	3.12E+01	bad-chisq
group_520	4.00E-02	3.07E-01	4.59E-01	1.79E+00	8.30E-01	-9.52E-01	-2.57E+01	3.51E+01	bad-chisq
group_492	4.00E-02	4.12E-02	1.00E+00	-5.34E-02	5.76E-01	-7.15E-01	-2.33E+01	3.12E+01	bad-chisq
group_413	4.00E-02	4.12E-02	1.77E-04	-4.40E+00	5.98E-01	-7.52E-01	-2.93E+01	4.04E+01	bad-chisq
group_403	4.00E-02	3.07E-01	4.59E-01	1.79E+00	8.30E-01	-9.52E-01	-2.57E+01	3.51E+01	bad-chisq
group_383	4.00E-02	3.07E-01	1.00E+00	-2.89E-01	6.23E-01	-7.22E-01	-2.33E+01	3.11E+01	bad-chisq
group_378	4.00E-02	4.12E-02	6.81E-01	-1.57E+00	4.96E-01	-6.77E-01	-2.35E+01	3.12E+01	bad-chisq
group_360	4.00E-02	4.12E-02	1.00E+00	1.16E+00	5.70E-01	-7.67E-01	-2.38E+01	3.20E+01	bad-chisq
group_353	4.00E-02	4.12E-02	1.44E-03	-4.07E+00	5.73E-01	-7.77E-01	-2.80E+01	3.85E+01	bad-chisq
group_281	4.00E-02	4.12E-02	1.77E-04	-4.40E+00	5.98E-01	-7.52E-01	-2.93E+01	4.04E+01	bad-chisq
traA	4.00E-02	4.12E-02	1.00E+00	2.44E-01	5.93E-01	-7.27E-01	-2.34E+01	3.13E+01	bad-chisq
group_262	4.00E-02	4.12E-02	1.77E-04	-4.40E+00	5.98E-01	-7.52E-01	-2.93E+01	4.04E+01	bad-chisq
group_257	4.00E-02	3.07E-01	1.27E-01	2.99E+00	8.68E-01	-1.09E+00	-2.76E+01	3.80E+01	bad-chisq
group_231	4.00E-02	3.07E-01	1.00E+00	-6.13E-01	6.28E-01	-7.69E-01	-2.37E+01	3.19E+01	bad-chisq
group_221	4.00E-02	3.07E-01	1.00E+00	-4.16E-02	5.60E-01	-7.51E-01	-2.35E+01	3.15E+01	bad-chisq
group_207	4.00E-02	4.12E-02	1.00E+00	-6.35E-01	5.93E-01	-6.61E-01	-2.30E+01	3.04E+01	bad-chisq
group_198	4.00E-02	3.07E-01	1.00E+00	-6.13E-01	6.28E-01	-7.69E-01	-2.37E+01	3.19E+01	bad-chisq
group_163	4.00E-02	4.12E-02	7.66E-02	-2.55E+00	5.42E-01	-7.02E-01	-2.41E+01	3.35E+01	bad-chisq
group_146	4.00E-02	4.12E-02	1.00E+00	-4.65E-02	5.55E-01	-7.25E-01	-2.35E+01	3.14E+01	bad-chisq
group_145	4.00E-02	4.12E-02	1.77E-04	-4.40E+00	5.98E-01	-7.52E-01	-2.93E+01	4.04E+01	bad-chisq
group_137	4.00E-02	1.00E+00	1.00E+00	4.63E-01	8.72E-01	-8.13E-01	-2.42E+01	3.22E+01	bad-chisq
group_114	4.00E-02	4.12E-02	8.30E-01	-1.56E+00	4.84E-01	-6.88E-01	-2.36E+01	3.14E+01	bad-chisq
group_12	4.00E-02	4.12E-02	5.06E-01	-1.62E+00	5.12E-01	-6.69E-01	-2.35E+01	3.12E+01	bad-chisq
group_8427	3.00E-02	5.58E-01	1.00E+00	5.70E-01	4.49E-01	-7.61E-01	-2.36E+01	3.17E+01	bad-chisq
group_8406	3.00E-02	7.86E-02	1.00E+00	2.22E+00	5.15E-01	-7.87E-01	-2.41E+01	3.23E+01	bad-chisq
group_8169	3.00E-02	7.86E-02	1.00E+00	2.06E+00	4.65E-01	-7.84E-01	-2.40E+01	3.23E+01	bad-chisq
group_8097	3.00E-02	7.86E-02	1.00E+00	8.74E-01	4.97E-01	-7.63E-01	-2.38E+01	3.19E+01	bad-chisq
group_8093	3.00E-02	7.86E-02	1.00E+00	8.74E-01	4.97E-01	-7.63E-01	-2.38E+01	3.19E+01	bad-chisq
group_8091	3.00E-02	7.86E-02	1.00E+00	8.74E-01	4.97E-01	-7.63E-01	-2.38E+01	3.19E+01	bad-chisq
group_8089	3.00E-02	7.86E-02	1.00E+00	8.74E-01	4.97E-01	-7.63E-01	-2.38E+01	3.19E+01	bad-chisq
group_8087	3.00E-02	7.86E-02	1.00E+00	8.74E-01	4.97E-01	-7.63E-01	-2.38E+01	3.19E+01	bad-chisq
group_8084	3.00E-02	7.86E-02	1.00E+00	8.74E-01	4.97E-01	-7.63E-01	-2.38E+01	3.19E+01	bad-chisq
group_8079	3.00E-02	7.86E-02	1.00E+00	8.74E-01	4.97E-01	-7.63E-01	-2.38E+01	3.19E+01	bad-chisq
group_8066	3.00E-02	7.86E-02	1.00E+00	-1.55E+00	4.73E-01	-7.01E-01	-2.38E+01	3.17E+01	bad-chisq
group_8065	3.00E-02	7.86E-02	1.00E+00	-1.55E+00	4.73E-01	-7.01E-01	-2.38E+01	3.17E+01	bad-chisq
group_8063	3.00E-02	7.86E-02	1.00E+00	-1.55E+00	4.73E-01	-7.01E-01	-2.38E+01	3.17E+01	bad-chisq
group_8061	3.00E-02	7.86E-02	1.00E+00	-1.55E+00	4.73E-01	-7.01E-01	-2.38E+01	3.17E+01	bad-chisq
pepD	3.00E-02	7.86E-02	1.00E+00	-1.55E+00	4.37E-01	-7.36E-01	-2.42E+01	3.23E+01	bad-chisq
group_8043	3.00E-02	7.86E-02	1.00E+00	-1.55E+00	4.37E-01	-7.36E-01	-2.42E+01	3.23E+01	bad-chisq
group_8027	3.00E-02	7.86E-02	1.00E+00	1.09E+00	5.64E-01	-7.65E-01	-2.38E+01	3.20E+01	bad-chisq
group_8026	3.00E-02	7.86E-02	1.00E+00	1.09E+00	5.64E-01	-7.65E-01	-2.38E+01	3.20E+01	bad-chisq
group_8025	3.00E-02	7.86E-02	1.00E+00	1.09E+00	5.64E-01	-7.65E-01	-2.38E+01	3.20E+01	bad-chisq
group_8020	3.00E-02	5.58E-01	1.00E+00	1.17E+00	7.12E-01	-8.45E-01	-2.46E+01	3.29E+01	bad-chisq
group_7996	3.00E-02	7.86E-02	4.28E-01	-1.54E+00	5.50E-01	-7.06E-01	-2.35E+01	3.22E+01	bad-chisq
group_7995	3.00E-02	7.86E-02	4.28E-01	-1.54E+00	5.50E-01	-7.06E-01	-2.35E+01	3.22E+01	bad-chisq
group_7994	3.00E-02	7.86E-02	4.28E-01	-1.54E+00	5.50E-01	-7.06E-01	-2.35E+01	3.22E+01	bad-chisq
group_7652	3.00E-02	7.86E-02	1.00E+00	-2.34E-01	5.71E-01	-7.10E-01	-2.33E+01	3.12E+01	bad-chisq
group_7549	3.00E-02	7.86E-02	1.00E+00	-2.16E-01	5.41E-01	-7.17E-01	-2.34E+01	3.13E+01	bad-chisq
group_7530	3.00E-02	7.86E-02	1.00E+00	1.27E+00	5.73E-01	-7.70E-01	-2.39E+01	3.20E+01	bad-chisq
group_7520	3.00E-02	7.86E-02	1.00E+00	-5.24E-03	5.01E-01	-7.35E-01	-2.36E+01	3.16E+01	bad-chisq
group_7417	3.00E-02	7.86E-02	1.00E+00	8.08E-01	5.08E-01	-7.61E-01	-2.38E+01	3.19E+01	bad-chisq
group_7416	3.00E-02	7.86E-02	1.00E+00	8.08E-01	5.08E-01	-7.61E-01	-2.38E+01	3.19E+01	bad-chisq
group_7317	3.00E-02	7.86E-02	1.00E+00	5.05E-02	4.69E-01	-7.46E-01	-2.37E+01	3.18E+01	bad-chisq
group_7311	3.00E-02	7.86E-02	1.00E+00	-1.55E+00	4.64E-01	-7.11E-01	-2.39E+01	3.19E+01	bad-chisq
group_7247	3.00E-02	7.86E-02	1.00E+00	-5.42E-01	5.30E-01	-7.07E-01	-2.34E+01	3.12E+01	bad-chisq
group_7164	3.00E-02	7.86E-02	1.00E+00	1.67E+00	5.27E-01	-7.81E-01	-2.40E+01	3.23E+01	bad-chisq
group_7152	3.00E-02	7.86E-02	1.00E+00	-1.54E+00	4.54E-01	-7.18E-01	-2.39E+01	3.20E+01	bad-chisq
ndpA	3.00E-02	5.58E-01	1.22E-01	3.05E+00	8.23E-01	-1.09E+00	-2.75E+01	3.78E+01	bad-chisq
group_7098	3.00E-02	7.86E-02	1.00E+00	-2.34E-01	5.71E-01	-7.10E-01	-2.33E+01	3.12E+01	bad-chisq
group_7083	3.00E-02	7.86E-02	1.00E+00	1.56E+00	5.61E-01	-7.76E-01	-2.39E+01	3.22E+01	bad-chisq
group_7064	3.00E-02	7.86E-02	4.34E-02	-3.83E+00	4.57E-01	-8.41E-01	-2.58E+01	3.65E+01	bad-chisq
group_7056	3.00E-02	7.86E-02	1.00E+00	3.22E-01	5.32E-01	-7.41E-01	-2.36E+01	3.16E+01	bad-chisq
group_7027	3.00E-02	7.86E-02	1.00E+00	3.53E-01	5.29E-01	-7.43E-01	-2.36E+01	3.16E+01	bad-chisq
group_7026	3.00E-02	7.86E-02	1.00E+00	-1.31E-02	5.48E-01	-7.28E-01	-2.35E+01	3.14E+01	bad-chisq
group_7011	3.00E-02	7.86E-02	1.00E+00	-5.27E-01	5.25E-01	-7.10E-01	-2.34E+01	3.13E+01	bad-chisq
group_7010	3.00E-02	7.86E-02	1.00E+00	-2.34E-01	5.71E-01	-7.10E-01	-2.33E+01	3.12E+01	bad-chisq
group_6978	3.00E-02	7.86E-02	1.00E+00	-1.56E+00	4.73E-01	-7.04E-01	-2.38E+01	3.18E+01	bad-chisq
group_6965	3.00E-02	7.86E-02	1.00E+00	-3.38E-01	4.57E-01	-7.40E-01	-2.37E+01	3.18E+01	bad-chisq
group_6937	3.00E-02	7.86E-02	1.00E+00	1.38E+00	5.72E-01	-7.73E-01	-2.39E+01	3.21E+01	bad-chisq
group_6932	3.00E-02	7.86E-02	1.00E+00	8.74E-01	4.97E-01	-7.63E-01	-2.38E+01	3.19E+01	bad-chisq
group_6928	3.00E-02	7.86E-02	1.00E+00	-5.44E-02	5.73E-01	-7.08E-01	-2.34E+01	3.10E+01	bad-chisq
group_6924	3.00E-02	5.58E-01	1.22E-01	3.05E+00	8.23E-01	-1.09E+00	-2.75E+01	3.78E+01	bad-chisq
group_6895	3.00E-02	7.86E-02	1.00E+00	-2.34E-01	5.71E-01	-7.10E-01	-2.33E+01	3.12E+01	bad-chisq
group_6878	3.00E-02	5.58E-01	1.22E-01	3.05E+00	8.23E-01	-1.09E+00	-2.75E+01	3.78E+01	bad-chisq
group_6792	3.00E-02	7.86E-02	1.00E+00	4.65E-01	4.89E-01	-7.53E-01	-2.37E+01	3.18E+01	bad-chisq
group_6767	3.00E-02	5.58E-01	1.00E+00	7.44E-01	7.94E-01	-8.31E-01	-2.45E+01	3.28E+01	bad-chisq
group_6740	3.00E-02	7.86E-02	1.00E+00	4.10E-01	5.68E-01	-7.40E-01	-2.36E+01	3.16E+01	bad-chisq
group_6737	3.00E-02	5.58E-01	1.22E-01	3.05E+00	8.23E-01	-1.09E+00	-2.75E+01	3.78E+01	bad-chisq
group_6700	3.00E-02	5.58E-01	1.22E-01	3.05E+00	8.23E-01	-1.09E+00	-2.75E+01	3.78E+01	bad-chisq
group_6696	3.00E-02	7.86E-02	1.00E+00	3.53E-01	5.29E-01	-7.43E-01	-2.36E+01	3.16E+01	bad-chisq
group_6687	3.00E-02	7.86E-02	1.00E+00	-5.44E-02	5.73E-01	-7.08E-01	-2.34E+01	3.10E+01	bad-chisq
group_6686	3.00E-02	7.86E-02	1.00E+00	-5.44E-02	5.73E-01	-7.08E-01	-2.34E+01	3.10E+01	bad-chisq
group_6685	3.00E-02	7.86E-02	1.00E+00	-5.44E-02	5.73E-01	-7.08E-01	-2.34E+01	3.10E+01	bad-chisq
group_6684	3.00E-02	7.86E-02	1.00E+00	-5.44E-02	5.73E-01	-7.08E-01	-2.34E+01	3.10E+01	bad-chisq
group_6670	3.00E-02	7.86E-02	1.00E+00	-3.66E-01	5.72E-01	-8.13E-01	-2.38E+01	3.23E+01	bad-chisq
group_6642	3.00E-02	5.58E-01	1.00E+00	-1.41E-01	5.26E-01	-8.18E-01	-2.38E+01	3.24E+01	bad-chisq
group_6637	3.00E-02	5.58E-01	5.74E-01	-1.40E+00	8.37E-01	-7.66E-01	-2.50E+01	3.33E+01	bad-chisq
group_6566	3.00E-02	5.58E-01	1.22E-01	3.05E+00	8.23E-01	-1.09E+00	-2.75E+01	3.78E+01	bad-chisq
group_6522	3.00E-02	7.86E-02	1.00E+00	-1.36E-01	5.73E-01	-8.20E-01	-2.38E+01	3.23E+01	bad-chisq
group_6498	3.00E-02	7.86E-02	1.00E+00	-1.36E-01	5.73E-01	-8.20E-01	-2.38E+01	3.23E+01	bad-chisq
group_6493	3.00E-02	7.86E-02	1.00E+00	-8.49E-01	5.73E-01	-8.04E-01	-2.39E+01	3.23E+01	bad-chisq
group_6450	3.00E-02	7.86E-02	1.00E+00	-5.44E-02	5.73E-01	-7.08E-01	-2.34E+01	3.10E+01	bad-chisq
group_6445	3.00E-02	7.86E-02	1.00E+00	1.38E+00	5.72E-01	-7.73E-01	-2.39E+01	3.21E+01	bad-chisq
group_6439	3.00E-02	7.86E-02	1.00E+00	-8.49E-01	5.73E-01	-8.04E-01	-2.39E+01	3.23E+01	bad-chisq
group_6411	3.00E-02	5.58E-01	5.34E-01	-1.41E+00	6.91E-01	-7.53E-01	-2.41E+01	3.30E+01	bad-chisq
group_6390	3.00E-02	5.58E-01	1.22E-01	3.05E+00	8.23E-01	-1.09E+00	-2.75E+01	3.78E+01	bad-chisq
group_6384	3.00E-02	7.86E-02	1.00E+00	-8.49E-01	5.73E-01	-8.04E-01	-2.39E+01	3.23E+01	bad-chisq
group_6382	3.00E-02	7.86E-02	1.00E+00	4.54E-01	5.64E-01	-7.43E-01	-2.36E+01	3.16E+01	bad-chisq
group_6361	3.00E-02	5.58E-01	1.22E-01	3.05E+00	8.23E-01	-1.09E+00	-2.75E+01	3.78E+01	bad-chisq
group_6354	3.00E-02	7.86E-02	1.00E+00	-8.49E-01	5.73E-01	-8.04E-01	-2.39E+01	3.23E+01	bad-chisq
group_6319	3.00E-02	7.86E-02	1.00E+00	-8.49E-01	5.73E-01	-8.04E-01	-2.39E+01	3.23E+01	bad-chisq
group_6302	3.00E-02	7.86E-02	1.00E+00	-5.44E-02	5.73E-01	-7.08E-01	-2.34E+01	3.10E+01	bad-chisq
group_6296	3.00E-02	7.86E-02	1.00E+00	-2.44E-01	5.37E-01	-7.19E-01	-2.35E+01	3.13E+01	bad-chisq
group_6269	3.00E-02	7.86E-02	1.00E+00	-5.44E-02	5.73E-01	-7.08E-01	-2.34E+01	3.10E+01	bad-chisq
group_6268	3.00E-02	7.86E-02	1.00E+00	-8.49E-01	5.73E-01	-8.04E-01	-2.39E+01	3.23E+01	bad-chisq
group_6255	3.00E-02	7.86E-02	1.00E+00	-5.44E-02	5.73E-01	-7.08E-01	-2.34E+01	3.10E+01	bad-chisq
group_6254	3.00E-02	5.58E-01	1.00E+00	2.76E-01	8.37E-01	-8.09E-01	-2.42E+01	3.22E+01	bad-chisq
group_6250	3.00E-02	5.58E-01	1.22E-01	3.05E+00	8.23E-01	-1.09E+00	-2.75E+01	3.78E+01	bad-chisq
group_6218	3.00E-02	7.86E-02	1.44E-03	-4.07E+00	5.73E-01	-7.80E-01	-2.80E+01	3.86E+01	bad-chisq
group_6199	3.00E-02	7.86E-02	1.00E+00	-4.91E-02	5.55E-01	-7.24E-01	-2.35E+01	3.14E+01	bad-chisq
group_6184	3.00E-02	7.86E-02	1.00E+00	-5.44E-02	5.73E-01	-7.08E-01	-2.34E+01	3.10E+01	bad-chisq
group_6182	3.00E-02	7.86E-02	1.00E+00	5.80E-01	5.67E-01	-8.56E-01	-2.37E+01	3.26E+01	bad-chisq
group_6171	3.00E-02	7.86E-02	1.00E+00	1.27E+00	5.73E-01	-7.70E-01	-2.39E+01	3.20E+01	bad-chisq
group_6165	3.00E-02	7.86E-02	1.00E+00	-8.49E-01	5.73E-01	-8.04E-01	-2.39E+01	3.23E+01	bad-chisq
group_6161	3.00E-02	7.86E-02	1.00E+00	4.54E-01	5.64E-01	-7.43E-01	-2.36E+01	3.16E+01	bad-chisq
group_6160	3.00E-02	7.86E-02	1.00E+00	-7.28E-01	4.54E-01	-7.54E-01	-2.38E+01	3.22E+01	bad-chisq
group_6157	3.00E-02	7.86E-02	1.00E+00	-1.36E-01	5.73E-01	-8.20E-01	-2.38E+01	3.23E+01	bad-chisq
group_6153	3.00E-02	5.58E-01	1.22E-01	3.05E+00	8.23E-01	-1.09E+00	-2.75E+01	3.78E+01	bad-chisq
group_6143	3.00E-02	7.86E-02	1.00E+00	-8.49E-01	5.73E-01	-8.04E-01	-2.39E+01	3.23E+01	bad-chisq
group_6120	3.00E-02	7.86E-02	1.86E-01	1.95E+00	5.72E-01	-8.53E-01	-2.42E+01	3.13E+01	bad-chisq
group_6112	3.00E-02	5.58E-01	1.22E-01	3.05E+00	8.23E-01	-1.09E+00	-2.75E+01	3.78E+01	bad-chisq
group_6111	3.00E-02	7.86E-02	1.44E-03	-4.07E+00	5.73E-01	-7.80E-01	-2.80E+01	3.86E+01	bad-chisq
group_6099	3.00E-02	7.86E-02	1.00E+00	4.54E-01	5.64E-01	-7.43E-01	-2.36E+01	3.16E+01	bad-chisq
group_6094	3.00E-02	5.58E-01	1.22E-01	3.05E+00	8.23E-01	-1.09E+00	-2.75E+01	3.78E+01	bad-chisq
group_6068	3.00E-02	7.86E-02	1.00E+00	4.54E-01	5.64E-01	-7.43E-01	-2.36E+01	3.16E+01	bad-chisq
group_6067	3.00E-02	7.86E-02	1.00E+00	-1.36E-01	5.73E-01	-8.20E-01	-2.38E+01	3.23E+01	bad-chisq
group_6064	3.00E-02	5.58E-01	1.22E-01	3.05E+00	8.23E-01	-1.09E+00	-2.75E+01	3.78E+01	bad-chisq
group_6047	3.00E-02	7.86E-02	6.21E-01	1.53E+00	5.05E-01	-8.61E-01	-2.41E+01	3.23E+01	bad-chisq
group_6035	3.00E-02	7.86E-02	1.00E+00	-5.44E-02	5.73E-01	-7.08E-01	-2.34E+01	3.10E+01	bad-chisq
group_6034	3.00E-02	7.86E-02	1.00E+00	-8.49E-01	5.73E-01	-8.04E-01	-2.39E+01	3.23E+01	bad-chisq
group_5987	3.00E-02	7.86E-02	1.00E+00	-8.49E-01	5.73E-01	-8.04E-01	-2.39E+01	3.23E+01	bad-chisq
group_5975	3.00E-02	7.86E-02	1.00E+00	4.54E-01	5.64E-01	-7.43E-01	-2.36E+01	3.16E+01	bad-chisq
group_5956	3.00E-02	7.86E-02	1.00E+00	2.40E+00	4.75E-01	-7.87E-01	-2.40E+01	3.23E+01	bad-chisq
group_5937	3.00E-02	7.86E-02	1.00E+00	-1.36E-01	5.73E-01	-8.20E-01	-2.38E+01	3.23E+01	bad-chisq
group_5927	3.00E-02	7.86E-02	1.00E+00	-8.49E-01	5.73E-01	-8.04E-01	-2.39E+01	3.23E+01	bad-chisq
group_5926	3.00E-02	7.86E-02	1.86E-01	1.95E+00	5.72E-01	-8.53E-01	-2.42E+01	3.13E+01	bad-chisq
group_5923	3.00E-02	7.86E-02	1.00E+00	-2.86E-01	5.72E-01	-7.07E-01	-2.33E+01	3.11E+01	bad-chisq
group_5908	3.00E-02	5.58E-01	1.00E+00	7.44E-01	7.94E-01	-8.31E-01	-2.45E+01	3.28E+01	bad-chisq
group_5880	3.00E-02	7.86E-02	1.00E+00	-5.44E-02	5.73E-01	-7.08E-01	-2.34E+01	3.10E+01	bad-chisq
group_5875	3.00E-02	5.58E-01	1.22E-01	3.05E+00	8.23E-01	-1.09E+00	-2.75E+01	3.78E+01	bad-chisq
group_5847	3.00E-02	5.58E-01	1.22E-01	3.05E+00	8.23E-01	-1.09E+00	-2.75E+01	3.78E+01	bad-chisq
group_5846	3.00E-02	5.58E-01	1.22E-01	3.05E+00	8.23E-01	-1.09E+00	-2.75E+01	3.78E+01	bad-chisq
group_5843	3.00E-02	7.86E-02	1.00E+00	-5.27E-01	5.25E-01	-7.10E-01	-2.34E+01	3.13E+01	bad-chisq
group_5823	3.00E-02	5.58E-01	1.00E+00	1.47E+00	6.12E-01	-8.14E-01	-2.42E+01	3.22E+01	bad-chisq
group_5822	3.00E-02	7.86E-02	1.00E+00	1.27E+00	5.73E-01	-7.70E-01	-2.39E+01	3.20E+01	bad-chisq
group_5813	3.00E-02	7.86E-02	1.00E+00	-2.34E-01	5.71E-01	-7.10E-01	-2.33E+01	3.12E+01	bad-chisq
group_5806	3.00E-02	7.86E-02	1.00E+00	-5.44E-02	5.73E-01	-7.08E-01	-2.34E+01	3.10E+01	bad-chisq
group_5771	3.00E-02	5.58E-01	1.22E-01	3.05E+00	8.23E-01	-1.09E+00	-2.75E+01	3.78E+01	bad-chisq
group_5768	3.00E-02	7.86E-02	1.00E+00	-8.49E-01	5.73E-01	-8.04E-01	-2.39E+01	3.23E+01	bad-chisq
group_5744	3.00E-02	7.86E-02	1.00E+00	4.54E-01	5.64E-01	-7.43E-01	-2.36E+01	3.16E+01	bad-chisq
group_5742	3.00E-02	5.58E-01	1.22E-01	3.05E+00	8.23E-01	-1.09E+00	-2.75E+01	3.78E+01	bad-chisq
group_5700	3.00E-02	7.86E-02	1.00E+00	-5.44E-02	5.73E-01	-7.08E-01	-2.34E+01	3.10E+01	bad-chisq
group_5698	3.00E-02	7.86E-02	1.00E+00	-8.49E-01	5.73E-01	-8.04E-01	-2.39E+01	3.23E+01	bad-chisq
group_5694	3.00E-02	5.58E-01	1.22E-01	3.05E+00	8.23E-01	-1.09E+00	-2.75E+01	3.78E+01	bad-chisq
group_5684	3.00E-02	7.86E-02	1.00E+00	-8.49E-01	5.73E-01	-8.04E-01	-2.39E+01	3.23E+01	bad-chisq
group_5666	3.00E-02	7.86E-02	1.00E+00	-8.49E-01	5.73E-01	-8.04E-01	-2.39E+01	3.23E+01	bad-chisq
group_5664	3.00E-02	7.86E-02	1.00E+00	4.54E-01	5.64E-01	-7.43E-01	-2.36E+01	3.16E+01	bad-chisq
group_5655	3.00E-02	7.86E-02	1.00E+00	-8.49E-01	5.73E-01	-8.04E-01	-2.39E+01	3.23E+01	bad-chisq
group_5645	3.00E-02	7.86E-02	1.00E+00	1.56E+00	5.61E-01	-7.76E-01	-2.39E+01	3.22E+01	bad-chisq
group_5642	3.00E-02	5.58E-01	1.00E+00	2.76E-01	8.37E-01	-8.09E-01	-2.42E+01	3.22E+01	bad-chisq
group_5596	3.00E-02	5.58E-01	1.22E-01	3.05E+00	8.23E-01	-1.09E+00	-2.75E+01	3.78E+01	bad-chisq
group_5585	3.00E-02	7.86E-02	1.00E+00	-8.49E-01	5.73E-01	-8.04E-01	-2.39E+01	3.23E+01	bad-chisq
group_5578	3.00E-02	5.58E-01	1.22E-01	3.05E+00	8.23E-01	-1.09E+00	-2.75E+01	3.78E+01	bad-chisq
group_5570	3.00E-02	7.86E-02	1.00E+00	-5.44E-02	5.73E-01	-7.08E-01	-2.34E+01	3.10E+01	bad-chisq
group_5533	3.00E-02	7.86E-02	1.95E-01	1.93E+00	5.72E-01	-8.50E-01	-2.41E+01	3.12E+01	bad-chisq
group_5521	3.00E-02	5.58E-01	1.22E-01	3.05E+00	8.23E-01	-1.09E+00	-2.75E+01	3.78E+01	bad-chisq
group_5486	3.00E-02	7.86E-02	1.00E+00	-5.44E-02	5.73E-01	-7.08E-01	-2.34E+01	3.10E+01	bad-chisq
group_5470	3.00E-02	7.86E-02	1.00E+00	-5.44E-02	5.73E-01	-7.08E-01	-2.34E+01	3.10E+01	bad-chisq
group_5465	3.00E-02	5.58E-01	1.22E-01	3.05E+00	8.23E-01	-1.09E+00	-2.75E+01	3.78E+01	bad-chisq
group_5464	3.00E-02	5.58E-01	1.22E-01	3.05E+00	8.23E-01	-1.09E+00	-2.75E+01	3.78E+01	bad-chisq
group_5459	3.00E-02	7.86E-02	1.00E+00	-8.49E-01	5.73E-01	-8.04E-01	-2.39E+01	3.23E+01	bad-chisq
group_5457	3.00E-02	7.86E-02	1.00E+00	4.54E-01	5.64E-01	-7.43E-01	-2.36E+01	3.16E+01	bad-chisq
group_5451	3.00E-02	5.58E-01	1.22E-01	3.05E+00	8.23E-01	-1.09E+00	-2.75E+01	3.78E+01	bad-chisq
group_5444	3.00E-02	7.86E-02	1.00E+00	-5.44E-02	5.73E-01	-7.08E-01	-2.34E+01	3.10E+01	bad-chisq
group_5441	3.00E-02	5.58E-01	1.00E+00	-8.41E-01	7.87E-01	-7.67E-01	-2.43E+01	3.26E+01	bad-chisq
group_5438	3.00E-02	7.86E-02	1.00E+00	-1.54E+00	4.54E-01	-7.18E-01	-2.39E+01	3.20E+01	bad-chisq
ybfA	3.00E-02	7.86E-02	1.00E+00	-1.36E-01	5.73E-01	-8.20E-01	-2.38E+01	3.23E+01	bad-chisq
group_5427	3.00E-02	5.58E-01	3.63E-01	1.83E+00	6.35E-01	-8.62E-01	-2.45E+01	3.23E+01	bad-chisq
group_5423	3.00E-02	7.86E-02	4.34E-02	-3.83E+00	4.57E-01	-8.41E-01	-2.58E+01	3.65E+01	bad-chisq
ybgA	3.00E-02	7.86E-02	1.00E+00	-1.36E-01	5.73E-01	-8.20E-01	-2.38E+01	3.23E+01	bad-chisq
group_5398	3.00E-02	7.86E-02	1.00E+00	-8.49E-01	5.73E-01	-8.04E-01	-2.39E+01	3.23E+01	bad-chisq
group_5395	3.00E-02	7.86E-02	1.00E+00	-2.34E-01	5.71E-01	-7.10E-01	-2.33E+01	3.12E+01	bad-chisq
group_5385	3.00E-02	7.86E-02	1.00E+00	1.65E+00	5.42E-01	-7.78E-01	-2.40E+01	3.22E+01	bad-chisq
rutC	3.00E-02	7.86E-02	1.00E+00	-4.88E-01	5.20E-01	-7.12E-01	-2.34E+01	3.13E+01	bad-chisq
group_5377	3.00E-02	7.86E-02	1.00E+00	-4.91E-02	5.55E-01	-7.24E-01	-2.35E+01	3.14E+01	bad-chisq
group_5363	3.00E-02	7.86E-02	1.00E+00	-8.49E-01	5.73E-01	-8.04E-01	-2.39E+01	3.23E+01	bad-chisq
group_5362	3.00E-02	7.86E-02	1.00E+00	1.06E+00	5.33E-01	-8.42E-01	-2.38E+01	3.21E+01	bad-chisq
group_5361	3.00E-02	7.86E-02	1.00E+00	-1.36E-01	5.73E-01	-8.20E-01	-2.38E+01	3.23E+01	bad-chisq
group_5350	3.00E-02	5.58E-01	1.00E+00	-5.00E-01	7.33E-01	-7.76E-01	-2.40E+01	3.23E+01	bad-chisq
group_5344	3.00E-02	5.58E-01	1.00E+00	1.23E+00	6.04E-01	-8.25E-01	-2.41E+01	3.25E+01	bad-chisq
group_5343	3.00E-02	5.58E-01	1.22E-01	3.05E+00	8.23E-01	-1.09E+00	-2.75E+01	3.78E+01	bad-chisq
group_5327	3.00E-02	7.86E-02	1.44E-03	-4.07E+00	5.73E-01	-7.80E-01	-2.80E+01	3.86E+01	bad-chisq
group_5289	3.00E-02	7.86E-02	1.00E+00	-5.44E-02	5.73E-01	-7.08E-01	-2.34E+01	3.10E+01	bad-chisq
group_5267	3.00E-02	5.58E-01	1.22E-01	3.05E+00	8.23E-01	-1.09E+00	-2.75E+01	3.78E+01	bad-chisq
group_5266	3.00E-02	7.86E-02	1.44E-03	-4.07E+00	5.73E-01	-7.80E-01	-2.80E+01	3.86E+01	bad-chisq
group_5252	3.00E-02	7.86E-02	1.00E+00	3.53E-01	5.29E-01	-7.43E-01	-2.36E+01	3.16E+01	bad-chisq
group_5250	3.00E-02	7.86E-02	1.00E+00	1.65E+00	5.42E-01	-7.78E-01	-2.40E+01	3.22E+01	bad-chisq
group_5240	3.00E-02	5.58E-01	1.22E-01	3.05E+00	8.23E-01	-1.09E+00	-2.75E+01	3.78E+01	bad-chisq
group_5217	3.00E-02	7.86E-02	1.00E+00	-8.49E-01	5.73E-01	-8.04E-01	-2.39E+01	3.23E+01	bad-chisq
group_5215	3.00E-02	7.86E-02	1.00E+00	5.80E-01	5.67E-01	-8.56E-01	-2.37E+01	3.26E+01	bad-chisq
group_5210	3.00E-02	5.58E-01	1.00E+00	1.38E-01	5.91E-01	-7.96E-01	-2.37E+01	3.21E+01	bad-chisq
group_5207	3.00E-02	7.86E-02	1.00E+00	-1.06E-02	5.09E-01	-7.33E-01	-2.35E+01	3.15E+01	bad-chisq
group_5202	3.00E-02	7.86E-02	1.00E+00	-5.44E-02	5.73E-01	-7.08E-01	-2.34E+01	3.10E+01	bad-chisq
group_5175	3.00E-02	7.86E-02	1.00E+00	4.54E-01	5.64E-01	-7.43E-01	-2.36E+01	3.16E+01	bad-chisq
group_5169	3.00E-02	5.58E-01	1.22E-01	3.05E+00	8.23E-01	-1.09E+00	-2.75E+01	3.78E+01	bad-chisq
group_5161	3.00E-02	7.86E-02	1.00E+00	4.54E-01	5.64E-01	-7.43E-01	-2.36E+01	3.16E+01	bad-chisq
group_5141	3.00E-02	7.86E-02	1.00E+00	-5.44E-02	5.73E-01	-7.08E-01	-2.34E+01	3.10E+01	bad-chisq
group_5098	3.00E-02	5.58E-01	1.22E-01	3.05E+00	8.23E-01	-1.09E+00	-2.75E+01	3.78E+01	bad-chisq
group_5088	3.00E-02	5.58E-01	1.00E+00	-6.88E-01	5.28E-01	-7.77E-01	-2.37E+01	3.18E+01	bad-chisq
group_5078	3.00E-02	5.58E-01	1.78E-01	2.72E+00	7.97E-01	-1.05E+00	-2.70E+01	3.71E+01	bad-chisq
group_5033	3.00E-02	5.58E-01	1.22E-01	3.05E+00	8.23E-01	-1.09E+00	-2.75E+01	3.78E+01	bad-chisq
group_5026	3.00E-02	7.86E-02	1.00E+00	-5.44E-02	5.73E-01	-7.08E-01	-2.34E+01	3.10E+01	bad-chisq
group_5018	3.00E-02	7.86E-02	1.00E+00	-5.44E-02	5.73E-01	-7.08E-01	-2.34E+01	3.10E+01	bad-chisq
group_5015	3.00E-02	7.86E-02	1.00E+00	-2.86E-01	5.72E-01	-7.07E-01	-2.33E+01	3.11E+01	bad-chisq
group_5005	3.00E-02	5.58E-01	1.22E-01	3.05E+00	8.23E-01	-1.09E+00	-2.75E+01	3.78E+01	bad-chisq
group_4993	3.00E-02	7.86E-02	1.00E+00	4.54E-01	5.64E-01	-7.43E-01	-2.36E+01	3.16E+01	bad-chisq
group_4992	3.00E-02	7.86E-02	1.44E-03	-4.07E+00	5.73E-01	-7.80E-01	-2.80E+01	3.86E+01	bad-chisq
group_4980	3.00E-02	7.86E-02	1.00E+00	4.54E-01	5.64E-01	-7.43E-01	-2.36E+01	3.16E+01	bad-chisq
group_4967	3.00E-02	7.86E-02	1.00E+00	4.54E-01	5.64E-01	-7.43E-01	-2.36E+01	3.16E+01	bad-chisq
group_4962	3.00E-02	7.86E-02	1.44E-03	-4.07E+00	5.73E-01	-7.80E-01	-2.80E+01	3.86E+01	bad-chisq
group_4958	3.00E-02	7.86E-02	1.00E+00	3.53E-01	5.29E-01	-7.43E-01	-2.36E+01	3.16E+01	bad-chisq
group_4953	3.00E-02	7.86E-02	1.00E+00	-5.44E-02	5.73E-01	-7.08E-01	-2.34E+01	3.10E+01	bad-chisq
group_4911	3.00E-02	5.58E-01	1.22E-01	3.05E+00	8.23E-01	-1.09E+00	-2.75E+01	3.78E+01	bad-chisq
group_4891	3.00E-02	5.58E-01	1.22E-01	3.05E+00	8.23E-01	-1.09E+00	-2.75E+01	3.78E+01	bad-chisq
ybeA	3.00E-02	7.86E-02	1.00E+00	-1.36E-01	5.73E-01	-8.20E-01	-2.38E+01	3.23E+01	bad-chisq
group_4863	3.00E-02	7.86E-02	1.00E+00	-5.44E-02	5.73E-01	-7.08E-01	-2.34E+01	3.10E+01	bad-chisq
group_4854	3.00E-02	5.58E-01	1.22E-01	3.05E+00	8.23E-01	-1.09E+00	-2.75E+01	3.78E+01	bad-chisq
group_4832	3.00E-02	7.86E-02	1.00E+00	-1.36E-01	5.73E-01	-8.20E-01	-2.38E+01	3.23E+01	bad-chisq
group_4802	3.00E-02	7.86E-02	1.00E+00	4.54E-01	5.64E-01	-7.43E-01	-2.36E+01	3.16E+01	bad-chisq
group_4795	3.00E-02	7.86E-02	1.00E+00	3.22E-01	5.32E-01	-7.41E-01	-2.36E+01	3.16E+01	bad-chisq
group_4778	3.00E-02	7.86E-02	1.00E+00	3.53E-01	5.29E-01	-7.43E-01	-2.36E+01	3.16E+01	bad-chisq
group_4771	3.00E-02	7.86E-02	1.00E+00	-5.44E-02	5.73E-01	-7.08E-01	-2.34E+01	3.10E+01	bad-chisq
sat2	3.00E-02	7.86E-02	1.00E+00	-1.36E-01	5.73E-01	-8.20E-01	-2.38E+01	3.23E+01	bad-chisq
group_4757	3.00E-02	5.58E-01	1.22E-01	3.05E+00	8.23E-01	-1.09E+00	-2.75E+01	3.78E+01	bad-chisq
group_4749	3.00E-02	7.86E-02	1.00E+00	-5.44E-02	5.73E-01	-7.08E-01	-2.34E+01	3.10E+01	bad-chisq
group_4745	3.00E-02	7.86E-02	1.00E+00	3.53E-01	5.29E-01	-7.43E-01	-2.36E+01	3.16E+01	bad-chisq
group_4733	3.00E-02	5.58E-01	1.22E-01	3.05E+00	8.23E-01	-1.09E+00	-2.75E+01	3.78E+01	bad-chisq
group_4725	3.00E-02	7.86E-02	1.00E+00	-1.36E-01	5.73E-01	-8.20E-01	-2.38E+01	3.23E+01	bad-chisq
group_4717	3.00E-02	7.86E-02	1.00E+00	-1.36E-01	5.73E-01	-8.20E-01	-2.38E+01	3.23E+01	bad-chisq
group_4715	3.00E-02	5.58E-01	1.22E-01	3.05E+00	8.23E-01	-1.09E+00	-2.75E+01	3.78E+01	bad-chisq
group_4705	3.00E-02	7.86E-02	1.00E+00	5.52E-01	5.41E-01	-7.48E-01	-2.37E+01	3.17E+01	bad-chisq
group_4699	3.00E-02	5.58E-01	1.22E-01	3.05E+00	8.23E-01	-1.09E+00	-2.75E+01	3.78E+01	bad-chisq
group_4688	3.00E-02	7.86E-02	1.00E+00	-5.44E-02	5.73E-01	-7.08E-01	-2.34E+01	3.10E+01	bad-chisq
group_4669	3.00E-02	7.86E-02	1.00E+00	-5.44E-02	5.73E-01	-7.08E-01	-2.34E+01	3.10E+01	bad-chisq
group_4651	3.00E-02	7.86E-02	1.00E+00	-1.36E-01	5.73E-01	-8.20E-01	-2.38E+01	3.23E+01	bad-chisq
rutF	3.00E-02	7.86E-02	1.00E+00	-4.88E-01	5.20E-01	-7.12E-01	-2.34E+01	3.13E+01	bad-chisq
group_4631	3.00E-02	7.86E-02	1.00E+00	-7.55E-01	5.41E-01	-6.96E-01	-2.34E+01	3.12E+01	bad-chisq
group_4630	3.00E-02	5.58E-01	1.22E-01	3.05E+00	8.23E-01	-1.09E+00	-2.75E+01	3.78E+01	bad-chisq
group_4605	3.00E-02	5.58E-01	1.22E-01	3.05E+00	8.23E-01	-1.09E+00	-2.75E+01	3.78E+01	bad-chisq
group_4587	3.00E-02	7.86E-02	1.00E+00	-5.44E-02	5.73E-01	-7.08E-01	-2.34E+01	3.10E+01	bad-chisq
group_4572	3.00E-02	7.86E-02	1.00E+00	-4.88E-01	5.20E-01	-7.12E-01	-2.34E+01	3.13E+01	bad-chisq
group_4570	3.00E-02	7.86E-02	1.00E+00	-5.24E-03	5.01E-01	-7.35E-01	-2.36E+01	3.16E+01	bad-chisq
group_4542	3.00E-02	7.86E-02	1.00E+00	-5.44E-02	5.73E-01	-7.08E-01	-2.34E+01	3.10E+01	bad-chisq
group_4525	3.00E-02	7.86E-02	1.00E+00	-1.36E-01	5.73E-01	-8.20E-01	-2.38E+01	3.23E+01	bad-chisq
group_4521	3.00E-02	7.86E-02	1.00E+00	-8.49E-01	5.73E-01	-8.04E-01	-2.39E+01	3.23E+01	bad-chisq
group_4519	3.00E-02	5.58E-01	1.22E-01	3.05E+00	8.23E-01	-1.09E+00	-2.75E+01	3.78E+01	bad-chisq
group_4507	3.00E-02	5.58E-01	1.22E-01	3.05E+00	8.23E-01	-1.09E+00	-2.75E+01	3.78E+01	bad-chisq
group_4499	3.00E-02	7.86E-02	1.00E+00	-5.44E-02	5.73E-01	-7.08E-01	-2.34E+01	3.10E+01	bad-chisq
group_4477	3.00E-02	7.86E-02	1.95E-01	1.93E+00	5.72E-01	-8.50E-01	-2.41E+01	3.12E+01	bad-chisq
group_4476	3.00E-02	5.58E-01	1.22E-01	3.05E+00	8.23E-01	-1.09E+00	-2.75E+01	3.78E+01	bad-chisq
group_4462	3.00E-02	7.86E-02	1.00E+00	-2.86E-01	5.72E-01	-7.07E-01	-2.33E+01	3.11E+01	bad-chisq
group_4440	3.00E-02	5.58E-01	1.22E-01	3.05E+00	8.23E-01	-1.09E+00	-2.75E+01	3.78E+01	bad-chisq
group_4432	3.00E-02	7.86E-02	1.00E+00	-5.44E-02	5.73E-01	-7.08E-01	-2.34E+01	3.10E+01	bad-chisq
group_4431	3.00E-02	7.86E-02	1.00E+00	-5.44E-02	5.73E-01	-7.08E-01	-2.34E+01	3.10E+01	bad-chisq
group_4428	3.00E-02	7.86E-02	1.00E+00	-7.75E-01	5.46E-01	-6.92E-01	-2.33E+01	3.11E+01	bad-chisq
group_4424	3.00E-02	7.86E-02	1.00E+00	8.74E-01	4.97E-01	-7.63E-01	-2.38E+01	3.19E+01	bad-chisq
group_4422	3.00E-02	5.58E-01	1.22E-01	3.05E+00	8.23E-01	-1.09E+00	-2.75E+01	3.78E+01	bad-chisq
group_4414	3.00E-02	7.86E-02	1.00E+00	-5.44E-02	5.73E-01	-7.08E-01	-2.34E+01	3.10E+01	bad-chisq
group_4383	3.00E-02	5.58E-01	1.22E-01	3.05E+00	8.23E-01	-1.09E+00	-2.75E+01	3.78E+01	bad-chisq
group_4373	3.00E-02	5.58E-01	1.22E-01	3.05E+00	8.23E-01	-1.09E+00	-2.75E+01	3.78E+01	bad-chisq
group_4364	3.00E-02	7.86E-02	1.00E+00	-2.44E-01	5.37E-01	-7.19E-01	-2.35E+01	3.13E+01	bad-chisq
yfiR	3.00E-02	5.58E-01	1.22E-01	3.05E+00	8.23E-01	-1.09E+00	-2.75E+01	3.78E+01	bad-chisq
group_4353	3.00E-02	5.58E-01	1.22E-01	3.05E+00	8.23E-01	-1.09E+00	-2.75E+01	3.78E+01	bad-chisq
group_4329	3.00E-02	7.86E-02	1.00E+00	4.54E-01	5.64E-01	-7.43E-01	-2.36E+01	3.16E+01	bad-chisq
group_4293	3.00E-02	7.86E-02	1.00E+00	-2.34E-01	5.71E-01	-7.10E-01	-2.33E+01	3.12E+01	bad-chisq
group_4292	3.00E-02	5.58E-01	1.22E-01	3.05E+00	8.23E-01	-1.09E+00	-2.75E+01	3.78E+01	bad-chisq
group_4276	3.00E-02	7.86E-02	1.00E+00	-5.44E-02	5.73E-01	-7.08E-01	-2.34E+01	3.10E+01	bad-chisq
group_4261	3.00E-02	7.86E-02	1.00E+00	-8.49E-01	5.73E-01	-8.04E-01	-2.39E+01	3.23E+01	bad-chisq
group_4253	3.00E-02	7.86E-02	1.00E+00	-5.44E-02	5.73E-01	-7.08E-01	-2.34E+01	3.10E+01	bad-chisq
group_4250	3.00E-02	5.58E-01	1.22E-01	3.05E+00	8.23E-01	-1.09E+00	-2.75E+01	3.78E+01	bad-chisq
group_4202	3.00E-02	7.86E-02	1.00E+00	4.54E-01	5.64E-01	-7.43E-01	-2.36E+01	3.16E+01	bad-chisq
group_4201	3.00E-02	5.58E-01	1.22E-01	3.05E+00	8.23E-01	-1.09E+00	-2.75E+01	3.78E+01	bad-chisq
group_4183	3.00E-02	7.86E-02	1.00E+00	-5.44E-02	5.73E-01	-7.08E-01	-2.34E+01	3.10E+01	bad-chisq
group_4157	3.00E-02	7.86E-02	8.00E-02	-2.55E+00	5.38E-01	-7.14E-01	-2.43E+01	3.38E+01	bad-chisq
group_4152	3.00E-02	7.86E-02	1.00E+00	-1.54E+00	4.54E-01	-7.18E-01	-2.39E+01	3.20E+01	bad-chisq
group_4114	3.00E-02	5.58E-01	1.22E-01	3.05E+00	8.23E-01	-1.09E+00	-2.75E+01	3.78E+01	bad-chisq
group_4108	3.00E-02	7.86E-02	1.44E-03	-4.07E+00	5.73E-01	-7.80E-01	-2.80E+01	3.86E+01	bad-chisq
rutB	3.00E-02	7.86E-02	1.00E+00	-4.88E-01	5.20E-01	-7.12E-01	-2.34E+01	3.13E+01	bad-chisq
group_4090	3.00E-02	7.86E-02	1.00E+00	-8.49E-01	5.73E-01	-8.04E-01	-2.39E+01	3.23E+01	bad-chisq
group_4058	3.00E-02	7.86E-02	1.00E+00	-1.36E-01	5.73E-01	-8.20E-01	-2.38E+01	3.23E+01	bad-chisq
group_4045	3.00E-02	7.86E-02	1.95E-01	1.93E+00	5.72E-01	-8.50E-01	-2.41E+01	3.12E+01	bad-chisq
group_4037	3.00E-02	7.86E-02	1.00E+00	1.16E+00	5.70E-01	-7.67E-01	-2.38E+01	3.20E+01	bad-chisq
group_4032	3.00E-02	7.86E-02	1.00E+00	-8.49E-01	5.73E-01	-8.04E-01	-2.39E+01	3.23E+01	bad-chisq
group_4019	3.00E-02	7.86E-02	1.00E+00	4.54E-01	5.64E-01	-7.43E-01	-2.36E+01	3.16E+01	bad-chisq
group_4017	3.00E-02	7.86E-02	1.44E-03	-4.07E+00	5.73E-01	-7.80E-01	-2.80E+01	3.86E+01	bad-chisq
group_4012	3.00E-02	7.86E-02	1.95E-01	1.93E+00	5.72E-01	-8.50E-01	-2.41E+01	3.12E+01	bad-chisq
group_4006	3.00E-02	7.86E-02	1.00E+00	-2.16E-01	5.41E-01	-7.17E-01	-2.34E+01	3.13E+01	bad-chisq
group_3998	3.00E-02	7.86E-02	1.95E-01	1.93E+00	5.72E-01	-8.50E-01	-2.41E+01	3.12E+01	bad-chisq
group_3997	3.00E-02	7.86E-02	1.00E+00	-5.44E-02	5.73E-01	-7.08E-01	-2.34E+01	3.10E+01	bad-chisq
group_3996	3.00E-02	7.86E-02	1.00E+00	-5.44E-02	5.73E-01	-7.08E-01	-2.34E+01	3.10E+01	bad-chisq
group_3989	3.00E-02	7.86E-02	1.00E+00	-5.44E-02	5.73E-01	-7.08E-01	-2.34E+01	3.10E+01	bad-chisq
group_3978	3.00E-02	7.86E-02	1.00E+00	-2.16E-01	5.41E-01	-7.17E-01	-2.34E+01	3.13E+01	bad-chisq
rutD	3.00E-02	7.86E-02	1.00E+00	-4.88E-01	5.20E-01	-7.12E-01	-2.34E+01	3.13E+01	bad-chisq
group_3917	3.00E-02	7.86E-02	1.00E+00	-1.36E-01	5.73E-01	-8.20E-01	-2.38E+01	3.23E+01	bad-chisq
bla	3.00E-02	7.86E-02	1.00E+00	2.40E+00	4.75E-01	-7.87E-01	-2.40E+01	3.23E+01	bad-chisq
group_3901	3.00E-02	7.86E-02	1.00E+00	-5.44E-02	5.73E-01	-7.08E-01	-2.34E+01	3.10E+01	bad-chisq
group_3879	3.00E-02	5.58E-01	1.22E-01	3.05E+00	8.23E-01	-1.09E+00	-2.75E+01	3.78E+01	bad-chisq
group_3854	3.00E-02	7.86E-02	1.00E+00	-1.05E+00	5.42E-01	-6.79E-01	-2.33E+01	3.10E+01	bad-chisq
group_3853	3.00E-02	5.58E-01	1.22E-01	3.05E+00	8.23E-01	-1.09E+00	-2.75E+01	3.78E+01	bad-chisq
group_3844	3.00E-02	5.58E-01	3.63E-01	1.83E+00	6.35E-01	-8.62E-01	-2.45E+01	3.23E+01	bad-chisq
group_3843	3.00E-02	5.58E-01	1.22E-01	3.05E+00	8.23E-01	-1.09E+00	-2.75E+01	3.78E+01	bad-chisq
aac3IId	3.00E-02	7.86E-02	1.00E+00	5.52E-01	5.41E-01	-7.48E-01	-2.37E+01	3.17E+01	bad-chisq
blaGES11	3.00E-02	7.86E-02	1.00E+00	-8.49E-01	5.73E-01	-8.04E-01	-2.39E+01	3.23E+01	bad-chisq
group_3831	3.00E-02	5.58E-01	1.22E-01	3.05E+00	8.23E-01	-1.09E+00	-2.75E+01	3.78E+01	bad-chisq
group_3820	3.00E-02	7.86E-02	1.00E+00	-5.44E-02	5.73E-01	-7.08E-01	-2.34E+01	3.10E+01	bad-chisq
group_3810	3.00E-02	7.86E-02	1.00E+00	-8.49E-01	5.73E-01	-8.04E-01	-2.39E+01	3.23E+01	bad-chisq
group_3809	3.00E-02	7.86E-02	1.00E+00	-4.88E-01	5.20E-01	-7.12E-01	-2.34E+01	3.13E+01	bad-chisq
group_3783	3.00E-02	7.86E-02	1.44E-03	-4.07E+00	5.73E-01	-7.80E-01	-2.80E+01	3.86E+01	bad-chisq
group_3765	3.00E-02	5.58E-01	1.22E-01	3.05E+00	8.23E-01	-1.09E+00	-2.75E+01	3.78E+01	bad-chisq
group_3747	3.00E-02	7.86E-02	1.95E-01	1.93E+00	5.72E-01	-8.50E-01	-2.41E+01	3.12E+01	bad-chisq
group_3746	3.00E-02	5.58E-01	1.22E-01	3.05E+00	8.23E-01	-1.09E+00	-2.75E+01	3.78E+01	bad-chisq
group_3725	3.00E-02	7.86E-02	1.00E+00	3.22E-01	5.32E-01	-7.41E-01	-2.36E+01	3.16E+01	bad-chisq
group_3720	3.00E-02	7.86E-02	1.00E+00	1.06E+00	5.33E-01	-8.42E-01	-2.38E+01	3.21E+01	bad-chisq
group_3714	3.00E-02	7.86E-02	1.00E+00	4.65E-01	4.89E-01	-7.53E-01	-2.37E+01	3.18E+01	bad-chisq
group_3702	3.00E-02	7.86E-02	1.00E+00	-2.34E-01	5.71E-01	-7.10E-01	-2.33E+01	3.12E+01	bad-chisq
group_3691	3.00E-02	7.86E-02	1.00E+00	-5.44E-02	5.73E-01	-7.08E-01	-2.34E+01	3.10E+01	bad-chisq
group_3689	3.00E-02	5.58E-01	1.22E-01	3.05E+00	8.23E-01	-1.09E+00	-2.75E+01	3.78E+01	bad-chisq
group_3653	3.00E-02	7.86E-02	1.00E+00	-5.44E-02	5.73E-01	-7.08E-01	-2.34E+01	3.10E+01	bad-chisq
group_3652	3.00E-02	7.86E-02	1.00E+00	-5.44E-02	5.73E-01	-7.08E-01	-2.34E+01	3.10E+01	bad-chisq
repM	3.00E-02	7.86E-02	1.00E+00	4.54E-01	5.64E-01	-7.43E-01	-2.36E+01	3.16E+01	bad-chisq
group_3645	3.00E-02	5.58E-01	1.00E+00	-5.00E-01	7.33E-01	-7.76E-01	-2.40E+01	3.23E+01	bad-chisq
group_3630	3.00E-02	7.86E-02	1.00E+00	-1.36E-01	5.73E-01	-8.20E-01	-2.38E+01	3.23E+01	bad-chisq
group_3622	3.00E-02	7.86E-02	1.00E+00	-8.49E-01	5.73E-01	-8.04E-01	-2.39E+01	3.23E+01	bad-chisq
group_3613	3.00E-02	7.86E-02	1.44E-03	-4.07E+00	5.73E-01	-7.80E-01	-2.80E+01	3.86E+01	bad-chisq
group_3590	3.00E-02	5.58E-01	1.22E-01	3.05E+00	8.23E-01	-1.09E+00	-2.75E+01	3.78E+01	bad-chisq
group_3583	3.00E-02	5.58E-01	1.22E-01	3.05E+00	8.23E-01	-1.09E+00	-2.75E+01	3.78E+01	bad-chisq
group_3582	3.00E-02	5.58E-01	1.22E-01	3.05E+00	8.23E-01	-1.09E+00	-2.75E+01	3.78E+01	bad-chisq
group_3535	3.00E-02	7.86E-02	1.00E+00	5.52E-01	5.41E-01	-7.48E-01	-2.37E+01	3.17E+01	bad-chisq
fahA	3.00E-02	7.86E-02	1.00E+00	-5.44E-02	5.73E-01	-7.08E-01	-2.34E+01	3.10E+01	bad-chisq
group_3525	3.00E-02	5.58E-01	1.22E-01	3.05E+00	8.23E-01	-1.09E+00	-2.75E+01	3.78E+01	bad-chisq
group_3521	3.00E-02	7.86E-02	1.44E-03	-4.07E+00	5.73E-01	-7.80E-01	-2.80E+01	3.86E+01	bad-chisq
group_3507	3.00E-02	5.58E-01	1.00E+00	-5.00E-01	7.33E-01	-7.76E-01	-2.40E+01	3.23E+01	bad-chisq
group_3506	3.00E-02	7.86E-02	1.00E+00	-8.49E-01	5.73E-01	-8.04E-01	-2.39E+01	3.23E+01	bad-chisq
group_3504	3.00E-02	5.58E-01	1.22E-01	3.05E+00	8.23E-01	-1.09E+00	-2.75E+01	3.78E+01	bad-chisq
group_3495	3.00E-02	5.58E-01	1.22E-01	3.05E+00	8.23E-01	-1.09E+00	-2.75E+01	3.78E+01	bad-chisq
group_3473	3.00E-02	7.86E-02	1.00E+00	-5.44E-02	5.73E-01	-7.08E-01	-2.34E+01	3.10E+01	bad-chisq
group_3470	3.00E-02	7.86E-02	1.00E+00	8.08E-01	5.08E-01	-7.61E-01	-2.38E+01	3.19E+01	bad-chisq
group_3461	3.00E-02	5.58E-01	1.22E-01	3.05E+00	8.23E-01	-1.09E+00	-2.75E+01	3.78E+01	bad-chisq
group_3445	3.00E-02	7.86E-02	1.00E+00	8.08E-01	5.08E-01	-7.61E-01	-2.38E+01	3.19E+01	bad-chisq
group_3438	3.00E-02	7.86E-02	1.00E+00	-5.44E-02	5.73E-01	-7.08E-01	-2.34E+01	3.10E+01	bad-chisq
group_3435	3.00E-02	5.58E-01	1.22E-01	3.05E+00	8.23E-01	-1.09E+00	-2.75E+01	3.78E+01	bad-chisq
group_3434	3.00E-02	5.58E-01	1.22E-01	3.05E+00	8.23E-01	-1.09E+00	-2.75E+01	3.78E+01	bad-chisq
group_3420	3.00E-02	7.86E-02	1.00E+00	-2.16E-01	5.41E-01	-7.17E-01	-2.34E+01	3.13E+01	bad-chisq
group_3417	3.00E-02	7.86E-02	1.44E-03	-4.07E+00	5.73E-01	-7.80E-01	-2.80E+01	3.86E+01	bad-chisq
group_3412	3.00E-02	7.86E-02	1.00E+00	3.53E-01	5.29E-01	-7.43E-01	-2.36E+01	3.16E+01	bad-chisq
group_3386	3.00E-02	7.86E-02	1.00E+00	1.27E+00	5.73E-01	-7.70E-01	-2.39E+01	3.20E+01	bad-chisq
group_3368	3.00E-02	7.86E-02	1.00E+00	-5.24E-03	5.01E-01	-7.35E-01	-2.36E+01	3.16E+01	bad-chisq
group_3349	3.00E-02	7.86E-02	1.00E+00	-5.27E-01	5.25E-01	-7.10E-01	-2.34E+01	3.13E+01	bad-chisq
group_3338	3.00E-02	5.58E-01	1.22E-01	3.05E+00	8.23E-01	-1.09E+00	-2.75E+01	3.78E+01	bad-chisq
group_3323	3.00E-02	7.86E-02	1.95E-01	1.93E+00	5.72E-01	-8.50E-01	-2.41E+01	3.12E+01	bad-chisq
group_3317	3.00E-02	7.86E-02	1.00E+00	-2.16E-01	5.41E-01	-7.17E-01	-2.34E+01	3.13E+01	bad-chisq
group_3298	3.00E-02	7.86E-02	1.00E+00	8.74E-01	4.97E-01	-7.63E-01	-2.38E+01	3.19E+01	bad-chisq
group_3291	3.00E-02	7.86E-02	1.00E+00	-8.49E-01	5.73E-01	-8.04E-01	-2.39E+01	3.23E+01	bad-chisq
tnsB	3.00E-02	7.86E-02	1.00E+00	-1.36E-01	5.73E-01	-8.20E-01	-2.38E+01	3.23E+01	bad-chisq
group_3262	3.00E-02	5.58E-01	1.22E-01	3.05E+00	8.23E-01	-1.09E+00	-2.75E+01	3.78E+01	bad-chisq
group_3255	3.00E-02	7.86E-02	1.00E+00	-8.49E-01	5.73E-01	-8.04E-01	-2.39E+01	3.23E+01	bad-chisq
group_3254	3.00E-02	5.58E-01	1.22E-01	3.05E+00	8.23E-01	-1.09E+00	-2.75E+01	3.78E+01	bad-chisq
rutA	3.00E-02	7.86E-02	1.00E+00	-4.88E-01	5.20E-01	-7.12E-01	-2.34E+01	3.13E+01	bad-chisq
group_3224	3.00E-02	5.58E-01	1.00E+00	-5.00E-01	7.33E-01	-7.76E-01	-2.40E+01	3.23E+01	bad-chisq
group_3215	3.00E-02	7.86E-02	1.00E+00	-8.49E-01	5.73E-01	-8.04E-01	-2.39E+01	3.23E+01	bad-chisq
group_3206	3.00E-02	7.86E-02	1.00E+00	5.52E-01	5.41E-01	-7.48E-01	-2.37E+01	3.17E+01	bad-chisq
group_3201	3.00E-02	7.86E-02	1.00E+00	-5.44E-02	5.73E-01	-7.08E-01	-2.34E+01	3.10E+01	bad-chisq
group_3192	3.00E-02	7.86E-02	1.00E+00	-5.44E-02	5.73E-01	-7.08E-01	-2.34E+01	3.10E+01	bad-chisq
trfA	3.00E-02	7.86E-02	1.00E+00	-5.44E-02	5.73E-01	-7.08E-01	-2.34E+01	3.10E+01	bad-chisq
group_3191	3.00E-02	5.58E-01	1.22E-01	3.05E+00	8.23E-01	-1.09E+00	-2.75E+01	3.78E+01	bad-chisq
group_3190	3.00E-02	5.58E-01	1.22E-01	3.05E+00	8.23E-01	-1.09E+00	-2.75E+01	3.78E+01	bad-chisq
group_3176	3.00E-02	7.86E-02	1.00E+00	-5.44E-02	5.73E-01	-7.08E-01	-2.34E+01	3.10E+01	bad-chisq
group_3175	3.00E-02	7.86E-02	1.00E+00	-5.44E-02	5.73E-01	-7.08E-01	-2.34E+01	3.10E+01	bad-chisq
group_3173	3.00E-02	5.58E-01	1.22E-01	3.05E+00	8.23E-01	-1.09E+00	-2.75E+01	3.78E+01	bad-chisq
group_3127	3.00E-02	5.58E-01	1.22E-01	3.05E+00	8.23E-01	-1.09E+00	-2.75E+01	3.78E+01	bad-chisq
group_3121	3.00E-02	7.86E-02	1.00E+00	-5.44E-02	5.73E-01	-7.08E-01	-2.34E+01	3.10E+01	bad-chisq
group_3113	3.00E-02	7.86E-02	1.00E+00	1.27E+00	5.73E-01	-7.70E-01	-2.39E+01	3.20E+01	bad-chisq
group_3107	3.00E-02	7.86E-02	1.00E+00	8.08E-01	5.08E-01	-7.61E-01	-2.38E+01	3.19E+01	bad-chisq
group_3098	3.00E-02	5.58E-01	1.22E-01	3.05E+00	8.23E-01	-1.09E+00	-2.75E+01	3.78E+01	bad-chisq
group_3091	3.00E-02	7.86E-02	1.00E+00	-8.49E-01	5.73E-01	-8.04E-01	-2.39E+01	3.23E+01	bad-chisq
group_3074	3.00E-02	7.86E-02	1.00E+00	-8.49E-01	5.73E-01	-8.04E-01	-2.39E+01	3.23E+01	bad-chisq
group_3032	3.00E-02	5.58E-01	1.22E-01	3.05E+00	8.23E-01	-1.09E+00	-2.75E+01	3.78E+01	bad-chisq
group_2970	3.00E-02	5.58E-01	9.44E-02	3.32E+00	8.29E-01	-1.12E+00	-2.79E+01	3.85E+01	bad-chisq
group_2960	3.00E-02	7.86E-02	1.00E+00	-1.54E+00	4.38E-01	-7.35E-01	-2.41E+01	3.23E+01	bad-chisq
group_2921	3.00E-02	7.86E-02	9.36E-02	-3.51E+00	4.42E-01	-6.85E-01	-2.51E+01	3.27E+01	bad-chisq
group_2915	3.00E-02	7.86E-02	1.00E+00	1.67E+00	5.40E-01	-7.79E-01	-2.40E+01	3.22E+01	bad-chisq
group_2897	3.00E-02	5.58E-01	1.22E-01	3.05E+00	8.23E-01	-1.09E+00	-2.75E+01	3.78E+01	bad-chisq
group_2895	3.00E-02	5.58E-01	1.22E-01	3.05E+00	8.23E-01	-1.09E+00	-2.75E+01	3.78E+01	bad-chisq
group_2890	3.00E-02	7.86E-02	1.00E+00	1.11E+00	5.69E-01	-7.66E-01	-2.38E+01	3.20E+01	bad-chisq
group_2806	3.00E-02	7.86E-02	1.00E+00	1.67E+00	5.27E-01	-7.81E-01	-2.40E+01	3.23E+01	bad-chisq
group_2801	3.00E-02	7.86E-02	1.00E+00	-5.44E-02	5.73E-01	-7.08E-01	-2.34E+01	3.10E+01	bad-chisq
cml	3.00E-02	7.86E-02	1.00E+00	1.11E+00	5.69E-01	-7.66E-01	-2.38E+01	3.20E+01	bad-chisq
group_2780	3.00E-02	7.86E-02	1.00E+00	-5.44E-02	5.73E-01	-7.08E-01	-2.34E+01	3.10E+01	bad-chisq
group_2776	3.00E-02	7.86E-02	1.00E+00	-3.69E-01	4.91E-01	-7.26E-01	-2.35E+01	3.15E+01	bad-chisq
group_2774	3.00E-02	5.58E-01	1.22E-01	3.05E+00	8.23E-01	-1.09E+00	-2.75E+01	3.78E+01	bad-chisq
group_2769	3.00E-02	7.86E-02	1.12E-01	-3.53E+00	4.35E-01	-7.20E-01	-2.55E+01	3.33E+01	bad-chisq
group_2768	3.00E-02	7.86E-02	1.00E+00	1.67E+00	5.27E-01	-7.81E-01	-2.40E+01	3.23E+01	bad-chisq
group_2764	3.00E-02	7.86E-02	1.00E+00	-2.34E-01	5.71E-01	-7.10E-01	-2.33E+01	3.12E+01	bad-chisq
group_2701	3.00E-02	5.58E-01	1.22E-01	3.05E+00	8.23E-01	-1.09E+00	-2.75E+01	3.78E+01	bad-chisq
group_2647	3.00E-02	7.86E-02	1.00E+00	-2.34E-01	5.71E-01	-7.10E-01	-2.33E+01	3.12E+01	bad-chisq
group_2583	3.00E-02	7.86E-02	1.00E+00	-2.34E-01	5.71E-01	-7.10E-01	-2.33E+01	3.12E+01	bad-chisq
group_2510	3.00E-02	7.86E-02	1.00E+00	-1.54E+00	4.38E-01	-7.35E-01	-2.41E+01	3.23E+01	bad-chisq
group_2509	3.00E-02	7.86E-02	1.00E+00	1.34E+00	5.29E-01	-7.72E-01	-2.39E+01	3.21E+01	bad-chisq
group_2495	3.00E-02	7.86E-02	1.00E+00	1.67E+00	5.27E-01	-7.81E-01	-2.40E+01	3.23E+01	bad-chisq
group_2376	3.00E-02	7.86E-02	1.00E+00	-1.54E+00	4.54E-01	-7.18E-01	-2.39E+01	3.20E+01	bad-chisq
group_2342	3.00E-02	5.58E-01	1.22E-01	3.05E+00	8.23E-01	-1.09E+00	-2.75E+01	3.78E+01	bad-chisq
group_2337	3.00E-02	7.86E-02	1.00E+00	1.67E+00	5.27E-01	-7.81E-01	-2.40E+01	3.23E+01	bad-chisq
group_2336	3.00E-02	5.58E-01	1.00E+00	4.82E-01	8.28E-01	-8.18E-01	-2.42E+01	3.22E+01	bad-chisq
group_2220	3.00E-02	7.86E-02	1.95E-01	1.93E+00	5.72E-01	-8.50E-01	-2.41E+01	3.12E+01	bad-chisq
group_2214	3.00E-02	7.86E-02	1.00E+00	-4.88E-01	5.20E-01	-7.12E-01	-2.34E+01	3.13E+01	bad-chisq
group_2194	3.00E-02	5.58E-01	1.22E-01	3.05E+00	8.23E-01	-1.09E+00	-2.75E+01	3.78E+01	bad-chisq
group_2036	3.00E-02	7.86E-02	1.00E+00	-5.44E-02	5.73E-01	-7.08E-01	-2.34E+01	3.10E+01	bad-chisq
group_2035	3.00E-02	7.86E-02	1.00E+00	-5.44E-02	5.73E-01	-7.08E-01	-2.34E+01	3.10E+01	bad-chisq
group_2013	3.00E-02	7.86E-02	1.00E+00	3.22E-01	5.32E-01	-7.41E-01	-2.36E+01	3.16E+01	bad-chisq
group_1997	3.00E-02	5.58E-01	1.22E-01	3.05E+00	8.23E-01	-1.09E+00	-2.75E+01	3.78E+01	bad-chisq
group_1988	3.00E-02	7.86E-02	3.11E-01	-2.49E+00	4.41E-01	-7.54E-01	-2.47E+01	3.33E+01	bad-chisq
group_1952	3.00E-02	7.86E-02	1.00E+00	4.65E-01	4.89E-01	-7.53E-01	-2.37E+01	3.18E+01	bad-chisq
group_1934	3.00E-02	7.86E-02	1.00E+00	-1.36E-01	5.73E-01	-8.20E-01	-2.38E+01	3.23E+01	bad-chisq
group_1933	3.00E-02	7.86E-02	1.00E+00	-1.54E+00	4.54E-01	-7.18E-01	-2.39E+01	3.20E+01	bad-chisq
group_1932	3.00E-02	7.86E-02	1.00E+00	8.74E-01	4.97E-01	-7.63E-01	-2.38E+01	3.19E+01	bad-chisq
group_1804	3.00E-02	5.58E-01	1.22E-01	3.05E+00	8.23E-01	-1.09E+00	-2.75E+01	3.78E+01	bad-chisq
group_1729	3.00E-02	5.58E-01	1.22E-01	3.05E+00	8.23E-01	-1.09E+00	-2.75E+01	3.78E+01	bad-chisq
group_1698	3.00E-02	7.86E-02	1.00E+00	1.65E+00	5.42E-01	-7.78E-01	-2.40E+01	3.22E+01	bad-chisq
group_1691	3.00E-02	5.58E-01	1.22E-01	3.05E+00	8.23E-01	-1.09E+00	-2.75E+01	3.78E+01	bad-chisq
group_1603	3.00E-02	7.86E-02	1.00E+00	3.22E-01	5.32E-01	-7.41E-01	-2.36E+01	3.16E+01	bad-chisq
group_1575	3.00E-02	7.86E-02	1.00E+00	-1.36E-01	5.73E-01	-8.20E-01	-2.38E+01	3.23E+01	bad-chisq
group_1501	3.00E-02	5.58E-01	2.95E-01	2.20E+00	8.00E-01	-9.98E-01	-2.63E+01	3.60E+01	bad-chisq
group_1406	3.00E-02	7.86E-02	1.00E+00	3.22E-01	5.32E-01	-7.41E-01	-2.36E+01	3.16E+01	bad-chisq
group_1402	3.00E-02	7.86E-02	1.00E+00	1.27E+00	5.73E-01	-7.70E-01	-2.39E+01	3.20E+01	bad-chisq
group_1383	3.00E-02	7.86E-02	1.00E+00	1.27E+00	5.73E-01	-7.70E-01	-2.39E+01	3.20E+01	bad-chisq
group_1380	3.00E-02	5.58E-01	1.22E-01	3.05E+00	8.23E-01	-1.09E+00	-2.75E+01	3.78E+01	bad-chisq
group_1374	3.00E-02	7.86E-02	1.00E+00	-1.36E-01	5.73E-01	-8.20E-01	-2.38E+01	3.23E+01	bad-chisq
group_1330	3.00E-02	7.86E-02	1.00E+00	8.08E-01	5.08E-01	-7.61E-01	-2.38E+01	3.19E+01	bad-chisq
group_1298	3.00E-02	7.86E-02	1.00E+00	-8.13E-01	4.74E-01	-7.19E-01	-2.36E+01	3.16E+01	bad-chisq
group_1273	3.00E-02	7.86E-02	1.00E+00	-8.49E-01	5.73E-01	-8.04E-01	-2.39E+01	3.23E+01	bad-chisq
tnsC	3.00E-02	7.86E-02	1.00E+00	-1.36E-01	5.73E-01	-8.20E-01	-2.38E+01	3.23E+01	bad-chisq
group_1240	3.00E-02	7.86E-02	1.00E+00	-5.44E-02	5.73E-01	-7.08E-01	-2.34E+01	3.10E+01	bad-chisq
group_1222	3.00E-02	7.86E-02	1.00E+00	-5.42E-01	5.30E-01	-7.07E-01	-2.34E+01	3.12E+01	bad-chisq
group_1191	3.00E-02	7.86E-02	2.78E-01	1.73E+00	5.71E-01	-8.35E-01	-2.39E+01	3.11E+01	bad-chisq
group_1110	3.00E-02	5.58E-01	1.22E-01	3.05E+00	8.23E-01	-1.09E+00	-2.75E+01	3.78E+01	bad-chisq
group_1082	3.00E-02	7.86E-02	1.00E+00	3.22E-01	5.32E-01	-7.41E-01	-2.36E+01	3.16E+01	bad-chisq
group_1068	3.00E-02	7.86E-02	1.00E+00	1.67E+00	5.27E-01	-7.81E-01	-2.40E+01	3.23E+01	bad-chisq
group_1044	3.00E-02	7.86E-02	1.00E+00	-5.27E-01	5.25E-01	-7.10E-01	-2.34E+01	3.13E+01	bad-chisq
group_1032	3.00E-02	7.86E-02	1.95E-01	1.93E+00	5.72E-01	-8.50E-01	-2.41E+01	3.12E+01	bad-chisq
group_1001	3.00E-02	7.86E-02	1.00E+00	-3.38E-01	4.57E-01	-7.40E-01	-2.37E+01	3.18E+01	bad-chisq
group_976	3.00E-02	7.86E-02	1.00E+00	1.16E+00	5.70E-01	-7.67E-01	-2.38E+01	3.20E+01	bad-chisq
group_965	3.00E-02	7.86E-02	1.00E+00	-5.44E-02	5.73E-01	-7.08E-01	-2.34E+01	3.10E+01	bad-chisq
group_961	3.00E-02	7.86E-02	1.00E+00	-3.01E-02	5.13E-01	-7.31E-01	-2.35E+01	3.15E+01	bad-chisq
group_942	3.00E-02	5.58E-01	1.22E-01	3.05E+00	8.23E-01	-1.09E+00	-2.75E+01	3.78E+01	bad-chisq
group_894	3.00E-02	7.86E-02	1.00E+00	4.65E-01	4.89E-01	-7.53E-01	-2.37E+01	3.18E+01	bad-chisq
group_888	3.00E-02	5.58E-01	1.22E-01	3.05E+00	8.23E-01	-1.09E+00	-2.75E+01	3.78E+01	bad-chisq
group_886	3.00E-02	7.86E-02	1.00E+00	-8.49E-01	5.73E-01	-8.04E-01	-2.39E+01	3.23E+01	bad-chisq
group_838	3.00E-02	7.86E-02	1.00E+00	-5.44E-02	5.73E-01	-7.08E-01	-2.34E+01	3.10E+01	bad-chisq
group_815	3.00E-02	7.86E-02	1.00E+00	-7.55E-01	5.41E-01	-6.96E-01	-2.34E+01	3.12E+01	bad-chisq
group_700	3.00E-02	7.86E-02	1.00E+00	-7.28E-01	4.54E-01	-7.54E-01	-2.38E+01	3.22E+01	bad-chisq
group_681	3.00E-02	7.86E-02	1.00E+00	4.21E-01	5.33E-01	-7.45E-01	-2.36E+01	3.16E+01	bad-chisq
group_646	3.00E-02	7.86E-02	1.00E+00	-5.44E-02	5.73E-01	-7.08E-01	-2.34E+01	3.10E+01	bad-chisq
group_638	3.00E-02	7.86E-02	1.00E+00	-5.44E-02	5.73E-01	-7.08E-01	-2.34E+01	3.10E+01	bad-chisq
group_575	3.00E-02	7.86E-02	1.95E-01	1.93E+00	5.72E-01	-8.50E-01	-2.41E+01	3.12E+01	bad-chisq
group_557	3.00E-02	7.86E-02	1.00E+00	1.65E+00	5.42E-01	-7.78E-01	-2.40E+01	3.22E+01	bad-chisq
group_540	3.00E-02	7.86E-02	1.00E+00	4.54E-01	5.64E-01	-7.43E-01	-2.36E+01	3.16E+01	bad-chisq
group_507	3.00E-02	7.86E-02	1.00E+00	-2.34E-01	5.71E-01	-7.10E-01	-2.33E+01	3.12E+01	bad-chisq
group_500	3.00E-02	7.86E-02	1.00E+00	-1.06E-02	5.09E-01	-7.33E-01	-2.35E+01	3.15E+01	bad-chisq
group_489	3.00E-02	7.86E-02	1.44E-03	-4.07E+00	5.73E-01	-7.80E-01	-2.80E+01	3.86E+01	bad-chisq
group_487	3.00E-02	5.58E-01	1.22E-01	3.05E+00	8.23E-01	-1.09E+00	-2.75E+01	3.78E+01	bad-chisq
group_458	3.00E-02	7.86E-02	1.00E+00	3.53E-01	5.29E-01	-7.43E-01	-2.36E+01	3.16E+01	bad-chisq
group_427	3.00E-02	7.86E-02	1.00E+00	-5.44E-02	5.73E-01	-7.08E-01	-2.34E+01	3.10E+01	bad-chisq
doxX	3.00E-02	5.58E-01	1.22E-01	3.05E+00	8.23E-01	-1.09E+00	-2.75E+01	3.78E+01	bad-chisq
group_258	3.00E-02	7.86E-02	1.00E+00	-5.44E-02	5.73E-01	-7.08E-01	-2.34E+01	3.10E+01	bad-chisq
group_244	3.00E-02	7.86E-02	1.00E+00	-2.44E-01	5.37E-01	-7.19E-01	-2.35E+01	3.13E+01	bad-chisq
group_226	3.00E-02	5.58E-01	1.22E-01	3.05E+00	8.23E-01	-1.09E+00	-2.75E+01	3.78E+01	bad-chisq
group_188	3.00E-02	7.86E-02	1.00E+00	3.22E-01	5.32E-01	-7.41E-01	-2.36E+01	3.16E+01	bad-chisq
group_176	3.00E-02	5.58E-01	1.22E-01	3.05E+00	8.23E-01	-1.09E+00	-2.75E+01	3.78E+01	bad-chisq
group_98	3.00E-02	5.58E-01	1.22E-01	3.05E+00	8.23E-01	-1.09E+00	-2.75E+01	3.78E+01	bad-chisq
group_94	3.00E-02	7.86E-02	1.00E+00	-8.63E-01	5.37E-01	-7.01E-01	-2.34E+01	3.13E+01	bad-chisq
group_71	3.00E-02	7.86E-02	1.00E+00	2.40E+00	4.75E-01	-7.87E-01	-2.40E+01	3.23E+01	bad-chisq
group_38	3.00E-02	7.86E-02	1.00E+00	-1.05E+00	5.42E-01	-6.79E-01	-2.33E+01	3.10E+01	bad-chisq
group_37	3.00E-02	5.58E-01	1.22E-01	3.05E+00	8.23E-01	-1.09E+00	-2.75E+01	3.78E+01	bad-chisq
group_2	3.00E-02	5.58E-01	1.22E-01	3.05E+00	8.23E-01	-1.09E+00	-2.75E+01	3.78E+01	bad-chisq
group_8426	2.00E-02	1.53E-01	1.00E+00	-7.80E-01	4.89E-01	-7.37E-01	-2.37E+01	3.20E+01	bad-chisq
group_8425	2.00E-02	1.53E-01	1.00E+00	1.80E+00	4.33E-01	-7.86E-01	-2.41E+01	3.24E+01	bad-chisq
group_8424	2.00E-02	1.53E-01	1.00E+00	5.04E-01	4.33E-01	-7.67E-01	-2.39E+01	3.21E+01	bad-chisq
group_8423	2.00E-02	1.53E-01	1.00E+00	1.70E+00	5.25E-01	-7.81E-01	-2.40E+01	3.22E+01	bad-chisq
group_8422	2.00E-02	1.53E-01	1.00E+00	7.65E-01	4.64E-01	-7.63E-01	-2.38E+01	3.20E+01	bad-chisq
group_8421	2.00E-02	1.00E+00	1.00E+00	1.23E+00	5.30E-01	-8.26E-01	-2.41E+01	3.25E+01	bad-chisq
group_8420	2.00E-02	1.00E+00	1.00E+00	1.23E+00	5.30E-01	-8.26E-01	-2.41E+01	3.25E+01	bad-chisq
group_8403	2.00E-02	1.00E+00	1.00E+00	3.10E-01	3.88E-01	-7.68E-01	-2.34E+01	3.16E+01	bad-chisq
group_8401	2.00E-02	1.53E-01	1.00E+00	-6.56E-01	5.31E-01	-8.00E-01	-2.39E+01	3.22E+01	bad-chisq
group_8217	2.00E-02	1.53E-01	1.00E+00	-1.54E+00	4.42E-01	-7.31E-01	-2.41E+01	3.22E+01	bad-chisq
group_8216	2.00E-02	1.53E-01	1.00E+00	-1.54E+00	4.42E-01	-7.31E-01	-2.41E+01	3.22E+01	bad-chisq
group_8215	2.00E-02	1.53E-01	1.00E+00	-1.54E+00	4.42E-01	-7.31E-01	-2.41E+01	3.22E+01	bad-chisq
group_8211	2.00E-02	1.53E-01	1.00E+00	-1.54E+00	4.42E-01	-7.31E-01	-2.41E+01	3.22E+01	bad-chisq
group_8210	2.00E-02	1.53E-01	1.00E+00	-1.54E+00	4.42E-01	-7.31E-01	-2.41E+01	3.22E+01	bad-chisq
group_8209	2.00E-02	1.53E-01	1.00E+00	-1.54E+00	4.42E-01	-7.31E-01	-2.41E+01	3.22E+01	bad-chisq
group_8208	2.00E-02	1.53E-01	1.00E+00	-1.54E+00	4.42E-01	-7.31E-01	-2.41E+01	3.22E+01	bad-chisq
group_8192	2.00E-02	1.53E-01	1.00E+00	-9.26E-01	5.02E-01	-7.09E-01	-2.36E+01	3.15E+01	bad-chisq
virB6	2.00E-02	1.53E-01	1.00E+00	-9.26E-01	5.02E-01	-7.09E-01	-2.36E+01	3.15E+01	bad-chisq
group_8187	2.00E-02	1.53E-01	1.00E+00	-9.26E-01	5.02E-01	-7.09E-01	-2.36E+01	3.15E+01	bad-chisq
group_8114	2.00E-02	1.53E-01	1.00E+00	8.74E-01	4.97E-01	-7.63E-01	-2.38E+01	3.19E+01	bad-chisq
group_8113	2.00E-02	1.53E-01	1.00E+00	8.74E-01	4.97E-01	-7.63E-01	-2.38E+01	3.19E+01	bad-chisq
ureJ	2.00E-02	1.53E-01	1.00E+00	8.74E-01	4.97E-01	-7.63E-01	-2.38E+01	3.19E+01	bad-chisq
group_8110	2.00E-02	1.53E-01	1.00E+00	8.74E-01	4.97E-01	-7.63E-01	-2.38E+01	3.19E+01	bad-chisq
group_8109	2.00E-02	1.53E-01	1.00E+00	8.74E-01	4.97E-01	-7.63E-01	-2.38E+01	3.19E+01	bad-chisq
group_8108	2.00E-02	1.53E-01	1.00E+00	8.74E-01	4.97E-01	-7.63E-01	-2.38E+01	3.19E+01	bad-chisq
group_8107	2.00E-02	1.53E-01	1.00E+00	8.74E-01	4.97E-01	-7.63E-01	-2.38E+01	3.19E+01	bad-chisq
group_8106	2.00E-02	1.53E-01	1.00E+00	8.74E-01	4.97E-01	-7.63E-01	-2.38E+01	3.19E+01	bad-chisq
group_8105	2.00E-02	1.53E-01	1.00E+00	8.74E-01	4.97E-01	-7.63E-01	-2.38E+01	3.19E+01	bad-chisq
group_8104	2.00E-02	1.53E-01	1.00E+00	8.74E-01	4.97E-01	-7.63E-01	-2.38E+01	3.19E+01	bad-chisq
group_8103	2.00E-02	1.53E-01	1.00E+00	8.74E-01	4.97E-01	-7.63E-01	-2.38E+01	3.19E+01	bad-chisq
group_8102	2.00E-02	1.53E-01	1.00E+00	8.74E-01	4.97E-01	-7.63E-01	-2.38E+01	3.19E+01	bad-chisq
group_8101	2.00E-02	1.53E-01	1.00E+00	8.74E-01	4.97E-01	-7.63E-01	-2.38E+01	3.19E+01	bad-chisq
group_8100	2.00E-02	1.53E-01	1.00E+00	8.74E-01	4.97E-01	-7.63E-01	-2.38E+01	3.19E+01	bad-chisq
group_8099	2.00E-02	1.53E-01	1.00E+00	8.74E-01	4.97E-01	-7.63E-01	-2.38E+01	3.19E+01	bad-chisq
group_8098	2.00E-02	1.53E-01	1.00E+00	8.08E-01	5.08E-01	-7.61E-01	-2.38E+01	3.19E+01	bad-chisq
golS	2.00E-02	1.53E-01	1.00E+00	8.74E-01	4.97E-01	-7.63E-01	-2.38E+01	3.19E+01	bad-chisq
group_8096	2.00E-02	1.53E-01	1.00E+00	8.74E-01	4.97E-01	-7.63E-01	-2.38E+01	3.19E+01	bad-chisq
group_8095	2.00E-02	1.53E-01	1.00E+00	8.74E-01	4.97E-01	-7.63E-01	-2.38E+01	3.19E+01	bad-chisq
oprM	2.00E-02	1.53E-01	1.00E+00	8.74E-01	4.97E-01	-7.63E-01	-2.38E+01	3.19E+01	bad-chisq
group_8090	2.00E-02	1.53E-01	1.00E+00	8.74E-01	4.97E-01	-7.63E-01	-2.38E+01	3.19E+01	bad-chisq
group_8088	2.00E-02	1.53E-01	1.00E+00	8.74E-01	4.97E-01	-7.63E-01	-2.38E+01	3.19E+01	bad-chisq
group_8086	2.00E-02	1.53E-01	1.00E+00	8.74E-01	4.97E-01	-7.63E-01	-2.38E+01	3.19E+01	bad-chisq
group_8085	2.00E-02	1.53E-01	1.00E+00	8.74E-01	4.97E-01	-7.63E-01	-2.38E+01	3.19E+01	bad-chisq
group_8083	2.00E-02	1.53E-01	1.00E+00	8.74E-01	4.97E-01	-7.63E-01	-2.38E+01	3.19E+01	bad-chisq
group_8082	2.00E-02	1.53E-01	1.00E+00	8.74E-01	4.97E-01	-7.63E-01	-2.38E+01	3.19E+01	bad-chisq
group_8081	2.00E-02	1.53E-01	1.00E+00	8.74E-01	4.97E-01	-7.63E-01	-2.38E+01	3.19E+01	bad-chisq
group_8078	2.00E-02	1.53E-01	1.00E+00	8.74E-01	4.97E-01	-7.63E-01	-2.38E+01	3.19E+01	bad-chisq
group_8064	2.00E-02	1.53E-01	1.00E+00	8.74E-01	4.97E-01	-7.63E-01	-2.38E+01	3.19E+01	bad-chisq
group_8057	2.00E-02	1.53E-01	1.00E+00	2.22E+00	5.15E-01	-7.87E-01	-2.41E+01	3.23E+01	bad-chisq
yfdX2	2.00E-02	1.53E-01	1.00E+00	-1.55E+00	4.37E-01	-7.36E-01	-2.42E+01	3.23E+01	bad-chisq
group_8049	2.00E-02	1.53E-01	1.00E+00	-1.55E+00	4.33E-01	-7.41E-01	-2.42E+01	3.24E+01	bad-chisq
group_8048	2.00E-02	1.53E-01	1.00E+00	-1.55E+00	4.37E-01	-7.36E-01	-2.42E+01	3.23E+01	bad-chisq
hdeDGI	2.00E-02	1.53E-01	1.00E+00	-1.55E+00	4.37E-01	-7.36E-01	-2.42E+01	3.23E+01	bad-chisq
group_8045	2.00E-02	1.53E-01	1.00E+00	-1.55E+00	4.37E-01	-7.36E-01	-2.42E+01	3.23E+01	bad-chisq
group_8044	2.00E-02	1.53E-01	1.00E+00	-1.55E+00	4.37E-01	-7.36E-01	-2.42E+01	3.23E+01	bad-chisq
group_8042	2.00E-02	1.53E-01	1.00E+00	-1.55E+00	4.37E-01	-7.36E-01	-2.42E+01	3.23E+01	bad-chisq
group_8041	2.00E-02	1.53E-01	1.00E+00	-1.55E+00	4.37E-01	-7.36E-01	-2.42E+01	3.23E+01	bad-chisq
clpK	2.00E-02	1.53E-01	1.00E+00	-1.55E+00	4.37E-01	-7.36E-01	-2.42E+01	3.23E+01	bad-chisq
group_8035	2.00E-02	1.53E-01	1.00E+00	2.22E+00	5.15E-01	-7.87E-01	-2.41E+01	3.23E+01	bad-chisq
group_8034	2.00E-02	1.53E-01	1.00E+00	2.22E+00	5.15E-01	-7.87E-01	-2.41E+01	3.23E+01	bad-chisq
group_8019	2.00E-02	1.53E-01	2.74E-01	-2.49E+00	4.48E-01	-7.42E-01	-2.46E+01	3.32E+01	bad-chisq
group_7965	2.00E-02	1.53E-01	1.00E+00	-1.21E+00	5.27E-01	-8.03E-01	-2.40E+01	3.24E+01	bad-chisq
group_7961	2.00E-02	1.53E-01	2.74E-01	-2.49E+00	4.48E-01	-7.42E-01	-2.46E+01	3.32E+01	bad-chisq
group_7952	2.00E-02	1.53E-01	2.74E-01	-2.49E+00	4.48E-01	-7.42E-01	-2.46E+01	3.32E+01	bad-chisq
group_7937	2.00E-02	1.53E-01	1.00E+00	-1.21E+00	5.27E-01	-8.03E-01	-2.40E+01	3.24E+01	bad-chisq
group_7924	2.00E-02	1.53E-01	1.00E+00	-1.21E+00	5.27E-01	-8.03E-01	-2.40E+01	3.24E+01	bad-chisq
group_7923	2.00E-02	1.53E-01	2.74E-01	-2.49E+00	4.48E-01	-7.42E-01	-2.46E+01	3.32E+01	bad-chisq
group_7919	2.00E-02	1.53E-01	1.00E+00	-1.21E+00	5.27E-01	-8.03E-01	-2.40E+01	3.24E+01	bad-chisq
group_7890	2.00E-02	1.53E-01	1.00E+00	1.67E+00	5.27E-01	-7.81E-01	-2.40E+01	3.23E+01	bad-chisq
group_7889	2.00E-02	1.53E-01	1.00E+00	1.67E+00	5.27E-01	-7.81E-01	-2.40E+01	3.23E+01	bad-chisq
group_7888	2.00E-02	1.53E-01	1.00E+00	1.67E+00	5.27E-01	-7.81E-01	-2.40E+01	3.23E+01	bad-chisq
group_7887	2.00E-02	1.53E-01	1.00E+00	1.67E+00	5.27E-01	-7.81E-01	-2.40E+01	3.23E+01	bad-chisq
group_7886	2.00E-02	1.53E-01	1.00E+00	1.67E+00	5.27E-01	-7.81E-01	-2.40E+01	3.23E+01	bad-chisq
group_7885	2.00E-02	1.53E-01	1.00E+00	1.67E+00	5.27E-01	-7.81E-01	-2.40E+01	3.23E+01	bad-chisq
group_7883	2.00E-02	1.53E-01	1.00E+00	6.00E-01	5.10E-01	-7.55E-01	-2.38E+01	3.18E+01	bad-chisq
group_7882	2.00E-02	1.53E-01	1.00E+00	6.00E-01	5.10E-01	-7.55E-01	-2.38E+01	3.18E+01	bad-chisq
group_7881	2.00E-02	1.53E-01	1.00E+00	6.00E-01	5.10E-01	-7.55E-01	-2.38E+01	3.18E+01	bad-chisq
group_7880	2.00E-02	1.53E-01	1.00E+00	6.00E-01	5.10E-01	-7.55E-01	-2.38E+01	3.18E+01	bad-chisq
group_7879	2.00E-02	1.53E-01	1.00E+00	6.00E-01	5.10E-01	-7.55E-01	-2.38E+01	3.18E+01	bad-chisq
group_7878	2.00E-02	1.53E-01	1.00E+00	6.00E-01	5.10E-01	-7.55E-01	-2.38E+01	3.18E+01	bad-chisq
group_7877	2.00E-02	1.53E-01	1.00E+00	6.00E-01	5.10E-01	-7.55E-01	-2.38E+01	3.18E+01	bad-chisq
group_7876	2.00E-02	1.53E-01	1.00E+00	6.00E-01	5.10E-01	-7.55E-01	-2.38E+01	3.18E+01	bad-chisq
traX	2.00E-02	1.53E-01	1.00E+00	6.00E-01	5.10E-01	-7.55E-01	-2.38E+01	3.18E+01	bad-chisq
group_7875	2.00E-02	1.53E-01	1.00E+00	6.00E-01	5.10E-01	-7.55E-01	-2.38E+01	3.18E+01	bad-chisq
group_7874	2.00E-02	1.53E-01	1.00E+00	6.00E-01	5.10E-01	-7.55E-01	-2.38E+01	3.18E+01	bad-chisq
group_7873	2.00E-02	1.53E-01	1.00E+00	6.00E-01	5.10E-01	-7.55E-01	-2.38E+01	3.18E+01	bad-chisq
group_7872	2.00E-02	1.53E-01	1.00E+00	6.00E-01	5.10E-01	-7.55E-01	-2.38E+01	3.18E+01	bad-chisq
group_7871	2.00E-02	1.53E-01	1.00E+00	6.00E-01	5.10E-01	-7.55E-01	-2.38E+01	3.18E+01	bad-chisq
group_7870	2.00E-02	1.53E-01	1.00E+00	6.00E-01	5.10E-01	-7.55E-01	-2.38E+01	3.18E+01	bad-chisq
group_7869	2.00E-02	1.53E-01	1.00E+00	6.00E-01	5.10E-01	-7.55E-01	-2.38E+01	3.18E+01	bad-chisq
group_7868	2.00E-02	1.53E-01	1.00E+00	6.00E-01	5.10E-01	-7.55E-01	-2.38E+01	3.18E+01	bad-chisq
group_7867	2.00E-02	1.53E-01	1.00E+00	6.00E-01	5.10E-01	-7.55E-01	-2.38E+01	3.18E+01	bad-chisq
group_7866	2.00E-02	1.53E-01	1.00E+00	6.00E-01	5.10E-01	-7.55E-01	-2.38E+01	3.18E+01	bad-chisq
group_7865	2.00E-02	1.53E-01	1.00E+00	6.00E-01	5.10E-01	-7.55E-01	-2.38E+01	3.18E+01	bad-chisq
group_7864	2.00E-02	1.53E-01	1.00E+00	6.00E-01	5.10E-01	-7.55E-01	-2.38E+01	3.18E+01	bad-chisq
group_7863	2.00E-02	1.53E-01	1.00E+00	6.00E-01	5.10E-01	-7.55E-01	-2.38E+01	3.18E+01	bad-chisq
group_7862	2.00E-02	1.53E-01	1.00E+00	6.00E-01	5.10E-01	-7.55E-01	-2.38E+01	3.18E+01	bad-chisq
group_7861	2.00E-02	1.53E-01	1.00E+00	6.00E-01	5.10E-01	-7.55E-01	-2.38E+01	3.18E+01	bad-chisq
group_7860	2.00E-02	1.53E-01	1.00E+00	6.00E-01	5.10E-01	-7.55E-01	-2.38E+01	3.18E+01	bad-chisq
group_7859	2.00E-02	1.53E-01	1.00E+00	6.00E-01	5.10E-01	-7.55E-01	-2.38E+01	3.18E+01	bad-chisq
group_7858	2.00E-02	1.53E-01	1.00E+00	6.00E-01	5.10E-01	-7.55E-01	-2.38E+01	3.18E+01	bad-chisq
group_7855	2.00E-02	1.53E-01	1.00E+00	6.00E-01	5.10E-01	-7.55E-01	-2.38E+01	3.18E+01	bad-chisq
group_7854	2.00E-02	1.53E-01	1.00E+00	6.00E-01	5.10E-01	-7.55E-01	-2.38E+01	3.18E+01	bad-chisq
group_7853	2.00E-02	1.53E-01	1.00E+00	6.00E-01	5.10E-01	-7.55E-01	-2.38E+01	3.18E+01	bad-chisq
group_7851	2.00E-02	1.53E-01	1.00E+00	6.00E-01	5.10E-01	-7.55E-01	-2.38E+01	3.18E+01	bad-chisq
group_7850	2.00E-02	1.53E-01	1.00E+00	6.00E-01	5.10E-01	-7.55E-01	-2.38E+01	3.18E+01	bad-chisq
group_7849	2.00E-02	1.53E-01	1.00E+00	6.00E-01	5.10E-01	-7.55E-01	-2.38E+01	3.18E+01	bad-chisq
group_7848	2.00E-02	1.53E-01	1.00E+00	6.00E-01	5.10E-01	-7.55E-01	-2.38E+01	3.18E+01	bad-chisq
group_7847	2.00E-02	1.53E-01	1.00E+00	6.00E-01	5.10E-01	-7.55E-01	-2.38E+01	3.18E+01	bad-chisq
group_7845	2.00E-02	1.53E-01	1.00E+00	6.00E-01	5.10E-01	-7.55E-01	-2.38E+01	3.18E+01	bad-chisq
group_7844	2.00E-02	1.53E-01	1.00E+00	6.00E-01	5.10E-01	-7.55E-01	-2.38E+01	3.18E+01	bad-chisq
group_7843	2.00E-02	1.53E-01	1.00E+00	6.00E-01	5.10E-01	-7.55E-01	-2.38E+01	3.18E+01	bad-chisq
group_7841	2.00E-02	1.53E-01	1.00E+00	6.00E-01	5.10E-01	-7.55E-01	-2.38E+01	3.18E+01	bad-chisq
group_7840	2.00E-02	1.53E-01	1.00E+00	6.00E-01	5.10E-01	-7.55E-01	-2.38E+01	3.18E+01	bad-chisq
group_7838	2.00E-02	1.53E-01	1.00E+00	6.00E-01	5.10E-01	-7.55E-01	-2.38E+01	3.18E+01	bad-chisq
group_7837	2.00E-02	1.53E-01	1.00E+00	6.00E-01	5.10E-01	-7.55E-01	-2.38E+01	3.18E+01	bad-chisq
group_7836	2.00E-02	1.53E-01	1.00E+00	6.00E-01	5.10E-01	-7.55E-01	-2.38E+01	3.18E+01	bad-chisq
group_7833	2.00E-02	1.53E-01	1.00E+00	6.00E-01	5.10E-01	-7.55E-01	-2.38E+01	3.18E+01	bad-chisq
group_7831	2.00E-02	1.53E-01	1.00E+00	6.00E-01	5.10E-01	-7.55E-01	-2.38E+01	3.18E+01	bad-chisq
group_7830	2.00E-02	1.53E-01	1.00E+00	6.00E-01	5.10E-01	-7.55E-01	-2.38E+01	3.18E+01	bad-chisq
group_7828	2.00E-02	1.53E-01	1.00E+00	6.00E-01	5.10E-01	-7.55E-01	-2.38E+01	3.18E+01	bad-chisq
group_7827	2.00E-02	1.53E-01	1.00E+00	6.00E-01	5.10E-01	-7.55E-01	-2.38E+01	3.18E+01	bad-chisq
group_7826	2.00E-02	1.53E-01	1.00E+00	6.00E-01	5.10E-01	-7.55E-01	-2.38E+01	3.18E+01	bad-chisq
group_7825	2.00E-02	1.53E-01	1.00E+00	6.00E-01	5.10E-01	-7.55E-01	-2.38E+01	3.18E+01	bad-chisq
group_7822	2.00E-02	1.53E-01	1.00E+00	6.00E-01	5.10E-01	-7.55E-01	-2.38E+01	3.18E+01	bad-chisq
group_7820	2.00E-02	1.53E-01	1.00E+00	6.00E-01	5.10E-01	-7.55E-01	-2.38E+01	3.18E+01	bad-chisq
group_7818	2.00E-02	1.53E-01	1.00E+00	6.00E-01	5.10E-01	-7.55E-01	-2.38E+01	3.18E+01	bad-chisq
group_7815	2.00E-02	1.53E-01	1.00E+00	6.00E-01	5.10E-01	-7.55E-01	-2.38E+01	3.18E+01	bad-chisq
group_7814	2.00E-02	1.53E-01	1.00E+00	6.00E-01	5.10E-01	-7.55E-01	-2.38E+01	3.18E+01	bad-chisq
group_7813	2.00E-02	1.53E-01	1.00E+00	6.00E-01	5.10E-01	-7.55E-01	-2.38E+01	3.18E+01	bad-chisq
group_7812	2.00E-02	1.53E-01	1.00E+00	6.00E-01	5.10E-01	-7.55E-01	-2.38E+01	3.18E+01	bad-chisq
group_7811	2.00E-02	1.53E-01	1.00E+00	6.00E-01	5.10E-01	-7.55E-01	-2.38E+01	3.18E+01	bad-chisq
group_7810	2.00E-02	1.53E-01	1.00E+00	6.00E-01	5.10E-01	-7.55E-01	-2.38E+01	3.18E+01	bad-chisq
group_7809	2.00E-02	1.53E-01	1.00E+00	6.00E-01	5.10E-01	-7.55E-01	-2.38E+01	3.18E+01	bad-chisq
group_7808	2.00E-02	1.53E-01	1.00E+00	6.00E-01	5.10E-01	-7.55E-01	-2.38E+01	3.18E+01	bad-chisq
group_7807	2.00E-02	1.53E-01	1.00E+00	6.00E-01	5.10E-01	-7.55E-01	-2.38E+01	3.18E+01	bad-chisq
group_7671	2.00E-02	1.53E-01	1.00E+00	9.64E-01	4.46E-01	-7.70E-01	-2.39E+01	3.21E+01	bad-chisq
group_7599	2.00E-02	1.53E-01	1.00E+00	6.00E-01	5.10E-01	-7.55E-01	-2.38E+01	3.18E+01	bad-chisq
group_7588	2.00E-02	1.53E-01	1.00E+00	9.60E-01	4.33E-01	-7.74E-01	-2.40E+01	3.22E+01	bad-chisq
group_7536	2.00E-02	1.53E-01	1.00E+00	1.80E+00	4.59E-01	-7.82E-01	-2.40E+01	3.22E+01	bad-chisq
group_7534	2.00E-02	1.53E-01	1.00E+00	9.60E-01	4.33E-01	-7.74E-01	-2.40E+01	3.22E+01	bad-chisq
group_7497	2.00E-02	1.53E-01	3.30E-01	-2.50E+00	4.36E-01	-7.66E-01	-2.48E+01	3.36E+01	bad-chisq
group_7376	2.00E-02	1.53E-01	1.00E+00	-9.89E-01	5.25E-01	-7.98E-01	-2.40E+01	3.23E+01	bad-chisq
group_7354	2.00E-02	1.53E-01	1.00E+00	-1.54E+00	4.42E-01	-7.31E-01	-2.41E+01	3.22E+01	bad-chisq
group_7344	2.00E-02	1.53E-01	1.00E+00	6.00E-01	5.10E-01	-7.55E-01	-2.38E+01	3.18E+01	bad-chisq
group_7261	2.00E-02	1.53E-01	1.00E+00	-1.55E+00	4.37E-01	-7.36E-01	-2.42E+01	3.23E+01	bad-chisq
group_7244	2.00E-02	1.53E-01	1.00E+00	6.56E-01	5.02E-01	-7.57E-01	-2.38E+01	3.19E+01	bad-chisq
group_7118	2.00E-02	1.53E-01	1.00E+00	-8.09E-01	4.33E-01	-7.44E-01	-2.39E+01	3.21E+01	bad-chisq
group_7028	2.00E-02	1.53E-01	1.00E+00	-8.13E-01	4.62E-01	-7.27E-01	-2.37E+01	3.17E+01	bad-chisq
group_7023	2.00E-02	1.53E-01	4.69E-01	-1.69E+00	5.04E-01	-6.90E-01	-2.39E+01	3.18E+01	bad-chisq
group_7020	2.00E-02	1.53E-01	1.00E+00	-1.55E+00	4.33E-01	-7.41E-01	-2.42E+01	3.24E+01	bad-chisq
group_6998	2.00E-02	1.53E-01	1.00E+00	1.53E+00	5.20E-01	-7.78E-01	-2.40E+01	3.22E+01	bad-chisq
group_6980	2.00E-02	1.53E-01	1.00E+00	-1.55E+00	4.37E-01	-7.36E-01	-2.42E+01	3.23E+01	bad-chisq
group_6954	2.00E-02	1.53E-01	1.00E+00	-3.49E-01	4.68E-01	-7.36E-01	-2.37E+01	3.17E+01	bad-chisq
group_6941	2.00E-02	1.53E-01	1.00E+00	4.26E-01	4.94E-01	-7.52E-01	-2.37E+01	3.18E+01	bad-chisq
group_6935	2.00E-02	1.53E-01	1.00E+00	-4.80E-03	4.91E-01	-7.40E-01	-2.36E+01	3.17E+01	bad-chisq
group_6905	2.00E-02	1.53E-01	1.83E-01	-2.43E+00	4.93E-01	-7.71E-01	-2.46E+01	3.42E+01	bad-chisq
group_6897	2.00E-02	1.53E-01	1.00E+00	6.00E-01	5.10E-01	-7.55E-01	-2.38E+01	3.18E+01	bad-chisq
group_6860	2.00E-02	1.53E-01	1.00E+00	-1.54E+00	4.42E-01	-7.31E-01	-2.41E+01	3.22E+01	bad-chisq
group_6858	2.00E-02	1.53E-01	1.00E+00	-1.54E+00	4.42E-01	-7.31E-01	-2.41E+01	3.22E+01	bad-chisq
group_6851	2.00E-02	1.53E-01	1.00E+00	-3.62E-01	4.75E-01	-7.34E-01	-2.37E+01	3.17E+01	bad-chisq
group_6841	2.00E-02	1.53E-01	1.00E+00	8.74E-01	4.97E-01	-7.63E-01	-2.38E+01	3.19E+01	bad-chisq
group_6806	2.00E-02	1.53E-01	1.00E+00	-4.98E-01	5.08E-01	-7.20E-01	-2.36E+01	3.15E+01	bad-chisq
group_6793	2.00E-02	1.53E-01	1.00E+00	9.60E-01	4.33E-01	-7.74E-01	-2.40E+01	3.22E+01	bad-chisq
group_6783	2.00E-02	1.53E-01	1.00E+00	-1.54E+00	4.52E-01	-7.23E-01	-2.40E+01	3.21E+01	bad-chisq
group_6780	2.00E-02	1.53E-01	1.00E+00	1.67E+00	5.27E-01	-7.81E-01	-2.40E+01	3.23E+01	bad-chisq
group_6779	2.00E-02	1.53E-01	1.00E+00	-9.89E-01	5.25E-01	-7.98E-01	-2.40E+01	3.23E+01	bad-chisq
group_6768	2.00E-02	1.53E-01	1.00E+00	2.40E+00	4.75E-01	-7.87E-01	-2.40E+01	3.23E+01	bad-chisq
group_6761	2.00E-02	1.53E-01	1.00E+00	6.62E-02	4.39E-01	-7.56E-01	-2.38E+01	3.20E+01	bad-chisq
group_6754	2.00E-02	1.53E-01	1.00E+00	6.00E-01	5.10E-01	-7.55E-01	-2.38E+01	3.18E+01	bad-chisq
group_6753	2.00E-02	1.53E-01	1.00E+00	6.00E-01	5.10E-01	-7.55E-01	-2.38E+01	3.18E+01	bad-chisq
group_6676	2.00E-02	1.53E-01	1.00E+00	-1.67E-01	5.27E-01	-8.21E-01	-2.39E+01	3.24E+01	bad-chisq
group_6674	2.00E-02	1.53E-01	1.00E+00	-1.67E-01	5.27E-01	-8.21E-01	-2.39E+01	3.24E+01	bad-chisq
group_6672	2.00E-02	1.53E-01	1.00E+00	-1.67E-01	5.27E-01	-8.21E-01	-2.39E+01	3.24E+01	bad-chisq
group_6661	2.00E-02	1.53E-01	1.00E+00	5.06E-01	4.96E-01	-7.54E-01	-2.37E+01	3.18E+01	bad-chisq
group_6659	2.00E-02	1.53E-01	1.00E+00	3.80E-02	5.27E-01	-7.38E-01	-2.36E+01	3.16E+01	bad-chisq
group_6656	2.00E-02	1.53E-01	1.00E+00	3.42E-01	5.27E-01	-7.40E-01	-2.37E+01	3.16E+01	bad-chisq
group_6655	2.00E-02	1.53E-01	1.00E+00	5.06E-01	4.96E-01	-7.54E-01	-2.37E+01	3.18E+01	bad-chisq
group_6635	2.00E-02	1.53E-01	1.00E+00	3.80E-02	5.27E-01	-7.38E-01	-2.36E+01	3.16E+01	bad-chisq
group_6620	2.00E-02	1.53E-01	1.00E+00	-1.67E-01	5.27E-01	-8.21E-01	-2.39E+01	3.24E+01	bad-chisq
group_6600	2.00E-02	1.53E-01	1.00E+00	9.75E-01	4.80E-01	-8.27E-01	-2.40E+01	3.21E+01	bad-chisq
group_6570	2.00E-02	1.53E-01	1.00E+00	1.67E+00	5.27E-01	-7.81E-01	-2.40E+01	3.23E+01	bad-chisq
group_6557	2.00E-02	1.53E-01	1.00E+00	1.67E+00	5.27E-01	-7.81E-01	-2.40E+01	3.23E+01	bad-chisq
group_6543	2.00E-02	1.53E-01	1.00E+00	2.40E+00	4.75E-01	-7.87E-01	-2.40E+01	3.23E+01	bad-chisq
group_6529	2.00E-02	1.53E-01	1.00E+00	1.67E+00	5.27E-01	-7.81E-01	-2.40E+01	3.23E+01	bad-chisq
group_6523	2.00E-02	1.53E-01	1.00E+00	2.40E+00	4.75E-01	-7.87E-01	-2.40E+01	3.23E+01	bad-chisq
group_6503	2.00E-02	1.53E-01	1.83E-01	-2.43E+00	4.93E-01	-7.71E-01	-2.46E+01	3.42E+01	bad-chisq
group_6500	2.00E-02	1.53E-01	1.00E+00	3.80E-02	5.27E-01	-7.38E-01	-2.36E+01	3.16E+01	bad-chisq
group_6490	2.00E-02	1.53E-01	1.00E+00	-1.55E+00	4.37E-01	-7.36E-01	-2.42E+01	3.23E+01	bad-chisq
group_6489	2.00E-02	1.53E-01	1.00E+00	3.80E-02	5.27E-01	-7.38E-01	-2.36E+01	3.16E+01	bad-chisq
group_6482	2.00E-02	1.53E-01	1.00E+00	3.80E-02	5.27E-01	-7.38E-01	-2.36E+01	3.16E+01	bad-chisq
group_6481	2.00E-02	1.53E-01	1.00E+00	1.67E+00	5.27E-01	-7.81E-01	-2.40E+01	3.23E+01	bad-chisq
group_6479	2.00E-02	1.53E-01	1.00E+00	3.42E-01	5.27E-01	-7.40E-01	-2.37E+01	3.16E+01	bad-chisq
group_6472	2.00E-02	1.53E-01	1.00E+00	6.00E-01	5.10E-01	-7.55E-01	-2.38E+01	3.18E+01	bad-chisq
group_6461	2.00E-02	1.00E+00	1.00E+00	1.42E+00	4.53E-01	-7.78E-01	-2.37E+01	3.14E+01	bad-chisq
group_6447	2.00E-02	1.53E-01	1.00E+00	1.35E+00	5.16E-01	-7.75E-01	-2.39E+01	3.21E+01	bad-chisq
group_6444	2.00E-02	1.53E-01	1.00E+00	1.67E+00	5.27E-01	-7.81E-01	-2.40E+01	3.23E+01	bad-chisq
group_6432	2.00E-02	1.53E-01	1.00E+00	6.00E-01	5.10E-01	-7.55E-01	-2.38E+01	3.18E+01	bad-chisq
group_6418	2.00E-02	1.53E-01	1.00E+00	3.80E-02	5.27E-01	-7.38E-01	-2.36E+01	3.16E+01	bad-chisq
group_6415	2.00E-02	1.53E-01	1.00E+00	1.67E+00	5.27E-01	-7.81E-01	-2.40E+01	3.23E+01	bad-chisq
group_6414	2.00E-02	1.53E-01	1.00E+00	1.67E+00	5.27E-01	-7.81E-01	-2.40E+01	3.23E+01	bad-chisq
group_6410	2.00E-02	1.53E-01	6.66E-01	1.43E+00	5.27E-01	-8.27E-01	-2.41E+01	3.16E+01	bad-chisq
group_6407	2.00E-02	1.53E-01	1.00E+00	3.80E-02	5.27E-01	-7.38E-01	-2.36E+01	3.16E+01	bad-chisq
group_6405	2.00E-02	1.53E-01	1.00E+00	-4.80E-03	4.91E-01	-7.40E-01	-2.36E+01	3.17E+01	bad-chisq
group_6398	2.00E-02	1.53E-01	6.15E-02	-3.48E+00	4.58E-01	-7.02E-01	-2.53E+01	3.34E+01	bad-chisq
group_6396	2.00E-02	1.53E-01	1.00E+00	-1.67E-01	5.27E-01	-8.21E-01	-2.39E+01	3.24E+01	bad-chisq
group_6389	2.00E-02	1.53E-01	3.23E-01	-2.50E+00	4.37E-01	-7.63E-01	-2.48E+01	3.35E+01	bad-chisq
group_6376	2.00E-02	1.53E-01	1.00E+00	1.67E+00	5.27E-01	-7.81E-01	-2.40E+01	3.23E+01	bad-chisq
group_6369	2.00E-02	1.53E-01	1.01E-01	-3.53E+00	4.39E-01	-6.99E-01	-2.53E+01	3.29E+01	bad-chisq
group_6368	2.00E-02	1.53E-01	1.83E-01	-2.43E+00	4.93E-01	-7.71E-01	-2.46E+01	3.42E+01	bad-chisq
group_6362	2.00E-02	1.53E-01	1.00E+00	3.80E-02	5.27E-01	-7.38E-01	-2.36E+01	3.16E+01	bad-chisq
group_6352	2.00E-02	1.53E-01	1.83E-01	-2.43E+00	4.93E-01	-7.71E-01	-2.46E+01	3.42E+01	bad-chisq
group_6350	2.00E-02	1.53E-01	1.00E+00	3.80E-02	5.27E-01	-7.38E-01	-2.36E+01	3.16E+01	bad-chisq
group_6346	2.00E-02	1.53E-01	1.00E+00	1.67E+00	5.27E-01	-7.81E-01	-2.40E+01	3.23E+01	bad-chisq
group_6326	2.00E-02	1.53E-01	1.00E+00	1.67E+00	5.27E-01	-7.81E-01	-2.40E+01	3.23E+01	bad-chisq
group_6312	2.00E-02	1.53E-01	1.00E+00	8.74E-01	4.97E-01	-7.63E-01	-2.38E+01	3.19E+01	bad-chisq
group_6310	2.00E-02	1.53E-01	1.00E+00	3.80E-02	5.27E-01	-7.38E-01	-2.36E+01	3.16E+01	bad-chisq
group_6309	2.00E-02	1.53E-01	1.00E+00	3.80E-02	5.27E-01	-7.38E-01	-2.36E+01	3.16E+01	bad-chisq
group_6297	2.00E-02	1.53E-01	1.00E+00	3.80E-02	5.27E-01	-7.38E-01	-2.36E+01	3.16E+01	bad-chisq
group_6294	2.00E-02	1.53E-01	1.00E+00	1.67E+00	5.27E-01	-7.81E-01	-2.40E+01	3.23E+01	bad-chisq
group_6293	2.00E-02	1.53E-01	1.00E+00	1.67E+00	5.27E-01	-7.81E-01	-2.40E+01	3.23E+01	bad-chisq
group_6286	2.00E-02	1.53E-01	1.83E-01	-2.43E+00	4.93E-01	-7.71E-01	-2.46E+01	3.42E+01	bad-chisq
group_6280	2.00E-02	1.53E-01	4.45E-02	-3.84E+00	4.55E-01	-8.51E-01	-2.59E+01	3.67E+01	bad-chisq
group_6277	2.00E-02	1.53E-01	1.00E+00	-1.55E+00	4.37E-01	-7.36E-01	-2.42E+01	3.23E+01	bad-chisq
group_6259	2.00E-02	1.53E-01	1.00E+00	1.67E+00	5.27E-01	-7.81E-01	-2.40E+01	3.23E+01	bad-chisq
group_6241	2.00E-02	1.53E-01	1.83E-01	-2.43E+00	4.93E-01	-7.71E-01	-2.46E+01	3.42E+01	bad-chisq
group_6235	2.00E-02	1.53E-01	1.00E+00	-1.55E+00	4.37E-01	-7.36E-01	-2.42E+01	3.23E+01	bad-chisq
group_6232	2.00E-02	1.53E-01	1.00E+00	6.00E-01	5.10E-01	-7.55E-01	-2.38E+01	3.18E+01	bad-chisq
group_6222	2.00E-02	1.53E-01	1.00E+00	-1.55E+00	4.33E-01	-7.41E-01	-2.42E+01	3.24E+01	bad-chisq
group_6220	2.00E-02	1.53E-01	1.00E+00	3.80E-02	5.27E-01	-7.38E-01	-2.36E+01	3.16E+01	bad-chisq
group_6212	2.00E-02	1.53E-01	1.00E+00	1.67E+00	5.27E-01	-7.81E-01	-2.40E+01	3.23E+01	bad-chisq
group_6193	2.00E-02	1.53E-01	1.00E+00	1.67E+00	5.27E-01	-7.81E-01	-2.40E+01	3.23E+01	bad-chisq
group_6192	2.00E-02	1.53E-01	1.00E+00	1.67E+00	5.27E-01	-7.81E-01	-2.40E+01	3.23E+01	bad-chisq
group_6178	2.00E-02	1.00E+00	1.00E+00	1.36E+00	5.51E-01	-8.13E-01	-2.42E+01	3.22E+01	bad-chisq
group_6162	2.00E-02	1.53E-01	1.00E+00	6.10E-01	5.27E-01	-7.55E-01	-2.38E+01	3.18E+01	bad-chisq
group_6145	2.00E-02	1.53E-01	1.00E+00	-8.58E-01	5.25E-01	-8.06E-01	-2.40E+01	3.24E+01	bad-chisq
group_6144	2.00E-02	1.53E-01	1.00E+00	3.42E-01	5.27E-01	-7.40E-01	-2.37E+01	3.16E+01	bad-chisq
group_6134	2.00E-02	1.53E-01	1.00E+00	3.80E-02	5.27E-01	-7.38E-01	-2.36E+01	3.16E+01	bad-chisq
group_6133	2.00E-02	1.53E-01	1.00E+00	3.80E-02	5.27E-01	-7.38E-01	-2.36E+01	3.16E+01	bad-chisq
group_6132	2.00E-02	1.00E+00	1.00E+00	1.51E-01	3.87E-01	-7.44E-01	-2.33E+01	3.11E+01	bad-chisq
group_6131	2.00E-02	1.53E-01	1.00E+00	1.35E+00	5.16E-01	-7.75E-01	-2.39E+01	3.21E+01	bad-chisq
group_6130	2.00E-02	1.53E-01	4.45E-02	-3.84E+00	4.55E-01	-8.51E-01	-2.59E+01	3.67E+01	bad-chisq
group_6117	2.00E-02	1.53E-01	1.83E-01	-2.43E+00	4.93E-01	-7.71E-01	-2.46E+01	3.42E+01	bad-chisq
group_6109	2.00E-02	1.53E-01	3.15E-01	-2.50E+00	4.39E-01	-7.58E-01	-2.48E+01	3.34E+01	bad-chisq
group_6107	2.00E-02	1.53E-01	1.00E+00	1.67E+00	5.27E-01	-7.81E-01	-2.40E+01	3.23E+01	bad-chisq
group_6100	2.00E-02	1.53E-01	1.00E+00	-9.89E-01	5.25E-01	-7.98E-01	-2.40E+01	3.23E+01	bad-chisq
group_6075	2.00E-02	1.53E-01	1.00E+00	-1.55E+00	4.37E-01	-7.36E-01	-2.42E+01	3.23E+01	bad-chisq
group_6074	2.00E-02	1.53E-01	1.00E+00	1.67E+00	5.27E-01	-7.81E-01	-2.40E+01	3.23E+01	bad-chisq
group_6073	2.00E-02	1.53E-01	1.00E+00	1.67E+00	5.27E-01	-7.81E-01	-2.40E+01	3.23E+01	bad-chisq
group_6066	2.00E-02	1.53E-01	1.00E+00	3.80E-02	5.27E-01	-7.38E-01	-2.36E+01	3.16E+01	bad-chisq
group_6065	2.00E-02	1.53E-01	1.00E+00	3.80E-02	5.27E-01	-7.38E-01	-2.36E+01	3.16E+01	bad-chisq
group_6062	2.00E-02	1.53E-01	1.00E+00	1.67E+00	5.27E-01	-7.81E-01	-2.40E+01	3.23E+01	bad-chisq
group_6056	2.00E-02	1.53E-01	1.00E+00	2.77E+00	5.27E-01	-7.93E-01	-2.41E+01	3.25E+01	bad-chisq
group_6054	2.00E-02	1.53E-01	1.00E+00	1.67E+00	5.27E-01	-7.81E-01	-2.40E+01	3.23E+01	bad-chisq
group_6052	2.00E-02	1.00E+00	1.00E+00	-1.21E+00	5.46E-01	-7.49E-01	-2.39E+01	3.21E+01	bad-chisq
group_6043	2.00E-02	1.00E+00	1.00E+00	1.36E+00	5.51E-01	-8.13E-01	-2.42E+01	3.22E+01	bad-chisq
group_6041	2.00E-02	1.53E-01	1.00E+00	1.67E+00	5.27E-01	-7.81E-01	-2.40E+01	3.23E+01	bad-chisq
group_6036	2.00E-02	1.53E-01	1.00E+00	-9.89E-01	5.25E-01	-7.98E-01	-2.40E+01	3.23E+01	bad-chisq
group_6033	2.00E-02	1.53E-01	1.00E+00	-1.67E-01	5.27E-01	-8.21E-01	-2.39E+01	3.24E+01	bad-chisq
group_6031	2.00E-02	1.53E-01	1.83E-01	-2.43E+00	4.93E-01	-7.71E-01	-2.46E+01	3.42E+01	bad-chisq
group_6030	2.00E-02	1.53E-01	1.00E+00	6.10E-01	5.27E-01	-7.55E-01	-2.38E+01	3.18E+01	bad-chisq
group_6010	2.00E-02	1.53E-01	1.00E+00	1.67E+00	5.27E-01	-7.81E-01	-2.40E+01	3.23E+01	bad-chisq
group_5970	2.00E-02	1.53E-01	1.00E+00	3.80E-02	5.27E-01	-7.38E-01	-2.36E+01	3.16E+01	bad-chisq
group_5963	2.00E-02	1.53E-01	1.16E-01	-3.53E+00	4.34E-01	-7.28E-01	-2.56E+01	3.34E+01	bad-chisq
group_5959	2.00E-02	1.53E-01	1.00E+00	3.42E-01	5.27E-01	-7.40E-01	-2.37E+01	3.16E+01	bad-chisq
group_5951	2.00E-02	1.53E-01	1.00E+00	1.67E+00	5.27E-01	-7.81E-01	-2.40E+01	3.23E+01	bad-chisq
group_5942	2.00E-02	1.00E+00	7.40E-02	3.65E+00	7.02E-01	-1.11E+00	-2.78E+01	3.84E+01	bad-chisq
group_5940	2.00E-02	1.53E-01	1.00E+00	6.10E-01	5.27E-01	-7.55E-01	-2.38E+01	3.18E+01	bad-chisq
group_5919	2.00E-02	1.53E-01	1.00E+00	1.67E+00	5.27E-01	-7.81E-01	-2.40E+01	3.23E+01	bad-chisq
group_5918	2.00E-02	1.53E-01	1.00E+00	3.88E-01	5.02E-01	-7.50E-01	-2.37E+01	3.18E+01	bad-chisq
group_5904	2.00E-02	1.53E-01	1.00E+00	1.67E+00	5.27E-01	-7.81E-01	-2.40E+01	3.23E+01	bad-chisq
group_5903	2.00E-02	1.53E-01	1.00E+00	1.67E+00	5.27E-01	-7.81E-01	-2.40E+01	3.23E+01	bad-chisq
group_5879	2.00E-02	1.53E-01	1.00E+00	-1.67E-01	5.27E-01	-8.21E-01	-2.39E+01	3.24E+01	bad-chisq
group_5870	2.00E-02	1.53E-01	1.00E+00	6.64E-02	4.51E-01	-7.51E-01	-2.38E+01	3.19E+01	bad-chisq
group_5865	2.00E-02	1.00E+00	1.00E+00	9.87E-01	4.33E-01	-8.19E-01	-2.42E+01	3.22E+01	bad-chisq
group_5861	2.00E-02	1.53E-01	1.00E+00	-1.67E-01	5.27E-01	-8.21E-01	-2.39E+01	3.24E+01	bad-chisq
group_5859	2.00E-02	1.53E-01	1.00E+00	2.40E+00	4.75E-01	-7.87E-01	-2.40E+01	3.23E+01	bad-chisq
group_5858	2.00E-02	1.53E-01	6.66E-01	1.43E+00	5.27E-01	-8.27E-01	-2.41E+01	3.16E+01	bad-chisq
prtN	2.00E-02	1.53E-01	1.83E-01	-2.43E+00	4.93E-01	-7.71E-01	-2.46E+01	3.42E+01	bad-chisq
group_5849	2.00E-02	1.53E-01	1.00E+00	3.80E-02	5.27E-01	-7.38E-01	-2.36E+01	3.16E+01	bad-chisq
group_5848	2.00E-02	1.00E+00	1.00E+00	1.51E-01	3.87E-01	-7.44E-01	-2.33E+01	3.11E+01	bad-chisq
group_5841	2.00E-02	1.53E-01	1.00E+00	1.67E+00	5.27E-01	-7.81E-01	-2.40E+01	3.23E+01	bad-chisq
group_5840	2.00E-02	1.53E-01	1.00E+00	1.67E+00	5.27E-01	-7.81E-01	-2.40E+01	3.23E+01	bad-chisq
group_5832	2.00E-02	1.53E-01	1.00E+00	6.10E-01	5.27E-01	-7.55E-01	-2.38E+01	3.18E+01	bad-chisq
group_5826	2.00E-02	1.53E-01	1.00E+00	6.56E-01	5.02E-01	-7.57E-01	-2.38E+01	3.19E+01	bad-chisq
group_5821	2.00E-02	1.53E-01	1.00E+00	1.67E+00	5.27E-01	-7.81E-01	-2.40E+01	3.23E+01	bad-chisq
group_5820	2.00E-02	1.53E-01	1.00E+00	6.00E-01	5.10E-01	-7.55E-01	-2.38E+01	3.18E+01	bad-chisq
group_5810	2.00E-02	1.53E-01	1.00E+00	1.67E+00	5.27E-01	-7.81E-01	-2.40E+01	3.23E+01	bad-chisq
group_5800	2.00E-02	1.53E-01	1.00E+00	3.80E-02	5.27E-01	-7.38E-01	-2.36E+01	3.16E+01	bad-chisq
group_5792	2.00E-02	1.53E-01	1.00E+00	1.67E+00	5.27E-01	-7.81E-01	-2.40E+01	3.23E+01	bad-chisq
group_5788	2.00E-02	1.53E-01	1.00E+00	3.42E-01	5.27E-01	-7.40E-01	-2.37E+01	3.16E+01	bad-chisq
group_5787	2.00E-02	1.53E-01	1.00E+00	6.10E-01	5.27E-01	-7.55E-01	-2.38E+01	3.18E+01	bad-chisq
group_5775	2.00E-02	1.53E-01	1.00E+00	-1.67E-01	5.27E-01	-8.21E-01	-2.39E+01	3.24E+01	bad-chisq
group_5769	2.00E-02	1.53E-01	1.00E+00	1.67E+00	5.27E-01	-7.81E-01	-2.40E+01	3.23E+01	bad-chisq
group_5765	2.00E-02	1.53E-01	1.00E+00	-5.66E-01	5.16E-01	-7.17E-01	-2.35E+01	3.15E+01	bad-chisq
group_5761	2.00E-02	1.53E-01	1.00E+00	3.80E-02	5.27E-01	-7.38E-01	-2.36E+01	3.16E+01	bad-chisq
group_5743	2.00E-02	1.53E-01	1.00E+00	9.64E-01	4.46E-01	-7.70E-01	-2.39E+01	3.21E+01	bad-chisq
group_5738	2.00E-02	1.00E+00	1.00E+00	-1.21E+00	5.46E-01	-7.49E-01	-2.39E+01	3.21E+01	bad-chisq
group_5731	2.00E-02	1.53E-01	1.00E+00	2.40E+00	4.75E-01	-7.87E-01	-2.40E+01	3.23E+01	bad-chisq
group_5727	2.00E-02	1.53E-01	1.00E+00	3.80E-02	5.27E-01	-7.38E-01	-2.36E+01	3.16E+01	bad-chisq
group_5716	2.00E-02	1.53E-01	1.00E+00	-1.67E-01	5.27E-01	-8.21E-01	-2.39E+01	3.24E+01	bad-chisq
group_5714	2.00E-02	1.53E-01	1.00E+00	1.67E+00	5.27E-01	-7.81E-01	-2.40E+01	3.23E+01	bad-chisq
group_5699	2.00E-02	1.53E-01	1.00E+00	-1.67E-01	5.27E-01	-8.21E-01	-2.39E+01	3.24E+01	bad-chisq
group_5697	2.00E-02	1.53E-01	1.83E-01	-2.43E+00	4.93E-01	-7.71E-01	-2.46E+01	3.42E+01	bad-chisq
sugE	2.00E-02	1.53E-01	1.00E+00	6.10E-01	5.27E-01	-7.55E-01	-2.38E+01	3.18E+01	bad-chisq
group_5683	2.00E-02	1.53E-01	1.00E+00	6.10E-01	5.27E-01	-7.55E-01	-2.38E+01	3.18E+01	bad-chisq
group_5678	2.00E-02	1.53E-01	1.00E+00	3.80E-02	5.27E-01	-7.38E-01	-2.36E+01	3.16E+01	bad-chisq
group_5675	2.00E-02	1.53E-01	1.00E+00	1.67E+00	5.27E-01	-7.81E-01	-2.40E+01	3.23E+01	bad-chisq
group_5674	2.00E-02	1.53E-01	1.00E+00	1.67E+00	5.27E-01	-7.81E-01	-2.40E+01	3.23E+01	bad-chisq
group_5665	2.00E-02	1.53E-01	1.83E-01	-2.43E+00	4.93E-01	-7.71E-01	-2.46E+01	3.42E+01	bad-chisq
group_5662	2.00E-02	1.53E-01	1.00E+00	3.80E-02	5.27E-01	-7.38E-01	-2.36E+01	3.16E+01	bad-chisq
group_5658	2.00E-02	1.53E-01	1.00E+00	1.67E+00	5.27E-01	-7.81E-01	-2.40E+01	3.23E+01	bad-chisq
group_5650	2.00E-02	1.53E-01	1.00E+00	3.80E-02	5.27E-01	-7.38E-01	-2.36E+01	3.16E+01	bad-chisq
group_5649	2.00E-02	1.53E-01	4.45E-02	-3.84E+00	4.55E-01	-8.51E-01	-2.59E+01	3.67E+01	bad-chisq
group_5647	2.00E-02	1.53E-01	1.00E+00	1.67E+00	5.27E-01	-7.81E-01	-2.40E+01	3.23E+01	bad-chisq
group_5640	2.00E-02	1.53E-01	1.83E-01	-2.43E+00	4.93E-01	-7.71E-01	-2.46E+01	3.42E+01	bad-chisq
group_5637	2.00E-02	1.53E-01	1.00E+00	6.10E-01	5.27E-01	-7.55E-01	-2.38E+01	3.18E+01	bad-chisq
group_5627	2.00E-02	1.53E-01	1.00E+00	6.00E-01	5.10E-01	-7.55E-01	-2.38E+01	3.18E+01	bad-chisq
group_5617	2.00E-02	1.53E-01	1.83E-01	-2.43E+00	4.93E-01	-7.71E-01	-2.46E+01	3.42E+01	bad-chisq
group_5612	2.00E-02	1.53E-01	1.00E+00	1.67E+00	5.27E-01	-7.81E-01	-2.40E+01	3.23E+01	bad-chisq
group_5611	2.00E-02	1.53E-01	1.00E+00	1.67E+00	5.27E-01	-7.81E-01	-2.40E+01	3.23E+01	bad-chisq
group_5598	2.00E-02	1.53E-01	1.00E+00	-8.71E-01	4.86E-01	-7.38E-01	-2.37E+01	3.20E+01	bad-chisq
group_5579	2.00E-02	1.53E-01	1.00E+00	3.80E-02	5.27E-01	-7.38E-01	-2.36E+01	3.16E+01	bad-chisq
group_5565	2.00E-02	1.53E-01	1.00E+00	3.80E-02	5.27E-01	-7.38E-01	-2.36E+01	3.16E+01	bad-chisq
group_5562	2.00E-02	1.53E-01	1.00E+00	1.67E+00	5.27E-01	-7.81E-01	-2.40E+01	3.23E+01	bad-chisq
group_5553	2.00E-02	1.53E-01	1.00E+00	-9.89E-01	5.25E-01	-7.98E-01	-2.40E+01	3.23E+01	bad-chisq
group_5546	2.00E-02	1.53E-01	1.00E+00	1.67E+00	5.27E-01	-7.81E-01	-2.40E+01	3.23E+01	bad-chisq
group_5536	2.00E-02	1.53E-01	1.00E+00	6.00E-01	5.10E-01	-7.55E-01	-2.38E+01	3.18E+01	bad-chisq
group_5515	2.00E-02	1.53E-01	1.00E+00	1.67E+00	5.27E-01	-7.81E-01	-2.40E+01	3.23E+01	bad-chisq
group_5510	2.00E-02	1.53E-01	1.00E+00	2.40E+00	4.75E-01	-7.87E-01	-2.40E+01	3.23E+01	bad-chisq
group_5495	2.00E-02	1.53E-01	1.00E+00	3.42E-01	5.27E-01	-7.40E-01	-2.37E+01	3.16E+01	bad-chisq
group_5483	2.00E-02	1.53E-01	1.00E+00	6.10E-01	5.27E-01	-7.55E-01	-2.38E+01	3.18E+01	bad-chisq
group_5482	2.00E-02	1.53E-01	1.00E+00	3.80E-02	5.27E-01	-7.38E-01	-2.36E+01	3.16E+01	bad-chisq
group_5443	2.00E-02	1.53E-01	1.00E+00	6.10E-01	5.27E-01	-7.55E-01	-2.38E+01	3.18E+01	bad-chisq
group_5442	2.00E-02	1.53E-01	1.00E+00	6.10E-01	5.27E-01	-7.55E-01	-2.38E+01	3.18E+01	bad-chisq
group_5424	2.00E-02	1.53E-01	1.00E+00	1.67E+00	5.27E-01	-7.81E-01	-2.40E+01	3.23E+01	bad-chisq
group_5419	2.00E-02	1.53E-01	1.00E+00	6.10E-01	5.27E-01	-7.55E-01	-2.38E+01	3.18E+01	bad-chisq
group_5417	2.00E-02	1.53E-01	1.00E+00	3.80E-02	5.27E-01	-7.38E-01	-2.36E+01	3.16E+01	bad-chisq
group_5414	2.00E-02	1.53E-01	1.00E+00	1.67E+00	5.27E-01	-7.81E-01	-2.40E+01	3.23E+01	bad-chisq
group_5413	2.00E-02	1.53E-01	1.00E+00	1.67E+00	5.27E-01	-7.81E-01	-2.40E+01	3.23E+01	bad-chisq
group_5400	2.00E-02	1.53E-01	1.00E+00	3.42E-01	5.27E-01	-7.40E-01	-2.37E+01	3.16E+01	bad-chisq
group_5386	2.00E-02	1.53E-01	1.00E+00	1.67E+00	5.27E-01	-7.81E-01	-2.40E+01	3.23E+01	bad-chisq
group_5366	2.00E-02	1.53E-01	1.00E+00	3.42E-01	5.27E-01	-7.40E-01	-2.37E+01	3.16E+01	bad-chisq
group_5351	2.00E-02	1.53E-01	1.00E+00	-1.67E-01	5.27E-01	-8.21E-01	-2.39E+01	3.24E+01	bad-chisq
group_5335	2.00E-02	1.53E-01	1.00E+00	-3.62E-01	4.75E-01	-7.34E-01	-2.37E+01	3.17E+01	bad-chisq
group_5329	2.00E-02	1.53E-01	1.00E+00	3.80E-02	5.27E-01	-7.38E-01	-2.36E+01	3.16E+01	bad-chisq
group_5314	2.00E-02	1.53E-01	4.69E-01	-1.69E+00	5.04E-01	-6.90E-01	-2.39E+01	3.18E+01	bad-chisq
group_5301	2.00E-02	1.53E-01	1.00E+00	3.80E-02	5.27E-01	-7.38E-01	-2.36E+01	3.16E+01	bad-chisq
group_5288	2.00E-02	1.53E-01	1.00E+00	6.10E-01	5.27E-01	-7.55E-01	-2.38E+01	3.18E+01	bad-chisq
group_5280	2.00E-02	1.53E-01	4.45E-02	-3.84E+00	4.55E-01	-8.51E-01	-2.59E+01	3.67E+01	bad-chisq
group_5271	2.00E-02	1.53E-01	1.00E+00	-1.67E-01	5.27E-01	-8.21E-01	-2.39E+01	3.24E+01	bad-chisq
group_5242	2.00E-02	1.53E-01	1.00E+00	3.80E-02	5.27E-01	-7.38E-01	-2.36E+01	3.16E+01	bad-chisq
group_5224	2.00E-02	1.53E-01	1.00E+00	1.67E+00	5.27E-01	-7.81E-01	-2.40E+01	3.23E+01	bad-chisq
group_5200	2.00E-02	1.53E-01	1.00E+00	-1.55E+00	4.64E-01	-7.11E-01	-2.39E+01	3.19E+01	bad-chisq
group_5199	2.00E-02	1.53E-01	1.00E+00	1.35E+00	5.16E-01	-7.75E-01	-2.39E+01	3.21E+01	bad-chisq
group_5195	2.00E-02	1.53E-01	1.00E+00	1.67E+00	5.27E-01	-7.81E-01	-2.40E+01	3.23E+01	bad-chisq
group_5189	2.00E-02	1.53E-01	1.00E+00	6.10E-01	5.27E-01	-7.55E-01	-2.38E+01	3.18E+01	bad-chisq
group_5185	2.00E-02	1.53E-01	1.00E+00	1.67E+00	5.27E-01	-7.81E-01	-2.40E+01	3.23E+01	bad-chisq
group_5183	2.00E-02	1.53E-01	1.00E+00	6.00E-01	5.10E-01	-7.55E-01	-2.38E+01	3.18E+01	bad-chisq
group_5182	2.00E-02	1.53E-01	1.00E+00	6.00E-01	5.10E-01	-7.55E-01	-2.38E+01	3.18E+01	bad-chisq
group_5171	2.00E-02	1.53E-01	1.00E+00	3.80E-02	5.27E-01	-7.38E-01	-2.36E+01	3.16E+01	bad-chisq
group_5170	2.00E-02	1.53E-01	1.00E+00	3.80E-02	5.27E-01	-7.38E-01	-2.36E+01	3.16E+01	bad-chisq
group_5165	2.00E-02	1.53E-01	1.00E+00	6.00E-01	5.10E-01	-7.55E-01	-2.38E+01	3.18E+01	bad-chisq
group_5158	2.00E-02	1.53E-01	4.45E-02	-3.84E+00	4.55E-01	-8.51E-01	-2.59E+01	3.67E+01	bad-chisq
group_5154	2.00E-02	1.53E-01	1.00E+00	1.67E+00	5.27E-01	-7.81E-01	-2.40E+01	3.23E+01	bad-chisq
group_5144	2.00E-02	1.53E-01	1.00E+00	6.00E-01	5.10E-01	-7.55E-01	-2.38E+01	3.18E+01	bad-chisq
group_5131	2.00E-02	1.53E-01	1.00E+00	1.35E+00	5.16E-01	-7.75E-01	-2.39E+01	3.21E+01	bad-chisq
group_5129	2.00E-02	1.53E-01	1.00E+00	6.64E-02	4.51E-01	-7.51E-01	-2.38E+01	3.19E+01	bad-chisq
group_5128	2.00E-02	1.53E-01	1.00E+00	1.67E+00	5.27E-01	-7.81E-01	-2.40E+01	3.23E+01	bad-chisq
group_5127	2.00E-02	1.53E-01	1.00E+00	-3.62E-01	4.75E-01	-7.34E-01	-2.37E+01	3.17E+01	bad-chisq
group_5113	2.00E-02	1.53E-01	1.00E+00	3.80E-02	5.27E-01	-7.38E-01	-2.36E+01	3.16E+01	bad-chisq
group_5099	2.00E-02	1.53E-01	1.00E+00	3.80E-02	5.27E-01	-7.38E-01	-2.36E+01	3.16E+01	bad-chisq
group_5091	2.00E-02	1.53E-01	1.00E+00	1.67E+00	5.27E-01	-7.81E-01	-2.40E+01	3.23E+01	bad-chisq
group_5077	2.00E-02	1.53E-01	1.00E+00	9.64E-01	4.46E-01	-7.70E-01	-2.39E+01	3.21E+01	bad-chisq
group_5076	2.00E-02	1.53E-01	1.00E+00	1.35E+00	5.16E-01	-7.75E-01	-2.39E+01	3.21E+01	bad-chisq
group_5072	2.00E-02	1.53E-01	1.00E+00	6.00E-01	5.10E-01	-7.55E-01	-2.38E+01	3.18E+01	bad-chisq
group_5065	2.00E-02	1.53E-01	1.83E-01	-2.43E+00	4.93E-01	-7.71E-01	-2.46E+01	3.42E+01	bad-chisq
group_5064	2.00E-02	1.53E-01	1.00E+00	2.40E+00	4.75E-01	-7.87E-01	-2.40E+01	3.23E+01	bad-chisq
group_5050	2.00E-02	1.53E-01	1.00E+00	1.35E+00	5.16E-01	-7.75E-01	-2.39E+01	3.21E+01	bad-chisq
group_5040	2.00E-02	1.53E-01	1.00E+00	1.53E+00	5.20E-01	-7.78E-01	-2.40E+01	3.22E+01	bad-chisq
group_5031	2.00E-02	1.53E-01	1.00E+00	1.67E+00	5.27E-01	-7.81E-01	-2.40E+01	3.23E+01	bad-chisq
group_5023	2.00E-02	1.53E-01	1.00E+00	6.10E-01	5.27E-01	-7.55E-01	-2.38E+01	3.18E+01	bad-chisq
group_5022	2.00E-02	1.53E-01	1.00E+00	6.10E-01	5.27E-01	-7.55E-01	-2.38E+01	3.18E+01	bad-chisq
group_5017	2.00E-02	1.53E-01	1.00E+00	1.35E+00	5.16E-01	-7.75E-01	-2.39E+01	3.21E+01	bad-chisq
group_5013	2.00E-02	1.53E-01	1.00E+00	1.67E+00	5.27E-01	-7.81E-01	-2.40E+01	3.23E+01	bad-chisq
group_5007	2.00E-02	1.53E-01	6.66E-01	1.43E+00	5.27E-01	-8.27E-01	-2.41E+01	3.16E+01	bad-chisq
group_5002	2.00E-02	1.53E-01	1.00E+00	1.67E+00	5.27E-01	-7.81E-01	-2.40E+01	3.23E+01	bad-chisq
group_4979	2.00E-02	1.53E-01	1.00E+00	2.40E+00	4.75E-01	-7.87E-01	-2.40E+01	3.23E+01	bad-chisq
group_4966	2.00E-02	1.53E-01	1.00E+00	6.10E-01	5.27E-01	-7.55E-01	-2.38E+01	3.18E+01	bad-chisq
group_4959	2.00E-02	1.53E-01	1.00E+00	1.67E+00	5.27E-01	-7.81E-01	-2.40E+01	3.23E+01	bad-chisq
group_4950	2.00E-02	1.53E-01	1.00E+00	2.40E+00	4.75E-01	-7.87E-01	-2.40E+01	3.23E+01	bad-chisq
group_4943	2.00E-02	1.53E-01	1.00E+00	6.56E-01	5.02E-01	-7.57E-01	-2.38E+01	3.19E+01	bad-chisq
group_4937	2.00E-02	1.53E-01	1.00E+00	6.00E-01	5.10E-01	-7.55E-01	-2.38E+01	3.18E+01	bad-chisq
group_4915	2.00E-02	1.53E-01	5.79E-01	-1.49E+00	5.26E-01	-7.37E-01	-2.38E+01	3.27E+01	bad-chisq
group_4913	2.00E-02	1.53E-01	1.00E+00	6.10E-01	5.27E-01	-7.55E-01	-2.38E+01	3.18E+01	bad-chisq
group_4901	2.00E-02	1.53E-01	1.00E+00	1.35E+00	5.16E-01	-7.75E-01	-2.39E+01	3.21E+01	bad-chisq
group_4899	2.00E-02	1.53E-01	1.00E+00	1.67E+00	5.27E-01	-7.81E-01	-2.40E+01	3.23E+01	bad-chisq
group_4887	2.00E-02	1.53E-01	1.00E+00	6.00E-01	5.10E-01	-7.55E-01	-2.38E+01	3.18E+01	bad-chisq
group_4878	2.00E-02	1.53E-01	1.00E+00	3.80E-02	5.27E-01	-7.38E-01	-2.36E+01	3.16E+01	bad-chisq
group_4867	2.00E-02	1.53E-01	1.00E+00	6.00E-01	5.10E-01	-7.55E-01	-2.38E+01	3.18E+01	bad-chisq
group_4861	2.00E-02	1.53E-01	1.00E+00	-1.67E-01	5.27E-01	-8.21E-01	-2.39E+01	3.24E+01	bad-chisq
group_4856	2.00E-02	1.53E-01	1.00E+00	-1.55E+00	4.64E-01	-7.11E-01	-2.39E+01	3.19E+01	bad-chisq
group_4852	2.00E-02	1.53E-01	1.00E+00	1.67E+00	5.27E-01	-7.81E-01	-2.40E+01	3.23E+01	bad-chisq
group_4834	2.00E-02	1.53E-01	1.00E+00	9.64E-01	4.46E-01	-7.70E-01	-2.39E+01	3.21E+01	bad-chisq
group_4831	2.00E-02	1.53E-01	1.00E+00	1.67E+00	5.27E-01	-7.81E-01	-2.40E+01	3.23E+01	bad-chisq
group_4829	2.00E-02	1.53E-01	1.00E+00	3.80E-02	5.27E-01	-7.38E-01	-2.36E+01	3.16E+01	bad-chisq
group_4827	2.00E-02	1.53E-01	1.00E+00	1.67E+00	5.27E-01	-7.81E-01	-2.40E+01	3.23E+01	bad-chisq
group_4826	2.00E-02	1.53E-01	1.00E+00	6.00E-01	5.10E-01	-7.55E-01	-2.38E+01	3.18E+01	bad-chisq
group_4812	2.00E-02	1.53E-01	1.00E+00	6.10E-01	5.27E-01	-7.55E-01	-2.38E+01	3.18E+01	bad-chisq
group_4811	2.00E-02	1.53E-01	1.00E+00	6.10E-01	5.27E-01	-7.55E-01	-2.38E+01	3.18E+01	bad-chisq
group_4805	2.00E-02	1.00E+00	1.00E+00	-1.21E+00	5.46E-01	-7.49E-01	-2.39E+01	3.21E+01	bad-chisq
group_4797	2.00E-02	1.53E-01	1.00E+00	3.18E+00	5.04E-01	-7.93E-01	-2.41E+01	3.25E+01	bad-chisq
group_4793	2.00E-02	1.53E-01	1.00E+00	6.10E-01	5.27E-01	-7.55E-01	-2.38E+01	3.18E+01	bad-chisq
group_4792	2.00E-02	1.53E-01	1.00E+00	2.06E+00	4.65E-01	-7.84E-01	-2.40E+01	3.23E+01	bad-chisq
group_4789	2.00E-02	1.53E-01	4.45E-02	-3.84E+00	4.55E-01	-8.51E-01	-2.59E+01	3.67E+01	bad-chisq
group_4782	2.00E-02	1.53E-01	1.00E+00	6.10E-01	5.27E-01	-7.55E-01	-2.38E+01	3.18E+01	bad-chisq
group_4770	2.00E-02	1.53E-01	1.00E+00	9.60E-01	4.33E-01	-7.74E-01	-2.40E+01	3.22E+01	bad-chisq
group_4769	2.00E-02	1.53E-01	1.00E+00	3.80E-02	5.27E-01	-7.38E-01	-2.36E+01	3.16E+01	bad-chisq
group_4754	2.00E-02	1.53E-01	1.00E+00	7.10E-03	4.88E-01	-7.41E-01	-2.37E+01	3.17E+01	bad-chisq
group_4753	2.00E-02	1.53E-01	1.00E+00	-3.62E-01	4.75E-01	-7.34E-01	-2.37E+01	3.17E+01	bad-chisq
group_4748	2.00E-02	1.53E-01	1.00E+00	6.10E-01	5.27E-01	-7.55E-01	-2.38E+01	3.18E+01	bad-chisq
group_4741	2.00E-02	1.53E-01	1.00E+00	6.00E-01	5.10E-01	-7.55E-01	-2.38E+01	3.18E+01	bad-chisq
group_4735	2.00E-02	1.53E-01	1.00E+00	6.10E-01	5.27E-01	-7.55E-01	-2.38E+01	3.18E+01	bad-chisq
group_4732	2.00E-02	1.53E-01	1.00E+00	1.67E+00	5.27E-01	-7.81E-01	-2.40E+01	3.23E+01	bad-chisq
group_4731	2.00E-02	1.53E-01	1.00E+00	1.67E+00	5.27E-01	-7.81E-01	-2.40E+01	3.23E+01	bad-chisq
group_4730	2.00E-02	1.53E-01	1.00E+00	1.67E+00	5.27E-01	-7.81E-01	-2.40E+01	3.23E+01	bad-chisq
group_4729	2.00E-02	1.53E-01	1.00E+00	1.67E+00	5.27E-01	-7.81E-01	-2.40E+01	3.23E+01	bad-chisq
group_4724	2.00E-02	1.53E-01	1.00E+00	1.35E+00	5.16E-01	-7.75E-01	-2.39E+01	3.21E+01	bad-chisq
group_4723	2.00E-02	1.53E-01	1.00E+00	6.00E-01	5.10E-01	-7.55E-01	-2.38E+01	3.18E+01	bad-chisq
group_4704	2.00E-02	1.53E-01	1.00E+00	7.10E-03	4.88E-01	-7.41E-01	-2.37E+01	3.17E+01	bad-chisq
group_4693	2.00E-02	1.53E-01	1.00E+00	6.64E-02	4.51E-01	-7.51E-01	-2.38E+01	3.19E+01	bad-chisq
group_4685	2.00E-02	1.53E-01	1.00E+00	-1.54E+00	4.42E-01	-7.31E-01	-2.41E+01	3.22E+01	bad-chisq
group_4668	2.00E-02	1.53E-01	1.00E+00	-1.54E+00	4.42E-01	-7.31E-01	-2.41E+01	3.22E+01	bad-chisq
group_4664	2.00E-02	1.53E-01	1.00E+00	3.80E-02	5.27E-01	-7.38E-01	-2.36E+01	3.16E+01	bad-chisq
group_4661	2.00E-02	1.53E-01	1.00E+00	-4.98E-01	5.08E-01	-7.20E-01	-2.36E+01	3.15E+01	bad-chisq
group_4652	2.00E-02	1.53E-01	1.00E+00	6.10E-01	5.27E-01	-7.55E-01	-2.38E+01	3.18E+01	bad-chisq
group_4644	2.00E-02	1.53E-01	1.01E-01	-3.53E+00	4.39E-01	-6.99E-01	-2.53E+01	3.29E+01	bad-chisq
group_4638	2.00E-02	1.53E-01	1.00E+00	1.67E+00	5.27E-01	-7.81E-01	-2.40E+01	3.23E+01	bad-chisq
group_4637	2.00E-02	1.53E-01	1.00E+00	1.67E+00	5.27E-01	-7.81E-01	-2.40E+01	3.23E+01	bad-chisq
group_4627	2.00E-02	1.53E-01	1.00E+00	-1.67E-01	5.27E-01	-8.21E-01	-2.39E+01	3.24E+01	bad-chisq
group_4615	2.00E-02	1.53E-01	1.00E+00	1.35E+00	5.16E-01	-7.75E-01	-2.39E+01	3.21E+01	bad-chisq
group_4611	2.00E-02	1.53E-01	1.00E+00	1.67E+00	5.27E-01	-7.81E-01	-2.40E+01	3.23E+01	bad-chisq
group_4607	2.00E-02	1.53E-01	1.00E+00	3.80E-02	5.27E-01	-7.38E-01	-2.36E+01	3.16E+01	bad-chisq
group_4598	2.00E-02	1.53E-01	1.00E+00	1.67E+00	5.27E-01	-7.81E-01	-2.40E+01	3.23E+01	bad-chisq
group_4589	2.00E-02	1.53E-01	1.00E+00	1.67E+00	5.27E-01	-7.81E-01	-2.40E+01	3.23E+01	bad-chisq
group_4584	2.00E-02	1.53E-01	1.00E+00	-1.55E+00	4.64E-01	-7.11E-01	-2.39E+01	3.19E+01	bad-chisq
group_4583	2.00E-02	1.53E-01	1.00E+00	1.67E+00	5.27E-01	-7.81E-01	-2.40E+01	3.23E+01	bad-chisq
group_4582	2.00E-02	1.53E-01	1.00E+00	1.67E+00	5.27E-01	-7.81E-01	-2.40E+01	3.23E+01	bad-chisq
group_4577	2.00E-02	1.53E-01	1.00E+00	2.40E+00	4.75E-01	-7.87E-01	-2.40E+01	3.23E+01	bad-chisq
group_4573	2.00E-02	1.53E-01	1.00E+00	2.40E+00	4.75E-01	-7.87E-01	-2.40E+01	3.23E+01	bad-chisq
group_4568	2.00E-02	1.53E-01	1.83E-01	-2.43E+00	4.93E-01	-7.71E-01	-2.46E+01	3.42E+01	bad-chisq
group_4547	2.00E-02	1.53E-01	1.00E+00	1.67E+00	5.27E-01	-7.81E-01	-2.40E+01	3.23E+01	bad-chisq
group_4541	2.00E-02	1.53E-01	1.00E+00	2.40E+00	4.75E-01	-7.87E-01	-2.40E+01	3.23E+01	bad-chisq
group_4539	2.00E-02	1.53E-01	1.00E+00	1.67E+00	5.27E-01	-7.81E-01	-2.40E+01	3.23E+01	bad-chisq
group_4534	2.00E-02	1.53E-01	1.00E+00	1.67E+00	5.27E-01	-7.81E-01	-2.40E+01	3.23E+01	bad-chisq
group_4528	2.00E-02	1.53E-01	1.00E+00	-1.67E-01	5.27E-01	-8.21E-01	-2.39E+01	3.24E+01	bad-chisq
group_4527	2.00E-02	1.53E-01	1.00E+00	2.06E+00	4.65E-01	-7.84E-01	-2.40E+01	3.23E+01	bad-chisq
group_4515	2.00E-02	1.53E-01	1.00E+00	6.00E-01	5.10E-01	-7.55E-01	-2.38E+01	3.18E+01	bad-chisq
group_4509	2.00E-02	1.53E-01	1.00E+00	3.80E-02	5.27E-01	-7.38E-01	-2.36E+01	3.16E+01	bad-chisq
group_4496	2.00E-02	1.53E-01	1.00E+00	-1.55E+00	4.37E-01	-7.36E-01	-2.42E+01	3.23E+01	bad-chisq
group_4459	2.00E-02	1.53E-01	1.00E+00	1.67E+00	5.27E-01	-7.81E-01	-2.40E+01	3.23E+01	bad-chisq
group_4450	2.00E-02	1.53E-01	1.83E-01	-2.43E+00	4.93E-01	-7.71E-01	-2.46E+01	3.42E+01	bad-chisq
group_4441	2.00E-02	1.53E-01	1.00E+00	-8.04E-01	4.41E-01	-7.39E-01	-2.39E+01	3.20E+01	bad-chisq
group_4423	2.00E-02	1.53E-01	1.00E+00	3.80E-02	5.27E-01	-7.38E-01	-2.36E+01	3.16E+01	bad-chisq
group_4412	2.00E-02	1.00E+00	1.00E+00	9.87E-01	4.33E-01	-8.19E-01	-2.42E+01	3.22E+01	bad-chisq
group_4411	2.00E-02	1.53E-01	1.00E+00	6.00E-01	5.10E-01	-7.55E-01	-2.38E+01	3.18E+01	bad-chisq
group_4401	2.00E-02	1.53E-01	1.00E+00	9.60E-01	4.33E-01	-7.74E-01	-2.40E+01	3.22E+01	bad-chisq
group_4396	2.00E-02	1.53E-01	1.00E+00	1.67E+00	5.27E-01	-7.81E-01	-2.40E+01	3.23E+01	bad-chisq
group_4390	2.00E-02	1.53E-01	1.00E+00	3.80E-02	5.27E-01	-7.38E-01	-2.36E+01	3.16E+01	bad-chisq
group_4389	2.00E-02	1.00E+00	1.00E+00	1.36E+00	5.51E-01	-8.13E-01	-2.42E+01	3.22E+01	bad-chisq
group_4358	2.00E-02	1.53E-01	1.00E+00	3.18E+00	5.04E-01	-7.93E-01	-2.41E+01	3.25E+01	bad-chisq
group_4350	2.00E-02	1.53E-01	1.00E+00	1.67E+00	5.27E-01	-7.81E-01	-2.40E+01	3.23E+01	bad-chisq
group_4335	2.00E-02	1.53E-01	1.00E+00	3.18E+00	5.04E-01	-7.93E-01	-2.41E+01	3.25E+01	bad-chisq
group_4328	2.00E-02	1.53E-01	1.00E+00	6.10E-01	5.27E-01	-7.55E-01	-2.38E+01	3.18E+01	bad-chisq
group_4325	2.00E-02	1.53E-01	1.00E+00	1.70E+00	4.57E-01	-7.80E-01	-2.40E+01	3.22E+01	bad-chisq
group_4321	2.00E-02	1.53E-01	1.00E+00	1.67E+00	5.27E-01	-7.81E-01	-2.40E+01	3.23E+01	bad-chisq
group_4316	2.00E-02	1.53E-01	1.00E+00	1.67E+00	5.27E-01	-7.81E-01	-2.40E+01	3.23E+01	bad-chisq
group_4304	2.00E-02	1.00E+00	1.00E+00	-2.40E-01	4.87E-01	-7.69E-01	-2.36E+01	3.19E+01	bad-chisq
group_4281	2.00E-02	1.53E-01	1.00E+00	1.35E+00	5.16E-01	-7.75E-01	-2.39E+01	3.21E+01	bad-chisq
group_4274	2.00E-02	1.53E-01	1.00E+00	1.67E+00	5.27E-01	-7.81E-01	-2.40E+01	3.23E+01	bad-chisq
group_4260	2.00E-02	1.53E-01	1.00E+00	3.80E-02	5.27E-01	-7.38E-01	-2.36E+01	3.16E+01	bad-chisq
group_4256	2.00E-02	1.53E-01	3.29E-01	-2.50E+00	4.36E-01	-7.66E-01	-2.48E+01	3.36E+01	bad-chisq
group_4237	2.00E-02	1.53E-01	1.00E+00	6.10E-01	5.27E-01	-7.55E-01	-2.38E+01	3.18E+01	bad-chisq
group_4236	2.00E-02	1.53E-01	1.00E+00	3.80E-02	5.27E-01	-7.38E-01	-2.36E+01	3.16E+01	bad-chisq
group_4213	2.00E-02	1.53E-01	1.00E+00	1.67E+00	5.27E-01	-7.81E-01	-2.40E+01	3.23E+01	bad-chisq
group_4212	2.00E-02	1.53E-01	1.00E+00	1.67E+00	5.27E-01	-7.81E-01	-2.40E+01	3.23E+01	bad-chisq
group_4200	2.00E-02	1.53E-01	1.00E+00	1.67E+00	5.27E-01	-7.81E-01	-2.40E+01	3.23E+01	bad-chisq
group_4194	2.00E-02	1.53E-01	1.00E+00	1.67E+00	5.27E-01	-7.81E-01	-2.40E+01	3.23E+01	bad-chisq
group_4178	2.00E-02	1.53E-01	1.00E+00	1.67E+00	5.27E-01	-7.81E-01	-2.40E+01	3.23E+01	bad-chisq
group_4173	2.00E-02	1.53E-01	1.00E+00	6.10E-01	5.27E-01	-7.55E-01	-2.38E+01	3.18E+01	bad-chisq
group_4159	2.00E-02	1.53E-01	1.00E+00	3.80E-02	5.27E-01	-7.38E-01	-2.36E+01	3.16E+01	bad-chisq
group_4134	2.00E-02	1.53E-01	1.00E+00	1.67E+00	5.27E-01	-7.81E-01	-2.40E+01	3.23E+01	bad-chisq
group_4105	2.00E-02	1.53E-01	1.00E+00	1.67E+00	5.27E-01	-7.81E-01	-2.40E+01	3.23E+01	bad-chisq
group_4074	2.00E-02	1.53E-01	1.00E+00	-1.55E+00	4.37E-01	-7.36E-01	-2.42E+01	3.23E+01	bad-chisq
group_4066	2.00E-02	1.53E-01	1.00E+00	1.67E+00	5.27E-01	-7.81E-01	-2.40E+01	3.23E+01	bad-chisq
group_4053	2.00E-02	1.53E-01	1.00E+00	1.67E+00	5.27E-01	-7.81E-01	-2.40E+01	3.23E+01	bad-chisq
group_4044	2.00E-02	1.53E-01	1.00E+00	-5.66E-01	5.16E-01	-7.17E-01	-2.35E+01	3.15E+01	bad-chisq
group_4028	2.00E-02	1.53E-01	1.00E+00	-8.13E-01	4.62E-01	-7.27E-01	-2.37E+01	3.17E+01	bad-chisq
group_4020	2.00E-02	1.53E-01	1.83E-01	-2.43E+00	4.93E-01	-7.71E-01	-2.46E+01	3.42E+01	bad-chisq
group_4011	2.00E-02	1.53E-01	1.00E+00	4.74E-01	4.79E-01	-7.55E-01	-2.38E+01	3.18E+01	bad-chisq
group_4010	2.00E-02	1.53E-01	1.00E+00	-5.66E-01	5.16E-01	-7.17E-01	-2.35E+01	3.15E+01	bad-chisq
group_4005	2.00E-02	1.53E-01	1.00E+00	1.67E+00	5.27E-01	-7.81E-01	-2.40E+01	3.23E+01	bad-chisq
group_4004	2.00E-02	1.53E-01	1.00E+00	1.67E+00	5.27E-01	-7.81E-01	-2.40E+01	3.23E+01	bad-chisq
group_3983	2.00E-02	1.53E-01	1.00E+00	1.67E+00	5.27E-01	-7.81E-01	-2.40E+01	3.23E+01	bad-chisq
group_3958	2.00E-02	1.53E-01	1.00E+00	1.67E+00	5.27E-01	-7.81E-01	-2.40E+01	3.23E+01	bad-chisq
group_3954	2.00E-02	1.53E-01	1.00E+00	1.67E+00	5.27E-01	-7.81E-01	-2.40E+01	3.23E+01	bad-chisq
group_3938	2.00E-02	1.53E-01	4.16E-01	1.67E+00	5.27E-01	-8.53E-01	-2.43E+01	3.21E+01	bad-chisq
group_3933	2.00E-02	1.53E-01	1.00E+00	2.40E+00	4.75E-01	-7.87E-01	-2.40E+01	3.23E+01	bad-chisq
group_3925	2.00E-02	1.53E-01	1.00E+00	3.80E-02	5.27E-01	-7.38E-01	-2.36E+01	3.16E+01	bad-chisq
group_3922	2.00E-02	1.53E-01	1.00E+00	1.67E+00	5.27E-01	-7.81E-01	-2.40E+01	3.23E+01	bad-chisq
group_3921	2.00E-02	1.53E-01	1.00E+00	1.67E+00	5.27E-01	-7.81E-01	-2.40E+01	3.23E+01	bad-chisq
group_3906	2.00E-02	1.53E-01	1.00E+00	6.00E-01	5.10E-01	-7.55E-01	-2.38E+01	3.18E+01	bad-chisq
group_3890	2.00E-02	1.53E-01	1.00E+00	6.00E-01	5.10E-01	-7.55E-01	-2.38E+01	3.18E+01	bad-chisq
group_3880	2.00E-02	1.53E-01	1.00E+00	3.80E-02	5.27E-01	-7.38E-01	-2.36E+01	3.16E+01	bad-chisq
group_3871	2.00E-02	1.53E-01	1.00E+00	-4.98E-01	5.08E-01	-7.20E-01	-2.36E+01	3.15E+01	bad-chisq
group_3870	2.00E-02	1.53E-01	1.00E+00	1.67E+00	5.27E-01	-7.81E-01	-2.40E+01	3.23E+01	bad-chisq
group_3862	2.00E-02	1.53E-01	1.00E+00	1.67E+00	5.27E-01	-7.81E-01	-2.40E+01	3.23E+01	bad-chisq
group_3848	2.00E-02	1.53E-01	1.83E-01	-2.43E+00	4.93E-01	-7.71E-01	-2.46E+01	3.42E+01	bad-chisq
qdtA	2.00E-02	1.53E-01	1.00E+00	1.67E+00	5.27E-01	-7.81E-01	-2.40E+01	3.23E+01	bad-chisq
group_3829	2.00E-02	1.53E-01	1.00E+00	1.67E+00	5.27E-01	-7.81E-01	-2.40E+01	3.23E+01	bad-chisq
group_3808	2.00E-02	1.53E-01	1.00E+00	3.80E-02	5.27E-01	-7.38E-01	-2.36E+01	3.16E+01	bad-chisq
group_3806	2.00E-02	1.53E-01	1.00E+00	1.67E+00	5.27E-01	-7.81E-01	-2.40E+01	3.23E+01	bad-chisq
group_3798	2.00E-02	1.53E-01	1.00E+00	3.80E-02	5.27E-01	-7.38E-01	-2.36E+01	3.16E+01	bad-chisq
group_3789	2.00E-02	1.53E-01	1.00E+00	1.67E+00	5.27E-01	-7.81E-01	-2.40E+01	3.23E+01	bad-chisq
group_3755	2.00E-02	1.53E-01	1.00E+00	-5.66E-01	5.16E-01	-7.17E-01	-2.35E+01	3.15E+01	bad-chisq
group_3752	2.00E-02	1.53E-01	1.00E+00	6.00E-01	5.10E-01	-7.55E-01	-2.38E+01	3.18E+01	bad-chisq
group_3749	2.00E-02	1.53E-01	1.00E+00	-1.67E-01	5.27E-01	-8.21E-01	-2.39E+01	3.24E+01	bad-chisq
group_3742	2.00E-02	1.53E-01	1.00E+00	1.67E+00	5.27E-01	-7.81E-01	-2.40E+01	3.23E+01	bad-chisq
group_3735	2.00E-02	1.53E-01	1.00E+00	9.64E-01	4.46E-01	-7.70E-01	-2.39E+01	3.21E+01	bad-chisq
group_3728	2.00E-02	1.53E-01	1.00E+00	1.67E+00	5.27E-01	-7.81E-01	-2.40E+01	3.23E+01	bad-chisq
group_3703	2.00E-02	1.53E-01	1.00E+00	-5.66E-01	5.16E-01	-7.17E-01	-2.35E+01	3.15E+01	bad-chisq
group_3690	2.00E-02	1.53E-01	1.00E+00	1.35E+00	5.16E-01	-7.75E-01	-2.39E+01	3.21E+01	bad-chisq
group_3678	2.00E-02	1.53E-01	1.00E+00	1.67E+00	5.27E-01	-7.81E-01	-2.40E+01	3.23E+01	bad-chisq
group_3661	2.00E-02	1.53E-01	1.00E+00	3.80E-02	5.27E-01	-7.38E-01	-2.36E+01	3.16E+01	bad-chisq
group_3627	2.00E-02	1.53E-01	1.00E+00	1.67E+00	5.27E-01	-7.81E-01	-2.40E+01	3.23E+01	bad-chisq
yngG	2.00E-02	1.53E-01	1.00E+00	-5.66E-01	5.16E-01	-7.17E-01	-2.35E+01	3.15E+01	bad-chisq
group_3609	2.00E-02	1.53E-01	4.16E-01	1.67E+00	5.27E-01	-8.53E-01	-2.43E+01	3.21E+01	bad-chisq
group_3608	2.00E-02	1.53E-01	1.00E+00	3.80E-02	5.27E-01	-7.38E-01	-2.36E+01	3.16E+01	bad-chisq
group_3601	2.00E-02	1.53E-01	1.00E+00	1.67E+00	5.27E-01	-7.81E-01	-2.40E+01	3.23E+01	bad-chisq
group_3600	2.00E-02	1.53E-01	1.00E+00	1.67E+00	5.27E-01	-7.81E-01	-2.40E+01	3.23E+01	bad-chisq
group_3591	2.00E-02	1.53E-01	1.00E+00	3.80E-02	5.27E-01	-7.38E-01	-2.36E+01	3.16E+01	bad-chisq
group_3567	2.00E-02	1.53E-01	1.00E+00	2.40E+00	4.75E-01	-7.87E-01	-2.40E+01	3.23E+01	bad-chisq
group_3564	2.00E-02	1.53E-01	1.00E+00	6.00E-01	5.10E-01	-7.55E-01	-2.38E+01	3.18E+01	bad-chisq
group_3557	2.00E-02	1.53E-01	1.00E+00	1.67E+00	5.27E-01	-7.81E-01	-2.40E+01	3.23E+01	bad-chisq
group_3551	2.00E-02	1.53E-01	1.00E+00	-9.89E-01	5.25E-01	-7.98E-01	-2.40E+01	3.23E+01	bad-chisq
group_3547	2.00E-02	1.53E-01	1.00E+00	1.67E+00	5.27E-01	-7.81E-01	-2.40E+01	3.23E+01	bad-chisq
group_3493	2.00E-02	1.53E-01	1.00E+00	-4.98E-01	5.08E-01	-7.20E-01	-2.36E+01	3.15E+01	bad-chisq
group_3487	2.00E-02	1.53E-01	1.00E+00	1.67E+00	5.27E-01	-7.81E-01	-2.40E+01	3.23E+01	bad-chisq
group_3477	2.00E-02	1.53E-01	1.00E+00	1.67E+00	5.27E-01	-7.81E-01	-2.40E+01	3.23E+01	bad-chisq
group_3465	2.00E-02	1.53E-01	1.00E+00	6.10E-01	5.27E-01	-7.55E-01	-2.38E+01	3.18E+01	bad-chisq
group_3464	2.00E-02	1.53E-01	1.00E+00	2.06E+00	4.65E-01	-7.84E-01	-2.40E+01	3.23E+01	bad-chisq
group_3459	2.00E-02	1.53E-01	1.00E+00	1.67E+00	5.27E-01	-7.81E-01	-2.40E+01	3.23E+01	bad-chisq
group_3452	2.00E-02	1.53E-01	1.00E+00	1.67E+00	5.27E-01	-7.81E-01	-2.40E+01	3.23E+01	bad-chisq
group_3426	2.00E-02	1.53E-01	1.00E+00	1.67E+00	5.27E-01	-7.81E-01	-2.40E+01	3.23E+01	bad-chisq
group_3413	2.00E-02	1.53E-01	1.00E+00	1.67E+00	5.27E-01	-7.81E-01	-2.40E+01	3.23E+01	bad-chisq
group_3407	2.00E-02	1.53E-01	1.83E-01	-2.43E+00	4.93E-01	-7.71E-01	-2.46E+01	3.42E+01	bad-chisq
group_3399	2.00E-02	1.53E-01	1.00E+00	1.67E+00	5.27E-01	-7.81E-01	-2.40E+01	3.23E+01	bad-chisq
group_3394	2.00E-02	1.53E-01	1.00E+00	9.60E-01	4.33E-01	-7.74E-01	-2.40E+01	3.22E+01	bad-chisq
group_3380	2.00E-02	1.53E-01	1.00E+00	1.67E+00	5.27E-01	-7.81E-01	-2.40E+01	3.23E+01	bad-chisq
group_3369	2.00E-02	1.53E-01	1.00E+00	1.67E+00	5.27E-01	-7.81E-01	-2.40E+01	3.23E+01	bad-chisq
group_3364	2.00E-02	1.53E-01	1.00E+00	6.62E-02	4.39E-01	-7.56E-01	-2.38E+01	3.20E+01	bad-chisq
group_3362	2.00E-02	1.53E-01	1.00E+00	1.67E+00	5.27E-01	-7.81E-01	-2.40E+01	3.23E+01	bad-chisq
group_3355	2.00E-02	1.53E-01	1.00E+00	3.80E-02	5.27E-01	-7.38E-01	-2.36E+01	3.16E+01	bad-chisq
group_3354	2.00E-02	1.53E-01	1.00E+00	1.67E+00	5.27E-01	-7.81E-01	-2.40E+01	3.23E+01	bad-chisq
group_3340	2.00E-02	1.53E-01	1.00E+00	3.80E-02	5.27E-01	-7.38E-01	-2.36E+01	3.16E+01	bad-chisq
group_3333	2.00E-02	1.53E-01	1.00E+00	1.67E+00	5.27E-01	-7.81E-01	-2.40E+01	3.23E+01	bad-chisq
group_3332	2.00E-02	1.53E-01	1.00E+00	1.67E+00	5.27E-01	-7.81E-01	-2.40E+01	3.23E+01	bad-chisq
group_3326	2.00E-02	1.53E-01	1.00E+00	1.67E+00	5.27E-01	-7.81E-01	-2.40E+01	3.23E+01	bad-chisq
group_3316	2.00E-02	1.53E-01	1.00E+00	1.67E+00	5.27E-01	-7.81E-01	-2.40E+01	3.23E+01	bad-chisq
group_3315	2.00E-02	1.53E-01	1.00E+00	1.67E+00	5.27E-01	-7.81E-01	-2.40E+01	3.23E+01	bad-chisq
group_3307	2.00E-02	1.00E+00	1.00E+00	1.36E+00	5.51E-01	-8.13E-01	-2.42E+01	3.22E+01	bad-chisq
group_3288	2.00E-02	1.53E-01	1.00E+00	1.67E+00	5.27E-01	-7.81E-01	-2.40E+01	3.23E+01	bad-chisq
group_3283	2.00E-02	1.53E-01	1.00E+00	1.67E+00	5.27E-01	-7.81E-01	-2.40E+01	3.23E+01	bad-chisq
group_3282	2.00E-02	1.53E-01	1.00E+00	6.00E-01	5.10E-01	-7.55E-01	-2.38E+01	3.18E+01	bad-chisq
group_3276	2.00E-02	1.53E-01	1.00E+00	1.67E+00	5.27E-01	-7.81E-01	-2.40E+01	3.23E+01	bad-chisq
group_3274	2.00E-02	1.53E-01	1.83E-01	-2.43E+00	4.93E-01	-7.71E-01	-2.46E+01	3.42E+01	bad-chisq
group_3268	2.00E-02	1.53E-01	1.00E+00	1.67E+00	5.27E-01	-7.81E-01	-2.40E+01	3.23E+01	bad-chisq
group_3263	2.00E-02	1.53E-01	1.00E+00	3.80E-02	5.27E-01	-7.38E-01	-2.36E+01	3.16E+01	bad-chisq
group_3261	2.00E-02	1.53E-01	1.00E+00	1.67E+00	5.27E-01	-7.81E-01	-2.40E+01	3.23E+01	bad-chisq
group_3243	2.00E-02	1.53E-01	1.00E+00	6.10E-01	5.27E-01	-7.55E-01	-2.38E+01	3.18E+01	bad-chisq
eryC1	2.00E-02	1.53E-01	1.00E+00	1.67E+00	5.27E-01	-7.81E-01	-2.40E+01	3.23E+01	bad-chisq
areB	2.00E-02	1.53E-01	1.00E+00	1.67E+00	5.27E-01	-7.81E-01	-2.40E+01	3.23E+01	bad-chisq
group_3230	2.00E-02	1.53E-01	1.00E+00	-1.67E-01	5.27E-01	-8.21E-01	-2.39E+01	3.24E+01	bad-chisq
group_3204	2.00E-02	1.53E-01	1.00E+00	1.67E+00	5.27E-01	-7.81E-01	-2.40E+01	3.23E+01	bad-chisq
blaCMY30	2.00E-02	1.53E-01	1.00E+00	6.10E-01	5.27E-01	-7.55E-01	-2.38E+01	3.18E+01	bad-chisq
yubB	2.00E-02	1.53E-01	1.00E+00	6.00E-01	5.10E-01	-7.55E-01	-2.38E+01	3.18E+01	bad-chisq
group_3187	2.00E-02	1.53E-01	1.00E+00	1.67E+00	5.27E-01	-7.81E-01	-2.40E+01	3.23E+01	bad-chisq
group_3178	2.00E-02	1.53E-01	1.00E+00	1.67E+00	5.27E-01	-7.81E-01	-2.40E+01	3.23E+01	bad-chisq
salD	2.00E-02	1.53E-01	1.00E+00	1.67E+00	5.27E-01	-7.81E-01	-2.40E+01	3.23E+01	bad-chisq
group_3169	2.00E-02	1.53E-01	1.00E+00	1.67E+00	5.27E-01	-7.81E-01	-2.40E+01	3.23E+01	bad-chisq
group_3161	2.00E-02	1.53E-01	1.00E+00	1.67E+00	5.27E-01	-7.81E-01	-2.40E+01	3.23E+01	bad-chisq
group_3143	2.00E-02	1.53E-01	1.00E+00	3.80E-02	5.27E-01	-7.38E-01	-2.36E+01	3.16E+01	bad-chisq
group_3142	2.00E-02	1.53E-01	1.00E+00	-3.38E-01	4.57E-01	-7.40E-01	-2.37E+01	3.18E+01	bad-chisq
group_3125	2.00E-02	1.53E-01	1.00E+00	-5.66E-01	5.16E-01	-7.17E-01	-2.35E+01	3.15E+01	bad-chisq
group_3123	2.00E-02	1.53E-01	1.00E+00	1.67E+00	5.27E-01	-7.81E-01	-2.40E+01	3.23E+01	bad-chisq
group_3105	2.00E-02	1.53E-01	1.00E+00	1.67E+00	5.27E-01	-7.81E-01	-2.40E+01	3.23E+01	bad-chisq
group_3097	2.00E-02	1.53E-01	1.00E+00	1.67E+00	5.27E-01	-7.81E-01	-2.40E+01	3.23E+01	bad-chisq
group_3096	2.00E-02	1.53E-01	1.00E+00	3.88E-01	5.02E-01	-7.50E-01	-2.37E+01	3.18E+01	bad-chisq
group_3090	2.00E-02	1.53E-01	1.00E+00	1.67E+00	5.27E-01	-7.81E-01	-2.40E+01	3.23E+01	bad-chisq
group_3081	2.00E-02	1.53E-01	1.00E+00	-1.54E+00	4.42E-01	-7.31E-01	-2.41E+01	3.22E+01	bad-chisq
group_3072	2.00E-02	1.53E-01	1.00E+00	3.80E-02	5.27E-01	-7.38E-01	-2.36E+01	3.16E+01	bad-chisq
group_3062	2.00E-02	1.53E-01	1.00E+00	1.67E+00	5.27E-01	-7.81E-01	-2.40E+01	3.23E+01	bad-chisq
group_3059	2.00E-02	1.53E-01	1.00E+00	1.67E+00	5.27E-01	-7.81E-01	-2.40E+01	3.23E+01	bad-chisq
group_3039	2.00E-02	1.00E+00	3.96E-02	5.02E+00	5.24E-01	-1.10E+00	-2.77E+01	3.81E+01	bad-chisq
group_2981	2.00E-02	1.53E-01	1.00E+00	3.80E-02	5.27E-01	-7.38E-01	-2.36E+01	3.16E+01	bad-chisq
group_2978	2.00E-02	1.53E-01	1.00E+00	6.00E-01	5.10E-01	-7.55E-01	-2.38E+01	3.18E+01	bad-chisq
group_2945	2.00E-02	1.53E-01	1.00E+00	-7.35E-01	4.64E-01	-7.50E-01	-2.38E+01	3.22E+01	bad-chisq
group_2943	2.00E-02	1.53E-01	1.00E+00	1.38E+00	5.26E-01	-7.75E-01	-2.39E+01	3.22E+01	bad-chisq
group_2918	2.00E-02	1.00E+00	3.96E-02	5.02E+00	5.24E-01	-1.10E+00	-2.77E+01	3.81E+01	bad-chisq
group_2892	2.00E-02	1.53E-01	1.00E+00	-1.55E+00	4.37E-01	-7.36E-01	-2.42E+01	3.23E+01	bad-chisq
group_2855	2.00E-02	1.53E-01	1.00E+00	1.67E+00	5.27E-01	-7.81E-01	-2.40E+01	3.23E+01	bad-chisq
group_2847	2.00E-02	1.53E-01	1.00E+00	-7.17E-01	5.24E-01	-7.09E-01	-2.35E+01	3.14E+01	bad-chisq
group_2842	2.00E-02	1.53E-01	1.00E+00	6.10E-01	5.27E-01	-7.55E-01	-2.38E+01	3.18E+01	bad-chisq
group_2831	2.00E-02	1.53E-01	1.00E+00	-1.54E+00	4.42E-01	-7.31E-01	-2.41E+01	3.22E+01	bad-chisq
group_2798	2.00E-02	1.53E-01	1.00E+00	6.10E-01	5.27E-01	-7.55E-01	-2.38E+01	3.18E+01	bad-chisq
group_2795	2.00E-02	1.53E-01	1.00E+00	1.67E+00	5.27E-01	-7.81E-01	-2.40E+01	3.23E+01	bad-chisq
group_2790	2.00E-02	1.53E-01	1.00E+00	1.67E+00	5.27E-01	-7.81E-01	-2.40E+01	3.23E+01	bad-chisq
group_2756	2.00E-02	1.53E-01	1.00E+00	-5.66E-01	5.16E-01	-7.17E-01	-2.35E+01	3.15E+01	bad-chisq
group_2751	2.00E-02	1.00E+00	1.00E+00	1.36E+00	5.51E-01	-8.13E-01	-2.42E+01	3.22E+01	bad-chisq
oprD	2.00E-02	1.53E-01	1.00E+00	-5.66E-01	5.16E-01	-7.17E-01	-2.35E+01	3.15E+01	bad-chisq
group_2720	2.00E-02	1.53E-01	3.30E-01	-2.50E+00	4.36E-01	-7.66E-01	-2.48E+01	3.36E+01	bad-chisq
group_2692	2.00E-02	1.53E-01	1.00E+00	1.67E+00	5.27E-01	-7.81E-01	-2.40E+01	3.23E+01	bad-chisq
group_2689	2.00E-02	1.53E-01	1.00E+00	-1.54E+00	4.42E-01	-7.31E-01	-2.41E+01	3.22E+01	bad-chisq
group_2683	2.00E-02	1.53E-01	1.00E+00	-1.54E+00	4.42E-01	-7.31E-01	-2.41E+01	3.22E+01	bad-chisq
group_2666	2.00E-02	1.53E-01	1.00E+00	6.10E-01	5.27E-01	-7.55E-01	-2.38E+01	3.18E+01	bad-chisq
group_2664	2.00E-02	1.53E-01	1.00E+00	1.67E+00	5.27E-01	-7.81E-01	-2.40E+01	3.23E+01	bad-chisq
group_2663	2.00E-02	1.00E+00	1.00E+00	1.36E+00	5.51E-01	-8.13E-01	-2.42E+01	3.22E+01	bad-chisq
group_2658	2.00E-02	1.53E-01	1.00E+00	1.68E+00	5.24E-01	-7.80E-01	-2.40E+01	3.22E+01	bad-chisq
group_2648	2.00E-02	1.53E-01	1.00E+00	5.04E-01	4.33E-01	-7.67E-01	-2.39E+01	3.21E+01	bad-chisq
group_2623	2.00E-02	1.53E-01	1.00E+00	6.00E-01	5.10E-01	-7.55E-01	-2.38E+01	3.18E+01	bad-chisq
group_2620	2.00E-02	1.00E+00	1.00E+00	3.27E-01	6.87E-01	-8.06E-01	-2.42E+01	3.25E+01	bad-chisq
group_2590	2.00E-02	1.53E-01	1.00E+00	2.29E+00	5.17E-01	-7.88E-01	-2.41E+01	3.24E+01	bad-chisq
group_2579	2.00E-02	1.53E-01	4.45E-02	-3.84E+00	4.55E-01	-8.51E-01	-2.59E+01	3.67E+01	bad-chisq
group_2508	2.00E-02	1.53E-01	1.00E+00	6.00E-01	5.10E-01	-7.55E-01	-2.38E+01	3.18E+01	bad-chisq
group_2506	2.00E-02	1.53E-01	4.16E-01	1.67E+00	5.27E-01	-8.53E-01	-2.43E+01	3.21E+01	bad-chisq
group_2494	2.00E-02	1.53E-01	1.00E+00	-8.36E-01	4.61E-01	-7.51E-01	-2.38E+01	3.22E+01	bad-chisq
group_2475	2.00E-02	1.53E-01	1.00E+00	7.37E-02	5.26E-01	-7.37E-01	-2.36E+01	3.16E+01	bad-chisq
group_2471	2.00E-02	1.00E+00	1.00E+00	-2.01E-01	6.85E-01	-7.92E-01	-2.42E+01	3.26E+01	bad-chisq
tniQ	2.00E-02	1.53E-01	1.00E+00	7.37E-02	5.26E-01	-7.37E-01	-2.36E+01	3.16E+01	bad-chisq
group_2406	2.00E-02	1.53E-01	1.00E+00	-5.66E-01	5.16E-01	-7.17E-01	-2.35E+01	3.15E+01	bad-chisq
group_2388	2.00E-02	1.53E-01	1.00E+00	-1.54E+00	4.42E-01	-7.31E-01	-2.41E+01	3.22E+01	bad-chisq
group_2287	2.00E-02	1.53E-01	1.00E+00	2.07E+00	4.33E-01	-7.89E-01	-2.41E+01	3.24E+01	bad-chisq
group_2243	2.00E-02	1.53E-01	1.00E+00	1.80E+00	4.33E-01	-7.86E-01	-2.41E+01	3.24E+01	bad-chisq
group_2222	2.00E-02	1.53E-01	1.83E-01	-2.43E+00	4.93E-01	-7.71E-01	-2.46E+01	3.42E+01	bad-chisq
group_2205	2.00E-02	1.53E-01	1.00E+00	1.67E+00	5.27E-01	-7.81E-01	-2.40E+01	3.23E+01	bad-chisq
group_2196	2.00E-02	1.53E-01	1.00E+00	1.35E+00	5.16E-01	-7.75E-01	-2.39E+01	3.21E+01	bad-chisq
group_2123	2.00E-02	1.53E-01	1.00E+00	-3.62E-01	4.75E-01	-7.34E-01	-2.37E+01	3.17E+01	bad-chisq
group_1981	2.00E-02	1.53E-01	1.00E+00	1.67E+00	5.27E-01	-7.81E-01	-2.40E+01	3.23E+01	bad-chisq
group_1967	2.00E-02	1.53E-01	1.00E+00	1.67E+00	5.27E-01	-7.81E-01	-2.40E+01	3.23E+01	bad-chisq
group_1926	2.00E-02	1.53E-01	1.00E+00	1.67E+00	5.27E-01	-7.81E-01	-2.40E+01	3.23E+01	bad-chisq
group_1895	2.00E-02	1.53E-01	1.00E+00	-3.38E-01	4.57E-01	-7.40E-01	-2.37E+01	3.18E+01	bad-chisq
group_1872	2.00E-02	1.53E-01	1.00E+00	3.80E-02	5.27E-01	-7.38E-01	-2.36E+01	3.16E+01	bad-chisq
group_1847	2.00E-02	1.53E-01	1.00E+00	-1.55E+00	4.37E-01	-7.36E-01	-2.42E+01	3.23E+01	bad-chisq
group_1770	2.00E-02	1.53E-01	1.00E+00	5.04E-01	4.33E-01	-7.67E-01	-2.39E+01	3.21E+01	bad-chisq
group_1767	2.00E-02	1.53E-01	1.00E+00	1.67E+00	5.27E-01	-7.81E-01	-2.40E+01	3.23E+01	bad-chisq
group_1752	2.00E-02	1.53E-01	1.00E+00	-9.89E-01	5.25E-01	-7.98E-01	-2.40E+01	3.23E+01	bad-chisq
group_1671	2.00E-02	1.53E-01	1.00E+00	-3.62E-01	4.75E-01	-7.34E-01	-2.37E+01	3.17E+01	bad-chisq
group_1647	2.00E-02	1.53E-01	1.00E+00	-1.55E+00	4.64E-01	-7.11E-01	-2.39E+01	3.19E+01	bad-chisq
group_1615	2.00E-02	1.53E-01	1.00E+00	1.55E+00	5.19E-01	-7.78E-01	-2.40E+01	3.22E+01	bad-chisq
aadT	2.00E-02	1.53E-01	1.00E+00	1.67E+00	5.27E-01	-7.81E-01	-2.40E+01	3.23E+01	bad-chisq
group_1600	2.00E-02	1.53E-01	1.00E+00	-9.89E-01	5.25E-01	-7.98E-01	-2.40E+01	3.23E+01	bad-chisq
cotH	2.00E-02	1.53E-01	1.00E+00	-1.55E+00	4.33E-01	-7.41E-01	-2.42E+01	3.24E+01	bad-chisq
group_1516	2.00E-02	1.53E-01	1.00E+00	1.67E+00	5.27E-01	-7.81E-01	-2.40E+01	3.23E+01	bad-chisq
group_1389	2.00E-02	1.53E-01	1.83E-01	-2.43E+00	4.93E-01	-7.71E-01	-2.46E+01	3.42E+01	bad-chisq
group_1357	2.00E-02	1.53E-01	1.00E+00	3.80E-02	5.27E-01	-7.38E-01	-2.36E+01	3.16E+01	bad-chisq
group_1338	2.00E-02	1.53E-01	1.00E+00	9.60E-01	4.33E-01	-7.74E-01	-2.40E+01	3.22E+01	bad-chisq
apeA	2.00E-02	1.53E-01	1.00E+00	1.67E+00	5.27E-01	-7.81E-01	-2.40E+01	3.23E+01	bad-chisq
group_1228	2.00E-02	1.53E-01	1.00E+00	3.80E-02	5.27E-01	-7.38E-01	-2.36E+01	3.16E+01	bad-chisq
group_1203	2.00E-02	1.53E-01	1.00E+00	1.67E+00	5.27E-01	-7.81E-01	-2.40E+01	3.23E+01	bad-chisq
group_1132	2.00E-02	1.53E-01	1.00E+00	1.67E+00	5.27E-01	-7.81E-01	-2.40E+01	3.23E+01	bad-chisq
group_1122	2.00E-02	1.53E-01	1.00E+00	1.67E+00	5.27E-01	-7.81E-01	-2.40E+01	3.23E+01	bad-chisq
group_1120	2.00E-02	1.53E-01	1.00E+00	1.67E+00	5.27E-01	-7.81E-01	-2.40E+01	3.23E+01	bad-chisq
group_1077	2.00E-02	1.53E-01	1.00E+00	1.67E+00	5.27E-01	-7.81E-01	-2.40E+01	3.23E+01	bad-chisq
group_1060	2.00E-02	1.53E-01	1.00E+00	1.67E+00	5.27E-01	-7.81E-01	-2.40E+01	3.23E+01	bad-chisq
group_1039	2.00E-02	1.53E-01	4.69E-01	-1.69E+00	5.04E-01	-6.90E-01	-2.39E+01	3.18E+01	bad-chisq
group_1020	2.00E-02	1.53E-01	1.00E+00	1.67E+00	5.27E-01	-7.81E-01	-2.40E+01	3.23E+01	bad-chisq
group_955	2.00E-02	1.53E-01	1.00E+00	6.10E-01	5.27E-01	-7.55E-01	-2.38E+01	3.18E+01	bad-chisq
epsG	2.00E-02	1.53E-01	1.00E+00	-1.54E+00	4.52E-01	-7.23E-01	-2.40E+01	3.21E+01	bad-chisq
group_789	2.00E-02	1.53E-01	1.00E+00	-8.06E-01	4.36E-01	-7.42E-01	-2.39E+01	3.20E+01	bad-chisq
group_784	2.00E-02	1.53E-01	1.00E+00	1.67E+00	5.27E-01	-7.81E-01	-2.40E+01	3.23E+01	bad-chisq
group_749	2.00E-02	1.53E-01	1.00E+00	1.67E+00	5.27E-01	-7.81E-01	-2.40E+01	3.23E+01	bad-chisq
group_726	2.00E-02	1.53E-01	1.00E+00	6.10E-01	5.27E-01	-7.55E-01	-2.38E+01	3.18E+01	bad-chisq
group_713	2.00E-02	1.53E-01	1.83E-01	-2.43E+00	4.93E-01	-7.71E-01	-2.46E+01	3.42E+01	bad-chisq
group_711	2.00E-02	1.53E-01	1.00E+00	6.00E-01	5.10E-01	-7.55E-01	-2.38E+01	3.18E+01	bad-chisq
bspA	2.00E-02	1.53E-01	1.00E+00	-1.55E+00	4.33E-01	-7.41E-01	-2.42E+01	3.24E+01	bad-chisq
group_693	2.00E-02	1.53E-01	3.15E-01	-2.50E+00	4.39E-01	-7.58E-01	-2.48E+01	3.34E+01	bad-chisq
group_639	2.00E-02	1.53E-01	1.00E+00	1.67E+00	5.27E-01	-7.81E-01	-2.40E+01	3.23E+01	bad-chisq
group_597	2.00E-02	1.53E-01	1.00E+00	-8.71E-01	4.86E-01	-7.38E-01	-2.37E+01	3.20E+01	bad-chisq
group_590	2.00E-02	1.53E-01	1.00E+00	6.00E-01	5.10E-01	-7.55E-01	-2.38E+01	3.18E+01	bad-chisq
group_570	2.00E-02	1.53E-01	4.45E-02	-3.84E+00	4.55E-01	-8.51E-01	-2.59E+01	3.67E+01	bad-chisq
thiF	2.00E-02	1.53E-01	1.00E+00	1.67E+00	5.27E-01	-7.81E-01	-2.40E+01	3.23E+01	bad-chisq
group_560	2.00E-02	1.53E-01	1.00E+00	1.67E+00	5.27E-01	-7.81E-01	-2.40E+01	3.23E+01	bad-chisq
group_528	2.00E-02	1.53E-01	4.69E-01	-1.69E+00	5.04E-01	-6.90E-01	-2.39E+01	3.18E+01	bad-chisq
group_506	2.00E-02	1.53E-01	1.00E+00	6.00E-01	5.10E-01	-7.55E-01	-2.38E+01	3.18E+01	bad-chisq
group_490	2.00E-02	1.53E-01	1.00E+00	3.80E-02	5.27E-01	-7.38E-01	-2.36E+01	3.16E+01	bad-chisq
group_485	2.00E-02	1.53E-01	1.00E+00	1.67E+00	5.27E-01	-7.81E-01	-2.40E+01	3.23E+01	bad-chisq
group_478	2.00E-02	1.53E-01	1.00E+00	-3.62E-01	4.75E-01	-7.34E-01	-2.37E+01	3.17E+01	bad-chisq
trhC	2.00E-02	1.53E-01	1.00E+00	6.10E-01	5.27E-01	-7.55E-01	-2.38E+01	3.18E+01	bad-chisq
group_429	2.00E-02	1.53E-01	1.00E+00	1.35E+00	5.16E-01	-7.75E-01	-2.39E+01	3.21E+01	bad-chisq
group_386	2.00E-02	1.53E-01	1.00E+00	1.67E+00	5.27E-01	-7.81E-01	-2.40E+01	3.23E+01	bad-chisq
group_350	2.00E-02	1.53E-01	1.00E+00	3.80E-02	5.27E-01	-7.38E-01	-2.36E+01	3.16E+01	bad-chisq
group_317	2.00E-02	1.53E-01	1.00E+00	6.10E-01	5.27E-01	-7.55E-01	-2.38E+01	3.18E+01	bad-chisq
group_311	2.00E-02	1.00E+00	1.00E+00	-1.45E+00	6.27E-01	-7.51E-01	-2.44E+01	3.26E+01	bad-chisq
group_306	2.00E-02	1.53E-01	1.00E+00	2.40E+00	4.75E-01	-7.87E-01	-2.40E+01	3.23E+01	bad-chisq
group_282	2.00E-02	1.53E-01	1.00E+00	1.67E+00	5.27E-01	-7.81E-01	-2.40E+01	3.23E+01	bad-chisq
group_277	2.00E-02	1.53E-01	1.00E+00	6.10E-01	5.27E-01	-7.55E-01	-2.38E+01	3.18E+01	bad-chisq
group_267	2.00E-02	1.53E-01	1.00E+00	-8.04E-01	4.41E-01	-7.39E-01	-2.39E+01	3.20E+01	bad-chisq
group_253	2.00E-02	1.00E+00	1.00E+00	9.87E-01	4.33E-01	-8.19E-01	-2.42E+01	3.22E+01	bad-chisq
group_245	2.00E-02	1.53E-01	1.00E+00	1.67E+00	5.27E-01	-7.81E-01	-2.40E+01	3.23E+01	bad-chisq
group_212	2.00E-02	1.53E-01	1.00E+00	1.67E+00	5.27E-01	-7.81E-01	-2.40E+01	3.23E+01	bad-chisq
group_157	2.00E-02	1.53E-01	1.00E+00	1.35E+00	5.16E-01	-7.75E-01	-2.39E+01	3.21E+01	bad-chisq
group_138	2.00E-02	1.53E-01	1.00E+00	-1.55E+00	4.37E-01	-7.36E-01	-2.42E+01	3.23E+01	bad-chisq
group_132	2.00E-02	1.53E-01	1.00E+00	1.67E+00	5.27E-01	-7.81E-01	-2.40E+01	3.23E+01	bad-chisq
group_108	2.00E-02	1.53E-01	1.00E+00	1.67E+00	5.27E-01	-7.81E-01	-2.40E+01	3.23E+01	bad-chisq
group_63	2.00E-02	1.53E-01	1.00E+00	1.67E+00	5.27E-01	-7.81E-01	-2.40E+01	3.23E+01	bad-chisq
group_58	2.00E-02	1.53E-01	1.00E+00	1.67E+00	5.27E-01	-7.81E-01	-2.40E+01	3.23E+01	bad-chisq
group_52	2.00E-02	1.53E-01	1.00E+00	6.10E-01	5.27E-01	-7.55E-01	-2.38E+01	3.18E+01	bad-chisq
group_22	2.00E-02	1.53E-01	1.00E+00	-8.13E-01	4.62E-01	-7.27E-01	-2.37E+01	3.17E+01	bad-chisq
group_1	2.00E-02	1.53E-01	1.00E+00	1.67E+00	5.27E-01	-7.81E-01	-2.40E+01	3.23E+01	bad-chisq
group_8405	1.00E-02	3.15E-01	1.00E+00	5.91E-01	4.33E-01	-7.69E-01	-2.39E+01	3.21E+01	bad-chisq
group_8400	1.00E-02	3.15E-01	1.00E+00	9.10E-01	4.33E-01	-7.71E-01	-2.39E+01	3.21E+01	bad-chisq
group_8399	1.00E-02	3.15E-01	1.00E+00	9.10E-01	4.33E-01	-7.71E-01	-2.39E+01	3.21E+01	bad-chisq
group_8398	1.00E-02	3.15E-01	1.00E+00	9.10E-01	4.33E-01	-7.71E-01	-2.39E+01	3.21E+01	bad-chisq
group_8397	1.00E-02	3.15E-01	1.00E+00	9.10E-01	4.33E-01	-7.71E-01	-2.39E+01	3.21E+01	bad-chisq
group_8396	1.00E-02	3.15E-01	1.00E+00	9.10E-01	4.33E-01	-7.71E-01	-2.39E+01	3.21E+01	bad-chisq
group_8395	1.00E-02	3.15E-01	1.00E+00	2.07E+00	4.33E-01	-7.89E-01	-2.41E+01	3.24E+01	bad-chisq
group_8394	1.00E-02	3.15E-01	1.00E+00	2.07E+00	4.33E-01	-7.89E-01	-2.41E+01	3.24E+01	bad-chisq
group_8393	1.00E-02	3.15E-01	1.00E+00	2.07E+00	4.33E-01	-7.89E-01	-2.41E+01	3.24E+01	bad-chisq
group_8392	1.00E-02	3.15E-01	1.00E+00	2.07E+00	4.33E-01	-7.89E-01	-2.41E+01	3.24E+01	bad-chisq
group_8391	1.00E-02	3.15E-01	1.00E+00	2.07E+00	4.33E-01	-7.89E-01	-2.41E+01	3.24E+01	bad-chisq
group_8390	1.00E-02	3.15E-01	1.00E+00	2.07E+00	4.33E-01	-7.89E-01	-2.41E+01	3.24E+01	bad-chisq
group_8389	1.00E-02	3.15E-01	1.00E+00	2.07E+00	4.33E-01	-7.89E-01	-2.41E+01	3.24E+01	bad-chisq
group_8388	1.00E-02	3.15E-01	1.00E+00	2.07E+00	4.33E-01	-7.89E-01	-2.41E+01	3.24E+01	bad-chisq
group_8387	1.00E-02	3.15E-01	1.00E+00	2.07E+00	4.33E-01	-7.89E-01	-2.41E+01	3.24E+01	bad-chisq
group_8386	1.00E-02	3.15E-01	1.00E+00	2.07E+00	4.33E-01	-7.89E-01	-2.41E+01	3.24E+01	bad-chisq
group_8385	1.00E-02	3.15E-01	1.00E+00	2.07E+00	4.33E-01	-7.89E-01	-2.41E+01	3.24E+01	bad-chisq
group_8384	1.00E-02	3.15E-01	1.00E+00	2.51E+00	4.33E-01	-7.92E-01	-2.41E+01	3.25E+01	bad-chisq
group_8383	1.00E-02	3.15E-01	1.00E+00	2.51E+00	4.33E-01	-7.92E-01	-2.41E+01	3.25E+01	bad-chisq
group_8382	1.00E-02	3.15E-01	1.00E+00	2.51E+00	4.33E-01	-7.92E-01	-2.41E+01	3.25E+01	bad-chisq
group_8381	1.00E-02	3.15E-01	1.00E+00	2.51E+00	4.33E-01	-7.92E-01	-2.41E+01	3.25E+01	bad-chisq
group_8380	1.00E-02	3.15E-01	1.00E+00	2.51E+00	4.33E-01	-7.92E-01	-2.41E+01	3.25E+01	bad-chisq
group_8379	1.00E-02	3.15E-01	1.00E+00	2.51E+00	4.33E-01	-7.92E-01	-2.41E+01	3.25E+01	bad-chisq
group_8378	1.00E-02	3.15E-01	1.00E+00	2.51E+00	4.33E-01	-7.92E-01	-2.41E+01	3.25E+01	bad-chisq
group_8377	1.00E-02	3.15E-01	1.00E+00	2.51E+00	4.33E-01	-7.92E-01	-2.41E+01	3.25E+01	bad-chisq
group_8376	1.00E-02	3.15E-01	1.00E+00	2.51E+00	4.33E-01	-7.92E-01	-2.41E+01	3.25E+01	bad-chisq
group_8375	1.00E-02	3.15E-01	1.00E+00	2.51E+00	4.33E-01	-7.92E-01	-2.41E+01	3.25E+01	bad-chisq
group_8374	1.00E-02	3.15E-01	1.00E+00	2.51E+00	4.33E-01	-7.92E-01	-2.41E+01	3.25E+01	bad-chisq
group_8373	1.00E-02	3.15E-01	1.00E+00	2.51E+00	4.33E-01	-7.92E-01	-2.41E+01	3.25E+01	bad-chisq
group_8372	1.00E-02	3.15E-01	1.00E+00	2.51E+00	4.33E-01	-7.92E-01	-2.41E+01	3.25E+01	bad-chisq
group_8371	1.00E-02	3.15E-01	1.00E+00	2.51E+00	4.33E-01	-7.92E-01	-2.41E+01	3.25E+01	bad-chisq
group_8370	1.00E-02	3.15E-01	1.00E+00	2.51E+00	4.33E-01	-7.92E-01	-2.41E+01	3.25E+01	bad-chisq
group_8369	1.00E-02	3.15E-01	1.00E+00	2.51E+00	4.33E-01	-7.92E-01	-2.41E+01	3.25E+01	bad-chisq
group_8368	1.00E-02	3.15E-01	1.00E+00	2.51E+00	4.33E-01	-7.92E-01	-2.41E+01	3.25E+01	bad-chisq
group_8367	1.00E-02	3.15E-01	1.00E+00	2.51E+00	4.33E-01	-7.92E-01	-2.41E+01	3.25E+01	bad-chisq
group_8366	1.00E-02	3.15E-01	1.00E+00	2.51E+00	4.33E-01	-7.92E-01	-2.41E+01	3.25E+01	bad-chisq
group_8365	1.00E-02	3.15E-01	1.00E+00	2.51E+00	4.33E-01	-7.92E-01	-2.41E+01	3.25E+01	bad-chisq
group_8364	1.00E-02	3.15E-01	1.00E+00	2.51E+00	4.33E-01	-7.92E-01	-2.41E+01	3.25E+01	bad-chisq
group_8363	1.00E-02	3.15E-01	1.00E+00	2.51E+00	4.33E-01	-7.92E-01	-2.41E+01	3.25E+01	bad-chisq
group_8362	1.00E-02	3.15E-01	1.00E+00	2.51E+00	4.33E-01	-7.92E-01	-2.41E+01	3.25E+01	bad-chisq
group_8361	1.00E-02	3.15E-01	1.00E+00	2.51E+00	4.33E-01	-7.92E-01	-2.41E+01	3.25E+01	bad-chisq
group_8360	1.00E-02	3.15E-01	1.00E+00	2.51E+00	4.33E-01	-7.92E-01	-2.41E+01	3.25E+01	bad-chisq
group_8359	1.00E-02	3.15E-01	1.00E+00	2.51E+00	4.33E-01	-7.92E-01	-2.41E+01	3.25E+01	bad-chisq
group_8358	1.00E-02	3.15E-01	1.00E+00	2.51E+00	4.33E-01	-7.92E-01	-2.41E+01	3.25E+01	bad-chisq
group_8357	1.00E-02	3.15E-01	1.00E+00	2.51E+00	4.33E-01	-7.92E-01	-2.41E+01	3.25E+01	bad-chisq
group_8356	1.00E-02	3.15E-01	1.00E+00	2.51E+00	4.33E-01	-7.92E-01	-2.41E+01	3.25E+01	bad-chisq
group_8355	1.00E-02	3.15E-01	1.00E+00	2.51E+00	4.33E-01	-7.92E-01	-2.41E+01	3.25E+01	bad-chisq
group_8354	1.00E-02	3.15E-01	1.00E+00	2.51E+00	4.33E-01	-7.92E-01	-2.41E+01	3.25E+01	bad-chisq
group_8353	1.00E-02	3.15E-01	1.00E+00	2.51E+00	4.33E-01	-7.92E-01	-2.41E+01	3.25E+01	bad-chisq
group_8352	1.00E-02	3.15E-01	1.00E+00	2.51E+00	4.33E-01	-7.92E-01	-2.41E+01	3.25E+01	bad-chisq
group_8351	1.00E-02	3.15E-01	1.00E+00	2.51E+00	4.33E-01	-7.92E-01	-2.41E+01	3.25E+01	bad-chisq
group_8350	1.00E-02	3.15E-01	1.00E+00	2.51E+00	4.33E-01	-7.92E-01	-2.41E+01	3.25E+01	bad-chisq
group_8349	1.00E-02	3.15E-01	1.00E+00	2.51E+00	4.33E-01	-7.92E-01	-2.41E+01	3.25E+01	bad-chisq
group_8348	1.00E-02	3.15E-01	1.00E+00	2.51E+00	4.33E-01	-7.92E-01	-2.41E+01	3.25E+01	bad-chisq
group_8347	1.00E-02	3.15E-01	1.00E+00	2.51E+00	4.33E-01	-7.92E-01	-2.41E+01	3.25E+01	bad-chisq
group_8346	1.00E-02	3.15E-01	1.00E+00	2.51E+00	4.33E-01	-7.92E-01	-2.41E+01	3.25E+01	bad-chisq
group_8345	1.00E-02	3.15E-01	1.00E+00	2.51E+00	4.33E-01	-7.92E-01	-2.41E+01	3.25E+01	bad-chisq
group_8344	1.00E-02	3.15E-01	1.00E+00	2.51E+00	4.33E-01	-7.92E-01	-2.41E+01	3.25E+01	bad-chisq
group_8343	1.00E-02	3.15E-01	1.00E+00	2.51E+00	4.33E-01	-7.92E-01	-2.41E+01	3.25E+01	bad-chisq
group_8342	1.00E-02	3.15E-01	1.00E+00	2.51E+00	4.33E-01	-7.92E-01	-2.41E+01	3.25E+01	bad-chisq
group_8341	1.00E-02	3.15E-01	1.00E+00	2.51E+00	4.33E-01	-7.92E-01	-2.41E+01	3.25E+01	bad-chisq
group_8340	1.00E-02	3.15E-01	1.00E+00	2.42E+00	4.33E-01	-7.92E-01	-2.41E+01	3.25E+01	bad-chisq
group_8339	1.00E-02	3.15E-01	1.00E+00	2.42E+00	4.33E-01	-7.92E-01	-2.41E+01	3.25E+01	bad-chisq
group_8338	1.00E-02	3.15E-01	1.00E+00	2.42E+00	4.33E-01	-7.92E-01	-2.41E+01	3.25E+01	bad-chisq
group_8337	1.00E-02	3.15E-01	1.00E+00	2.42E+00	4.33E-01	-7.92E-01	-2.41E+01	3.25E+01	bad-chisq
group_8336	1.00E-02	3.15E-01	1.00E+00	2.42E+00	4.33E-01	-7.92E-01	-2.41E+01	3.25E+01	bad-chisq
group_8335	1.00E-02	3.15E-01	1.00E+00	2.42E+00	4.33E-01	-7.92E-01	-2.41E+01	3.25E+01	bad-chisq
group_8334	1.00E-02	3.15E-01	1.00E+00	2.42E+00	4.33E-01	-7.92E-01	-2.41E+01	3.25E+01	bad-chisq
group_8333	1.00E-02	3.15E-01	1.00E+00	2.42E+00	4.33E-01	-7.92E-01	-2.41E+01	3.25E+01	bad-chisq
group_8332	1.00E-02	3.15E-01	1.00E+00	2.42E+00	4.33E-01	-7.92E-01	-2.41E+01	3.25E+01	bad-chisq
group_8331	1.00E-02	3.15E-01	1.00E+00	2.42E+00	4.33E-01	-7.92E-01	-2.41E+01	3.25E+01	bad-chisq
group_8330	1.00E-02	3.15E-01	1.00E+00	2.42E+00	4.33E-01	-7.92E-01	-2.41E+01	3.25E+01	bad-chisq
group_8329	1.00E-02	3.15E-01	1.00E+00	2.42E+00	4.33E-01	-7.92E-01	-2.41E+01	3.25E+01	bad-chisq
group_8328	1.00E-02	3.15E-01	1.00E+00	-8.09E-01	4.33E-01	-7.44E-01	-2.39E+01	3.21E+01	bad-chisq
group_8327	1.00E-02	3.15E-01	1.00E+00	-8.09E-01	4.33E-01	-7.44E-01	-2.39E+01	3.21E+01	bad-chisq
group_8326	1.00E-02	3.15E-01	1.00E+00	-8.09E-01	4.33E-01	-7.44E-01	-2.39E+01	3.21E+01	bad-chisq
group_8325	1.00E-02	3.15E-01	1.00E+00	-8.09E-01	4.33E-01	-7.44E-01	-2.39E+01	3.21E+01	bad-chisq
group_8324	1.00E-02	3.15E-01	1.00E+00	-8.09E-01	4.33E-01	-7.44E-01	-2.39E+01	3.21E+01	bad-chisq
group_8323	1.00E-02	3.15E-01	1.00E+00	-8.09E-01	4.33E-01	-7.44E-01	-2.39E+01	3.21E+01	bad-chisq
group_8322	1.00E-02	3.15E-01	1.00E+00	-8.09E-01	4.33E-01	-7.44E-01	-2.39E+01	3.21E+01	bad-chisq
group_8321	1.00E-02	3.15E-01	1.00E+00	-8.09E-01	4.33E-01	-7.44E-01	-2.39E+01	3.21E+01	bad-chisq
group_8320	1.00E-02	3.15E-01	1.00E+00	-8.09E-01	4.33E-01	-7.44E-01	-2.39E+01	3.21E+01	bad-chisq
group_8319	1.00E-02	3.15E-01	1.00E+00	-8.09E-01	4.33E-01	-7.44E-01	-2.39E+01	3.21E+01	bad-chisq
group_8318	1.00E-02	3.15E-01	1.00E+00	-8.09E-01	4.33E-01	-7.44E-01	-2.39E+01	3.21E+01	bad-chisq
group_8317	1.00E-02	3.15E-01	1.00E+00	-8.09E-01	4.33E-01	-7.44E-01	-2.39E+01	3.21E+01	bad-chisq
group_8316	1.00E-02	3.15E-01	1.00E+00	-8.09E-01	4.33E-01	-7.44E-01	-2.39E+01	3.21E+01	bad-chisq
group_8315	1.00E-02	3.15E-01	1.00E+00	-8.09E-01	4.33E-01	-7.44E-01	-2.39E+01	3.21E+01	bad-chisq
group_8314	1.00E-02	3.15E-01	1.00E+00	-8.09E-01	4.33E-01	-7.44E-01	-2.39E+01	3.21E+01	bad-chisq
group_8313	1.00E-02	3.15E-01	1.00E+00	-8.09E-01	4.33E-01	-7.44E-01	-2.39E+01	3.21E+01	bad-chisq
group_8312	1.00E-02	3.15E-01	1.00E+00	-8.09E-01	4.33E-01	-7.44E-01	-2.39E+01	3.21E+01	bad-chisq
group_8311	1.00E-02	3.15E-01	1.00E+00	-8.09E-01	4.33E-01	-7.44E-01	-2.39E+01	3.21E+01	bad-chisq
group_8310	1.00E-02	3.15E-01	1.00E+00	-8.09E-01	4.33E-01	-7.44E-01	-2.39E+01	3.21E+01	bad-chisq
group_8309	1.00E-02	3.15E-01	1.17E-01	-3.53E+00	4.33E-01	-7.32E-01	-2.57E+01	3.35E+01	bad-chisq
group_8308	1.00E-02	3.15E-01	1.17E-01	-3.53E+00	4.33E-01	-7.32E-01	-2.57E+01	3.35E+01	bad-chisq
group_8307	1.00E-02	3.15E-01	1.17E-01	-3.53E+00	4.33E-01	-7.32E-01	-2.57E+01	3.35E+01	bad-chisq
group_8306	1.00E-02	3.15E-01	1.17E-01	-3.53E+00	4.33E-01	-7.32E-01	-2.57E+01	3.35E+01	bad-chisq
group_8305	1.00E-02	3.15E-01	1.17E-01	-3.53E+00	4.33E-01	-7.32E-01	-2.57E+01	3.35E+01	bad-chisq
group_8304	1.00E-02	3.15E-01	1.17E-01	-3.53E+00	4.33E-01	-7.32E-01	-2.57E+01	3.35E+01	bad-chisq
group_8303	1.00E-02	3.15E-01	1.17E-01	-3.53E+00	4.33E-01	-7.32E-01	-2.57E+01	3.35E+01	bad-chisq
group_8302	1.00E-02	3.15E-01	1.17E-01	-3.53E+00	4.33E-01	-7.32E-01	-2.57E+01	3.35E+01	bad-chisq
group_8301	1.00E-02	3.15E-01	1.17E-01	-3.53E+00	4.33E-01	-7.32E-01	-2.57E+01	3.35E+01	bad-chisq
group_8300	1.00E-02	3.15E-01	1.00E+00	-3.40E-01	4.33E-01	-7.51E-01	-2.39E+01	3.20E+01	bad-chisq
group_8299	1.00E-02	3.15E-01	1.00E+00	-3.40E-01	4.33E-01	-7.51E-01	-2.39E+01	3.20E+01	bad-chisq
group_8298	1.00E-02	3.15E-01	1.00E+00	-3.40E-01	4.33E-01	-7.51E-01	-2.39E+01	3.20E+01	bad-chisq
group_8297	1.00E-02	3.15E-01	1.00E+00	-3.40E-01	4.33E-01	-7.51E-01	-2.39E+01	3.20E+01	bad-chisq
group_8296	1.00E-02	3.15E-01	1.00E+00	-3.40E-01	4.33E-01	-7.51E-01	-2.39E+01	3.20E+01	bad-chisq
group_8295	1.00E-02	3.15E-01	1.00E+00	-3.40E-01	4.33E-01	-7.51E-01	-2.39E+01	3.20E+01	bad-chisq
group_8294	1.00E-02	3.15E-01	1.00E+00	-3.40E-01	4.33E-01	-7.51E-01	-2.39E+01	3.20E+01	bad-chisq
group_8293	1.00E-02	3.15E-01	1.00E+00	-3.40E-01	4.33E-01	-7.51E-01	-2.39E+01	3.20E+01	bad-chisq
group_8292	1.00E-02	3.15E-01	1.00E+00	-3.40E-01	4.33E-01	-7.51E-01	-2.39E+01	3.20E+01	bad-chisq
group_8291	1.00E-02	3.15E-01	1.00E+00	-3.40E-01	4.33E-01	-7.51E-01	-2.39E+01	3.20E+01	bad-chisq
group_8290	1.00E-02	3.15E-01	1.00E+00	-3.40E-01	4.33E-01	-7.51E-01	-2.39E+01	3.20E+01	bad-chisq
group_8289	1.00E-02	3.15E-01	1.00E+00	-3.40E-01	4.33E-01	-7.51E-01	-2.39E+01	3.20E+01	bad-chisq
group_8288	1.00E-02	3.15E-01	1.00E+00	-3.40E-01	4.33E-01	-7.51E-01	-2.39E+01	3.20E+01	bad-chisq
group_8287	1.00E-02	3.15E-01	1.00E+00	-3.40E-01	4.33E-01	-7.51E-01	-2.39E+01	3.20E+01	bad-chisq
group_8286	1.00E-02	3.15E-01	1.00E+00	-3.40E-01	4.33E-01	-7.51E-01	-2.39E+01	3.20E+01	bad-chisq
group_8285	1.00E-02	3.15E-01	1.00E+00	-3.40E-01	4.33E-01	-7.51E-01	-2.39E+01	3.20E+01	bad-chisq
group_8284	1.00E-02	3.15E-01	1.00E+00	-3.40E-01	4.33E-01	-7.51E-01	-2.39E+01	3.20E+01	bad-chisq
group_8283	1.00E-02	3.15E-01	1.00E+00	-3.40E-01	4.33E-01	-7.51E-01	-2.39E+01	3.20E+01	bad-chisq
group_8282	1.00E-02	3.15E-01	1.00E+00	-3.40E-01	4.33E-01	-7.51E-01	-2.39E+01	3.20E+01	bad-chisq
group_8281	1.00E-02	3.15E-01	1.00E+00	-3.40E-01	4.33E-01	-7.51E-01	-2.39E+01	3.20E+01	bad-chisq
group_8280	1.00E-02	3.15E-01	1.00E+00	-3.40E-01	4.33E-01	-7.51E-01	-2.39E+01	3.20E+01	bad-chisq
group_8279	1.00E-02	3.15E-01	1.00E+00	-3.40E-01	4.33E-01	-7.51E-01	-2.39E+01	3.20E+01	bad-chisq
group_8278	1.00E-02	3.15E-01	1.00E+00	-3.40E-01	4.33E-01	-7.51E-01	-2.39E+01	3.20E+01	bad-chisq
group_8277	1.00E-02	3.15E-01	4.65E-02	4.49E+00	4.33E-01	-1.10E+00	-2.76E+01	3.80E+01	bad-chisq
group_8276	1.00E-02	3.15E-01	1.00E+00	9.87E-01	4.33E-01	-8.19E-01	-2.42E+01	3.22E+01	bad-chisq
group_8275	1.00E-02	3.15E-01	1.00E+00	9.87E-01	4.33E-01	-8.19E-01	-2.42E+01	3.22E+01	bad-chisq
group_8274	1.00E-02	3.15E-01	1.00E+00	9.87E-01	4.33E-01	-8.19E-01	-2.42E+01	3.22E+01	bad-chisq
group_8273	1.00E-02	3.15E-01	1.00E+00	9.87E-01	4.33E-01	-8.19E-01	-2.42E+01	3.22E+01	bad-chisq
group_8272	1.00E-02	3.15E-01	1.00E+00	9.87E-01	4.33E-01	-8.19E-01	-2.42E+01	3.22E+01	bad-chisq
group_8271	1.00E-02	3.15E-01	1.00E+00	9.87E-01	4.33E-01	-8.19E-01	-2.42E+01	3.22E+01	bad-chisq
group_8270	1.00E-02	3.15E-01	1.00E+00	9.87E-01	4.33E-01	-8.19E-01	-2.42E+01	3.22E+01	bad-chisq
group_8269	1.00E-02	3.15E-01	1.00E+00	9.87E-01	4.33E-01	-8.19E-01	-2.42E+01	3.22E+01	bad-chisq
group_8268	1.00E-02	3.15E-01	1.00E+00	9.87E-01	4.33E-01	-8.19E-01	-2.42E+01	3.22E+01	bad-chisq
group_8227	1.00E-02	3.15E-01	4.73E-01	-2.32E+00	4.33E-01	-8.08E-01	-2.48E+01	3.43E+01	bad-chisq
group_8226	1.00E-02	3.15E-01	4.73E-01	-2.32E+00	4.33E-01	-8.08E-01	-2.48E+01	3.43E+01	bad-chisq
group_8224	1.00E-02	3.15E-01	1.00E+00	4.51E+00	4.33E-01	-7.98E-01	-2.42E+01	3.26E+01	bad-chisq
group_8223	1.00E-02	3.15E-01	1.00E+00	4.51E+00	4.33E-01	-7.98E-01	-2.42E+01	3.26E+01	bad-chisq
group_8222	1.00E-02	3.15E-01	1.00E+00	4.51E+00	4.33E-01	-7.98E-01	-2.42E+01	3.26E+01	bad-chisq
group_8221	1.00E-02	3.15E-01	1.00E+00	4.51E+00	4.33E-01	-7.98E-01	-2.42E+01	3.26E+01	bad-chisq
group_8220	1.00E-02	3.15E-01	1.00E+00	4.51E+00	4.33E-01	-7.98E-01	-2.42E+01	3.26E+01	bad-chisq
group_8219	1.00E-02	3.15E-01	1.00E+00	4.51E+00	4.33E-01	-7.98E-01	-2.42E+01	3.26E+01	bad-chisq
group_8218	1.00E-02	3.15E-01	1.00E+00	4.51E+00	4.33E-01	-7.98E-01	-2.42E+01	3.26E+01	bad-chisq
group_8214	1.00E-02	3.15E-01	1.00E+00	-1.55E+00	4.33E-01	-7.41E-01	-2.42E+01	3.24E+01	bad-chisq
group_8213	1.00E-02	3.15E-01	1.00E+00	-1.55E+00	4.33E-01	-7.41E-01	-2.42E+01	3.24E+01	bad-chisq
group_8212	1.00E-02	3.15E-01	1.00E+00	-1.55E+00	4.33E-01	-7.41E-01	-2.42E+01	3.24E+01	bad-chisq
crcB	1.00E-02	3.15E-01	1.00E+00	-1.55E+00	4.33E-01	-7.41E-01	-2.42E+01	3.24E+01	bad-chisq
group_8207	1.00E-02	3.15E-01	1.00E+00	-1.55E+00	4.33E-01	-7.41E-01	-2.42E+01	3.24E+01	bad-chisq
group_8206	1.00E-02	3.15E-01	1.00E+00	-1.55E+00	4.33E-01	-7.41E-01	-2.42E+01	3.24E+01	bad-chisq
group_8205	1.00E-02	3.15E-01	1.00E+00	-1.55E+00	4.33E-01	-7.41E-01	-2.42E+01	3.24E+01	bad-chisq
group_8204	1.00E-02	3.15E-01	1.00E+00	-1.55E+00	4.33E-01	-7.41E-01	-2.42E+01	3.24E+01	bad-chisq
group_8203	1.00E-02	3.15E-01	1.00E+00	-1.55E+00	4.33E-01	-7.41E-01	-2.42E+01	3.24E+01	bad-chisq
group_8202	1.00E-02	3.15E-01	1.00E+00	-1.55E+00	4.33E-01	-7.41E-01	-2.42E+01	3.24E+01	bad-chisq
group_8201	1.00E-02	3.15E-01	1.00E+00	-1.55E+00	4.33E-01	-7.41E-01	-2.42E+01	3.24E+01	bad-chisq
group_8200	1.00E-02	3.15E-01	1.00E+00	-1.55E+00	4.33E-01	-7.41E-01	-2.42E+01	3.24E+01	bad-chisq
group_8199	1.00E-02	3.15E-01	1.00E+00	-1.55E+00	4.33E-01	-7.41E-01	-2.42E+01	3.24E+01	bad-chisq
vapC	1.00E-02	3.15E-01	1.00E+00	-1.55E+00	4.33E-01	-7.41E-01	-2.42E+01	3.24E+01	bad-chisq
vapB2	1.00E-02	3.15E-01	1.00E+00	-1.55E+00	4.33E-01	-7.41E-01	-2.42E+01	3.24E+01	bad-chisq
group_8191	1.00E-02	3.15E-01	1.00E+00	-8.09E-01	4.33E-01	-7.44E-01	-2.39E+01	3.21E+01	bad-chisq
group_8190	1.00E-02	3.15E-01	1.00E+00	-8.09E-01	4.33E-01	-7.44E-01	-2.39E+01	3.21E+01	bad-chisq
group_8189	1.00E-02	3.15E-01	1.00E+00	5.04E-01	4.33E-01	-7.67E-01	-2.39E+01	3.21E+01	bad-chisq
group_8188	1.00E-02	3.15E-01	1.00E+00	5.04E-01	4.33E-01	-7.67E-01	-2.39E+01	3.21E+01	bad-chisq
group_8186	1.00E-02	3.15E-01	1.00E+00	5.04E-01	4.33E-01	-7.67E-01	-2.39E+01	3.21E+01	bad-chisq
group_8185	1.00E-02	3.15E-01	1.00E+00	5.04E-01	4.33E-01	-7.67E-01	-2.39E+01	3.21E+01	bad-chisq
group_8184	1.00E-02	3.15E-01	1.00E+00	5.04E-01	4.33E-01	-7.67E-01	-2.39E+01	3.21E+01	bad-chisq
group_8183	1.00E-02	3.15E-01	1.00E+00	5.04E-01	4.33E-01	-7.67E-01	-2.39E+01	3.21E+01	bad-chisq
group_8182	1.00E-02	3.15E-01	1.00E+00	5.04E-01	4.33E-01	-7.67E-01	-2.39E+01	3.21E+01	bad-chisq
group_8181	1.00E-02	3.15E-01	1.00E+00	5.04E-01	4.33E-01	-7.67E-01	-2.39E+01	3.21E+01	bad-chisq
group_8180	1.00E-02	3.15E-01	1.00E+00	5.04E-01	4.33E-01	-7.67E-01	-2.39E+01	3.21E+01	bad-chisq
group_8179	1.00E-02	3.15E-01	1.00E+00	5.04E-01	4.33E-01	-7.67E-01	-2.39E+01	3.21E+01	bad-chisq
group_8178	1.00E-02	3.15E-01	1.00E+00	5.04E-01	4.33E-01	-7.67E-01	-2.39E+01	3.21E+01	bad-chisq
group_8177	1.00E-02	3.15E-01	1.00E+00	5.04E-01	4.33E-01	-7.67E-01	-2.39E+01	3.21E+01	bad-chisq
group_8176	1.00E-02	3.15E-01	1.00E+00	5.04E-01	4.33E-01	-7.67E-01	-2.39E+01	3.21E+01	bad-chisq
group_8168	1.00E-02	3.15E-01	1.00E+00	5.65E+01	4.33E-01	-7.99E-01	-2.42E+01	3.26E+01	bad-chisq
group_8167	1.00E-02	3.15E-01	1.00E+00	5.65E+01	4.33E-01	-7.99E-01	-2.42E+01	3.26E+01	bad-chisq
group_8166	1.00E-02	3.15E-01	1.00E+00	5.65E+01	4.33E-01	-7.99E-01	-2.42E+01	3.26E+01	bad-chisq
group_8165	1.00E-02	3.15E-01	1.00E+00	5.65E+01	4.33E-01	-7.99E-01	-2.42E+01	3.26E+01	bad-chisq
group_8164	1.00E-02	3.15E-01	1.00E+00	5.65E+01	4.33E-01	-7.99E-01	-2.42E+01	3.26E+01	bad-chisq
group_8163	1.00E-02	3.15E-01	1.00E+00	5.65E+01	4.33E-01	-7.99E-01	-2.42E+01	3.26E+01	bad-chisq
group_8162	1.00E-02	3.15E-01	1.00E+00	5.65E+01	4.33E-01	-7.99E-01	-2.42E+01	3.26E+01	bad-chisq
group_8161	1.00E-02	3.15E-01	1.00E+00	5.65E+01	4.33E-01	-7.99E-01	-2.42E+01	3.26E+01	bad-chisq
group_8160	1.00E-02	3.15E-01	1.00E+00	5.65E+01	4.33E-01	-7.99E-01	-2.42E+01	3.26E+01	bad-chisq
group_8159	1.00E-02	3.15E-01	1.00E+00	5.65E+01	4.33E-01	-7.99E-01	-2.42E+01	3.26E+01	bad-chisq
group_8158	1.00E-02	3.15E-01	1.00E+00	5.65E+01	4.33E-01	-7.99E-01	-2.42E+01	3.26E+01	bad-chisq
group_8157	1.00E-02	3.15E-01	1.00E+00	5.65E+01	4.33E-01	-7.99E-01	-2.42E+01	3.26E+01	bad-chisq
group_8156	1.00E-02	3.15E-01	1.00E+00	5.65E+01	4.33E-01	-7.99E-01	-2.42E+01	3.26E+01	bad-chisq
group_8155	1.00E-02	3.15E-01	1.00E+00	5.65E+01	4.33E-01	-7.99E-01	-2.42E+01	3.26E+01	bad-chisq
group_8154	1.00E-02	3.15E-01	1.00E+00	5.65E+01	4.33E-01	-7.99E-01	-2.42E+01	3.26E+01	bad-chisq
group_8153	1.00E-02	3.15E-01	1.00E+00	5.65E+01	4.33E-01	-7.99E-01	-2.42E+01	3.26E+01	bad-chisq
group_8152	1.00E-02	3.15E-01	1.00E+00	5.65E+01	4.33E-01	-7.99E-01	-2.42E+01	3.26E+01	bad-chisq
group_8151	1.00E-02	3.15E-01	1.00E+00	5.65E+01	4.33E-01	-7.99E-01	-2.42E+01	3.26E+01	bad-chisq
group_8150	1.00E-02	3.15E-01	1.00E+00	5.65E+01	4.33E-01	-7.99E-01	-2.42E+01	3.26E+01	bad-chisq
group_8149	1.00E-02	3.15E-01	1.00E+00	5.65E+01	4.33E-01	-7.99E-01	-2.42E+01	3.26E+01	bad-chisq
group_8148	1.00E-02	3.15E-01	1.00E+00	5.65E+01	4.33E-01	-7.99E-01	-2.42E+01	3.26E+01	bad-chisq
group_8147	1.00E-02	3.15E-01	1.00E+00	5.65E+01	4.33E-01	-7.99E-01	-2.42E+01	3.26E+01	bad-chisq
group_8146	1.00E-02	3.15E-01	1.00E+00	5.65E+01	4.33E-01	-7.99E-01	-2.42E+01	3.26E+01	bad-chisq
group_8145	1.00E-02	3.15E-01	1.00E+00	5.65E+01	4.33E-01	-7.99E-01	-2.42E+01	3.26E+01	bad-chisq
group_8144	1.00E-02	3.15E-01	1.00E+00	5.65E+01	4.33E-01	-7.99E-01	-2.42E+01	3.26E+01	bad-chisq
group_8142	1.00E-02	3.15E-01	1.00E+00	6.20E-02	4.33E-01	-7.58E-01	-2.39E+01	3.20E+01	bad-chisq
group_8140	1.00E-02	3.15E-01	1.00E+00	6.20E-02	4.33E-01	-7.58E-01	-2.39E+01	3.20E+01	bad-chisq
group_8137	1.00E-02	3.15E-01	1.00E+00	6.20E-02	4.33E-01	-7.58E-01	-2.39E+01	3.20E+01	bad-chisq
group_8134	1.00E-02	3.15E-01	1.00E+00	6.20E-02	4.33E-01	-7.58E-01	-2.39E+01	3.20E+01	bad-chisq
group_8133	1.00E-02	3.15E-01	1.00E+00	6.20E-02	4.33E-01	-7.58E-01	-2.39E+01	3.20E+01	bad-chisq
group_8132	1.00E-02	3.15E-01	1.00E+00	6.20E-02	4.33E-01	-7.58E-01	-2.39E+01	3.20E+01	bad-chisq
group_8131	1.00E-02	3.15E-01	1.00E+00	6.20E-02	4.33E-01	-7.58E-01	-2.39E+01	3.20E+01	bad-chisq
group_8130	1.00E-02	3.15E-01	1.00E+00	6.20E-02	4.33E-01	-7.58E-01	-2.39E+01	3.20E+01	bad-chisq
group_8129	1.00E-02	3.15E-01	1.00E+00	6.20E-02	4.33E-01	-7.58E-01	-2.39E+01	3.20E+01	bad-chisq
group_8128	1.00E-02	3.15E-01	1.00E+00	6.20E-02	4.33E-01	-7.58E-01	-2.39E+01	3.20E+01	bad-chisq
group_8127	1.00E-02	3.15E-01	1.00E+00	6.20E-02	4.33E-01	-7.58E-01	-2.39E+01	3.20E+01	bad-chisq
group_8126	1.00E-02	3.15E-01	1.00E+00	6.20E-02	4.33E-01	-7.58E-01	-2.39E+01	3.20E+01	bad-chisq
group_8125	1.00E-02	3.15E-01	1.00E+00	6.20E-02	4.33E-01	-7.58E-01	-2.39E+01	3.20E+01	bad-chisq
group_8124	1.00E-02	3.15E-01	1.00E+00	6.20E-02	4.33E-01	-7.58E-01	-2.39E+01	3.20E+01	bad-chisq
group_8123	1.00E-02	3.15E-01	1.00E+00	6.20E-02	4.33E-01	-7.58E-01	-2.39E+01	3.20E+01	bad-chisq
yhjC	1.00E-02	3.15E-01	1.00E+00	6.20E-02	4.33E-01	-7.58E-01	-2.39E+01	3.20E+01	bad-chisq
group_8122	1.00E-02	3.15E-01	1.00E+00	6.20E-02	4.33E-01	-7.58E-01	-2.39E+01	3.20E+01	bad-chisq
group_8121	1.00E-02	3.15E-01	1.00E+00	6.20E-02	4.33E-01	-7.58E-01	-2.39E+01	3.20E+01	bad-chisq
group_8120	1.00E-02	3.15E-01	1.00E+00	6.20E-02	4.33E-01	-7.58E-01	-2.39E+01	3.20E+01	bad-chisq
group_8119	1.00E-02	3.15E-01	1.00E+00	6.20E-02	4.33E-01	-7.58E-01	-2.39E+01	3.20E+01	bad-chisq
group_8118	1.00E-02	3.15E-01	1.00E+00	6.20E-02	4.33E-01	-7.58E-01	-2.39E+01	3.20E+01	bad-chisq
group_8117	1.00E-02	3.15E-01	1.00E+00	6.20E-02	4.33E-01	-7.58E-01	-2.39E+01	3.20E+01	bad-chisq
group_8116	1.00E-02	3.15E-01	1.00E+00	6.20E-02	4.33E-01	-7.58E-01	-2.39E+01	3.20E+01	bad-chisq
group_8115	1.00E-02	3.15E-01	1.00E+00	6.20E-02	4.33E-01	-7.58E-01	-2.39E+01	3.20E+01	bad-chisq
group_8112	1.00E-02	3.15E-01	1.00E+00	9.60E-01	4.33E-01	-7.74E-01	-2.40E+01	3.22E+01	bad-chisq
group_8111	1.00E-02	3.15E-01	1.00E+00	9.60E-01	4.33E-01	-7.74E-01	-2.40E+01	3.22E+01	bad-chisq
group_8094	1.00E-02	3.15E-01	1.00E+00	2.42E+00	4.33E-01	-7.92E-01	-2.41E+01	3.25E+01	bad-chisq
group_8092	1.00E-02	3.15E-01	1.00E+00	9.60E-01	4.33E-01	-7.74E-01	-2.40E+01	3.22E+01	bad-chisq
group_8080	1.00E-02	3.15E-01	1.00E+00	2.42E+00	4.33E-01	-7.92E-01	-2.41E+01	3.25E+01	bad-chisq
group_8077	1.00E-02	3.15E-01	1.00E+00	9.60E-01	4.33E-01	-7.74E-01	-2.40E+01	3.22E+01	bad-chisq
group_8076	1.00E-02	3.15E-01	1.00E+00	9.60E-01	4.33E-01	-7.74E-01	-2.40E+01	3.22E+01	bad-chisq
group_8075	1.00E-02	3.15E-01	1.00E+00	9.60E-01	4.33E-01	-7.74E-01	-2.40E+01	3.22E+01	bad-chisq
group_8074	1.00E-02	3.15E-01	1.00E+00	9.60E-01	4.33E-01	-7.74E-01	-2.40E+01	3.22E+01	bad-chisq
group_8073	1.00E-02	3.15E-01	1.00E+00	9.60E-01	4.33E-01	-7.74E-01	-2.40E+01	3.22E+01	bad-chisq
group_8072	1.00E-02	3.15E-01	1.00E+00	9.60E-01	4.33E-01	-7.74E-01	-2.40E+01	3.22E+01	bad-chisq
group_8071	1.00E-02	3.15E-01	1.00E+00	9.60E-01	4.33E-01	-7.74E-01	-2.40E+01	3.22E+01	bad-chisq
group_8070	1.00E-02	3.15E-01	1.00E+00	9.60E-01	4.33E-01	-7.74E-01	-2.40E+01	3.22E+01	bad-chisq
group_8069	1.00E-02	3.15E-01	1.00E+00	9.60E-01	4.33E-01	-7.74E-01	-2.40E+01	3.22E+01	bad-chisq
group_8068	1.00E-02	3.15E-01	1.00E+00	9.60E-01	4.33E-01	-7.74E-01	-2.40E+01	3.22E+01	bad-chisq
group_8067	1.00E-02	3.15E-01	1.00E+00	9.60E-01	4.33E-01	-7.74E-01	-2.40E+01	3.22E+01	bad-chisq
group_8062	1.00E-02	3.15E-01	1.00E+00	-1.55E+00	4.33E-01	-7.41E-01	-2.42E+01	3.24E+01	bad-chisq
group_8060	1.00E-02	3.15E-01	1.00E+00	2.42E+00	4.33E-01	-7.92E-01	-2.41E+01	3.25E+01	bad-chisq
group_8059	1.00E-02	3.15E-01	1.00E+00	9.60E-01	4.33E-01	-7.74E-01	-2.40E+01	3.22E+01	bad-chisq
group_8058	1.00E-02	3.15E-01	1.00E+00	-1.55E+00	4.33E-01	-7.41E-01	-2.42E+01	3.24E+01	bad-chisq
group_8053	1.00E-02	3.15E-01	1.00E+00	3.28E+00	4.33E-01	-7.96E-01	-2.42E+01	3.25E+01	bad-chisq
group_8052	1.00E-02	3.15E-01	1.00E+00	3.28E+00	4.33E-01	-7.96E-01	-2.42E+01	3.25E+01	bad-chisq
group_8051	1.00E-02	3.15E-01	1.00E+00	3.28E+00	4.33E-01	-7.96E-01	-2.42E+01	3.25E+01	bad-chisq
group_8050	1.00E-02	3.15E-01	1.00E+00	3.28E+00	4.33E-01	-7.96E-01	-2.42E+01	3.25E+01	bad-chisq
shsP	1.00E-02	3.15E-01	1.00E+00	-1.55E+00	4.33E-01	-7.41E-01	-2.42E+01	3.24E+01	bad-chisq
group_8047	1.00E-02	3.15E-01	1.00E+00	-1.55E+00	4.33E-01	-7.41E-01	-2.42E+01	3.24E+01	bad-chisq
yfdX1	1.00E-02	3.15E-01	1.00E+00	-1.55E+00	4.33E-01	-7.41E-01	-2.42E+01	3.24E+01	bad-chisq
group_8046	1.00E-02	3.15E-01	1.00E+00	3.28E+00	4.33E-01	-7.96E-01	-2.42E+01	3.25E+01	bad-chisq
trxLHR	1.00E-02	3.15E-01	1.00E+00	3.28E+00	4.33E-01	-7.96E-01	-2.42E+01	3.25E+01	bad-chisq
group_8040	1.00E-02	3.15E-01	1.00E+00	3.28E+00	4.33E-01	-7.96E-01	-2.42E+01	3.25E+01	bad-chisq
group_8039	1.00E-02	3.15E-01	1.00E+00	3.28E+00	4.33E-01	-7.96E-01	-2.42E+01	3.25E+01	bad-chisq
group_8038	1.00E-02	3.15E-01	1.00E+00	3.28E+00	4.33E-01	-7.96E-01	-2.42E+01	3.25E+01	bad-chisq
group_8037	1.00E-02	3.15E-01	1.00E+00	3.28E+00	4.33E-01	-7.96E-01	-2.42E+01	3.25E+01	bad-chisq
group_8036	1.00E-02	3.15E-01	1.00E+00	3.28E+00	4.33E-01	-7.96E-01	-2.42E+01	3.25E+01	bad-chisq
group_8028	1.00E-02	3.15E-01	1.00E+00	2.21E+00	4.33E-01	-7.90E-01	-2.41E+01	3.24E+01	bad-chisq
group_8023	1.00E-02	3.15E-01	1.00E+00	7.71E-01	4.33E-01	-7.71E-01	-2.39E+01	3.21E+01	bad-chisq
tetRY	1.00E-02	3.15E-01	1.00E+00	7.71E-01	4.33E-01	-7.71E-01	-2.39E+01	3.21E+01	bad-chisq
tetY	1.00E-02	3.15E-01	1.00E+00	7.71E-01	4.33E-01	-7.71E-01	-2.39E+01	3.21E+01	bad-chisq
group_8022	1.00E-02	3.15E-01	1.00E+00	7.71E-01	4.33E-01	-7.71E-01	-2.39E+01	3.21E+01	bad-chisq
group_8021	1.00E-02	3.15E-01	1.00E+00	7.71E-01	4.33E-01	-7.71E-01	-2.39E+01	3.21E+01	bad-chisq
group_8018	1.00E-02	3.15E-01	1.00E+00	7.71E-01	4.33E-01	-7.71E-01	-2.39E+01	3.21E+01	bad-chisq
group_8017	1.00E-02	3.15E-01	1.00E+00	7.71E-01	4.33E-01	-7.71E-01	-2.39E+01	3.21E+01	bad-chisq
group_8016	1.00E-02	3.15E-01	1.00E+00	7.71E-01	4.33E-01	-7.71E-01	-2.39E+01	3.21E+01	bad-chisq
group_8015	1.00E-02	3.15E-01	1.00E+00	7.71E-01	4.33E-01	-7.71E-01	-2.39E+01	3.21E+01	bad-chisq
group_8014	1.00E-02	3.15E-01	1.00E+00	7.71E-01	4.33E-01	-7.71E-01	-2.39E+01	3.21E+01	bad-chisq
group_8013	1.00E-02	3.15E-01	1.00E+00	7.71E-01	4.33E-01	-7.71E-01	-2.39E+01	3.21E+01	bad-chisq
group_8012	1.00E-02	3.15E-01	1.00E+00	7.71E-01	4.33E-01	-7.71E-01	-2.39E+01	3.21E+01	bad-chisq
group_8011	1.00E-02	3.15E-01	1.00E+00	7.71E-01	4.33E-01	-7.71E-01	-2.39E+01	3.21E+01	bad-chisq
group_8010	1.00E-02	3.15E-01	1.00E+00	7.71E-01	4.33E-01	-7.71E-01	-2.39E+01	3.21E+01	bad-chisq
group_8009	1.00E-02	3.15E-01	1.00E+00	7.71E-01	4.33E-01	-7.71E-01	-2.39E+01	3.21E+01	bad-chisq
group_8008	1.00E-02	3.15E-01	1.00E+00	7.71E-01	4.33E-01	-7.71E-01	-2.39E+01	3.21E+01	bad-chisq
group_8007	1.00E-02	3.15E-01	1.00E+00	7.71E-01	4.33E-01	-7.71E-01	-2.39E+01	3.21E+01	bad-chisq
group_8006	1.00E-02	3.15E-01	1.00E+00	7.71E-01	4.33E-01	-7.71E-01	-2.39E+01	3.21E+01	bad-chisq
group_8005	1.00E-02	3.15E-01	1.00E+00	7.71E-01	4.33E-01	-7.71E-01	-2.39E+01	3.21E+01	bad-chisq
group_8004	1.00E-02	3.15E-01	1.00E+00	7.71E-01	4.33E-01	-7.71E-01	-2.39E+01	3.21E+01	bad-chisq
group_8003	1.00E-02	3.15E-01	1.00E+00	7.71E-01	4.33E-01	-7.71E-01	-2.39E+01	3.21E+01	bad-chisq
group_8002	1.00E-02	3.15E-01	1.00E+00	7.71E-01	4.33E-01	-7.71E-01	-2.39E+01	3.21E+01	bad-chisq
group_8001	1.00E-02	3.15E-01	1.00E+00	7.71E-01	4.33E-01	-7.71E-01	-2.39E+01	3.21E+01	bad-chisq
group_8000	1.00E-02	3.15E-01	1.00E+00	7.71E-01	4.33E-01	-7.71E-01	-2.39E+01	3.21E+01	bad-chisq
group_7999	1.00E-02	3.15E-01	1.00E+00	7.71E-01	4.33E-01	-7.71E-01	-2.39E+01	3.21E+01	bad-chisq
group_7998	1.00E-02	3.15E-01	1.00E+00	7.71E-01	4.33E-01	-7.71E-01	-2.39E+01	3.21E+01	bad-chisq
group_7997	1.00E-02	3.15E-01	1.00E+00	7.71E-01	4.33E-01	-7.71E-01	-2.39E+01	3.21E+01	bad-chisq
group_7993	1.00E-02	3.15E-01	1.00E+00	7.71E-01	4.33E-01	-7.71E-01	-2.39E+01	3.21E+01	bad-chisq
group_7992	1.00E-02	3.15E-01	1.00E+00	7.71E-01	4.33E-01	-7.71E-01	-2.39E+01	3.21E+01	bad-chisq
group_7990	1.00E-02	3.15E-01	1.00E+00	1.70E+00	4.33E-01	-7.85E-01	-2.41E+01	3.23E+01	bad-chisq
group_7989	1.00E-02	3.15E-01	1.00E+00	1.70E+00	4.33E-01	-7.85E-01	-2.41E+01	3.23E+01	bad-chisq
group_7974	1.00E-02	3.15E-01	3.41E-01	-2.51E+00	4.33E-01	-7.74E-01	-2.49E+01	3.37E+01	bad-chisq
group_7908	1.00E-02	3.15E-01	1.00E+00	3.29E+00	4.33E-01	-7.96E-01	-2.42E+01	3.25E+01	bad-chisq
group_7907	1.00E-02	3.15E-01	1.00E+00	3.29E+00	4.33E-01	-7.96E-01	-2.42E+01	3.25E+01	bad-chisq
group_7906	1.00E-02	3.15E-01	1.00E+00	3.29E+00	4.33E-01	-7.96E-01	-2.42E+01	3.25E+01	bad-chisq
group_7905	1.00E-02	3.15E-01	1.00E+00	3.29E+00	4.33E-01	-7.96E-01	-2.42E+01	3.25E+01	bad-chisq
group_7904	1.00E-02	3.15E-01	1.00E+00	3.29E+00	4.33E-01	-7.96E-01	-2.42E+01	3.25E+01	bad-chisq
group_7903	1.00E-02	3.15E-01	1.00E+00	3.29E+00	4.33E-01	-7.96E-01	-2.42E+01	3.25E+01	bad-chisq
group_7902	1.00E-02	3.15E-01	1.00E+00	3.29E+00	4.33E-01	-7.96E-01	-2.42E+01	3.25E+01	bad-chisq
group_7901	1.00E-02	3.15E-01	1.00E+00	3.29E+00	4.33E-01	-7.96E-01	-2.42E+01	3.25E+01	bad-chisq
group_7900	1.00E-02	3.15E-01	1.00E+00	3.29E+00	4.33E-01	-7.96E-01	-2.42E+01	3.25E+01	bad-chisq
group_7899	1.00E-02	3.15E-01	1.00E+00	3.29E+00	4.33E-01	-7.96E-01	-2.42E+01	3.25E+01	bad-chisq
group_7898	1.00E-02	3.15E-01	1.00E+00	3.29E+00	4.33E-01	-7.96E-01	-2.42E+01	3.25E+01	bad-chisq
ecpA	1.00E-02	3.15E-01	1.00E+00	3.29E+00	4.33E-01	-7.96E-01	-2.42E+01	3.25E+01	bad-chisq
group_7897	1.00E-02	3.15E-01	1.00E+00	3.29E+00	4.33E-01	-7.96E-01	-2.42E+01	3.25E+01	bad-chisq
group_7896	1.00E-02	3.15E-01	1.00E+00	3.29E+00	4.33E-01	-7.96E-01	-2.42E+01	3.25E+01	bad-chisq
group_7895	1.00E-02	3.15E-01	1.00E+00	3.29E+00	4.33E-01	-7.96E-01	-2.42E+01	3.25E+01	bad-chisq
group_7894	1.00E-02	3.15E-01	1.00E+00	3.29E+00	4.33E-01	-7.96E-01	-2.42E+01	3.25E+01	bad-chisq
group_7893	1.00E-02	3.15E-01	1.00E+00	3.29E+00	4.33E-01	-7.96E-01	-2.42E+01	3.25E+01	bad-chisq
group_7892	1.00E-02	3.15E-01	1.00E+00	3.29E+00	4.33E-01	-7.96E-01	-2.42E+01	3.25E+01	bad-chisq
ecpB	1.00E-02	3.15E-01	1.00E+00	3.29E+00	4.33E-01	-7.96E-01	-2.42E+01	3.25E+01	bad-chisq
rmtB1	1.00E-02	3.15E-01	1.00E+00	1.80E+00	4.33E-01	-7.86E-01	-2.41E+01	3.24E+01	bad-chisq
group_7852	1.00E-02	3.15E-01	1.00E+00	7.71E-01	4.33E-01	-7.71E-01	-2.39E+01	3.21E+01	bad-chisq
group_7846	1.00E-02	3.15E-01	1.00E+00	1.80E+00	4.33E-01	-7.86E-01	-2.41E+01	3.24E+01	bad-chisq
blaCARB16	1.00E-02	3.15E-01	1.00E+00	7.71E-01	4.33E-01	-7.71E-01	-2.39E+01	3.21E+01	bad-chisq
group_7842	1.00E-02	3.15E-01	1.00E+00	1.80E+00	4.33E-01	-7.86E-01	-2.41E+01	3.24E+01	bad-chisq
group_7839	1.00E-02	3.15E-01	1.00E+00	7.71E-01	4.33E-01	-7.71E-01	-2.39E+01	3.21E+01	bad-chisq
group_7835	1.00E-02	3.15E-01	1.00E+00	1.80E+00	4.33E-01	-7.86E-01	-2.41E+01	3.24E+01	bad-chisq
group_7834	1.00E-02	3.15E-01	1.00E+00	7.71E-01	4.33E-01	-7.71E-01	-2.39E+01	3.21E+01	bad-chisq
group_7832	1.00E-02	3.15E-01	1.00E+00	7.71E-01	4.33E-01	-7.71E-01	-2.39E+01	3.21E+01	bad-chisq
group_7829	1.00E-02	3.15E-01	1.00E+00	1.80E+00	4.33E-01	-7.86E-01	-2.41E+01	3.24E+01	bad-chisq
group_7824	1.00E-02	3.15E-01	1.00E+00	1.80E+00	4.33E-01	-7.86E-01	-2.41E+01	3.24E+01	bad-chisq
group_7823	1.00E-02	3.15E-01	1.00E+00	1.80E+00	4.33E-01	-7.86E-01	-2.41E+01	3.24E+01	bad-chisq
group_7806	1.00E-02	3.15E-01	1.00E+00	1.80E+00	4.33E-01	-7.86E-01	-2.41E+01	3.24E+01	bad-chisq
group_7805	1.00E-02	3.15E-01	1.00E+00	1.80E+00	4.33E-01	-7.86E-01	-2.41E+01	3.24E+01	bad-chisq
group_7804	1.00E-02	3.15E-01	1.00E+00	1.80E+00	4.33E-01	-7.86E-01	-2.41E+01	3.24E+01	bad-chisq
group_7803	1.00E-02	3.15E-01	1.00E+00	1.80E+00	4.33E-01	-7.86E-01	-2.41E+01	3.24E+01	bad-chisq
group_7802	1.00E-02	3.15E-01	1.00E+00	1.80E+00	4.33E-01	-7.86E-01	-2.41E+01	3.24E+01	bad-chisq
group_7801	1.00E-02	3.15E-01	1.00E+00	1.80E+00	4.33E-01	-7.86E-01	-2.41E+01	3.24E+01	bad-chisq
group_7800	1.00E-02	3.15E-01	1.00E+00	1.80E+00	4.33E-01	-7.86E-01	-2.41E+01	3.24E+01	bad-chisq
group_7799	1.00E-02	3.15E-01	1.00E+00	1.80E+00	4.33E-01	-7.86E-01	-2.41E+01	3.24E+01	bad-chisq
group_7798	1.00E-02	3.15E-01	1.00E+00	1.80E+00	4.33E-01	-7.86E-01	-2.41E+01	3.24E+01	bad-chisq
group_7797	1.00E-02	3.15E-01	1.00E+00	1.80E+00	4.33E-01	-7.86E-01	-2.41E+01	3.24E+01	bad-chisq
group_7796	1.00E-02	3.15E-01	1.00E+00	1.80E+00	4.33E-01	-7.86E-01	-2.41E+01	3.24E+01	bad-chisq
group_7795	1.00E-02	3.15E-01	1.00E+00	1.80E+00	4.33E-01	-7.86E-01	-2.41E+01	3.24E+01	bad-chisq
group_7794	1.00E-02	3.15E-01	1.00E+00	1.80E+00	4.33E-01	-7.86E-01	-2.41E+01	3.24E+01	bad-chisq
group_7793	1.00E-02	3.15E-01	1.00E+00	1.80E+00	4.33E-01	-7.86E-01	-2.41E+01	3.24E+01	bad-chisq
group_7792	1.00E-02	3.15E-01	2.19E-01	-2.89E+00	4.33E-01	-7.91E-01	-2.53E+01	3.43E+01	bad-chisq
group_7791	1.00E-02	3.15E-01	1.00E+00	1.80E+00	4.33E-01	-7.86E-01	-2.41E+01	3.24E+01	bad-chisq
group_7790	1.00E-02	3.15E-01	1.00E+00	1.80E+00	4.33E-01	-7.86E-01	-2.41E+01	3.24E+01	bad-chisq
group_7789	1.00E-02	3.15E-01	1.00E+00	1.80E+00	4.33E-01	-7.86E-01	-2.41E+01	3.24E+01	bad-chisq
group_7788	1.00E-02	3.15E-01	1.00E+00	1.80E+00	4.33E-01	-7.86E-01	-2.41E+01	3.24E+01	bad-chisq
group_7787	1.00E-02	3.15E-01	1.00E+00	1.80E+00	4.33E-01	-7.86E-01	-2.41E+01	3.24E+01	bad-chisq
group_7767	1.00E-02	3.15E-01	1.00E+00	-9.87E-01	4.33E-01	-8.06E-01	-2.41E+01	3.25E+01	bad-chisq
group_7766	1.00E-02	3.15E-01	1.00E+00	-9.87E-01	4.33E-01	-8.06E-01	-2.41E+01	3.25E+01	bad-chisq
group_7758	1.00E-02	3.15E-01	1.00E+00	-1.58E+00	4.33E-01	-8.02E-01	-2.41E+01	3.25E+01	bad-chisq
group_7757	1.00E-02	3.15E-01	1.00E+00	-1.58E+00	4.33E-01	-8.02E-01	-2.41E+01	3.25E+01	bad-chisq
group_7756	1.00E-02	3.15E-01	1.00E+00	-1.58E+00	4.33E-01	-8.02E-01	-2.41E+01	3.25E+01	bad-chisq
group_7755	1.00E-02	3.15E-01	1.00E+00	-1.58E+00	4.33E-01	-8.02E-01	-2.41E+01	3.25E+01	bad-chisq
group_7725	1.00E-02	3.15E-01	1.00E+00	2.04E+00	4.33E-01	-7.89E-01	-2.41E+01	3.24E+01	bad-chisq
group_7718	1.00E-02	3.15E-01	1.00E+00	2.04E+00	4.33E-01	-7.89E-01	-2.41E+01	3.24E+01	bad-chisq
group_7707	1.00E-02	3.15E-01	1.00E+00	2.04E+00	4.33E-01	-7.89E-01	-2.41E+01	3.24E+01	bad-chisq
group_7706	1.00E-02	3.15E-01	1.00E+00	2.04E+00	4.33E-01	-7.89E-01	-2.41E+01	3.24E+01	bad-chisq
group_7705	1.00E-02	3.15E-01	1.00E+00	2.04E+00	4.33E-01	-7.89E-01	-2.41E+01	3.24E+01	bad-chisq
group_7699	1.00E-02	3.15E-01	1.00E+00	2.04E+00	4.33E-01	-7.89E-01	-2.41E+01	3.24E+01	bad-chisq
group_7693	1.00E-02	3.15E-01	1.00E+00	2.04E+00	4.33E-01	-7.89E-01	-2.41E+01	3.24E+01	bad-chisq
group_7690	1.00E-02	3.15E-01	1.00E+00	2.04E+00	4.33E-01	-7.89E-01	-2.41E+01	3.24E+01	bad-chisq
group_7686	1.00E-02	3.15E-01	1.00E+00	2.04E+00	4.33E-01	-7.89E-01	-2.41E+01	3.24E+01	bad-chisq
group_7684	1.00E-02	3.15E-01	1.00E+00	2.04E+00	4.33E-01	-7.89E-01	-2.41E+01	3.24E+01	bad-chisq
group_7681	1.00E-02	3.15E-01	1.00E+00	2.04E+00	4.33E-01	-7.89E-01	-2.41E+01	3.24E+01	bad-chisq
group_7678	1.00E-02	3.15E-01	1.00E+00	2.04E+00	4.33E-01	-7.89E-01	-2.41E+01	3.24E+01	bad-chisq
group_7672	1.00E-02	3.15E-01	1.00E+00	2.04E+00	4.33E-01	-7.89E-01	-2.41E+01	3.24E+01	bad-chisq
group_6664	1.00E-02	3.15E-01	1.00E+00	9.87E-01	4.33E-01	-8.19E-01	-2.42E+01	3.22E+01	bad-chisq
group_6646	1.00E-02	3.15E-01	1.00E+00	9.87E-01	4.33E-01	-8.19E-01	-2.42E+01	3.22E+01	bad-chisq
group_6606	1.00E-02	3.15E-01	1.00E+00	9.87E-01	4.33E-01	-8.19E-01	-2.42E+01	3.22E+01	bad-chisq
group_6596	1.00E-02	3.15E-01	1.00E+00	9.10E-01	4.33E-01	-7.71E-01	-2.39E+01	3.21E+01	bad-chisq
group_6595	1.00E-02	3.15E-01	1.00E+00	9.10E-01	4.33E-01	-7.71E-01	-2.39E+01	3.21E+01	bad-chisq
group_6594	1.00E-02	3.15E-01	1.00E+00	9.10E-01	4.33E-01	-7.71E-01	-2.39E+01	3.21E+01	bad-chisq
group_6593	1.00E-02	3.15E-01	1.00E+00	9.10E-01	4.33E-01	-7.71E-01	-2.39E+01	3.21E+01	bad-chisq
group_6592	1.00E-02	3.15E-01	1.00E+00	2.07E+00	4.33E-01	-7.89E-01	-2.41E+01	3.24E+01	bad-chisq
group_6591	1.00E-02	3.15E-01	1.00E+00	2.07E+00	4.33E-01	-7.89E-01	-2.41E+01	3.24E+01	bad-chisq
group_6590	1.00E-02	3.15E-01	1.00E+00	2.42E+00	4.33E-01	-7.92E-01	-2.41E+01	3.25E+01	bad-chisq
group_6589	1.00E-02	3.15E-01	1.00E+00	2.42E+00	4.33E-01	-7.92E-01	-2.41E+01	3.25E+01	bad-chisq
group_6588	1.00E-02	3.15E-01	1.00E+00	9.87E-01	4.33E-01	-8.19E-01	-2.42E+01	3.22E+01	bad-chisq
group_6587	1.00E-02	3.15E-01	1.00E+00	5.04E-01	4.33E-01	-7.67E-01	-2.39E+01	3.21E+01	bad-chisq
group_6586	1.00E-02	3.15E-01	1.00E+00	5.04E-01	4.33E-01	-7.67E-01	-2.39E+01	3.21E+01	bad-chisq
group_6585	1.00E-02	3.15E-01	1.00E+00	5.04E-01	4.33E-01	-7.67E-01	-2.39E+01	3.21E+01	bad-chisq
group_6584	1.00E-02	3.15E-01	1.00E+00	5.04E-01	4.33E-01	-7.67E-01	-2.39E+01	3.21E+01	bad-chisq
group_6583	1.00E-02	3.15E-01	1.00E+00	3.29E+00	4.33E-01	-7.96E-01	-2.42E+01	3.25E+01	bad-chisq
group_6582	1.00E-02	3.15E-01	1.00E+00	3.29E+00	4.33E-01	-7.96E-01	-2.42E+01	3.25E+01	bad-chisq
group_6581	1.00E-02	3.15E-01	1.00E+00	3.29E+00	4.33E-01	-7.96E-01	-2.42E+01	3.25E+01	bad-chisq
group_6580	1.00E-02	3.15E-01	1.00E+00	-1.58E+00	4.33E-01	-8.02E-01	-2.41E+01	3.25E+01	bad-chisq
group_6579	1.00E-02	3.15E-01	1.00E+00	-1.58E+00	4.33E-01	-8.02E-01	-2.41E+01	3.25E+01	bad-chisq
group_6577	1.00E-02	3.15E-01	1.00E+00	5.65E+01	4.33E-01	-7.99E-01	-2.42E+01	3.26E+01	bad-chisq
group_6576	1.00E-02	3.15E-01	1.00E+00	6.20E-02	4.33E-01	-7.58E-01	-2.39E+01	3.20E+01	bad-chisq
group_6573	1.00E-02	3.15E-01	1.00E+00	3.29E+00	4.33E-01	-7.96E-01	-2.42E+01	3.25E+01	bad-chisq
group_6569	1.00E-02	3.15E-01	1.00E+00	2.51E+00	4.33E-01	-7.92E-01	-2.41E+01	3.25E+01	bad-chisq
group_6568	1.00E-02	3.15E-01	1.00E+00	-3.40E-01	4.33E-01	-7.51E-01	-2.39E+01	3.20E+01	bad-chisq
group_6565	1.00E-02	3.15E-01	3.41E-01	-2.51E+00	4.33E-01	-7.74E-01	-2.49E+01	3.37E+01	bad-chisq
group_6564	1.00E-02	3.15E-01	1.00E+00	7.71E-01	4.33E-01	-7.71E-01	-2.39E+01	3.21E+01	bad-chisq
group_6563	1.00E-02	3.15E-01	1.00E+00	1.80E+00	4.33E-01	-7.86E-01	-2.41E+01	3.24E+01	bad-chisq
group_6561	1.00E-02	3.15E-01	1.00E+00	2.51E+00	4.33E-01	-7.92E-01	-2.41E+01	3.25E+01	bad-chisq
group_6560	1.00E-02	3.15E-01	1.00E+00	-1.55E+00	4.33E-01	-7.41E-01	-2.42E+01	3.24E+01	bad-chisq
group_6559	1.00E-02	3.15E-01	1.00E+00	5.65E+01	4.33E-01	-7.99E-01	-2.42E+01	3.26E+01	bad-chisq
group_6556	1.00E-02	3.15E-01	1.00E+00	-8.09E-01	4.33E-01	-7.44E-01	-2.39E+01	3.21E+01	bad-chisq
group_6555	1.00E-02	3.15E-01	1.00E+00	-3.40E-01	4.33E-01	-7.51E-01	-2.39E+01	3.20E+01	bad-chisq
group_6553	1.00E-02	3.15E-01	4.65E-02	4.49E+00	4.33E-01	-1.10E+00	-2.76E+01	3.80E+01	bad-chisq
group_6550	1.00E-02	3.15E-01	1.00E+00	3.28E+00	4.33E-01	-7.96E-01	-2.42E+01	3.25E+01	bad-chisq
group_6549	1.00E-02	3.15E-01	1.00E+00	3.28E+00	4.33E-01	-7.96E-01	-2.42E+01	3.25E+01	bad-chisq
group_6548	1.00E-02	3.15E-01	1.00E+00	2.07E+00	4.33E-01	-7.89E-01	-2.41E+01	3.24E+01	bad-chisq
group_6547	1.00E-02	3.15E-01	1.00E+00	4.51E+00	4.33E-01	-7.98E-01	-2.42E+01	3.26E+01	bad-chisq
group_6545	1.00E-02	3.15E-01	1.00E+00	2.38E+00	4.33E-01	-7.91E-01	-2.41E+01	3.25E+01	bad-chisq
group_6542	1.00E-02	3.15E-01	1.00E+00	-3.40E-01	4.33E-01	-7.51E-01	-2.39E+01	3.20E+01	bad-chisq
group_6541	1.00E-02	3.15E-01	1.00E+00	-3.40E-01	4.33E-01	-7.51E-01	-2.39E+01	3.20E+01	bad-chisq
group_6539	1.00E-02	3.15E-01	1.00E+00	1.70E+00	4.33E-01	-7.85E-01	-2.41E+01	3.23E+01	bad-chisq
group_6536	1.00E-02	3.15E-01	1.00E+00	-3.40E-01	4.33E-01	-7.51E-01	-2.39E+01	3.20E+01	bad-chisq
group_6535	1.00E-02	3.15E-01	1.00E+00	1.80E+00	4.33E-01	-7.86E-01	-2.41E+01	3.24E+01	bad-chisq
group_6530	1.00E-02	3.15E-01	1.00E+00	3.29E+00	4.33E-01	-7.96E-01	-2.42E+01	3.25E+01	bad-chisq
group_6526	1.00E-02	3.15E-01	1.00E+00	1.80E+00	4.33E-01	-7.86E-01	-2.41E+01	3.24E+01	bad-chisq
group_6525	1.00E-02	3.15E-01	1.00E+00	2.07E+00	4.33E-01	-7.89E-01	-2.41E+01	3.24E+01	bad-chisq
group_6524	1.00E-02	3.15E-01	1.00E+00	-3.40E-01	4.33E-01	-7.51E-01	-2.39E+01	3.20E+01	bad-chisq
group_6521	1.00E-02	3.15E-01	1.00E+00	5.65E+01	4.33E-01	-7.99E-01	-2.42E+01	3.26E+01	bad-chisq
group_6518	1.00E-02	3.15E-01	1.00E+00	5.04E-01	4.33E-01	-7.67E-01	-2.39E+01	3.21E+01	bad-chisq
group_6517	1.00E-02	3.15E-01	1.00E+00	3.28E+00	4.33E-01	-7.96E-01	-2.42E+01	3.25E+01	bad-chisq
group_6514	1.00E-02	3.15E-01	1.00E+00	3.29E+00	4.33E-01	-7.96E-01	-2.42E+01	3.25E+01	bad-chisq
group_6507	1.00E-02	3.15E-01	4.65E-02	4.49E+00	4.33E-01	-1.10E+00	-2.76E+01	3.80E+01	bad-chisq
group_6501	1.00E-02	3.15E-01	1.00E+00	3.28E+00	4.33E-01	-7.96E-01	-2.42E+01	3.25E+01	bad-chisq
group_6499	1.00E-02	3.15E-01	1.00E+00	5.04E-01	4.33E-01	-7.67E-01	-2.39E+01	3.21E+01	bad-chisq
group_6497	1.00E-02	3.15E-01	1.00E+00	5.65E+01	4.33E-01	-7.99E-01	-2.42E+01	3.26E+01	bad-chisq
group_6495	1.00E-02	3.15E-01	1.00E+00	2.51E+00	4.33E-01	-7.92E-01	-2.41E+01	3.25E+01	bad-chisq
group_6494	1.00E-02	3.15E-01	1.00E+00	-8.09E-01	4.33E-01	-7.44E-01	-2.39E+01	3.21E+01	bad-chisq
group_6485	1.00E-02	3.15E-01	1.00E+00	2.51E+00	4.33E-01	-7.92E-01	-2.41E+01	3.25E+01	bad-chisq
group_6484	1.00E-02	3.15E-01	1.17E-01	-3.53E+00	4.33E-01	-7.32E-01	-2.57E+01	3.35E+01	bad-chisq
group_6483	1.00E-02	3.15E-01	4.65E-02	4.49E+00	4.33E-01	-1.10E+00	-2.76E+01	3.80E+01	bad-chisq
group_6478	1.00E-02	3.15E-01	1.00E+00	-3.40E-01	4.33E-01	-7.51E-01	-2.39E+01	3.20E+01	bad-chisq
group_6477	1.00E-02	3.15E-01	4.65E-02	4.49E+00	4.33E-01	-1.10E+00	-2.76E+01	3.80E+01	bad-chisq
group_6469	1.00E-02	3.15E-01	1.00E+00	2.42E+00	4.33E-01	-7.92E-01	-2.41E+01	3.25E+01	bad-chisq
group_6466	1.00E-02	3.15E-01	1.00E+00	-3.40E-01	4.33E-01	-7.51E-01	-2.39E+01	3.20E+01	bad-chisq
group_6458	1.00E-02	3.15E-01	1.00E+00	3.29E+00	4.33E-01	-7.96E-01	-2.42E+01	3.25E+01	bad-chisq
group_6457	1.00E-02	3.15E-01	1.00E+00	4.51E+00	4.33E-01	-7.98E-01	-2.42E+01	3.26E+01	bad-chisq
group_6456	1.00E-02	3.15E-01	1.00E+00	5.65E+01	4.33E-01	-7.99E-01	-2.42E+01	3.26E+01	bad-chisq
group_6455	1.00E-02	3.15E-01	1.00E+00	3.28E+00	4.33E-01	-7.96E-01	-2.42E+01	3.25E+01	bad-chisq
group_6454	1.00E-02	3.15E-01	1.00E+00	3.29E+00	4.33E-01	-7.96E-01	-2.42E+01	3.25E+01	bad-chisq
group_6453	1.00E-02	3.15E-01	1.00E+00	3.29E+00	4.33E-01	-7.96E-01	-2.42E+01	3.25E+01	bad-chisq
group_6448	1.00E-02	3.15E-01	1.00E+00	1.57E+00	4.33E-01	-7.84E-01	-2.40E+01	3.23E+01	bad-chisq
group_6446	1.00E-02	3.15E-01	3.41E-01	-2.51E+00	4.33E-01	-7.74E-01	-2.49E+01	3.37E+01	bad-chisq
group_6441	1.00E-02	3.15E-01	1.00E+00	-8.09E-01	4.33E-01	-7.44E-01	-2.39E+01	3.21E+01	bad-chisq
group_6440	1.00E-02	3.15E-01	1.17E-01	-3.53E+00	4.33E-01	-7.32E-01	-2.57E+01	3.35E+01	bad-chisq
group_6433	1.00E-02	3.15E-01	1.00E+00	3.29E+00	4.33E-01	-7.96E-01	-2.42E+01	3.25E+01	bad-chisq
group_6423	1.00E-02	3.15E-01	1.00E+00	3.29E+00	4.33E-01	-7.96E-01	-2.42E+01	3.25E+01	bad-chisq
group_6422	1.00E-02	3.15E-01	1.00E+00	1.80E+00	4.33E-01	-7.86E-01	-2.41E+01	3.24E+01	bad-chisq
group_6409	1.00E-02	3.15E-01	1.00E+00	5.65E+01	4.33E-01	-7.99E-01	-2.42E+01	3.26E+01	bad-chisq
group_6408	1.00E-02	3.15E-01	1.00E+00	5.65E+01	4.33E-01	-7.99E-01	-2.42E+01	3.26E+01	bad-chisq
group_6402	1.00E-02	3.15E-01	1.00E+00	-9.87E-01	4.33E-01	-8.06E-01	-2.41E+01	3.25E+01	bad-chisq
group_6397	1.00E-02	3.15E-01	1.00E+00	-3.40E-01	4.33E-01	-7.51E-01	-2.39E+01	3.20E+01	bad-chisq
group_6394	1.00E-02	3.15E-01	1.00E+00	-1.55E+00	4.33E-01	-7.41E-01	-2.42E+01	3.24E+01	bad-chisq
group_6393	1.00E-02	3.15E-01	1.00E+00	5.04E-01	4.33E-01	-7.67E-01	-2.39E+01	3.21E+01	bad-chisq
group_6392	1.00E-02	3.15E-01	1.00E+00	5.04E-01	4.33E-01	-7.67E-01	-2.39E+01	3.21E+01	bad-chisq
group_6388	1.00E-02	3.15E-01	1.00E+00	3.29E+00	4.33E-01	-7.96E-01	-2.42E+01	3.25E+01	bad-chisq
group_6380	1.00E-02	3.15E-01	1.00E+00	4.51E+00	4.33E-01	-7.98E-01	-2.42E+01	3.26E+01	bad-chisq
group_6377	1.00E-02	3.15E-01	1.00E+00	3.29E+00	4.33E-01	-7.96E-01	-2.42E+01	3.25E+01	bad-chisq
group_6371	1.00E-02	3.15E-01	1.00E+00	2.42E+00	4.33E-01	-7.92E-01	-2.41E+01	3.25E+01	bad-chisq
group_6370	1.00E-02	3.15E-01	1.00E+00	-7.46E-01	4.33E-01	-7.68E-01	-2.40E+01	3.26E+01	bad-chisq
group_6367	1.00E-02	3.15E-01	1.00E+00	-1.55E+00	4.33E-01	-7.41E-01	-2.42E+01	3.24E+01	bad-chisq
group_6364	1.00E-02	3.15E-01	1.00E+00	9.60E-01	4.33E-01	-7.74E-01	-2.40E+01	3.22E+01	bad-chisq
group_6359	1.00E-02	3.15E-01	1.00E+00	7.71E-01	4.33E-01	-7.71E-01	-2.39E+01	3.21E+01	bad-chisq
group_6355	1.00E-02	3.15E-01	1.17E-01	-3.53E+00	4.33E-01	-7.32E-01	-2.57E+01	3.35E+01	bad-chisq
group_6351	1.00E-02	3.15E-01	1.00E+00	5.65E+01	4.33E-01	-7.99E-01	-2.42E+01	3.26E+01	bad-chisq
group_6340	1.00E-02	3.15E-01	1.00E+00	-8.49E-01	4.33E-01	-7.69E-01	-2.40E+01	3.26E+01	bad-chisq
group_6339	1.00E-02	3.15E-01	1.00E+00	4.51E+00	4.33E-01	-7.98E-01	-2.42E+01	3.26E+01	bad-chisq
group_6338	1.00E-02	3.15E-01	1.00E+00	4.51E+00	4.33E-01	-7.98E-01	-2.42E+01	3.26E+01	bad-chisq
group_6335	1.00E-02	3.15E-01	1.00E+00	9.60E-01	4.33E-01	-7.74E-01	-2.40E+01	3.22E+01	bad-chisq
group_6320	1.00E-02	3.15E-01	1.00E+00	-8.09E-01	4.33E-01	-7.44E-01	-2.39E+01	3.21E+01	bad-chisq
group_6316	1.00E-02	3.15E-01	1.00E+00	2.04E+00	4.33E-01	-7.89E-01	-2.41E+01	3.24E+01	bad-chisq
group_6308	1.00E-02	3.15E-01	1.00E+00	3.29E+00	4.33E-01	-7.96E-01	-2.42E+01	3.25E+01	bad-chisq
group_6307	1.00E-02	3.15E-01	1.00E+00	1.80E+00	4.33E-01	-7.86E-01	-2.41E+01	3.24E+01	bad-chisq
group_6298	1.00E-02	3.15E-01	1.00E+00	9.60E-01	4.33E-01	-7.74E-01	-2.40E+01	3.22E+01	bad-chisq
group_6285	1.00E-02	3.15E-01	1.00E+00	4.51E+00	4.33E-01	-7.98E-01	-2.42E+01	3.26E+01	bad-chisq
group_6284	1.00E-02	3.15E-01	1.00E+00	-1.55E+00	4.33E-01	-7.41E-01	-2.42E+01	3.24E+01	bad-chisq
group_6276	1.00E-02	3.15E-01	1.00E+00	1.80E+00	4.33E-01	-7.86E-01	-2.41E+01	3.24E+01	bad-chisq
group_6271	1.00E-02	3.15E-01	1.00E+00	2.42E+00	4.33E-01	-7.92E-01	-2.41E+01	3.25E+01	bad-chisq
group_6270	1.00E-02	3.15E-01	1.00E+00	-7.46E-01	4.33E-01	-7.68E-01	-2.40E+01	3.26E+01	bad-chisq
group_6266	1.00E-02	3.15E-01	1.00E+00	2.04E+00	4.33E-01	-7.89E-01	-2.41E+01	3.24E+01	bad-chisq
group_6265	1.00E-02	3.15E-01	1.00E+00	5.65E+01	4.33E-01	-7.99E-01	-2.42E+01	3.26E+01	bad-chisq
group_6264	1.00E-02	3.15E-01	1.00E+00	6.20E-02	4.33E-01	-7.58E-01	-2.39E+01	3.20E+01	bad-chisq
group_6261	1.00E-02	3.15E-01	1.00E+00	7.71E-01	4.33E-01	-7.71E-01	-2.39E+01	3.21E+01	bad-chisq
group_6260	1.00E-02	3.15E-01	1.00E+00	3.29E+00	4.33E-01	-7.96E-01	-2.42E+01	3.25E+01	bad-chisq
group_6256	1.00E-02	3.15E-01	1.00E+00	-8.09E-01	4.33E-01	-7.44E-01	-2.39E+01	3.21E+01	bad-chisq
group_6252	1.00E-02	3.15E-01	1.00E+00	4.51E+00	4.33E-01	-7.98E-01	-2.42E+01	3.26E+01	bad-chisq
group_6251	1.00E-02	3.15E-01	1.00E+00	4.51E+00	4.33E-01	-7.98E-01	-2.42E+01	3.26E+01	bad-chisq
group_6249	1.00E-02	3.15E-01	1.00E+00	7.71E-01	4.33E-01	-7.71E-01	-2.39E+01	3.21E+01	bad-chisq
group_6248	1.00E-02	3.15E-01	3.41E-01	-2.51E+00	4.33E-01	-7.74E-01	-2.49E+01	3.37E+01	bad-chisq
group_6245	1.00E-02	3.15E-01	1.00E+00	2.07E+00	4.33E-01	-7.89E-01	-2.41E+01	3.24E+01	bad-chisq
group_6244	1.00E-02	3.15E-01	1.00E+00	2.07E+00	4.33E-01	-7.89E-01	-2.41E+01	3.24E+01	bad-chisq
group_6243	1.00E-02	3.15E-01	1.00E+00	2.42E+00	4.33E-01	-7.92E-01	-2.41E+01	3.25E+01	bad-chisq
group_6242	1.00E-02	3.15E-01	1.00E+00	-7.46E-01	4.33E-01	-7.68E-01	-2.40E+01	3.26E+01	bad-chisq
group_6240	1.00E-02	3.15E-01	1.00E+00	-1.55E+00	4.33E-01	-7.41E-01	-2.42E+01	3.24E+01	bad-chisq
group_6239	1.00E-02	3.15E-01	1.00E+00	-1.55E+00	4.33E-01	-7.41E-01	-2.42E+01	3.24E+01	bad-chisq
group_6237	1.00E-02	3.15E-01	1.00E+00	5.65E+01	4.33E-01	-7.99E-01	-2.42E+01	3.26E+01	bad-chisq
group_6225	1.00E-02	3.15E-01	1.00E+00	-3.40E-01	4.33E-01	-7.51E-01	-2.39E+01	3.20E+01	bad-chisq
group_6215	1.00E-02	3.15E-01	1.00E+00	3.29E+00	4.33E-01	-7.96E-01	-2.42E+01	3.25E+01	bad-chisq
group_6214	1.00E-02	3.15E-01	1.00E+00	3.29E+00	4.33E-01	-7.96E-01	-2.42E+01	3.25E+01	bad-chisq
group_6208	1.00E-02	3.15E-01	1.00E+00	-3.40E-01	4.33E-01	-7.51E-01	-2.39E+01	3.20E+01	bad-chisq
group_6207	1.00E-02	3.15E-01	1.00E+00	-3.40E-01	4.33E-01	-7.51E-01	-2.39E+01	3.20E+01	bad-chisq
group_6206	1.00E-02	3.15E-01	1.00E+00	-1.55E+00	4.33E-01	-7.41E-01	-2.42E+01	3.24E+01	bad-chisq
group_6205	1.00E-02	3.15E-01	1.00E+00	9.87E-01	4.33E-01	-8.19E-01	-2.42E+01	3.22E+01	bad-chisq
group_6202	1.00E-02	3.15E-01	4.73E-01	-2.32E+00	4.33E-01	-8.08E-01	-2.48E+01	3.43E+01	bad-chisq
group_6196	1.00E-02	3.15E-01	1.00E+00	3.29E+00	4.33E-01	-7.96E-01	-2.42E+01	3.25E+01	bad-chisq
group_6195	1.00E-02	3.15E-01	1.00E+00	3.29E+00	4.33E-01	-7.96E-01	-2.42E+01	3.25E+01	bad-chisq
group_6194	1.00E-02	3.15E-01	1.00E+00	3.29E+00	4.33E-01	-7.96E-01	-2.42E+01	3.25E+01	bad-chisq
group_6168	1.00E-02	3.15E-01	1.00E+00	2.07E+00	4.33E-01	-7.89E-01	-2.41E+01	3.24E+01	bad-chisq
group_6166	1.00E-02	3.15E-01	4.65E-02	4.49E+00	4.33E-01	-1.10E+00	-2.76E+01	3.80E+01	bad-chisq
group_6163	1.00E-02	3.15E-01	4.73E-01	-2.32E+00	4.33E-01	-8.08E-01	-2.48E+01	3.43E+01	bad-chisq
group_6159	1.00E-02	3.15E-01	1.00E+00	4.51E+00	4.33E-01	-7.98E-01	-2.42E+01	3.26E+01	bad-chisq
group_6155	1.00E-02	3.15E-01	1.00E+00	5.65E+01	4.33E-01	-7.99E-01	-2.42E+01	3.26E+01	bad-chisq
group_6140	1.00E-02	3.15E-01	1.00E+00	2.04E+00	4.33E-01	-7.89E-01	-2.41E+01	3.24E+01	bad-chisq
group_6137	1.00E-02	3.15E-01	1.00E+00	5.65E+01	4.33E-01	-7.99E-01	-2.42E+01	3.26E+01	bad-chisq
group_6136	1.00E-02	3.15E-01	1.00E+00	5.65E+01	4.33E-01	-7.99E-01	-2.42E+01	3.26E+01	bad-chisq
group_6135	1.00E-02	3.15E-01	1.00E+00	3.28E+00	4.33E-01	-7.96E-01	-2.42E+01	3.25E+01	bad-chisq
group_6127	1.00E-02	3.15E-01	1.00E+00	-9.87E-01	4.33E-01	-8.06E-01	-2.41E+01	3.25E+01	bad-chisq
group_6102	1.00E-02	3.15E-01	1.00E+00	-8.09E-01	4.33E-01	-7.44E-01	-2.39E+01	3.21E+01	bad-chisq
group_6101	1.00E-02	3.15E-01	1.00E+00	-3.40E-01	4.33E-01	-7.51E-01	-2.39E+01	3.20E+01	bad-chisq
group_6098	1.00E-02	3.15E-01	1.00E+00	5.04E-01	4.33E-01	-7.67E-01	-2.39E+01	3.21E+01	bad-chisq
group_6097	1.00E-02	3.15E-01	1.00E+00	5.65E+01	4.33E-01	-7.99E-01	-2.42E+01	3.26E+01	bad-chisq
group_6095	1.00E-02	3.15E-01	1.00E+00	3.28E+00	4.33E-01	-7.96E-01	-2.42E+01	3.25E+01	bad-chisq
group_6092	1.00E-02	3.15E-01	1.00E+00	7.71E-01	4.33E-01	-7.71E-01	-2.39E+01	3.21E+01	bad-chisq
group_6091	1.00E-02	3.15E-01	1.00E+00	3.29E+00	4.33E-01	-7.96E-01	-2.42E+01	3.25E+01	bad-chisq
group_6090	1.00E-02	3.15E-01	1.00E+00	1.80E+00	4.33E-01	-7.86E-01	-2.41E+01	3.24E+01	bad-chisq
group_6087	1.00E-02	3.15E-01	3.41E-01	-2.51E+00	4.33E-01	-7.74E-01	-2.49E+01	3.37E+01	bad-chisq
group_6083	1.00E-02	3.15E-01	1.00E+00	2.51E+00	4.33E-01	-7.92E-01	-2.41E+01	3.25E+01	bad-chisq
group_6082	1.00E-02	3.15E-01	1.00E+00	-8.09E-01	4.33E-01	-7.44E-01	-2.39E+01	3.21E+01	bad-chisq
group_6078	1.00E-02	3.15E-01	1.00E+00	5.04E-01	4.33E-01	-7.67E-01	-2.39E+01	3.21E+01	bad-chisq
group_6076	1.00E-02	3.15E-01	1.00E+00	9.60E-01	4.33E-01	-7.74E-01	-2.40E+01	3.22E+01	bad-chisq
group_6061	1.00E-02	3.15E-01	1.00E+00	2.42E+00	4.33E-01	-7.92E-01	-2.41E+01	3.25E+01	bad-chisq
group_6060	1.00E-02	3.15E-01	1.00E+00	-8.49E-01	4.33E-01	-7.69E-01	-2.40E+01	3.26E+01	bad-chisq
group_6059	1.00E-02	3.15E-01	1.00E+00	6.20E-02	4.33E-01	-7.58E-01	-2.39E+01	3.20E+01	bad-chisq
group_6058	1.00E-02	3.15E-01	1.00E+00	9.60E-01	4.33E-01	-7.74E-01	-2.40E+01	3.22E+01	bad-chisq
group_6057	1.00E-02	3.15E-01	1.00E+00	3.28E+00	4.33E-01	-7.96E-01	-2.42E+01	3.25E+01	bad-chisq
group_6051	1.00E-02	3.15E-01	1.00E+00	2.51E+00	4.33E-01	-7.92E-01	-2.41E+01	3.25E+01	bad-chisq
group_6050	1.00E-02	3.15E-01	1.00E+00	-3.40E-01	4.33E-01	-7.51E-01	-2.39E+01	3.20E+01	bad-chisq
group_6049	1.00E-02	3.15E-01	1.00E+00	-1.55E+00	4.33E-01	-7.41E-01	-2.42E+01	3.24E+01	bad-chisq
group_6048	1.00E-02	3.15E-01	1.00E+00	-1.55E+00	4.33E-01	-7.41E-01	-2.42E+01	3.24E+01	bad-chisq
group_6044	1.00E-02	3.15E-01	1.00E+00	-1.25E+00	4.33E-01	-7.94E-01	-2.41E+01	3.23E+01	bad-chisq
group_6042	1.00E-02	3.15E-01	1.00E+00	3.29E+00	4.33E-01	-7.96E-01	-2.42E+01	3.25E+01	bad-chisq
group_6039	1.00E-02	3.15E-01	1.00E+00	-1.81E+00	4.33E-01	-8.01E-01	-2.41E+01	3.25E+01	bad-chisq
group_6029	1.00E-02	3.15E-01	1.00E+00	4.51E+00	4.33E-01	-7.98E-01	-2.42E+01	3.26E+01	bad-chisq
group_6028	1.00E-02	3.15E-01	1.00E+00	1.54E+00	4.33E-01	-8.40E-01	-2.45E+01	3.25E+01	bad-chisq
group_6026	1.00E-02	3.15E-01	1.00E+00	1.54E+00	4.33E-01	-8.40E-01	-2.45E+01	3.25E+01	bad-chisq
group_6022	1.00E-02	3.15E-01	3.41E-01	-2.51E+00	4.33E-01	-7.74E-01	-2.49E+01	3.37E+01	bad-chisq
group_6021	1.00E-02	3.15E-01	1.00E+00	1.80E+00	4.33E-01	-7.86E-01	-2.41E+01	3.24E+01	bad-chisq
group_6019	1.00E-02	3.15E-01	1.00E+00	-7.46E-01	4.33E-01	-7.68E-01	-2.40E+01	3.26E+01	bad-chisq
group_6015	1.00E-02	3.15E-01	1.00E+00	5.04E-01	4.33E-01	-7.67E-01	-2.39E+01	3.21E+01	bad-chisq
group_6014	1.00E-02	3.15E-01	1.00E+00	5.65E+01	4.33E-01	-7.99E-01	-2.42E+01	3.26E+01	bad-chisq
group_6013	1.00E-02	3.15E-01	1.00E+00	2.07E+00	4.33E-01	-7.89E-01	-2.41E+01	3.24E+01	bad-chisq
group_6009	1.00E-02	3.15E-01	1.00E+00	-9.87E-01	4.33E-01	-8.06E-01	-2.41E+01	3.25E+01	bad-chisq
group_6005	1.00E-02	3.15E-01	1.00E+00	2.07E+00	4.33E-01	-7.89E-01	-2.41E+01	3.24E+01	bad-chisq
group_6004	1.00E-02	3.15E-01	1.00E+00	5.65E+01	4.33E-01	-7.99E-01	-2.42E+01	3.26E+01	bad-chisq
group_6003	1.00E-02	3.15E-01	1.00E+00	5.65E+01	4.33E-01	-7.99E-01	-2.42E+01	3.26E+01	bad-chisq
group_6002	1.00E-02	3.15E-01	1.00E+00	7.71E-01	4.33E-01	-7.71E-01	-2.39E+01	3.21E+01	bad-chisq
group_5999	1.00E-02	3.15E-01	1.00E+00	3.29E+00	4.33E-01	-7.96E-01	-2.42E+01	3.25E+01	bad-chisq
group_5995	1.00E-02	3.15E-01	1.00E+00	-1.25E+00	4.33E-01	-7.94E-01	-2.41E+01	3.23E+01	bad-chisq
group_5994	1.00E-02	3.15E-01	1.00E+00	2.51E+00	4.33E-01	-7.92E-01	-2.41E+01	3.25E+01	bad-chisq
group_5993	1.00E-02	3.15E-01	4.65E-02	4.49E+00	4.33E-01	-1.10E+00	-2.76E+01	3.80E+01	bad-chisq
group_5990	1.00E-02	3.15E-01	4.73E-01	-2.32E+00	4.33E-01	-8.08E-01	-2.48E+01	3.43E+01	bad-chisq
group_5988	1.00E-02	3.15E-01	1.00E+00	-1.55E+00	4.33E-01	-7.41E-01	-2.42E+01	3.24E+01	bad-chisq
group_5985	1.00E-02	3.15E-01	1.00E+00	7.71E-01	4.33E-01	-7.71E-01	-2.39E+01	3.21E+01	bad-chisq
group_5983	1.00E-02	3.15E-01	1.00E+00	1.80E+00	4.33E-01	-7.86E-01	-2.41E+01	3.24E+01	bad-chisq
group_5977	1.00E-02	3.15E-01	1.00E+00	2.42E+00	4.33E-01	-7.92E-01	-2.41E+01	3.25E+01	bad-chisq
group_5976	1.00E-02	3.15E-01	1.00E+00	-8.09E-01	4.33E-01	-7.44E-01	-2.39E+01	3.21E+01	bad-chisq
group_5974	1.00E-02	3.15E-01	1.00E+00	5.04E-01	4.33E-01	-7.67E-01	-2.39E+01	3.21E+01	bad-chisq
group_5973	1.00E-02	3.15E-01	1.00E+00	5.65E+01	4.33E-01	-7.99E-01	-2.42E+01	3.26E+01	bad-chisq
group_5971	1.00E-02	3.15E-01	1.00E+00	9.60E-01	4.33E-01	-7.74E-01	-2.40E+01	3.22E+01	bad-chisq
group_5965	1.00E-02	3.15E-01	3.41E-01	-2.51E+00	4.33E-01	-7.74E-01	-2.49E+01	3.37E+01	bad-chisq
group_5964	1.00E-02	3.15E-01	1.00E+00	3.29E+00	4.33E-01	-7.96E-01	-2.42E+01	3.25E+01	bad-chisq
group_5957	1.00E-02	3.15E-01	1.00E+00	4.51E+00	4.33E-01	-7.98E-01	-2.42E+01	3.26E+01	bad-chisq
group_5955	1.00E-02	3.15E-01	1.00E+00	6.20E-02	4.33E-01	-7.58E-01	-2.39E+01	3.20E+01	bad-chisq
group_5943	1.00E-02	3.15E-01	1.00E+00	-3.40E-01	4.33E-01	-7.51E-01	-2.39E+01	3.20E+01	bad-chisq
group_5939	1.00E-02	3.15E-01	1.00E+00	4.51E+00	4.33E-01	-7.98E-01	-2.42E+01	3.26E+01	bad-chisq
group_5938	1.00E-02	3.15E-01	1.00E+00	-1.55E+00	4.33E-01	-7.41E-01	-2.42E+01	3.24E+01	bad-chisq
group_5929	1.00E-02	3.15E-01	1.00E+00	2.42E+00	4.33E-01	-7.92E-01	-2.41E+01	3.25E+01	bad-chisq
group_5928	1.00E-02	3.15E-01	1.00E+00	-3.40E-01	4.33E-01	-7.51E-01	-2.39E+01	3.20E+01	bad-chisq
group_5925	1.00E-02	3.15E-01	1.00E+00	-1.55E+00	4.33E-01	-7.41E-01	-2.42E+01	3.24E+01	bad-chisq
group_5921	1.00E-02	3.15E-01	1.00E+00	3.29E+00	4.33E-01	-7.96E-01	-2.42E+01	3.25E+01	bad-chisq
group_5917	1.00E-02	3.15E-01	1.00E+00	1.80E+00	4.33E-01	-7.86E-01	-2.41E+01	3.24E+01	bad-chisq
group_5912	1.00E-02	3.15E-01	1.17E-01	-3.53E+00	4.33E-01	-7.32E-01	-2.57E+01	3.35E+01	bad-chisq
group_5907	1.00E-02	3.15E-01	1.00E+00	1.57E+00	4.33E-01	-7.84E-01	-2.40E+01	3.23E+01	bad-chisq
group_5898	1.00E-02	3.15E-01	1.00E+00	2.07E+00	4.33E-01	-7.89E-01	-2.41E+01	3.24E+01	bad-chisq
group_5894	1.00E-02	3.15E-01	1.00E+00	4.51E+00	4.33E-01	-7.98E-01	-2.42E+01	3.26E+01	bad-chisq
group_5892	1.00E-02	3.15E-01	1.00E+00	9.10E-01	4.33E-01	-7.71E-01	-2.39E+01	3.21E+01	bad-chisq
group_5887	1.00E-02	3.15E-01	1.00E+00	7.71E-01	4.33E-01	-7.71E-01	-2.39E+01	3.21E+01	bad-chisq
group_5886	1.00E-02	3.15E-01	1.00E+00	3.29E+00	4.33E-01	-7.96E-01	-2.42E+01	3.25E+01	bad-chisq
group_5876	1.00E-02	3.15E-01	1.00E+00	2.04E+00	4.33E-01	-7.89E-01	-2.41E+01	3.24E+01	bad-chisq
group_5873	1.00E-02	3.15E-01	1.00E+00	7.71E-01	4.33E-01	-7.71E-01	-2.39E+01	3.21E+01	bad-chisq
group_5872	1.00E-02	3.15E-01	1.00E+00	3.29E+00	4.33E-01	-7.96E-01	-2.42E+01	3.25E+01	bad-chisq
group_5871	1.00E-02	3.15E-01	1.00E+00	3.29E+00	4.33E-01	-7.96E-01	-2.42E+01	3.25E+01	bad-chisq
group_5869	1.00E-02	3.15E-01	1.00E+00	1.80E+00	4.33E-01	-7.86E-01	-2.41E+01	3.24E+01	bad-chisq
group_5862	1.00E-02	3.15E-01	1.00E+00	2.07E+00	4.33E-01	-7.89E-01	-2.41E+01	3.24E+01	bad-chisq
group_5860	1.00E-02	3.15E-01	1.00E+00	4.51E+00	4.33E-01	-7.98E-01	-2.42E+01	3.26E+01	bad-chisq
group_5855	1.00E-02	3.15E-01	1.00E+00	3.29E+00	4.33E-01	-7.96E-01	-2.42E+01	3.25E+01	bad-chisq
group_5854	1.00E-02	3.15E-01	1.00E+00	1.80E+00	4.33E-01	-7.86E-01	-2.41E+01	3.24E+01	bad-chisq
group_5851	1.00E-02	3.15E-01	1.00E+00	2.04E+00	4.33E-01	-7.89E-01	-2.41E+01	3.24E+01	bad-chisq
group_5835	1.00E-02	3.15E-01	1.00E+00	-3.40E-01	4.33E-01	-7.51E-01	-2.39E+01	3.20E+01	bad-chisq
group_5824	1.00E-02	3.15E-01	1.00E+00	3.29E+00	4.33E-01	-7.96E-01	-2.42E+01	3.25E+01	bad-chisq
group_5805	1.00E-02	3.15E-01	1.17E-01	-3.53E+00	4.33E-01	-7.32E-01	-2.57E+01	3.35E+01	bad-chisq
group_5803	1.00E-02	3.15E-01	1.00E+00	-8.49E-01	4.33E-01	-7.69E-01	-2.40E+01	3.26E+01	bad-chisq
group_5801	1.00E-02	3.15E-01	1.00E+00	9.60E-01	4.33E-01	-7.74E-01	-2.40E+01	3.22E+01	bad-chisq
group_5798	1.00E-02	3.15E-01	1.00E+00	7.71E-01	4.33E-01	-7.71E-01	-2.39E+01	3.21E+01	bad-chisq
group_5794	1.00E-02	3.15E-01	3.41E-01	-2.51E+00	4.33E-01	-7.74E-01	-2.49E+01	3.37E+01	bad-chisq
group_5785	1.00E-02	3.15E-01	1.00E+00	4.67E-01	4.33E-01	-8.05E-01	-2.41E+01	3.21E+01	bad-chisq
group_5782	1.00E-02	3.15E-01	1.00E+00	1.80E+00	4.33E-01	-7.86E-01	-2.41E+01	3.24E+01	bad-chisq
group_5781	1.00E-02	3.15E-01	1.00E+00	-9.87E-01	4.33E-01	-8.06E-01	-2.41E+01	3.25E+01	bad-chisq
group_5778	1.00E-02	3.15E-01	1.00E+00	2.42E+00	4.33E-01	-7.92E-01	-2.41E+01	3.25E+01	bad-chisq
group_5777	1.00E-02	3.15E-01	1.00E+00	-8.09E-01	4.33E-01	-7.44E-01	-2.39E+01	3.21E+01	bad-chisq
group_5776	1.00E-02	3.15E-01	1.00E+00	-8.09E-01	4.33E-01	-7.44E-01	-2.39E+01	3.21E+01	bad-chisq
group_5772	1.00E-02	3.15E-01	1.00E+00	5.65E+01	4.33E-01	-7.99E-01	-2.42E+01	3.26E+01	bad-chisq
group_5767	1.00E-02	3.15E-01	1.00E+00	4.51E+00	4.33E-01	-7.98E-01	-2.42E+01	3.26E+01	bad-chisq
group_5766	1.00E-02	3.15E-01	1.00E+00	-1.55E+00	4.33E-01	-7.41E-01	-2.42E+01	3.24E+01	bad-chisq
group_5763	1.00E-02	3.15E-01	1.00E+00	5.65E+01	4.33E-01	-7.99E-01	-2.42E+01	3.26E+01	bad-chisq
group_5762	1.00E-02	3.15E-01	1.00E+00	9.60E-01	4.33E-01	-7.74E-01	-2.40E+01	3.22E+01	bad-chisq
group_5757	1.00E-02	3.15E-01	3.41E-01	-2.51E+00	4.33E-01	-7.74E-01	-2.49E+01	3.37E+01	bad-chisq
group_5751	1.00E-02	3.15E-01	1.00E+00	-9.87E-01	4.33E-01	-8.06E-01	-2.41E+01	3.25E+01	bad-chisq
group_5741	1.00E-02	3.15E-01	1.00E+00	3.29E+00	4.33E-01	-7.96E-01	-2.42E+01	3.25E+01	bad-chisq
group_5734	1.00E-02	3.15E-01	1.00E+00	-7.46E-01	4.33E-01	-7.68E-01	-2.40E+01	3.26E+01	bad-chisq
group_5733	1.00E-02	3.15E-01	4.65E-02	4.49E+00	4.33E-01	-1.10E+00	-2.76E+01	3.80E+01	bad-chisq
group_5730	1.00E-02	3.15E-01	1.00E+00	-1.55E+00	4.33E-01	-7.41E-01	-2.42E+01	3.24E+01	bad-chisq
group_5729	1.00E-02	3.15E-01	1.00E+00	5.65E+01	4.33E-01	-7.99E-01	-2.42E+01	3.26E+01	bad-chisq
group_5728	1.00E-02	3.15E-01	1.00E+00	9.60E-01	4.33E-01	-7.74E-01	-2.40E+01	3.22E+01	bad-chisq
group_5725	1.00E-02	3.15E-01	1.00E+00	1.70E+00	4.33E-01	-7.85E-01	-2.41E+01	3.23E+01	bad-chisq
group_5722	1.00E-02	3.15E-01	1.00E+00	3.29E+00	4.33E-01	-7.96E-01	-2.42E+01	3.25E+01	bad-chisq
group_5715	1.00E-02	3.15E-01	1.00E+00	4.51E+00	4.33E-01	-7.98E-01	-2.42E+01	3.26E+01	bad-chisq
group_5713	1.00E-02	3.15E-01	1.00E+00	1.80E+00	4.33E-01	-7.86E-01	-2.41E+01	3.24E+01	bad-chisq
group_5712	1.00E-02	3.15E-01	1.00E+00	1.80E+00	4.33E-01	-7.86E-01	-2.41E+01	3.24E+01	bad-chisq
group_5701	1.00E-02	3.15E-01	1.00E+00	-7.46E-01	4.33E-01	-7.68E-01	-2.40E+01	3.26E+01	bad-chisq
group_5690	1.00E-02	3.15E-01	1.00E+00	1.80E+00	4.33E-01	-7.86E-01	-2.41E+01	3.24E+01	bad-chisq
group_5682	1.00E-02	3.15E-01	1.00E+00	4.51E+00	4.33E-01	-7.98E-01	-2.42E+01	3.26E+01	bad-chisq
group_5679	1.00E-02	3.15E-01	1.00E+00	9.60E-01	4.33E-01	-7.74E-01	-2.40E+01	3.22E+01	bad-chisq
group_5673	1.00E-02	3.15E-01	1.00E+00	1.80E+00	4.33E-01	-7.86E-01	-2.41E+01	3.24E+01	bad-chisq
group_5668	1.00E-02	3.15E-01	1.00E+00	-7.46E-01	4.33E-01	-7.68E-01	-2.40E+01	3.26E+01	bad-chisq
group_5667	1.00E-02	3.15E-01	1.00E+00	-8.09E-01	4.33E-01	-7.44E-01	-2.39E+01	3.21E+01	bad-chisq
group_5663	1.00E-02	3.15E-01	1.00E+00	6.20E-02	4.33E-01	-7.58E-01	-2.39E+01	3.20E+01	bad-chisq
group_5661	1.00E-02	3.15E-01	1.00E+00	1.70E+00	4.33E-01	-7.85E-01	-2.41E+01	3.23E+01	bad-chisq
group_5659	1.00E-02	3.15E-01	1.00E+00	3.29E+00	4.33E-01	-7.96E-01	-2.42E+01	3.25E+01	bad-chisq
group_5653	1.00E-02	3.15E-01	1.00E+00	-1.55E+00	4.33E-01	-7.41E-01	-2.42E+01	3.24E+01	bad-chisq
group_5641	1.00E-02	3.15E-01	4.65E-02	4.49E+00	4.33E-01	-1.10E+00	-2.76E+01	3.80E+01	bad-chisq
group_5638	1.00E-02	3.15E-01	1.00E+00	2.04E+00	4.33E-01	-7.89E-01	-2.41E+01	3.24E+01	bad-chisq
group_5635	1.00E-02	3.15E-01	1.00E+00	5.65E+01	4.33E-01	-7.99E-01	-2.42E+01	3.26E+01	bad-chisq
group_5634	1.00E-02	3.15E-01	1.00E+00	6.20E-02	4.33E-01	-7.58E-01	-2.39E+01	3.20E+01	bad-chisq
group_5621	1.00E-02	3.15E-01	1.00E+00	2.07E+00	4.33E-01	-7.89E-01	-2.41E+01	3.24E+01	bad-chisq
group_5620	1.00E-02	3.15E-01	1.17E-01	-3.53E+00	4.33E-01	-7.32E-01	-2.57E+01	3.35E+01	bad-chisq
group_5616	1.00E-02	3.15E-01	1.00E+00	4.51E+00	4.33E-01	-7.98E-01	-2.42E+01	3.26E+01	bad-chisq
group_5613	1.00E-02	3.15E-01	3.41E-01	-2.51E+00	4.33E-01	-7.74E-01	-2.49E+01	3.37E+01	bad-chisq
group_5609	1.00E-02	3.15E-01	1.00E+00	-9.87E-01	4.33E-01	-8.06E-01	-2.41E+01	3.25E+01	bad-chisq
group_5594	1.00E-02	3.15E-01	1.00E+00	3.29E+00	4.33E-01	-7.96E-01	-2.42E+01	3.25E+01	bad-chisq
group_5588	1.00E-02	3.15E-01	1.00E+00	-8.09E-01	4.33E-01	-7.44E-01	-2.39E+01	3.21E+01	bad-chisq
group_5586	1.00E-02	3.15E-01	4.65E-02	4.49E+00	4.33E-01	-1.10E+00	-2.76E+01	3.80E+01	bad-chisq
group_5583	1.00E-02	3.15E-01	1.00E+00	5.04E-01	4.33E-01	-7.67E-01	-2.39E+01	3.21E+01	bad-chisq
group_5582	1.00E-02	3.15E-01	1.00E+00	5.04E-01	4.33E-01	-7.67E-01	-2.39E+01	3.21E+01	bad-chisq
group_5574	1.00E-02	3.15E-01	3.41E-01	-2.51E+00	4.33E-01	-7.74E-01	-2.49E+01	3.37E+01	bad-chisq
group_5569	1.00E-02	3.15E-01	1.00E+00	-3.40E-01	4.33E-01	-7.51E-01	-2.39E+01	3.20E+01	bad-chisq
group_5568	1.00E-02	3.15E-01	1.00E+00	5.65E+01	4.33E-01	-7.99E-01	-2.42E+01	3.26E+01	bad-chisq
group_5567	1.00E-02	3.15E-01	1.00E+00	5.65E+01	4.33E-01	-7.99E-01	-2.42E+01	3.26E+01	bad-chisq
group_5566	1.00E-02	3.15E-01	1.00E+00	5.65E+01	4.33E-01	-7.99E-01	-2.42E+01	3.26E+01	bad-chisq
group_5564	1.00E-02	3.15E-01	1.00E+00	2.38E+00	4.33E-01	-7.91E-01	-2.41E+01	3.25E+01	bad-chisq
group_5555	1.00E-02	3.15E-01	1.00E+00	2.51E+00	4.33E-01	-7.92E-01	-2.41E+01	3.25E+01	bad-chisq
group_5554	1.00E-02	3.15E-01	1.00E+00	-3.40E-01	4.33E-01	-7.51E-01	-2.39E+01	3.20E+01	bad-chisq
group_5545	1.00E-02	3.15E-01	1.00E+00	1.80E+00	4.33E-01	-7.86E-01	-2.41E+01	3.24E+01	bad-chisq
group_5543	1.00E-02	3.15E-01	4.65E-02	4.49E+00	4.33E-01	-1.10E+00	-2.76E+01	3.80E+01	bad-chisq
group_5542	1.00E-02	3.15E-01	1.00E+00	9.60E-01	4.33E-01	-7.74E-01	-2.40E+01	3.22E+01	bad-chisq
group_5537	1.00E-02	3.15E-01	1.00E+00	1.80E+00	4.33E-01	-7.86E-01	-2.41E+01	3.24E+01	bad-chisq
group_5531	1.00E-02	3.15E-01	1.00E+00	4.67E-01	4.33E-01	-8.05E-01	-2.41E+01	3.21E+01	bad-chisq
group_5530	1.00E-02	3.15E-01	1.00E+00	7.71E-01	4.33E-01	-7.71E-01	-2.39E+01	3.21E+01	bad-chisq
group_5529	1.00E-02	3.15E-01	3.41E-01	-2.51E+00	4.33E-01	-7.74E-01	-2.49E+01	3.37E+01	bad-chisq
group_5527	1.00E-02	3.15E-01	1.00E+00	3.29E+00	4.33E-01	-7.96E-01	-2.42E+01	3.25E+01	bad-chisq
group_5526	1.00E-02	3.15E-01	1.00E+00	-9.87E-01	4.33E-01	-8.06E-01	-2.41E+01	3.25E+01	bad-chisq
group_5524	1.00E-02	3.15E-01	1.00E+00	5.65E+01	4.33E-01	-7.99E-01	-2.42E+01	3.26E+01	bad-chisq
group_5523	1.00E-02	3.15E-01	1.00E+00	5.65E+01	4.33E-01	-7.99E-01	-2.42E+01	3.26E+01	bad-chisq
group_5522	1.00E-02	3.15E-01	1.00E+00	9.60E-01	4.33E-01	-7.74E-01	-2.40E+01	3.22E+01	bad-chisq
group_5518	1.00E-02	3.15E-01	1.00E+00	1.70E+00	4.33E-01	-7.85E-01	-2.41E+01	3.23E+01	bad-chisq
group_5516	1.00E-02	3.15E-01	1.00E+00	3.29E+00	4.33E-01	-7.96E-01	-2.42E+01	3.25E+01	bad-chisq
group_5511	1.00E-02	3.15E-01	1.00E+00	-3.40E-01	4.33E-01	-7.51E-01	-2.39E+01	3.20E+01	bad-chisq
group_5508	1.00E-02	3.15E-01	1.00E+00	5.65E+01	4.33E-01	-7.99E-01	-2.42E+01	3.26E+01	bad-chisq
group_5507	1.00E-02	3.15E-01	1.00E+00	9.60E-01	4.33E-01	-7.74E-01	-2.40E+01	3.22E+01	bad-chisq
group_5504	1.00E-02	3.15E-01	1.00E+00	3.29E+00	4.33E-01	-7.96E-01	-2.42E+01	3.25E+01	bad-chisq
group_5494	1.00E-02	3.15E-01	4.65E-02	4.49E+00	4.33E-01	-1.10E+00	-2.76E+01	3.80E+01	bad-chisq
group_5485	1.00E-02	3.15E-01	1.00E+00	-3.40E-01	4.33E-01	-7.51E-01	-2.39E+01	3.20E+01	bad-chisq
group_5471	1.00E-02	3.15E-01	1.00E+00	2.42E+00	4.33E-01	-7.92E-01	-2.41E+01	3.25E+01	bad-chisq
group_5469	1.00E-02	3.15E-01	1.17E-01	-3.53E+00	4.33E-01	-7.32E-01	-2.57E+01	3.35E+01	bad-chisq
group_5468	1.00E-02	3.15E-01	1.00E+00	-8.49E-01	4.33E-01	-7.69E-01	-2.40E+01	3.26E+01	bad-chisq
group_5466	1.00E-02	3.15E-01	1.00E+00	5.65E+01	4.33E-01	-7.99E-01	-2.42E+01	3.26E+01	bad-chisq
group_5462	1.00E-02	3.15E-01	1.00E+00	3.29E+00	4.33E-01	-7.96E-01	-2.42E+01	3.25E+01	bad-chisq
group_5460	1.00E-02	3.15E-01	1.00E+00	2.42E+00	4.33E-01	-7.92E-01	-2.41E+01	3.25E+01	bad-chisq
group_5456	1.00E-02	3.15E-01	1.00E+00	5.04E-01	4.33E-01	-7.67E-01	-2.39E+01	3.21E+01	bad-chisq
group_5453	1.00E-02	3.15E-01	1.00E+00	4.67E-01	4.33E-01	-8.05E-01	-2.41E+01	3.21E+01	bad-chisq
group_5450	1.00E-02	3.15E-01	1.00E+00	1.80E+00	4.33E-01	-7.86E-01	-2.41E+01	3.24E+01	bad-chisq
group_5429	1.00E-02	3.15E-01	1.00E+00	-1.55E+00	4.33E-01	-7.41E-01	-2.42E+01	3.24E+01	bad-chisq
group_5428	1.00E-02	3.15E-01	1.00E+00	5.04E-01	4.33E-01	-7.67E-01	-2.39E+01	3.21E+01	bad-chisq
group_5421	1.00E-02	3.15E-01	1.00E+00	2.42E+00	4.33E-01	-7.92E-01	-2.41E+01	3.25E+01	bad-chisq
group_5418	1.00E-02	3.15E-01	1.00E+00	4.51E+00	4.33E-01	-7.98E-01	-2.42E+01	3.26E+01	bad-chisq
group_5406	1.00E-02	3.15E-01	1.00E+00	4.51E+00	4.33E-01	-7.98E-01	-2.42E+01	3.26E+01	bad-chisq
group_5399	1.00E-02	3.15E-01	1.00E+00	-3.40E-01	4.33E-01	-7.51E-01	-2.39E+01	3.20E+01	bad-chisq
group_5397	1.00E-02	3.15E-01	1.00E+00	4.51E+00	4.33E-01	-7.98E-01	-2.42E+01	3.26E+01	bad-chisq
group_5396	1.00E-02	3.15E-01	1.00E+00	-1.55E+00	4.33E-01	-7.41E-01	-2.42E+01	3.24E+01	bad-chisq
group_5388	1.00E-02	3.15E-01	1.00E+00	3.29E+00	4.33E-01	-7.96E-01	-2.42E+01	3.25E+01	bad-chisq
group_5387	1.00E-02	3.15E-01	1.00E+00	3.29E+00	4.33E-01	-7.96E-01	-2.42E+01	3.25E+01	bad-chisq
group_5381	1.00E-02	3.15E-01	1.00E+00	4.51E+00	4.33E-01	-7.98E-01	-2.42E+01	3.26E+01	bad-chisq
group_5380	1.00E-02	3.15E-01	1.00E+00	5.04E-01	4.33E-01	-7.67E-01	-2.39E+01	3.21E+01	bad-chisq
group_5379	1.00E-02	3.15E-01	1.00E+00	5.65E+01	4.33E-01	-7.99E-01	-2.42E+01	3.26E+01	bad-chisq
group_5378	1.00E-02	3.15E-01	1.00E+00	6.20E-02	4.33E-01	-7.58E-01	-2.39E+01	3.20E+01	bad-chisq
group_5373	1.00E-02	3.15E-01	1.00E+00	3.29E+00	4.33E-01	-7.96E-01	-2.42E+01	3.25E+01	bad-chisq
group_5367	1.00E-02	3.15E-01	1.00E+00	-1.51E+00	4.33E-01	-7.78E-01	-2.43E+01	3.32E+01	bad-chisq
group_5364	1.00E-02	3.15E-01	4.65E-02	4.49E+00	4.33E-01	-1.10E+00	-2.76E+01	3.80E+01	bad-chisq
group_5349	1.00E-02	3.15E-01	1.00E+00	4.51E+00	4.33E-01	-7.98E-01	-2.42E+01	3.26E+01	bad-chisq
group_5346	1.00E-02	3.15E-01	1.00E+00	5.65E+01	4.33E-01	-7.99E-01	-2.42E+01	3.26E+01	bad-chisq
group_5345	1.00E-02	3.15E-01	1.00E+00	2.38E+00	4.33E-01	-7.91E-01	-2.41E+01	3.25E+01	bad-chisq
group_5338	1.00E-02	3.15E-01	1.00E+00	-7.46E-01	4.33E-01	-7.68E-01	-2.40E+01	3.26E+01	bad-chisq
group_5331	1.00E-02	3.15E-01	1.00E+00	-3.40E-01	4.33E-01	-7.51E-01	-2.39E+01	3.20E+01	bad-chisq
group_5330	1.00E-02	3.15E-01	4.65E-02	4.49E+00	4.33E-01	-1.10E+00	-2.76E+01	3.80E+01	bad-chisq
group_5311	1.00E-02	3.15E-01	1.00E+00	3.29E+00	4.33E-01	-7.96E-01	-2.42E+01	3.25E+01	bad-chisq
group_5305	1.00E-02	3.15E-01	1.00E+00	2.07E+00	4.33E-01	-7.89E-01	-2.41E+01	3.24E+01	bad-chisq
group_5304	1.00E-02	3.15E-01	1.00E+00	-1.55E+00	4.33E-01	-7.41E-01	-2.42E+01	3.24E+01	bad-chisq
group_5303	1.00E-02	3.15E-01	1.00E+00	5.04E-01	4.33E-01	-7.67E-01	-2.39E+01	3.21E+01	bad-chisq
group_5298	1.00E-02	3.15E-01	1.00E+00	3.29E+00	4.33E-01	-7.96E-01	-2.42E+01	3.25E+01	bad-chisq
group_5294	1.00E-02	3.15E-01	1.00E+00	-9.87E-01	4.33E-01	-8.06E-01	-2.41E+01	3.25E+01	bad-chisq
group_5290	1.00E-02	3.15E-01	1.00E+00	2.07E+00	4.33E-01	-7.89E-01	-2.41E+01	3.24E+01	bad-chisq
group_5287	1.00E-02	3.15E-01	1.00E+00	4.51E+00	4.33E-01	-7.98E-01	-2.42E+01	3.26E+01	bad-chisq
group_5283	1.00E-02	3.15E-01	1.00E+00	9.60E-01	4.33E-01	-7.74E-01	-2.40E+01	3.22E+01	bad-chisq
group_5273	1.00E-02	3.15E-01	1.00E+00	2.42E+00	4.33E-01	-7.92E-01	-2.41E+01	3.25E+01	bad-chisq
group_5272	1.00E-02	3.15E-01	1.00E+00	-8.09E-01	4.33E-01	-7.44E-01	-2.39E+01	3.21E+01	bad-chisq
group_5269	1.00E-02	3.15E-01	4.73E-01	-2.32E+00	4.33E-01	-8.08E-01	-2.48E+01	3.43E+01	bad-chisq
group_5268	1.00E-02	3.15E-01	1.00E+00	6.20E-02	4.33E-01	-7.58E-01	-2.39E+01	3.20E+01	bad-chisq
group_5265	1.00E-02	3.15E-01	3.41E-01	-2.51E+00	4.33E-01	-7.74E-01	-2.49E+01	3.37E+01	bad-chisq
group_5264	1.00E-02	3.15E-01	1.00E+00	3.29E+00	4.33E-01	-7.96E-01	-2.42E+01	3.25E+01	bad-chisq
group_5261	1.00E-02	3.15E-01	1.00E+00	-1.25E+00	4.33E-01	-7.94E-01	-2.41E+01	3.23E+01	bad-chisq
group_5260	1.00E-02	3.15E-01	1.00E+00	-3.40E-01	4.33E-01	-7.51E-01	-2.39E+01	3.20E+01	bad-chisq
group_5259	1.00E-02	3.15E-01	1.00E+00	4.51E+00	4.33E-01	-7.98E-01	-2.42E+01	3.26E+01	bad-chisq
group_5256	1.00E-02	3.15E-01	3.41E-01	-2.51E+00	4.33E-01	-7.74E-01	-2.49E+01	3.37E+01	bad-chisq
group_5253	1.00E-02	3.15E-01	3.41E-01	-2.51E+00	4.33E-01	-7.74E-01	-2.49E+01	3.37E+01	bad-chisq
group_5249	1.00E-02	3.15E-01	1.00E+00	1.80E+00	4.33E-01	-7.86E-01	-2.41E+01	3.24E+01	bad-chisq
group_5245	1.00E-02	3.15E-01	4.73E-01	-2.32E+00	4.33E-01	-8.08E-01	-2.48E+01	3.43E+01	bad-chisq
group_5243	1.00E-02	3.15E-01	1.00E+00	6.20E-02	4.33E-01	-7.58E-01	-2.39E+01	3.20E+01	bad-chisq
group_5236	1.00E-02	3.15E-01	1.00E+00	3.29E+00	4.33E-01	-7.96E-01	-2.42E+01	3.25E+01	bad-chisq
group_5232	1.00E-02	3.15E-01	4.65E-02	4.49E+00	4.33E-01	-1.10E+00	-2.76E+01	3.80E+01	bad-chisq
group_5231	1.00E-02	3.15E-01	4.65E-02	4.49E+00	4.33E-01	-1.10E+00	-2.76E+01	3.80E+01	bad-chisq
group_5230	1.00E-02	3.15E-01	4.65E-02	4.49E+00	4.33E-01	-1.10E+00	-2.76E+01	3.80E+01	bad-chisq
group_5229	1.00E-02	3.15E-01	1.00E+00	-1.55E+00	4.33E-01	-7.41E-01	-2.42E+01	3.24E+01	bad-chisq
group_5219	1.00E-02	3.15E-01	1.00E+00	-3.40E-01	4.33E-01	-7.51E-01	-2.39E+01	3.20E+01	bad-chisq
group_5218	1.00E-02	3.15E-01	4.65E-02	4.49E+00	4.33E-01	-1.10E+00	-2.76E+01	3.80E+01	bad-chisq
group_5216	1.00E-02	3.15E-01	4.65E-02	4.49E+00	4.33E-01	-1.10E+00	-2.76E+01	3.80E+01	bad-chisq
group_5214	1.00E-02	3.15E-01	1.00E+00	5.65E+01	4.33E-01	-7.99E-01	-2.42E+01	3.26E+01	bad-chisq
group_5209	1.00E-02	3.15E-01	1.00E+00	7.71E-01	4.33E-01	-7.71E-01	-2.39E+01	3.21E+01	bad-chisq
group_5206	1.00E-02	3.15E-01	1.00E+00	1.80E+00	4.33E-01	-7.86E-01	-2.41E+01	3.24E+01	bad-chisq
group_5191	1.00E-02	3.15E-01	1.00E+00	2.51E+00	4.33E-01	-7.92E-01	-2.41E+01	3.25E+01	bad-chisq
group_5188	1.00E-02	3.15E-01	1.00E+00	5.65E+01	4.33E-01	-7.99E-01	-2.42E+01	3.26E+01	bad-chisq
group_5181	1.00E-02	3.15E-01	1.00E+00	1.80E+00	4.33E-01	-7.86E-01	-2.41E+01	3.24E+01	bad-chisq
group_5176	1.00E-02	3.15E-01	1.00E+00	-8.49E-01	4.33E-01	-7.69E-01	-2.40E+01	3.26E+01	bad-chisq
group_5172	1.00E-02	3.15E-01	1.00E+00	5.65E+01	4.33E-01	-7.99E-01	-2.42E+01	3.26E+01	bad-chisq
group_5163	1.00E-02	3.15E-01	4.65E-02	4.49E+00	4.33E-01	-1.10E+00	-2.76E+01	3.80E+01	bad-chisq
group_5160	1.00E-02	3.15E-01	1.00E+00	4.51E+00	4.33E-01	-7.98E-01	-2.42E+01	3.26E+01	bad-chisq
group_5159	1.00E-02	3.15E-01	1.00E+00	5.65E+01	4.33E-01	-7.99E-01	-2.42E+01	3.26E+01	bad-chisq
group_5157	1.00E-02	3.15E-01	1.00E+00	3.29E+00	4.33E-01	-7.96E-01	-2.42E+01	3.25E+01	bad-chisq
group_5156	1.00E-02	3.15E-01	1.00E+00	3.29E+00	4.33E-01	-7.96E-01	-2.42E+01	3.25E+01	bad-chisq
group_5149	1.00E-02	3.15E-01	1.00E+00	9.60E-01	4.33E-01	-7.74E-01	-2.40E+01	3.22E+01	bad-chisq
group_5146	1.00E-02	3.15E-01	3.41E-01	-2.51E+00	4.33E-01	-7.74E-01	-2.49E+01	3.37E+01	bad-chisq
group_5138	1.00E-02	3.15E-01	1.00E+00	3.28E+00	4.33E-01	-7.96E-01	-2.42E+01	3.25E+01	bad-chisq
group_5120	1.00E-02	3.15E-01	1.00E+00	-8.09E-01	4.33E-01	-7.44E-01	-2.39E+01	3.21E+01	bad-chisq
group_5119	1.00E-02	3.15E-01	1.00E+00	-3.40E-01	4.33E-01	-7.51E-01	-2.39E+01	3.20E+01	bad-chisq
group_5118	1.00E-02	3.15E-01	1.00E+00	-3.40E-01	4.33E-01	-7.51E-01	-2.39E+01	3.20E+01	bad-chisq
group_5115	1.00E-02	3.15E-01	1.00E+00	5.04E-01	4.33E-01	-7.67E-01	-2.39E+01	3.21E+01	bad-chisq
group_5110	1.00E-02	3.15E-01	1.00E+00	-9.87E-01	4.33E-01	-8.06E-01	-2.41E+01	3.25E+01	bad-chisq
group_5108	1.00E-02	3.15E-01	1.00E+00	2.51E+00	4.33E-01	-7.92E-01	-2.41E+01	3.25E+01	bad-chisq
group_5107	1.00E-02	3.15E-01	1.00E+00	-3.40E-01	4.33E-01	-7.51E-01	-2.39E+01	3.20E+01	bad-chisq
group_5105	1.00E-02	3.15E-01	1.00E+00	-1.55E+00	4.33E-01	-7.41E-01	-2.42E+01	3.24E+01	bad-chisq
group_5103	1.00E-02	3.15E-01	3.41E-01	-2.51E+00	4.33E-01	-7.74E-01	-2.49E+01	3.37E+01	bad-chisq
group_5101	1.00E-02	3.15E-01	1.00E+00	2.04E+00	4.33E-01	-7.89E-01	-2.41E+01	3.24E+01	bad-chisq
group_5100	1.00E-02	3.15E-01	1.00E+00	5.04E-01	4.33E-01	-7.67E-01	-2.39E+01	3.21E+01	bad-chisq
group_5097	1.00E-02	3.15E-01	1.00E+00	7.71E-01	4.33E-01	-7.71E-01	-2.39E+01	3.21E+01	bad-chisq
group_5096	1.00E-02	3.15E-01	1.00E+00	7.71E-01	4.33E-01	-7.71E-01	-2.39E+01	3.21E+01	bad-chisq
group_5092	1.00E-02	3.15E-01	1.00E+00	3.29E+00	4.33E-01	-7.96E-01	-2.42E+01	3.25E+01	bad-chisq
group_5085	1.00E-02	3.15E-01	1.00E+00	2.51E+00	4.33E-01	-7.92E-01	-2.41E+01	3.25E+01	bad-chisq
group_5084	1.00E-02	3.15E-01	1.00E+00	-1.55E+00	4.33E-01	-7.41E-01	-2.42E+01	3.24E+01	bad-chisq
group_5074	1.00E-02	3.15E-01	1.00E+00	7.71E-01	4.33E-01	-7.71E-01	-2.39E+01	3.21E+01	bad-chisq
nlpE	1.00E-02	3.15E-01	3.41E-01	-2.51E+00	4.33E-01	-7.74E-01	-2.49E+01	3.37E+01	bad-chisq
group_5063	1.00E-02	3.15E-01	1.00E+00	5.65E+01	4.33E-01	-7.99E-01	-2.42E+01	3.26E+01	bad-chisq
group_5062	1.00E-02	3.15E-01	1.00E+00	7.71E-01	4.33E-01	-7.71E-01	-2.39E+01	3.21E+01	bad-chisq
group_5053	1.00E-02	3.15E-01	1.00E+00	-8.09E-01	4.33E-01	-7.44E-01	-2.39E+01	3.21E+01	bad-chisq
group_5052	1.00E-02	3.15E-01	1.00E+00	-3.40E-01	4.33E-01	-7.51E-01	-2.39E+01	3.20E+01	bad-chisq
yafO	1.00E-02	3.15E-01	1.00E+00	3.28E+00	4.33E-01	-7.96E-01	-2.42E+01	3.25E+01	bad-chisq
group_5046	1.00E-02	3.15E-01	1.00E+00	7.71E-01	4.33E-01	-7.71E-01	-2.39E+01	3.21E+01	bad-chisq
group_5042	1.00E-02	3.15E-01	1.00E+00	3.29E+00	4.33E-01	-7.96E-01	-2.42E+01	3.25E+01	bad-chisq
group_5041	1.00E-02	3.15E-01	1.00E+00	3.29E+00	4.33E-01	-7.96E-01	-2.42E+01	3.25E+01	bad-chisq
group_5035	1.00E-02	3.15E-01	1.00E+00	2.42E+00	4.33E-01	-7.92E-01	-2.41E+01	3.25E+01	bad-chisq
group_5025	1.00E-02	3.15E-01	1.00E+00	-3.40E-01	4.33E-01	-7.51E-01	-2.39E+01	3.20E+01	bad-chisq
group_5024	1.00E-02	3.15E-01	4.65E-02	4.49E+00	4.33E-01	-1.10E+00	-2.76E+01	3.80E+01	bad-chisq
group_5021	1.00E-02	3.15E-01	1.00E+00	4.51E+00	4.33E-01	-7.98E-01	-2.42E+01	3.26E+01	bad-chisq
group_5019	1.00E-02	3.15E-01	1.00E+00	5.65E+01	4.33E-01	-7.99E-01	-2.42E+01	3.26E+01	bad-chisq
group_5016	1.00E-02	3.15E-01	1.00E+00	7.71E-01	4.33E-01	-7.71E-01	-2.39E+01	3.21E+01	bad-chisq
group_5009	1.00E-02	3.15E-01	1.00E+00	2.51E+00	4.33E-01	-7.92E-01	-2.41E+01	3.25E+01	bad-chisq
group_5008	1.00E-02	3.15E-01	4.73E-01	-2.32E+00	4.33E-01	-8.08E-01	-2.48E+01	3.43E+01	bad-chisq
group_5003	1.00E-02	3.15E-01	1.00E+00	3.29E+00	4.33E-01	-7.96E-01	-2.42E+01	3.25E+01	bad-chisq
group_4990	1.00E-02	3.15E-01	1.00E+00	3.29E+00	4.33E-01	-7.96E-01	-2.42E+01	3.25E+01	bad-chisq
group_4984	1.00E-02	3.15E-01	1.00E+00	-8.09E-01	4.33E-01	-7.44E-01	-2.39E+01	3.21E+01	bad-chisq
group_4983	1.00E-02	3.15E-01	1.00E+00	-8.09E-01	4.33E-01	-7.44E-01	-2.39E+01	3.21E+01	bad-chisq
group_4982	1.00E-02	3.15E-01	1.00E+00	-3.40E-01	4.33E-01	-7.51E-01	-2.39E+01	3.20E+01	bad-chisq
group_4969	1.00E-02	3.15E-01	1.00E+00	-7.46E-01	4.33E-01	-7.68E-01	-2.40E+01	3.26E+01	bad-chisq
group_4960	1.00E-02	3.15E-01	1.00E+00	3.29E+00	4.33E-01	-7.96E-01	-2.42E+01	3.25E+01	bad-chisq
group_4955	1.00E-02	3.15E-01	1.00E+00	2.07E+00	4.33E-01	-7.89E-01	-2.41E+01	3.24E+01	bad-chisq
group_4954	1.00E-02	3.15E-01	1.00E+00	2.07E+00	4.33E-01	-7.89E-01	-2.41E+01	3.24E+01	bad-chisq
group_4952	1.00E-02	3.15E-01	1.00E+00	-3.40E-01	4.33E-01	-7.51E-01	-2.39E+01	3.20E+01	bad-chisq
group_4949	1.00E-02	3.15E-01	1.00E+00	-1.55E+00	4.33E-01	-7.41E-01	-2.42E+01	3.24E+01	bad-chisq
group_4948	1.00E-02	3.15E-01	1.00E+00	5.65E+01	4.33E-01	-7.99E-01	-2.42E+01	3.26E+01	bad-chisq
group_4947	1.00E-02	3.15E-01	1.00E+00	5.65E+01	4.33E-01	-7.99E-01	-2.42E+01	3.26E+01	bad-chisq
group_4946	1.00E-02	3.15E-01	1.00E+00	6.20E-02	4.33E-01	-7.58E-01	-2.39E+01	3.20E+01	bad-chisq
group_4938	1.00E-02	3.15E-01	1.00E+00	3.29E+00	4.33E-01	-7.96E-01	-2.42E+01	3.25E+01	bad-chisq
group_4930	1.00E-02	3.15E-01	1.00E+00	-3.40E-01	4.33E-01	-7.51E-01	-2.39E+01	3.20E+01	bad-chisq
group_4928	1.00E-02	3.15E-01	1.00E+00	4.51E+00	4.33E-01	-7.98E-01	-2.42E+01	3.26E+01	bad-chisq
group_4927	1.00E-02	3.15E-01	1.00E+00	6.20E-02	4.33E-01	-7.58E-01	-2.39E+01	3.20E+01	bad-chisq
group_4926	1.00E-02	3.15E-01	1.00E+00	9.60E-01	4.33E-01	-7.74E-01	-2.40E+01	3.22E+01	bad-chisq
group_4917	1.00E-02	3.15E-01	1.00E+00	2.07E+00	4.33E-01	-7.89E-01	-2.41E+01	3.24E+01	bad-chisq
group_4916	1.00E-02	3.15E-01	1.00E+00	2.51E+00	4.33E-01	-7.92E-01	-2.41E+01	3.25E+01	bad-chisq
group_4914	1.00E-02	3.15E-01	1.00E+00	2.04E+00	4.33E-01	-7.89E-01	-2.41E+01	3.24E+01	bad-chisq
group_4912	1.00E-02	3.15E-01	1.00E+00	4.51E+00	4.33E-01	-7.98E-01	-2.42E+01	3.26E+01	bad-chisq
group_4910	1.00E-02	3.15E-01	3.41E-01	-2.51E+00	4.33E-01	-7.74E-01	-2.49E+01	3.37E+01	bad-chisq
group_4906	1.00E-02	3.15E-01	1.00E+00	-1.55E+00	4.33E-01	-7.41E-01	-2.42E+01	3.24E+01	bad-chisq
group_4904	1.00E-02	3.15E-01	1.00E+00	5.65E+01	4.33E-01	-7.99E-01	-2.42E+01	3.26E+01	bad-chisq
group_4893	1.00E-02	3.15E-01	4.65E-02	4.49E+00	4.33E-01	-1.10E+00	-2.76E+01	3.80E+01	bad-chisq
group_4882	1.00E-02	3.15E-01	1.00E+00	4.51E+00	4.33E-01	-7.98E-01	-2.42E+01	3.26E+01	bad-chisq
yfbU	1.00E-02	3.15E-01	1.00E+00	-1.55E+00	4.33E-01	-7.41E-01	-2.42E+01	3.24E+01	bad-chisq
group_4881	1.00E-02	3.15E-01	1.00E+00	5.65E+01	4.33E-01	-7.99E-01	-2.42E+01	3.26E+01	bad-chisq
group_4880	1.00E-02	3.15E-01	1.00E+00	5.65E+01	4.33E-01	-7.99E-01	-2.42E+01	3.26E+01	bad-chisq
group_4862	1.00E-02	3.15E-01	1.00E+00	-3.40E-01	4.33E-01	-7.51E-01	-2.39E+01	3.20E+01	bad-chisq
group_4858	1.00E-02	3.15E-01	1.00E+00	6.20E-02	4.33E-01	-7.58E-01	-2.39E+01	3.20E+01	bad-chisq
group_4848	1.00E-02	3.15E-01	1.00E+00	-1.25E+00	4.33E-01	-7.94E-01	-2.41E+01	3.23E+01	bad-chisq
group_4847	1.00E-02	3.15E-01	1.00E+00	2.07E+00	4.33E-01	-7.89E-01	-2.41E+01	3.24E+01	bad-chisq
group_4846	1.00E-02	3.15E-01	1.00E+00	2.07E+00	4.33E-01	-7.89E-01	-2.41E+01	3.24E+01	bad-chisq
group_4842	1.00E-02	3.15E-01	3.41E-01	-2.51E+00	4.33E-01	-7.74E-01	-2.49E+01	3.37E+01	bad-chisq
group_4841	1.00E-02	3.15E-01	1.00E+00	1.80E+00	4.33E-01	-7.86E-01	-2.41E+01	3.24E+01	bad-chisq
group_4835	1.00E-02	3.15E-01	1.00E+00	2.07E+00	4.33E-01	-7.89E-01	-2.41E+01	3.24E+01	bad-chisq
group_4830	1.00E-02	3.15E-01	1.00E+00	5.65E+01	4.33E-01	-7.99E-01	-2.42E+01	3.26E+01	bad-chisq
group_4820	1.00E-02	3.15E-01	1.00E+00	2.04E+00	4.33E-01	-7.89E-01	-2.41E+01	3.24E+01	bad-chisq
group_4803	1.00E-02	3.15E-01	1.00E+00	2.07E+00	4.33E-01	-7.89E-01	-2.41E+01	3.24E+01	bad-chisq
group_4801	1.00E-02	3.15E-01	1.00E+00	4.51E+00	4.33E-01	-7.98E-01	-2.42E+01	3.26E+01	bad-chisq
group_4800	1.00E-02	3.15E-01	1.00E+00	4.51E+00	4.33E-01	-7.98E-01	-2.42E+01	3.26E+01	bad-chisq
group_4796	1.00E-02	3.15E-01	1.00E+00	3.29E+00	4.33E-01	-7.96E-01	-2.42E+01	3.25E+01	bad-chisq
group_4790	1.00E-02	3.15E-01	1.00E+00	9.60E-01	4.33E-01	-7.74E-01	-2.40E+01	3.22E+01	bad-chisq
group_4788	1.00E-02	3.15E-01	1.00E+00	7.71E-01	4.33E-01	-7.71E-01	-2.39E+01	3.21E+01	bad-chisq
group_4781	1.00E-02	3.15E-01	1.00E+00	5.04E-01	4.33E-01	-7.67E-01	-2.39E+01	3.21E+01	bad-chisq
group_4780	1.00E-02	3.15E-01	3.41E-01	-2.51E+00	4.33E-01	-7.74E-01	-2.49E+01	3.37E+01	bad-chisq
group_4779	1.00E-02	3.15E-01	1.00E+00	3.29E+00	4.33E-01	-7.96E-01	-2.42E+01	3.25E+01	bad-chisq
group_4772	1.00E-02	3.15E-01	1.00E+00	-8.09E-01	4.33E-01	-7.44E-01	-2.39E+01	3.21E+01	bad-chisq
group_4768	1.00E-02	3.15E-01	1.00E+00	3.29E+00	4.33E-01	-7.96E-01	-2.42E+01	3.25E+01	bad-chisq
group_4764	1.00E-02	3.15E-01	1.00E+00	2.07E+00	4.33E-01	-7.89E-01	-2.41E+01	3.24E+01	bad-chisq
group_4763	1.00E-02	3.15E-01	1.17E-01	-3.53E+00	4.33E-01	-7.32E-01	-2.57E+01	3.35E+01	bad-chisq
group_4762	1.00E-02	3.15E-01	1.00E+00	2.04E+00	4.33E-01	-7.89E-01	-2.41E+01	3.24E+01	bad-chisq
group_4761	1.00E-02	3.15E-01	1.00E+00	4.51E+00	4.33E-01	-7.98E-01	-2.42E+01	3.26E+01	bad-chisq
group_4760	1.00E-02	3.15E-01	1.00E+00	-1.55E+00	4.33E-01	-7.41E-01	-2.42E+01	3.24E+01	bad-chisq
group_4758	1.00E-02	3.15E-01	1.00E+00	5.65E+01	4.33E-01	-7.99E-01	-2.42E+01	3.26E+01	bad-chisq
phaE	1.00E-02	3.15E-01	1.00E+00	7.71E-01	4.33E-01	-7.71E-01	-2.39E+01	3.21E+01	bad-chisq
group_4743	1.00E-02	3.15E-01	1.00E+00	1.80E+00	4.33E-01	-7.86E-01	-2.41E+01	3.24E+01	bad-chisq
group_4742	1.00E-02	3.15E-01	1.00E+00	1.80E+00	4.33E-01	-7.86E-01	-2.41E+01	3.24E+01	bad-chisq
group_4740	1.00E-02	3.15E-01	1.00E+00	1.80E+00	4.33E-01	-7.86E-01	-2.41E+01	3.24E+01	bad-chisq
group_4736	1.00E-02	3.15E-01	1.00E+00	2.51E+00	4.33E-01	-7.92E-01	-2.41E+01	3.25E+01	bad-chisq
group_4734	1.00E-02	3.15E-01	1.00E+00	4.51E+00	4.33E-01	-7.98E-01	-2.42E+01	3.26E+01	bad-chisq
group_4726	1.00E-02	3.15E-01	1.00E+00	5.04E-01	4.33E-01	-7.67E-01	-2.39E+01	3.21E+01	bad-chisq
group_4722	1.00E-02	3.15E-01	1.00E+00	-3.40E-01	4.33E-01	-7.51E-01	-2.39E+01	3.20E+01	bad-chisq
group_4719	1.00E-02	3.15E-01	1.00E+00	-8.09E-01	4.33E-01	-7.44E-01	-2.39E+01	3.21E+01	bad-chisq
group_4712	1.00E-02	3.15E-01	1.00E+00	2.51E+00	4.33E-01	-7.92E-01	-2.41E+01	3.25E+01	bad-chisq
group_4711	1.00E-02	3.15E-01	1.00E+00	-3.40E-01	4.33E-01	-7.51E-01	-2.39E+01	3.20E+01	bad-chisq
group_4708	1.00E-02	3.15E-01	1.00E+00	9.60E-01	4.33E-01	-7.74E-01	-2.40E+01	3.22E+01	bad-chisq
group_4700	1.00E-02	3.15E-01	1.00E+00	-3.40E-01	4.33E-01	-7.51E-01	-2.39E+01	3.20E+01	bad-chisq
group_4696	1.00E-02	3.15E-01	1.00E+00	-8.09E-01	4.33E-01	-7.44E-01	-2.39E+01	3.21E+01	bad-chisq
group_4695	1.00E-02	3.15E-01	1.00E+00	-8.49E-01	4.33E-01	-7.69E-01	-2.40E+01	3.26E+01	bad-chisq
group_4689	1.00E-02	3.15E-01	1.00E+00	-8.09E-01	4.33E-01	-7.44E-01	-2.39E+01	3.21E+01	bad-chisq
group_4687	1.00E-02	3.15E-01	1.00E+00	-3.40E-01	4.33E-01	-7.51E-01	-2.39E+01	3.20E+01	bad-chisq
group_4686	1.00E-02	3.15E-01	1.00E+00	-3.40E-01	4.33E-01	-7.51E-01	-2.39E+01	3.20E+01	bad-chisq
group_4682	1.00E-02	3.15E-01	1.00E+00	5.65E+01	4.33E-01	-7.99E-01	-2.42E+01	3.26E+01	bad-chisq
group_4671	1.00E-02	3.15E-01	1.00E+00	2.07E+00	4.33E-01	-7.89E-01	-2.41E+01	3.24E+01	bad-chisq
group_4670	1.00E-02	3.15E-01	1.00E+00	-8.09E-01	4.33E-01	-7.44E-01	-2.39E+01	3.21E+01	bad-chisq
group_4665	1.00E-02	3.15E-01	1.00E+00	5.65E+01	4.33E-01	-7.99E-01	-2.42E+01	3.26E+01	bad-chisq
osmC	1.00E-02	3.15E-01	3.41E-01	-2.51E+00	4.33E-01	-7.74E-01	-2.49E+01	3.37E+01	bad-chisq
group_4653	1.00E-02	3.15E-01	1.00E+00	2.42E+00	4.33E-01	-7.92E-01	-2.41E+01	3.25E+01	bad-chisq
group_4647	1.00E-02	3.15E-01	1.00E+00	3.29E+00	4.33E-01	-7.96E-01	-2.42E+01	3.25E+01	bad-chisq
group_4645	1.00E-02	3.15E-01	1.00E+00	2.51E+00	4.33E-01	-7.92E-01	-2.41E+01	3.25E+01	bad-chisq
group_4643	1.00E-02	3.15E-01	4.65E-02	4.49E+00	4.33E-01	-1.10E+00	-2.76E+01	3.80E+01	bad-chisq
group_4636	1.00E-02	3.15E-01	1.00E+00	1.80E+00	4.33E-01	-7.86E-01	-2.41E+01	3.24E+01	bad-chisq
group_4633	1.00E-02	3.15E-01	1.00E+00	2.42E+00	4.33E-01	-7.92E-01	-2.41E+01	3.25E+01	bad-chisq
yxaF	1.00E-02	3.15E-01	3.41E-01	-2.51E+00	4.33E-01	-7.74E-01	-2.49E+01	3.37E+01	bad-chisq
group_4629	1.00E-02	3.15E-01	1.00E+00	1.80E+00	4.33E-01	-7.86E-01	-2.41E+01	3.24E+01	bad-chisq
group_4625	1.00E-02	3.15E-01	1.00E+00	-1.55E+00	4.33E-01	-7.41E-01	-2.42E+01	3.24E+01	bad-chisq
group_4618	1.00E-02	3.15E-01	1.00E+00	-8.09E-01	4.33E-01	-7.44E-01	-2.39E+01	3.21E+01	bad-chisq
group_4617	1.00E-02	3.15E-01	1.00E+00	5.04E-01	4.33E-01	-7.67E-01	-2.39E+01	3.21E+01	bad-chisq
group_4616	1.00E-02	3.15E-01	1.00E+00	9.60E-01	4.33E-01	-7.74E-01	-2.40E+01	3.22E+01	bad-chisq
group_4606	1.00E-02	3.15E-01	1.00E+00	1.57E+00	4.33E-01	-7.84E-01	-2.40E+01	3.23E+01	bad-chisq
group_4601	1.00E-02	3.15E-01	1.00E+00	4.51E+00	4.33E-01	-7.98E-01	-2.42E+01	3.26E+01	bad-chisq
group_4593	1.00E-02	3.15E-01	1.00E+00	-1.55E+00	4.33E-01	-7.41E-01	-2.42E+01	3.24E+01	bad-chisq
group_4585	1.00E-02	3.15E-01	1.00E+00	4.51E+00	4.33E-01	-7.98E-01	-2.42E+01	3.26E+01	bad-chisq
group_4578	1.00E-02	3.15E-01	1.00E+00	2.07E+00	4.33E-01	-7.89E-01	-2.41E+01	3.24E+01	bad-chisq
group_4576	1.00E-02	3.15E-01	1.00E+00	-1.55E+00	4.33E-01	-7.41E-01	-2.42E+01	3.24E+01	bad-chisq
group_4567	1.00E-02	3.15E-01	1.00E+00	-8.49E-01	4.33E-01	-7.69E-01	-2.40E+01	3.26E+01	bad-chisq
group_4566	1.00E-02	3.15E-01	1.00E+00	5.65E+01	4.33E-01	-7.99E-01	-2.42E+01	3.26E+01	bad-chisq
group_4565	1.00E-02	3.15E-01	3.41E-01	-2.51E+00	4.33E-01	-7.74E-01	-2.49E+01	3.37E+01	bad-chisq
group_4561	1.00E-02	3.15E-01	1.00E+00	2.07E+00	4.33E-01	-7.89E-01	-2.41E+01	3.24E+01	bad-chisq
group_4560	1.00E-02	3.15E-01	1.00E+00	2.51E+00	4.33E-01	-7.92E-01	-2.41E+01	3.25E+01	bad-chisq
group_4557	1.00E-02	3.15E-01	1.00E+00	6.20E-02	4.33E-01	-7.58E-01	-2.39E+01	3.20E+01	bad-chisq
group_4556	1.00E-02	3.15E-01	1.00E+00	7.71E-01	4.33E-01	-7.71E-01	-2.39E+01	3.21E+01	bad-chisq
group_4555	1.00E-02	3.15E-01	1.00E+00	3.29E+00	4.33E-01	-7.96E-01	-2.42E+01	3.25E+01	bad-chisq
group_4551	1.00E-02	3.15E-01	1.00E+00	-7.46E-01	4.33E-01	-7.68E-01	-2.40E+01	3.26E+01	bad-chisq
group_4550	1.00E-02	3.15E-01	1.00E+00	-8.09E-01	4.33E-01	-7.44E-01	-2.39E+01	3.21E+01	bad-chisq
group_4549	1.00E-02	3.15E-01	1.00E+00	4.51E+00	4.33E-01	-7.98E-01	-2.42E+01	3.26E+01	bad-chisq
group_4548	1.00E-02	3.15E-01	1.00E+00	6.20E-02	4.33E-01	-7.58E-01	-2.39E+01	3.20E+01	bad-chisq
group_4546	1.00E-02	3.15E-01	1.00E+00	1.80E+00	4.33E-01	-7.86E-01	-2.41E+01	3.24E+01	bad-chisq
group_4543	1.00E-02	3.15E-01	1.00E+00	2.07E+00	4.33E-01	-7.89E-01	-2.41E+01	3.24E+01	bad-chisq
group_4540	1.00E-02	3.15E-01	1.00E+00	5.65E+01	4.33E-01	-7.99E-01	-2.42E+01	3.26E+01	bad-chisq
group_4537	1.00E-02	3.15E-01	4.65E-02	4.49E+00	4.33E-01	-1.10E+00	-2.76E+01	3.80E+01	bad-chisq
group_4533	1.00E-02	3.15E-01	1.00E+00	1.80E+00	4.33E-01	-7.86E-01	-2.41E+01	3.24E+01	bad-chisq
group_4529	1.00E-02	3.15E-01	1.00E+00	-8.09E-01	4.33E-01	-7.44E-01	-2.39E+01	3.21E+01	bad-chisq
group_4526	1.00E-02	3.15E-01	1.00E+00	5.04E-01	4.33E-01	-7.67E-01	-2.39E+01	3.21E+01	bad-chisq
group_4523	1.00E-02	3.15E-01	1.00E+00	1.80E+00	4.33E-01	-7.86E-01	-2.41E+01	3.24E+01	bad-chisq
group_4511	1.00E-02	3.15E-01	1.00E+00	2.51E+00	4.33E-01	-7.92E-01	-2.41E+01	3.25E+01	bad-chisq
group_4498	1.00E-02	3.15E-01	1.00E+00	4.51E+00	4.33E-01	-7.98E-01	-2.42E+01	3.26E+01	bad-chisq
group_4497	1.00E-02	3.15E-01	1.00E+00	-1.55E+00	4.33E-01	-7.41E-01	-2.42E+01	3.24E+01	bad-chisq
group_4495	1.00E-02	3.15E-01	1.00E+00	7.71E-01	4.33E-01	-7.71E-01	-2.39E+01	3.21E+01	bad-chisq
group_4489	1.00E-02	3.15E-01	1.00E+00	-3.40E-01	4.33E-01	-7.51E-01	-2.39E+01	3.20E+01	bad-chisq
group_4487	1.00E-02	3.15E-01	4.73E-01	-2.32E+00	4.33E-01	-8.08E-01	-2.48E+01	3.43E+01	bad-chisq
group_4479	1.00E-02	3.15E-01	1.00E+00	2.07E+00	4.33E-01	-7.89E-01	-2.41E+01	3.24E+01	bad-chisq
group_4478	1.00E-02	3.15E-01	4.65E-02	4.49E+00	4.33E-01	-1.10E+00	-2.76E+01	3.80E+01	bad-chisq
group_4469	1.00E-02	3.15E-01	1.00E+00	5.65E+01	4.33E-01	-7.99E-01	-2.42E+01	3.26E+01	bad-chisq
group_4468	1.00E-02	3.15E-01	1.00E+00	5.65E+01	4.33E-01	-7.99E-01	-2.42E+01	3.26E+01	bad-chisq
group_4465	1.00E-02	3.15E-01	1.00E+00	2.07E+00	4.33E-01	-7.89E-01	-2.41E+01	3.24E+01	bad-chisq
group_4464	1.00E-02	3.15E-01	1.00E+00	2.42E+00	4.33E-01	-7.92E-01	-2.41E+01	3.25E+01	bad-chisq
group_4463	1.00E-02	3.15E-01	4.65E-02	4.49E+00	4.33E-01	-1.10E+00	-2.76E+01	3.80E+01	bad-chisq
group_4449	1.00E-02	3.15E-01	1.00E+00	5.65E+01	4.33E-01	-7.99E-01	-2.42E+01	3.26E+01	bad-chisq
group_4442	1.00E-02	3.15E-01	1.00E+00	5.65E+01	4.33E-01	-7.99E-01	-2.42E+01	3.26E+01	bad-chisq
group_4430	1.00E-02	3.15E-01	4.65E-02	4.49E+00	4.33E-01	-1.10E+00	-2.76E+01	3.80E+01	bad-chisq
group_4405	1.00E-02	3.15E-01	1.00E+00	4.51E+00	4.33E-01	-7.98E-01	-2.42E+01	3.26E+01	bad-chisq
group_4404	1.00E-02	3.15E-01	1.00E+00	5.04E-01	4.33E-01	-7.67E-01	-2.39E+01	3.21E+01	bad-chisq
group_4402	1.00E-02	3.15E-01	1.00E+00	5.65E+01	4.33E-01	-7.99E-01	-2.42E+01	3.26E+01	bad-chisq
group_4375	1.00E-02	3.15E-01	1.00E+00	2.07E+00	4.33E-01	-7.89E-01	-2.41E+01	3.24E+01	bad-chisq
group_4374	1.00E-02	3.15E-01	1.00E+00	4.51E+00	4.33E-01	-7.98E-01	-2.42E+01	3.26E+01	bad-chisq
group_4359	1.00E-02	3.15E-01	1.00E+00	3.29E+00	4.33E-01	-7.96E-01	-2.42E+01	3.25E+01	bad-chisq
group_4354	1.00E-02	3.15E-01	1.00E+00	-1.55E+00	4.33E-01	-7.41E-01	-2.42E+01	3.24E+01	bad-chisq
group_4346	1.00E-02	3.15E-01	1.00E+00	-1.25E+00	4.33E-01	-7.94E-01	-2.41E+01	3.23E+01	bad-chisq
group_4344	1.00E-02	3.15E-01	1.00E+00	-1.55E+00	4.33E-01	-7.41E-01	-2.42E+01	3.24E+01	bad-chisq
group_4342	1.00E-02	3.15E-01	1.00E+00	9.60E-01	4.33E-01	-7.74E-01	-2.40E+01	3.22E+01	bad-chisq
group_4338	1.00E-02	3.15E-01	1.00E+00	1.80E+00	4.33E-01	-7.86E-01	-2.41E+01	3.24E+01	bad-chisq
group_4337	1.00E-02	3.15E-01	1.00E+00	2.42E+00	4.33E-01	-7.92E-01	-2.41E+01	3.25E+01	bad-chisq
group_4330	1.00E-02	3.15E-01	4.73E-01	-2.32E+00	4.33E-01	-8.08E-01	-2.48E+01	3.43E+01	bad-chisq
group_4327	1.00E-02	3.15E-01	1.00E+00	-1.55E+00	4.33E-01	-7.41E-01	-2.42E+01	3.24E+01	bad-chisq
group_4326	1.00E-02	3.15E-01	1.00E+00	9.60E-01	4.33E-01	-7.74E-01	-2.40E+01	3.22E+01	bad-chisq
group_4323	1.00E-02	3.15E-01	1.00E+00	3.29E+00	4.33E-01	-7.96E-01	-2.42E+01	3.25E+01	bad-chisq
group_4320	1.00E-02	3.15E-01	1.00E+00	1.80E+00	4.33E-01	-7.86E-01	-2.41E+01	3.24E+01	bad-chisq
group_4317	1.00E-02	3.15E-01	1.00E+00	2.07E+00	4.33E-01	-7.89E-01	-2.41E+01	3.24E+01	bad-chisq
group_4311	1.00E-02	3.15E-01	1.00E+00	-1.51E+00	4.33E-01	-7.78E-01	-2.43E+01	3.32E+01	bad-chisq
group_4309	1.00E-02	3.15E-01	1.00E+00	-3.40E-01	4.33E-01	-7.51E-01	-2.39E+01	3.20E+01	bad-chisq
group_4307	1.00E-02	3.15E-01	1.00E+00	3.29E+00	4.33E-01	-7.96E-01	-2.42E+01	3.25E+01	bad-chisq
group_4301	1.00E-02	3.15E-01	1.00E+00	2.51E+00	4.33E-01	-7.92E-01	-2.41E+01	3.25E+01	bad-chisq
group_4300	1.00E-02	3.15E-01	1.00E+00	3.29E+00	4.33E-01	-7.96E-01	-2.42E+01	3.25E+01	bad-chisq
group_4296	1.00E-02	3.15E-01	1.00E+00	5.04E-01	4.33E-01	-7.67E-01	-2.39E+01	3.21E+01	bad-chisq
group_4291	1.00E-02	3.15E-01	1.00E+00	1.80E+00	4.33E-01	-7.86E-01	-2.41E+01	3.24E+01	bad-chisq
group_4273	1.00E-02	3.15E-01	1.00E+00	-9.87E-01	4.33E-01	-8.06E-01	-2.41E+01	3.25E+01	bad-chisq
group_4264	1.00E-02	3.15E-01	1.00E+00	2.07E+00	4.33E-01	-7.89E-01	-2.41E+01	3.24E+01	bad-chisq
group_4263	1.00E-02	3.15E-01	1.00E+00	2.51E+00	4.33E-01	-7.92E-01	-2.41E+01	3.25E+01	bad-chisq
group_4262	1.00E-02	3.15E-01	1.00E+00	-7.46E-01	4.33E-01	-7.68E-01	-2.40E+01	3.26E+01	bad-chisq
group_4252	1.00E-02	3.15E-01	4.65E-02	4.49E+00	4.33E-01	-1.10E+00	-2.76E+01	3.80E+01	bad-chisq
group_4247	1.00E-02	3.15E-01	3.41E-01	-2.51E+00	4.33E-01	-7.74E-01	-2.49E+01	3.37E+01	bad-chisq
group_4245	1.00E-02	3.15E-01	1.00E+00	-3.40E-01	4.33E-01	-7.51E-01	-2.39E+01	3.20E+01	bad-chisq
group_4242	1.00E-02	3.15E-01	1.00E+00	3.28E+00	4.33E-01	-7.96E-01	-2.42E+01	3.25E+01	bad-chisq
group_4238	1.00E-02	3.15E-01	1.00E+00	-3.40E-01	4.33E-01	-7.51E-01	-2.39E+01	3.20E+01	bad-chisq
group_4233	1.00E-02	3.15E-01	1.00E+00	2.51E+00	4.33E-01	-7.92E-01	-2.41E+01	3.25E+01	bad-chisq
group_4225	1.00E-02	3.15E-01	1.00E+00	1.80E+00	4.33E-01	-7.86E-01	-2.41E+01	3.24E+01	bad-chisq
group_4220	1.00E-02	3.15E-01	1.00E+00	2.51E+00	4.33E-01	-7.92E-01	-2.41E+01	3.25E+01	bad-chisq
group_4219	1.00E-02	3.15E-01	1.00E+00	-3.40E-01	4.33E-01	-7.51E-01	-2.39E+01	3.20E+01	bad-chisq
group_4216	1.00E-02	3.15E-01	1.00E+00	3.28E+00	4.33E-01	-7.96E-01	-2.42E+01	3.25E+01	bad-chisq
group_4215	1.00E-02	3.15E-01	1.00E+00	1.70E+00	4.33E-01	-7.85E-01	-2.41E+01	3.23E+01	bad-chisq
group_4214	1.00E-02	3.15E-01	1.00E+00	3.29E+00	4.33E-01	-7.96E-01	-2.42E+01	3.25E+01	bad-chisq
group_4207	1.00E-02	3.15E-01	1.00E+00	2.07E+00	4.33E-01	-7.89E-01	-2.41E+01	3.24E+01	bad-chisq
group_4184	1.00E-02	3.15E-01	1.00E+00	-8.09E-01	4.33E-01	-7.44E-01	-2.39E+01	3.21E+01	bad-chisq
group_4182	1.00E-02	3.15E-01	1.00E+00	4.51E+00	4.33E-01	-7.98E-01	-2.42E+01	3.26E+01	bad-chisq
group_4181	1.00E-02	3.15E-01	1.00E+00	5.65E+01	4.33E-01	-7.99E-01	-2.42E+01	3.26E+01	bad-chisq
group_4174	1.00E-02	3.15E-01	1.00E+00	2.07E+00	4.33E-01	-7.89E-01	-2.41E+01	3.24E+01	bad-chisq
group_4172	1.00E-02	3.15E-01	1.00E+00	5.04E-01	4.33E-01	-7.67E-01	-2.39E+01	3.21E+01	bad-chisq
group_4171	1.00E-02	3.15E-01	1.00E+00	5.65E+01	4.33E-01	-7.99E-01	-2.42E+01	3.26E+01	bad-chisq
group_4161	1.00E-02	3.15E-01	1.00E+00	2.07E+00	4.33E-01	-7.89E-01	-2.41E+01	3.24E+01	bad-chisq
group_4160	1.00E-02	3.15E-01	1.00E+00	6.20E-02	4.33E-01	-7.58E-01	-2.39E+01	3.20E+01	bad-chisq
group_4147	1.00E-02	3.15E-01	1.00E+00	9.60E-01	4.33E-01	-7.74E-01	-2.40E+01	3.22E+01	bad-chisq
group_4146	1.00E-02	3.15E-01	1.00E+00	1.57E+00	4.33E-01	-7.84E-01	-2.40E+01	3.23E+01	bad-chisq
group_4138	1.00E-02	3.15E-01	1.00E+00	2.07E+00	4.33E-01	-7.89E-01	-2.41E+01	3.24E+01	bad-chisq
group_4137	1.00E-02	3.15E-01	1.00E+00	-3.40E-01	4.33E-01	-7.51E-01	-2.39E+01	3.20E+01	bad-chisq
group_4136	1.00E-02	3.15E-01	1.00E+00	3.29E+00	4.33E-01	-7.96E-01	-2.42E+01	3.25E+01	bad-chisq
group_4133	1.00E-02	3.15E-01	1.00E+00	1.80E+00	4.33E-01	-7.86E-01	-2.41E+01	3.24E+01	bad-chisq
group_4129	1.00E-02	3.15E-01	1.00E+00	2.42E+00	4.33E-01	-7.92E-01	-2.41E+01	3.25E+01	bad-chisq
group_4128	1.00E-02	3.15E-01	4.65E-02	4.49E+00	4.33E-01	-1.10E+00	-2.76E+01	3.80E+01	bad-chisq
group_4127	1.00E-02	3.15E-01	1.00E+00	4.51E+00	4.33E-01	-7.98E-01	-2.42E+01	3.26E+01	bad-chisq
group_4125	1.00E-02	3.15E-01	1.00E+00	3.29E+00	4.33E-01	-7.96E-01	-2.42E+01	3.25E+01	bad-chisq
group_4124	1.00E-02	3.15E-01	1.00E+00	3.29E+00	4.33E-01	-7.96E-01	-2.42E+01	3.25E+01	bad-chisq
group_4123	1.00E-02	3.15E-01	1.00E+00	1.80E+00	4.33E-01	-7.86E-01	-2.41E+01	3.24E+01	bad-chisq
group_4119	1.00E-02	3.15E-01	1.17E-01	-3.53E+00	4.33E-01	-7.32E-01	-2.57E+01	3.35E+01	bad-chisq
group_4118	1.00E-02	3.15E-01	4.65E-02	4.49E+00	4.33E-01	-1.10E+00	-2.76E+01	3.80E+01	bad-chisq
group_4116	1.00E-02	3.15E-01	1.00E+00	5.65E+01	4.33E-01	-7.99E-01	-2.42E+01	3.26E+01	bad-chisq
group_4115	1.00E-02	3.15E-01	1.00E+00	5.65E+01	4.33E-01	-7.99E-01	-2.42E+01	3.26E+01	bad-chisq
group_4109	1.00E-02	3.15E-01	1.00E+00	9.60E-01	4.33E-01	-7.74E-01	-2.40E+01	3.22E+01	bad-chisq
group_4104	1.00E-02	3.15E-01	1.00E+00	1.80E+00	4.33E-01	-7.86E-01	-2.41E+01	3.24E+01	bad-chisq
group_4101	1.00E-02	3.15E-01	1.00E+00	-3.40E-01	4.33E-01	-7.51E-01	-2.39E+01	3.20E+01	bad-chisq
group_4100	1.00E-02	3.15E-01	1.00E+00	4.51E+00	4.33E-01	-7.98E-01	-2.42E+01	3.26E+01	bad-chisq
group_4092	1.00E-02	3.15E-01	1.00E+00	-8.09E-01	4.33E-01	-7.44E-01	-2.39E+01	3.21E+01	bad-chisq
group_4091	1.00E-02	3.15E-01	1.00E+00	-3.40E-01	4.33E-01	-7.51E-01	-2.39E+01	3.20E+01	bad-chisq
group_4088	1.00E-02	3.15E-01	1.00E+00	6.20E-02	4.33E-01	-7.58E-01	-2.39E+01	3.20E+01	bad-chisq
group_4085	1.00E-02	3.15E-01	1.00E+00	2.42E+00	4.33E-01	-7.92E-01	-2.41E+01	3.25E+01	bad-chisq
group_4084	1.00E-02	3.15E-01	1.00E+00	-8.09E-01	4.33E-01	-7.44E-01	-2.39E+01	3.21E+01	bad-chisq
group_4078	1.00E-02	3.15E-01	1.00E+00	2.07E+00	4.33E-01	-7.89E-01	-2.41E+01	3.24E+01	bad-chisq
group_4077	1.00E-02	3.15E-01	1.00E+00	2.51E+00	4.33E-01	-7.92E-01	-2.41E+01	3.25E+01	bad-chisq
group_4076	1.00E-02	3.15E-01	1.00E+00	2.42E+00	4.33E-01	-7.92E-01	-2.41E+01	3.25E+01	bad-chisq
group_4069	1.00E-02	3.15E-01	1.00E+00	5.65E+01	4.33E-01	-7.99E-01	-2.42E+01	3.26E+01	bad-chisq
group_4060	1.00E-02	3.15E-01	1.00E+00	-1.55E+00	4.33E-01	-7.41E-01	-2.42E+01	3.24E+01	bad-chisq
group_4057	1.00E-02	3.15E-01	1.00E+00	9.60E-01	4.33E-01	-7.74E-01	-2.40E+01	3.22E+01	bad-chisq
group_4055	1.00E-02	3.15E-01	1.00E+00	3.29E+00	4.33E-01	-7.96E-01	-2.42E+01	3.25E+01	bad-chisq
group_4048	1.00E-02	3.15E-01	1.00E+00	2.51E+00	4.33E-01	-7.92E-01	-2.41E+01	3.25E+01	bad-chisq
group_4047	1.00E-02	3.15E-01	1.00E+00	-8.09E-01	4.33E-01	-7.44E-01	-2.39E+01	3.21E+01	bad-chisq
group_4041	1.00E-02	3.15E-01	1.00E+00	4.37E-01	4.33E-01	-8.05E-01	-2.41E+01	3.21E+01	bad-chisq
group_4034	1.00E-02	3.15E-01	1.00E+00	2.51E+00	4.33E-01	-7.92E-01	-2.41E+01	3.25E+01	bad-chisq
group_4033	1.00E-02	3.15E-01	1.00E+00	2.42E+00	4.33E-01	-7.92E-01	-2.41E+01	3.25E+01	bad-chisq
group_4030	1.00E-02	3.15E-01	1.00E+00	5.65E+01	4.33E-01	-7.99E-01	-2.42E+01	3.26E+01	bad-chisq
group_4029	1.00E-02	3.15E-01	1.00E+00	1.80E+00	4.33E-01	-7.86E-01	-2.41E+01	3.24E+01	bad-chisq
group_4018	1.00E-02	3.15E-01	1.00E+00	3.28E+00	4.33E-01	-7.96E-01	-2.42E+01	3.25E+01	bad-chisq
group_4014	1.00E-02	3.15E-01	1.00E+00	1.80E+00	4.33E-01	-7.86E-01	-2.41E+01	3.24E+01	bad-chisq
group_4008	1.00E-02	3.15E-01	1.00E+00	1.54E+00	4.33E-01	-8.40E-01	-2.45E+01	3.25E+01	bad-chisq
group_4007	1.00E-02	3.15E-01	1.00E+00	5.65E+01	4.33E-01	-7.99E-01	-2.42E+01	3.26E+01	bad-chisq
group_3995	1.00E-02	3.15E-01	4.65E-02	4.49E+00	4.33E-01	-1.10E+00	-2.76E+01	3.80E+01	bad-chisq
group_3991	1.00E-02	3.15E-01	1.00E+00	2.07E+00	4.33E-01	-7.89E-01	-2.41E+01	3.24E+01	bad-chisq
group_3990	1.00E-02	3.15E-01	1.00E+00	-8.09E-01	4.33E-01	-7.44E-01	-2.39E+01	3.21E+01	bad-chisq
group_3988	1.00E-02	3.15E-01	4.65E-02	4.49E+00	4.33E-01	-1.10E+00	-2.76E+01	3.80E+01	bad-chisq
group_3987	1.00E-02	3.15E-01	1.00E+00	5.65E+01	4.33E-01	-7.99E-01	-2.42E+01	3.26E+01	bad-chisq
group_3986	1.00E-02	3.15E-01	1.00E+00	9.60E-01	4.33E-01	-7.74E-01	-2.40E+01	3.22E+01	bad-chisq
group_3984	1.00E-02	3.15E-01	1.00E+00	3.29E+00	4.33E-01	-7.96E-01	-2.42E+01	3.25E+01	bad-chisq
group_3980	1.00E-02	3.15E-01	1.00E+00	-1.81E+00	4.33E-01	-8.01E-01	-2.41E+01	3.25E+01	bad-chisq
group_3974	1.00E-02	3.15E-01	1.00E+00	1.80E+00	4.33E-01	-7.86E-01	-2.41E+01	3.24E+01	bad-chisq
group_3965	1.00E-02	3.15E-01	3.41E-01	-2.51E+00	4.33E-01	-7.74E-01	-2.49E+01	3.37E+01	bad-chisq
group_3959	1.00E-02	3.15E-01	1.00E+00	6.20E-02	4.33E-01	-7.58E-01	-2.39E+01	3.20E+01	bad-chisq
blaOXA10	1.00E-02	3.15E-01	1.00E+00	1.80E+00	4.33E-01	-7.86E-01	-2.41E+01	3.24E+01	bad-chisq
group_3953	1.00E-02	3.15E-01	1.00E+00	1.80E+00	4.33E-01	-7.86E-01	-2.41E+01	3.24E+01	bad-chisq
group_3946	1.00E-02	3.15E-01	1.00E+00	-3.40E-01	4.33E-01	-7.51E-01	-2.39E+01	3.20E+01	bad-chisq
group_3943	1.00E-02	3.15E-01	1.00E+00	3.28E+00	4.33E-01	-7.96E-01	-2.42E+01	3.25E+01	bad-chisq
group_3940	1.00E-02	3.15E-01	1.00E+00	2.51E+00	4.33E-01	-7.92E-01	-2.41E+01	3.25E+01	bad-chisq
group_3939	1.00E-02	3.15E-01	1.00E+00	-3.40E-01	4.33E-01	-7.51E-01	-2.39E+01	3.20E+01	bad-chisq
group_3937	1.00E-02	3.15E-01	1.00E+00	1.80E+00	4.33E-01	-7.86E-01	-2.41E+01	3.24E+01	bad-chisq
group_3932	1.00E-02	3.15E-01	1.00E+00	6.20E-02	4.33E-01	-7.58E-01	-2.39E+01	3.20E+01	bad-chisq
group_3931	1.00E-02	3.15E-01	1.00E+00	6.20E-02	4.33E-01	-7.58E-01	-2.39E+01	3.20E+01	bad-chisq
group_3916	1.00E-02	3.15E-01	1.00E+00	6.20E-02	4.33E-01	-7.58E-01	-2.39E+01	3.20E+01	bad-chisq
group_3915	1.00E-02	3.15E-01	1.00E+00	3.28E+00	4.33E-01	-7.96E-01	-2.42E+01	3.25E+01	bad-chisq
group_3910	1.00E-02	3.15E-01	4.73E-01	-2.32E+00	4.33E-01	-8.08E-01	-2.48E+01	3.43E+01	bad-chisq
group_3909	1.00E-02	3.15E-01	1.00E+00	4.51E+00	4.33E-01	-7.98E-01	-2.42E+01	3.26E+01	bad-chisq
group_3894	1.00E-02	3.15E-01	1.00E+00	9.60E-01	4.33E-01	-7.74E-01	-2.40E+01	3.22E+01	bad-chisq
group_3889	1.00E-02	3.15E-01	1.00E+00	2.51E+00	4.33E-01	-7.92E-01	-2.41E+01	3.25E+01	bad-chisq
group_3888	1.00E-02	3.15E-01	1.00E+00	-3.40E-01	4.33E-01	-7.51E-01	-2.39E+01	3.20E+01	bad-chisq
group_3881	1.00E-02	3.15E-01	1.00E+00	2.07E+00	4.33E-01	-7.89E-01	-2.41E+01	3.24E+01	bad-chisq
group_3877	1.00E-02	3.15E-01	1.00E+00	1.70E+00	4.33E-01	-7.85E-01	-2.41E+01	3.23E+01	bad-chisq
group_3876	1.00E-02	3.15E-01	1.00E+00	5.65E+01	4.33E-01	-7.99E-01	-2.42E+01	3.26E+01	bad-chisq
group_3875	1.00E-02	3.15E-01	1.00E+00	5.65E+01	4.33E-01	-7.99E-01	-2.42E+01	3.26E+01	bad-chisq
group_3874	1.00E-02	3.15E-01	1.00E+00	5.65E+01	4.33E-01	-7.99E-01	-2.42E+01	3.26E+01	bad-chisq
group_3873	1.00E-02	3.15E-01	1.00E+00	6.20E-02	4.33E-01	-7.58E-01	-2.39E+01	3.20E+01	bad-chisq
group_3869	1.00E-02	3.15E-01	1.00E+00	1.80E+00	4.33E-01	-7.86E-01	-2.41E+01	3.24E+01	bad-chisq
group_3859	1.00E-02	3.15E-01	1.00E+00	5.65E+01	4.33E-01	-7.99E-01	-2.42E+01	3.26E+01	bad-chisq
group_3858	1.00E-02	3.15E-01	1.00E+00	5.65E+01	4.33E-01	-7.99E-01	-2.42E+01	3.26E+01	bad-chisq
group_3855	1.00E-02	3.15E-01	1.00E+00	2.51E+00	4.33E-01	-7.92E-01	-2.41E+01	3.25E+01	bad-chisq
group_3845	1.00E-02	3.15E-01	1.00E+00	2.07E+00	4.33E-01	-7.89E-01	-2.41E+01	3.24E+01	bad-chisq
group_3833	1.00E-02	3.15E-01	1.00E+00	-3.40E-01	4.33E-01	-7.51E-01	-2.39E+01	3.20E+01	bad-chisq
group_3825	1.00E-02	3.15E-01	1.00E+00	5.04E-01	4.33E-01	-7.67E-01	-2.39E+01	3.21E+01	bad-chisq
group_3824	1.00E-02	3.15E-01	1.00E+00	9.60E-01	4.33E-01	-7.74E-01	-2.40E+01	3.22E+01	bad-chisq
group_3821	1.00E-02	3.15E-01	1.00E+00	2.51E+00	4.33E-01	-7.92E-01	-2.41E+01	3.25E+01	bad-chisq
epsE	1.00E-02	3.15E-01	3.41E-01	-2.51E+00	4.33E-01	-7.74E-01	-2.49E+01	3.37E+01	bad-chisq
group_3818	1.00E-02	3.15E-01	1.00E+00	1.80E+00	4.33E-01	-7.86E-01	-2.41E+01	3.24E+01	bad-chisq
group_3813	1.00E-02	3.15E-01	1.00E+00	2.51E+00	4.33E-01	-7.92E-01	-2.41E+01	3.25E+01	bad-chisq
group_3812	1.00E-02	3.15E-01	1.00E+00	-8.09E-01	4.33E-01	-7.44E-01	-2.39E+01	3.21E+01	bad-chisq
group_3811	1.00E-02	3.15E-01	4.65E-02	4.49E+00	4.33E-01	-1.10E+00	-2.76E+01	3.80E+01	bad-chisq
group_3807	1.00E-02	3.15E-01	1.00E+00	-8.09E-01	4.33E-01	-7.44E-01	-2.39E+01	3.21E+01	bad-chisq
group_3802	1.00E-02	3.15E-01	1.00E+00	-3.40E-01	4.33E-01	-7.51E-01	-2.39E+01	3.20E+01	bad-chisq
group_3800	1.00E-02	3.15E-01	1.00E+00	-1.55E+00	4.33E-01	-7.41E-01	-2.42E+01	3.24E+01	bad-chisq
group_3799	1.00E-02	3.15E-01	1.00E+00	3.28E+00	4.33E-01	-7.96E-01	-2.42E+01	3.25E+01	bad-chisq
group_3796	1.00E-02	3.15E-01	1.00E+00	7.71E-01	4.33E-01	-7.71E-01	-2.39E+01	3.21E+01	bad-chisq
group_3780	1.00E-02	3.15E-01	1.00E+00	3.29E+00	4.33E-01	-7.96E-01	-2.42E+01	3.25E+01	bad-chisq
group_3773	1.00E-02	3.15E-01	4.65E-02	4.49E+00	4.33E-01	-1.10E+00	-2.76E+01	3.80E+01	bad-chisq
group_3772	1.00E-02	3.15E-01	1.00E+00	5.65E+01	4.33E-01	-7.99E-01	-2.42E+01	3.26E+01	bad-chisq
group_3768	1.00E-02	3.15E-01	1.00E+00	-3.40E-01	4.33E-01	-7.51E-01	-2.39E+01	3.20E+01	bad-chisq
group_3767	1.00E-02	3.15E-01	1.00E+00	5.04E-01	4.33E-01	-7.67E-01	-2.39E+01	3.21E+01	bad-chisq
group_3760	1.00E-02	3.15E-01	1.00E+00	2.51E+00	4.33E-01	-7.92E-01	-2.41E+01	3.25E+01	bad-chisq
group_3759	1.00E-02	3.15E-01	1.00E+00	-3.40E-01	4.33E-01	-7.51E-01	-2.39E+01	3.20E+01	bad-chisq
group_3758	1.00E-02	3.15E-01	1.00E+00	-3.40E-01	4.33E-01	-7.51E-01	-2.39E+01	3.20E+01	bad-chisq
group_3757	1.00E-02	3.15E-01	1.00E+00	-3.40E-01	4.33E-01	-7.51E-01	-2.39E+01	3.20E+01	bad-chisq
group_3756	1.00E-02	3.15E-01	1.00E+00	4.51E+00	4.33E-01	-7.98E-01	-2.42E+01	3.26E+01	bad-chisq
group_3750	1.00E-02	3.15E-01	1.00E+00	2.07E+00	4.33E-01	-7.89E-01	-2.41E+01	3.24E+01	bad-chisq
group_3744	1.00E-02	3.15E-01	3.41E-01	-2.51E+00	4.33E-01	-7.74E-01	-2.49E+01	3.37E+01	bad-chisq
group_3733	1.00E-02	3.15E-01	1.00E+00	1.80E+00	4.33E-01	-7.86E-01	-2.41E+01	3.24E+01	bad-chisq
group_3730	1.00E-02	3.15E-01	1.00E+00	5.65E+01	4.33E-01	-7.99E-01	-2.42E+01	3.26E+01	bad-chisq
folE2	1.00E-02	3.15E-01	4.65E-02	4.49E+00	4.33E-01	-1.10E+00	-2.76E+01	3.80E+01	bad-chisq
group_3719	1.00E-02	3.15E-01	1.00E+00	5.65E+01	4.33E-01	-7.99E-01	-2.42E+01	3.26E+01	bad-chisq
group_3713	1.00E-02	3.15E-01	1.00E+00	6.20E-02	4.33E-01	-7.58E-01	-2.39E+01	3.20E+01	bad-chisq
group_3711	1.00E-02	3.15E-01	1.00E+00	3.29E+00	4.33E-01	-7.96E-01	-2.42E+01	3.25E+01	bad-chisq
group_3705	1.00E-02	3.15E-01	1.00E+00	-1.55E+00	4.33E-01	-7.41E-01	-2.42E+01	3.24E+01	bad-chisq
group_3704	1.00E-02	3.15E-01	1.00E+00	5.04E-01	4.33E-01	-7.67E-01	-2.39E+01	3.21E+01	bad-chisq
group_3696	1.00E-02	3.15E-01	1.00E+00	-1.55E+00	4.33E-01	-7.41E-01	-2.42E+01	3.24E+01	bad-chisq
group_3695	1.00E-02	3.15E-01	1.00E+00	5.04E-01	4.33E-01	-7.67E-01	-2.39E+01	3.21E+01	bad-chisq
group_3694	1.00E-02	3.15E-01	1.00E+00	5.65E+01	4.33E-01	-7.99E-01	-2.42E+01	3.26E+01	bad-chisq
group_3687	1.00E-02	3.15E-01	1.00E+00	3.29E+00	4.33E-01	-7.96E-01	-2.42E+01	3.25E+01	bad-chisq
group_3686	1.00E-02	3.15E-01	1.00E+00	1.80E+00	4.33E-01	-7.86E-01	-2.41E+01	3.24E+01	bad-chisq
group_3682	1.00E-02	3.15E-01	1.00E+00	-1.55E+00	4.33E-01	-7.41E-01	-2.42E+01	3.24E+01	bad-chisq
group_3681	1.00E-02	3.15E-01	1.00E+00	5.65E+01	4.33E-01	-7.99E-01	-2.42E+01	3.26E+01	bad-chisq
group_3675	1.00E-02	3.15E-01	1.00E+00	-8.09E-01	4.33E-01	-7.44E-01	-2.39E+01	3.21E+01	bad-chisq
group_3674	1.00E-02	3.15E-01	1.00E+00	-3.40E-01	4.33E-01	-7.51E-01	-2.39E+01	3.20E+01	bad-chisq
group_3673	1.00E-02	3.15E-01	1.00E+00	4.51E+00	4.33E-01	-7.98E-01	-2.42E+01	3.26E+01	bad-chisq
group_3670	1.00E-02	3.15E-01	1.00E+00	1.80E+00	4.33E-01	-7.86E-01	-2.41E+01	3.24E+01	bad-chisq
group_3665	1.00E-02	3.15E-01	1.00E+00	2.07E+00	4.33E-01	-7.89E-01	-2.41E+01	3.24E+01	bad-chisq
group_3664	1.00E-02	3.15E-01	1.00E+00	-3.40E-01	4.33E-01	-7.51E-01	-2.39E+01	3.20E+01	bad-chisq
group_3663	1.00E-02	3.15E-01	4.65E-02	4.49E+00	4.33E-01	-1.10E+00	-2.76E+01	3.80E+01	bad-chisq
group_3662	1.00E-02	3.15E-01	1.00E+00	4.51E+00	4.33E-01	-7.98E-01	-2.42E+01	3.26E+01	bad-chisq
group_3650	1.00E-02	3.15E-01	1.00E+00	5.65E+01	4.33E-01	-7.99E-01	-2.42E+01	3.26E+01	bad-chisq
group_3644	1.00E-02	3.15E-01	1.00E+00	9.60E-01	4.33E-01	-7.74E-01	-2.40E+01	3.22E+01	bad-chisq
group_3642	1.00E-02	3.15E-01	1.00E+00	1.70E+00	4.33E-01	-7.85E-01	-2.41E+01	3.23E+01	bad-chisq
group_3633	1.00E-02	3.15E-01	1.00E+00	2.07E+00	4.33E-01	-7.89E-01	-2.41E+01	3.24E+01	bad-chisq
group_3632	1.00E-02	3.15E-01	1.00E+00	-3.40E-01	4.33E-01	-7.51E-01	-2.39E+01	3.20E+01	bad-chisq
group_3631	1.00E-02	3.15E-01	1.00E+00	-3.40E-01	4.33E-01	-7.51E-01	-2.39E+01	3.20E+01	bad-chisq
group_3620	1.00E-02	3.15E-01	1.00E+00	3.28E+00	4.33E-01	-7.96E-01	-2.42E+01	3.25E+01	bad-chisq
group_3611	1.00E-02	3.15E-01	1.00E+00	9.10E-01	4.33E-01	-7.71E-01	-2.39E+01	3.21E+01	bad-chisq
group_3610	1.00E-02	3.15E-01	1.00E+00	-1.55E+00	4.33E-01	-7.41E-01	-2.42E+01	3.24E+01	bad-chisq
group_3603	1.00E-02	3.15E-01	3.41E-01	-2.51E+00	4.33E-01	-7.74E-01	-2.49E+01	3.37E+01	bad-chisq
group_3596	1.00E-02	3.15E-01	4.65E-02	4.49E+00	4.33E-01	-1.10E+00	-2.76E+01	3.80E+01	bad-chisq
group_3594	1.00E-02	3.15E-01	1.00E+00	3.28E+00	4.33E-01	-7.96E-01	-2.42E+01	3.25E+01	bad-chisq
group_3593	1.00E-02	3.15E-01	1.00E+00	3.28E+00	4.33E-01	-7.96E-01	-2.42E+01	3.25E+01	bad-chisq
group_3592	1.00E-02	3.15E-01	1.00E+00	3.28E+00	4.33E-01	-7.96E-01	-2.42E+01	3.25E+01	bad-chisq
group_3584	1.00E-02	3.15E-01	1.00E+00	2.42E+00	4.33E-01	-7.92E-01	-2.41E+01	3.25E+01	bad-chisq
group_3575	1.00E-02	3.15E-01	1.00E+00	4.51E+00	4.33E-01	-7.98E-01	-2.42E+01	3.26E+01	bad-chisq
group_3574	1.00E-02	3.15E-01	1.00E+00	6.20E-02	4.33E-01	-7.58E-01	-2.39E+01	3.20E+01	bad-chisq
group_3573	1.00E-02	3.15E-01	1.00E+00	6.20E-02	4.33E-01	-7.58E-01	-2.39E+01	3.20E+01	bad-chisq
group_3569	1.00E-02	3.15E-01	1.00E+00	-3.40E-01	4.33E-01	-7.51E-01	-2.39E+01	3.20E+01	bad-chisq
group_3568	1.00E-02	3.15E-01	1.00E+00	2.04E+00	4.33E-01	-7.89E-01	-2.41E+01	3.24E+01	bad-chisq
group_3561	1.00E-02	3.15E-01	1.00E+00	5.65E+01	4.33E-01	-7.99E-01	-2.42E+01	3.26E+01	bad-chisq
hrgA	1.00E-02	3.15E-01	1.00E+00	1.80E+00	4.33E-01	-7.86E-01	-2.41E+01	3.24E+01	bad-chisq
group_3552	1.00E-02	3.15E-01	1.00E+00	3.29E+00	4.33E-01	-7.96E-01	-2.42E+01	3.25E+01	bad-chisq
group_3550	1.00E-02	3.15E-01	1.00E+00	-1.55E+00	4.33E-01	-7.41E-01	-2.42E+01	3.24E+01	bad-chisq
group_3546	1.00E-02	3.15E-01	1.00E+00	4.51E+00	4.33E-01	-7.98E-01	-2.42E+01	3.26E+01	bad-chisq
group_3545	1.00E-02	3.15E-01	1.00E+00	-1.55E+00	4.33E-01	-7.41E-01	-2.42E+01	3.24E+01	bad-chisq
group_3544	1.00E-02	3.15E-01	1.00E+00	-1.55E+00	4.33E-01	-7.41E-01	-2.42E+01	3.24E+01	bad-chisq
group_3543	1.00E-02	3.15E-01	1.00E+00	9.60E-01	4.33E-01	-7.74E-01	-2.40E+01	3.22E+01	bad-chisq
group_3542	1.00E-02	3.15E-01	1.00E+00	3.28E+00	4.33E-01	-7.96E-01	-2.42E+01	3.25E+01	bad-chisq
group_3537	1.00E-02	3.15E-01	1.00E+00	4.51E+00	4.33E-01	-7.98E-01	-2.42E+01	3.26E+01	bad-chisq
group_3534	1.00E-02	3.15E-01	1.00E+00	2.51E+00	4.33E-01	-7.92E-01	-2.41E+01	3.25E+01	bad-chisq
group_3528	1.00E-02	3.15E-01	1.00E+00	-8.09E-01	4.33E-01	-7.44E-01	-2.39E+01	3.21E+01	bad-chisq
group_3527	1.00E-02	3.15E-01	1.17E-01	-3.53E+00	4.33E-01	-7.32E-01	-2.57E+01	3.35E+01	bad-chisq
group_3515	1.00E-02	3.15E-01	3.41E-01	-2.51E+00	4.33E-01	-7.74E-01	-2.49E+01	3.37E+01	bad-chisq
group_3514	1.00E-02	3.15E-01	1.00E+00	3.29E+00	4.33E-01	-7.96E-01	-2.42E+01	3.25E+01	bad-chisq
group_3508	1.00E-02	3.15E-01	1.17E-01	-3.53E+00	4.33E-01	-7.32E-01	-2.57E+01	3.35E+01	bad-chisq
group_3505	1.00E-02	3.15E-01	1.00E+00	4.51E+00	4.33E-01	-7.98E-01	-2.42E+01	3.26E+01	bad-chisq
group_3499	1.00E-02	3.15E-01	1.00E+00	2.51E+00	4.33E-01	-7.92E-01	-2.41E+01	3.25E+01	bad-chisq
group_3497	1.00E-02	3.15E-01	1.00E+00	-1.55E+00	4.33E-01	-7.41E-01	-2.42E+01	3.24E+01	bad-chisq
group_3496	1.00E-02	3.15E-01	1.00E+00	9.60E-01	4.33E-01	-7.74E-01	-2.40E+01	3.22E+01	bad-chisq
group_3489	1.00E-02	3.15E-01	1.00E+00	3.29E+00	4.33E-01	-7.96E-01	-2.42E+01	3.25E+01	bad-chisq
group_3485	1.00E-02	3.15E-01	1.00E+00	6.20E-02	4.33E-01	-7.58E-01	-2.39E+01	3.20E+01	bad-chisq
group_3482	1.00E-02	3.15E-01	1.00E+00	2.51E+00	4.33E-01	-7.92E-01	-2.41E+01	3.25E+01	bad-chisq
group_3481	1.00E-02	3.15E-01	1.00E+00	-3.40E-01	4.33E-01	-7.51E-01	-2.39E+01	3.20E+01	bad-chisq
group_3472	1.00E-02	3.15E-01	4.65E-02	4.49E+00	4.33E-01	-1.10E+00	-2.76E+01	3.80E+01	bad-chisq
group_3469	1.00E-02	3.15E-01	1.00E+00	3.28E+00	4.33E-01	-7.96E-01	-2.42E+01	3.25E+01	bad-chisq
group_3468	1.00E-02	3.15E-01	3.41E-01	-2.51E+00	4.33E-01	-7.74E-01	-2.49E+01	3.37E+01	bad-chisq
group_3462	1.00E-02	3.15E-01	1.00E+00	5.65E+01	4.33E-01	-7.99E-01	-2.42E+01	3.26E+01	bad-chisq
group_3454	1.00E-02	3.15E-01	1.00E+00	-3.40E-01	4.33E-01	-7.51E-01	-2.39E+01	3.20E+01	bad-chisq
group_3451	1.00E-02	3.15E-01	1.00E+00	-9.87E-01	4.33E-01	-8.06E-01	-2.41E+01	3.25E+01	bad-chisq
group_3447	1.00E-02	3.15E-01	1.00E+00	-1.55E+00	4.33E-01	-7.41E-01	-2.42E+01	3.24E+01	bad-chisq
group_3446	1.00E-02	3.15E-01	1.00E+00	5.65E+01	4.33E-01	-7.99E-01	-2.42E+01	3.26E+01	bad-chisq
group_3444	1.00E-02	3.15E-01	1.00E+00	7.71E-01	4.33E-01	-7.71E-01	-2.39E+01	3.21E+01	bad-chisq
group_3436	1.00E-02	3.15E-01	1.00E+00	6.20E-02	4.33E-01	-7.58E-01	-2.39E+01	3.20E+01	bad-chisq
group_3414	1.00E-02	3.15E-01	1.00E+00	3.29E+00	4.33E-01	-7.96E-01	-2.42E+01	3.25E+01	bad-chisq
group_3405	1.00E-02	3.15E-01	1.00E+00	2.07E+00	4.33E-01	-7.89E-01	-2.41E+01	3.24E+01	bad-chisq
group_3404	1.00E-02	3.15E-01	1.00E+00	5.65E+01	4.33E-01	-7.99E-01	-2.42E+01	3.26E+01	bad-chisq
group_3401	1.00E-02	3.15E-01	3.41E-01	-2.51E+00	4.33E-01	-7.74E-01	-2.49E+01	3.37E+01	bad-chisq
group_3395	1.00E-02	3.15E-01	1.00E+00	9.60E-01	4.33E-01	-7.74E-01	-2.40E+01	3.22E+01	bad-chisq
group_3393	1.00E-02	3.15E-01	3.41E-01	-2.51E+00	4.33E-01	-7.74E-01	-2.49E+01	3.37E+01	bad-chisq
group_3389	1.00E-02	3.15E-01	1.00E+00	5.65E+01	4.33E-01	-7.99E-01	-2.42E+01	3.26E+01	bad-chisq
group_3388	1.00E-02	3.15E-01	1.00E+00	5.65E+01	4.33E-01	-7.99E-01	-2.42E+01	3.26E+01	bad-chisq
group_3384	1.00E-02	3.15E-01	1.00E+00	-3.40E-01	4.33E-01	-7.51E-01	-2.39E+01	3.20E+01	bad-chisq
group_3375	1.00E-02	3.15E-01	1.00E+00	-3.40E-01	4.33E-01	-7.51E-01	-2.39E+01	3.20E+01	bad-chisq
group_3361	1.00E-02	3.15E-01	1.00E+00	1.80E+00	4.33E-01	-7.86E-01	-2.41E+01	3.24E+01	bad-chisq
group_3359	1.00E-02	3.15E-01	1.00E+00	2.51E+00	4.33E-01	-7.92E-01	-2.41E+01	3.25E+01	bad-chisq
group_3358	1.00E-02	3.15E-01	1.00E+00	-8.09E-01	4.33E-01	-7.44E-01	-2.39E+01	3.21E+01	bad-chisq
group_3357	1.00E-02	3.15E-01	1.00E+00	5.65E+01	4.33E-01	-7.99E-01	-2.42E+01	3.26E+01	bad-chisq
group_3356	1.00E-02	3.15E-01	1.00E+00	9.60E-01	4.33E-01	-7.74E-01	-2.40E+01	3.22E+01	bad-chisq
group_3352	1.00E-02	3.15E-01	1.00E+00	-3.40E-01	4.33E-01	-7.51E-01	-2.39E+01	3.20E+01	bad-chisq
group_3348	1.00E-02	3.15E-01	3.41E-01	-2.51E+00	4.33E-01	-7.74E-01	-2.49E+01	3.37E+01	bad-chisq
group_3346	1.00E-02	3.15E-01	1.00E+00	-3.40E-01	4.33E-01	-7.51E-01	-2.39E+01	3.20E+01	bad-chisq
group_3345	1.00E-02	3.15E-01	1.00E+00	-3.40E-01	4.33E-01	-7.51E-01	-2.39E+01	3.20E+01	bad-chisq
group_3343	1.00E-02	3.15E-01	1.00E+00	5.65E+01	4.33E-01	-7.99E-01	-2.42E+01	3.26E+01	bad-chisq
group_3342	1.00E-02	3.15E-01	1.00E+00	6.20E-02	4.33E-01	-7.58E-01	-2.39E+01	3.20E+01	bad-chisq
group_3341	1.00E-02	3.15E-01	1.00E+00	6.20E-02	4.33E-01	-7.58E-01	-2.39E+01	3.20E+01	bad-chisq
group_3335	1.00E-02	3.15E-01	1.00E+00	-8.09E-01	4.33E-01	-7.44E-01	-2.39E+01	3.21E+01	bad-chisq
group_3334	1.00E-02	3.15E-01	1.00E+00	3.29E+00	4.33E-01	-7.96E-01	-2.42E+01	3.25E+01	bad-chisq
group_3328	1.00E-02	3.15E-01	1.00E+00	9.60E-01	4.33E-01	-7.74E-01	-2.40E+01	3.22E+01	bad-chisq
group_3319	1.00E-02	3.15E-01	1.00E+00	-3.40E-01	4.33E-01	-7.51E-01	-2.39E+01	3.20E+01	bad-chisq
group_3311	1.00E-02	3.15E-01	1.00E+00	-1.25E+00	4.33E-01	-7.94E-01	-2.41E+01	3.23E+01	bad-chisq
group_3308	1.00E-02	3.15E-01	1.00E+00	2.07E+00	4.33E-01	-7.89E-01	-2.41E+01	3.24E+01	bad-chisq
group_3303	1.00E-02	3.15E-01	1.00E+00	3.29E+00	4.33E-01	-7.96E-01	-2.42E+01	3.25E+01	bad-chisq
group_3299	1.00E-02	3.15E-01	1.00E+00	4.51E+00	4.33E-01	-7.98E-01	-2.42E+01	3.26E+01	bad-chisq
group_3297	1.00E-02	3.15E-01	1.00E+00	9.60E-01	4.33E-01	-7.74E-01	-2.40E+01	3.22E+01	bad-chisq
group_3292	1.00E-02	3.15E-01	1.00E+00	-8.09E-01	4.33E-01	-7.44E-01	-2.39E+01	3.21E+01	bad-chisq
group_3284	1.00E-02	3.15E-01	1.00E+00	7.71E-01	4.33E-01	-7.71E-01	-2.39E+01	3.21E+01	bad-chisq
group_3280	1.00E-02	3.15E-01	1.00E+00	6.20E-02	4.33E-01	-7.58E-01	-2.39E+01	3.20E+01	bad-chisq
group_3278	1.00E-02	3.15E-01	3.41E-01	-2.51E+00	4.33E-01	-7.74E-01	-2.49E+01	3.37E+01	bad-chisq
group_3275	1.00E-02	3.15E-01	1.00E+00	2.07E+00	4.33E-01	-7.89E-01	-2.41E+01	3.24E+01	bad-chisq
group_3272	1.00E-02	3.15E-01	1.00E+00	5.65E+01	4.33E-01	-7.99E-01	-2.42E+01	3.26E+01	bad-chisq
group_3269	1.00E-02	3.15E-01	3.41E-01	-2.51E+00	4.33E-01	-7.74E-01	-2.49E+01	3.37E+01	bad-chisq
group_3266	1.00E-02	3.15E-01	1.00E+00	9.10E-01	4.33E-01	-7.71E-01	-2.39E+01	3.21E+01	bad-chisq
group_3265	1.00E-02	3.15E-01	1.00E+00	2.07E+00	4.33E-01	-7.89E-01	-2.41E+01	3.24E+01	bad-chisq
group_3264	1.00E-02	3.15E-01	1.00E+00	2.07E+00	4.33E-01	-7.89E-01	-2.41E+01	3.24E+01	bad-chisq
group_3256	1.00E-02	3.15E-01	1.00E+00	2.07E+00	4.33E-01	-7.89E-01	-2.41E+01	3.24E+01	bad-chisq
group_3253	1.00E-02	3.15E-01	3.41E-01	-2.51E+00	4.33E-01	-7.74E-01	-2.49E+01	3.37E+01	bad-chisq
group_3250	1.00E-02	3.15E-01	1.00E+00	4.51E+00	4.33E-01	-7.98E-01	-2.42E+01	3.26E+01	bad-chisq
group_3241	1.00E-02	3.15E-01	3.41E-01	-2.51E+00	4.33E-01	-7.74E-01	-2.49E+01	3.37E+01	bad-chisq
group_3236	1.00E-02	3.15E-01	1.00E+00	2.51E+00	4.33E-01	-7.92E-01	-2.41E+01	3.25E+01	bad-chisq
group_3235	1.00E-02	3.15E-01	1.00E+00	5.04E-01	4.33E-01	-7.67E-01	-2.39E+01	3.21E+01	bad-chisq
group_3234	1.00E-02	3.15E-01	1.00E+00	3.29E+00	4.33E-01	-7.96E-01	-2.42E+01	3.25E+01	bad-chisq
group_3229	1.00E-02	3.15E-01	1.00E+00	7.71E-01	4.33E-01	-7.71E-01	-2.39E+01	3.21E+01	bad-chisq
group_3225	1.00E-02	3.15E-01	1.00E+00	-3.40E-01	4.33E-01	-7.51E-01	-2.39E+01	3.20E+01	bad-chisq
group_3207	1.00E-02	3.15E-01	1.00E+00	2.51E+00	4.33E-01	-7.92E-01	-2.41E+01	3.25E+01	bad-chisq
group_3200	1.00E-02	3.15E-01	1.00E+00	3.29E+00	4.33E-01	-7.96E-01	-2.42E+01	3.25E+01	bad-chisq
group_3199	1.00E-02	3.15E-01	1.00E+00	-8.09E-01	4.33E-01	-7.44E-01	-2.39E+01	3.21E+01	bad-chisq
group_3197	1.00E-02	3.15E-01	1.00E+00	5.04E-01	4.33E-01	-7.67E-01	-2.39E+01	3.21E+01	bad-chisq
group_3193	1.00E-02	3.15E-01	3.41E-01	-2.51E+00	4.33E-01	-7.74E-01	-2.49E+01	3.37E+01	bad-chisq
group_3181	1.00E-02	3.15E-01	1.00E+00	5.65E+01	4.33E-01	-7.99E-01	-2.42E+01	3.26E+01	bad-chisq
group_3180	1.00E-02	3.15E-01	1.00E+00	9.60E-01	4.33E-01	-7.74E-01	-2.40E+01	3.22E+01	bad-chisq
group_3179	1.00E-02	3.15E-01	1.00E+00	2.51E+00	4.33E-01	-7.92E-01	-2.41E+01	3.25E+01	bad-chisq
group_3174	1.00E-02	3.15E-01	1.00E+00	4.51E+00	4.33E-01	-7.98E-01	-2.42E+01	3.26E+01	bad-chisq
group_3171	1.00E-02	3.15E-01	1.00E+00	-3.40E-01	4.33E-01	-7.51E-01	-2.39E+01	3.20E+01	bad-chisq
tetX3	1.00E-02	3.15E-01	1.00E+00	1.80E+00	4.33E-01	-7.86E-01	-2.41E+01	3.24E+01	bad-chisq
group_3164	1.00E-02	3.15E-01	1.00E+00	9.10E-01	4.33E-01	-7.71E-01	-2.39E+01	3.21E+01	bad-chisq
group_3162	1.00E-02	3.15E-01	1.00E+00	-1.55E+00	4.33E-01	-7.41E-01	-2.42E+01	3.24E+01	bad-chisq
group_3160	1.00E-02	3.15E-01	1.00E+00	4.51E+00	4.33E-01	-7.98E-01	-2.42E+01	3.26E+01	bad-chisq
group_3141	1.00E-02	3.15E-01	1.00E+00	4.51E+00	4.33E-01	-7.98E-01	-2.42E+01	3.26E+01	bad-chisq
group_3138	1.00E-02	3.15E-01	1.00E+00	-3.40E-01	4.33E-01	-7.51E-01	-2.39E+01	3.20E+01	bad-chisq
group_3137	1.00E-02	3.15E-01	1.00E+00	3.28E+00	4.33E-01	-7.96E-01	-2.42E+01	3.25E+01	bad-chisq
group_3136	1.00E-02	3.15E-01	1.00E+00	-1.25E+00	4.33E-01	-7.94E-01	-2.41E+01	3.23E+01	bad-chisq
group_3135	1.00E-02	3.15E-01	1.00E+00	-3.40E-01	4.33E-01	-7.51E-01	-2.39E+01	3.20E+01	bad-chisq
group_3128	1.00E-02	3.15E-01	1.00E+00	9.60E-01	4.33E-01	-7.74E-01	-2.40E+01	3.22E+01	bad-chisq
group_3120	1.00E-02	3.15E-01	1.00E+00	5.65E+01	4.33E-01	-7.99E-01	-2.42E+01	3.26E+01	bad-chisq
group_3117	1.00E-02	3.15E-01	1.00E+00	3.29E+00	4.33E-01	-7.96E-01	-2.42E+01	3.25E+01	bad-chisq
group_3115	1.00E-02	3.15E-01	1.00E+00	3.28E+00	4.33E-01	-7.96E-01	-2.42E+01	3.25E+01	bad-chisq
group_3114	1.00E-02	3.15E-01	1.00E+00	3.29E+00	4.33E-01	-7.96E-01	-2.42E+01	3.25E+01	bad-chisq
group_3109	1.00E-02	3.15E-01	1.00E+00	-3.40E-01	4.33E-01	-7.51E-01	-2.39E+01	3.20E+01	bad-chisq
group_3108	1.00E-02	3.15E-01	1.00E+00	-1.55E+00	4.33E-01	-7.41E-01	-2.42E+01	3.24E+01	bad-chisq
group_3106	1.00E-02	3.15E-01	3.41E-01	-2.51E+00	4.33E-01	-7.74E-01	-2.49E+01	3.37E+01	bad-chisq
group_3100	1.00E-02	3.15E-01	1.00E+00	9.60E-01	4.33E-01	-7.74E-01	-2.40E+01	3.22E+01	bad-chisq
group_3099	1.00E-02	3.15E-01	1.00E+00	9.60E-01	4.33E-01	-7.74E-01	-2.40E+01	3.22E+01	bad-chisq
group_3092	1.00E-02	3.15E-01	1.00E+00	-3.40E-01	4.33E-01	-7.51E-01	-2.39E+01	3.20E+01	bad-chisq
group_3085	1.00E-02	3.15E-01	3.41E-01	-2.51E+00	4.33E-01	-7.74E-01	-2.49E+01	3.37E+01	bad-chisq
group_3080	1.00E-02	3.15E-01	1.00E+00	9.60E-01	4.33E-01	-7.74E-01	-2.40E+01	3.22E+01	bad-chisq
group_3078	1.00E-02	3.15E-01	1.00E+00	-8.09E-01	4.33E-01	-7.44E-01	-2.39E+01	3.21E+01	bad-chisq
group_3073	1.00E-02	3.15E-01	1.00E+00	5.65E+01	4.33E-01	-7.99E-01	-2.42E+01	3.26E+01	bad-chisq
group_3066	1.00E-02	3.15E-01	1.00E+00	4.51E+00	4.33E-01	-7.98E-01	-2.42E+01	3.26E+01	bad-chisq
group_3065	1.00E-02	3.15E-01	1.00E+00	5.65E+01	4.33E-01	-7.99E-01	-2.42E+01	3.26E+01	bad-chisq
group_3064	1.00E-02	3.15E-01	1.00E+00	6.20E-02	4.33E-01	-7.58E-01	-2.39E+01	3.20E+01	bad-chisq
group_3061	1.00E-02	3.15E-01	1.00E+00	2.51E+00	4.33E-01	-7.92E-01	-2.41E+01	3.25E+01	bad-chisq
group_3060	1.00E-02	3.15E-01	1.00E+00	-3.40E-01	4.33E-01	-7.51E-01	-2.39E+01	3.20E+01	bad-chisq
group_3054	1.00E-02	3.15E-01	4.65E-02	4.49E+00	4.33E-01	-1.10E+00	-2.76E+01	3.80E+01	bad-chisq
group_3050	1.00E-02	3.15E-01	1.00E+00	3.29E+00	4.33E-01	-7.96E-01	-2.42E+01	3.25E+01	bad-chisq
group_3041	1.00E-02	3.15E-01	1.00E+00	5.65E+01	4.33E-01	-7.99E-01	-2.42E+01	3.26E+01	bad-chisq
group_3030	1.00E-02	3.15E-01	1.00E+00	3.29E+00	4.33E-01	-7.96E-01	-2.42E+01	3.25E+01	bad-chisq
group_3021	1.00E-02	3.15E-01	1.00E+00	-8.09E-01	4.33E-01	-7.44E-01	-2.39E+01	3.21E+01	bad-chisq
group_3013	1.00E-02	3.15E-01	1.00E+00	5.04E-01	4.33E-01	-7.67E-01	-2.39E+01	3.21E+01	bad-chisq
group_3000	1.00E-02	3.15E-01	1.00E+00	1.80E+00	4.33E-01	-7.86E-01	-2.41E+01	3.24E+01	bad-chisq
group_2999	1.00E-02	3.15E-01	1.00E+00	1.80E+00	4.33E-01	-7.86E-01	-2.41E+01	3.24E+01	bad-chisq
group_2988	1.00E-02	3.15E-01	1.00E+00	-3.40E-01	4.33E-01	-7.51E-01	-2.39E+01	3.20E+01	bad-chisq
group_2972	1.00E-02	3.15E-01	1.00E+00	9.60E-01	4.33E-01	-7.74E-01	-2.40E+01	3.22E+01	bad-chisq
group_2956	1.00E-02	3.15E-01	1.00E+00	-3.40E-01	4.33E-01	-7.51E-01	-2.39E+01	3.20E+01	bad-chisq
group_2928	1.00E-02	3.15E-01	4.65E-02	4.49E+00	4.33E-01	-1.10E+00	-2.76E+01	3.80E+01	bad-chisq
group_2903	1.00E-02	3.15E-01	1.00E+00	-3.40E-01	4.33E-01	-7.51E-01	-2.39E+01	3.20E+01	bad-chisq
group_2867	1.00E-02	3.15E-01	1.00E+00	-8.09E-01	4.33E-01	-7.44E-01	-2.39E+01	3.21E+01	bad-chisq
group_2782	1.00E-02	3.15E-01	1.00E+00	2.51E+00	4.33E-01	-7.92E-01	-2.41E+01	3.25E+01	bad-chisq
group_2727	1.00E-02	3.15E-01	1.00E+00	5.65E+01	4.33E-01	-7.99E-01	-2.42E+01	3.26E+01	bad-chisq
group_2724	1.00E-02	3.15E-01	1.00E+00	3.28E+00	4.33E-01	-7.96E-01	-2.42E+01	3.25E+01	bad-chisq
group_2677	1.00E-02	3.15E-01	1.00E+00	9.60E-01	4.33E-01	-7.74E-01	-2.40E+01	3.22E+01	bad-chisq
group_2667	1.00E-02	3.15E-01	1.00E+00	2.04E+00	4.33E-01	-7.89E-01	-2.41E+01	3.24E+01	bad-chisq
group_2665	1.00E-02	3.15E-01	1.00E+00	-1.55E+00	4.33E-01	-7.41E-01	-2.42E+01	3.24E+01	bad-chisq
group_2642	1.00E-02	3.15E-01	1.00E+00	3.29E+00	4.33E-01	-7.96E-01	-2.42E+01	3.25E+01	bad-chisq
group_2634	1.00E-02	3.15E-01	1.00E+00	9.60E-01	4.33E-01	-7.74E-01	-2.40E+01	3.22E+01	bad-chisq
group_2566	1.00E-02	3.15E-01	1.00E+00	9.10E-01	4.33E-01	-7.71E-01	-2.39E+01	3.21E+01	bad-chisq
group_2561	1.00E-02	3.15E-01	1.00E+00	-3.40E-01	4.33E-01	-7.51E-01	-2.39E+01	3.20E+01	bad-chisq
group_2559	1.00E-02	3.15E-01	4.65E-02	4.49E+00	4.33E-01	-1.10E+00	-2.76E+01	3.80E+01	bad-chisq
group_2532	1.00E-02	3.15E-01	1.00E+00	-3.40E-01	4.33E-01	-7.51E-01	-2.39E+01	3.20E+01	bad-chisq
group_2474	1.00E-02	3.15E-01	1.00E+00	-3.40E-01	4.33E-01	-7.51E-01	-2.39E+01	3.20E+01	bad-chisq
group_2438	1.00E-02	3.15E-01	1.00E+00	5.04E-01	4.33E-01	-7.67E-01	-2.39E+01	3.21E+01	bad-chisq
group_2421	1.00E-02	3.15E-01	1.00E+00	5.65E+01	4.33E-01	-7.99E-01	-2.42E+01	3.26E+01	bad-chisq
group_2385	1.00E-02	3.15E-01	1.00E+00	3.29E+00	4.33E-01	-7.96E-01	-2.42E+01	3.25E+01	bad-chisq
group_2378	1.00E-02	3.15E-01	1.00E+00	-3.40E-01	4.33E-01	-7.51E-01	-2.39E+01	3.20E+01	bad-chisq
group_2372	1.00E-02	3.15E-01	1.00E+00	6.20E-02	4.33E-01	-7.58E-01	-2.39E+01	3.20E+01	bad-chisq
group_2371	1.00E-02	3.15E-01	3.41E-01	-2.51E+00	4.33E-01	-7.74E-01	-2.49E+01	3.37E+01	bad-chisq
group_2352	1.00E-02	3.15E-01	1.00E+00	5.04E-01	4.33E-01	-7.67E-01	-2.39E+01	3.21E+01	bad-chisq
group_2346	1.00E-02	3.15E-01	1.00E+00	9.60E-01	4.33E-01	-7.74E-01	-2.40E+01	3.22E+01	bad-chisq
group_2328	1.00E-02	3.15E-01	1.00E+00	1.54E+00	4.33E-01	-8.40E-01	-2.45E+01	3.25E+01	bad-chisq
group_2316	1.00E-02	3.15E-01	1.00E+00	2.07E+00	4.33E-01	-7.89E-01	-2.41E+01	3.24E+01	bad-chisq
group_2312	1.00E-02	3.15E-01	1.00E+00	-3.40E-01	4.33E-01	-7.51E-01	-2.39E+01	3.20E+01	bad-chisq
group_2294	1.00E-02	3.15E-01	1.00E+00	-8.09E-01	4.33E-01	-7.44E-01	-2.39E+01	3.21E+01	bad-chisq
group_2260	1.00E-02	3.15E-01	1.00E+00	-1.55E+00	4.33E-01	-7.41E-01	-2.42E+01	3.24E+01	bad-chisq
group_2235	1.00E-02	3.15E-01	1.00E+00	2.07E+00	4.33E-01	-7.89E-01	-2.41E+01	3.24E+01	bad-chisq
group_2234	1.00E-02	3.15E-01	1.00E+00	-8.09E-01	4.33E-01	-7.44E-01	-2.39E+01	3.21E+01	bad-chisq
group_2227	1.00E-02	3.15E-01	1.00E+00	3.29E+00	4.33E-01	-7.96E-01	-2.42E+01	3.25E+01	bad-chisq
group_2207	1.00E-02	3.15E-01	3.41E-01	-2.51E+00	4.33E-01	-7.74E-01	-2.49E+01	3.37E+01	bad-chisq
group_2175	1.00E-02	3.15E-01	1.00E+00	5.04E-01	4.33E-01	-7.67E-01	-2.39E+01	3.21E+01	bad-chisq
group_2172	1.00E-02	3.15E-01	1.00E+00	3.29E+00	4.33E-01	-7.96E-01	-2.42E+01	3.25E+01	bad-chisq
quiX	1.00E-02	3.15E-01	1.00E+00	-3.40E-01	4.33E-01	-7.51E-01	-2.39E+01	3.20E+01	bad-chisq
group_2120	1.00E-02	3.15E-01	1.00E+00	-8.09E-01	4.33E-01	-7.44E-01	-2.39E+01	3.21E+01	bad-chisq
group_2108	1.00E-02	3.15E-01	1.00E+00	1.80E+00	4.33E-01	-7.86E-01	-2.41E+01	3.24E+01	bad-chisq
group_2083	1.00E-02	3.15E-01	1.00E+00	1.80E+00	4.33E-01	-7.86E-01	-2.41E+01	3.24E+01	bad-chisq
group_2063	1.00E-02	3.15E-01	1.00E+00	5.65E+01	4.33E-01	-7.99E-01	-2.42E+01	3.26E+01	bad-chisq
group_1918	1.00E-02	3.15E-01	1.00E+00	5.65E+01	4.33E-01	-7.99E-01	-2.42E+01	3.26E+01	bad-chisq
group_1907	1.00E-02	3.15E-01	1.00E+00	-8.09E-01	4.33E-01	-7.44E-01	-2.39E+01	3.21E+01	bad-chisq
group_1890	1.00E-02	3.15E-01	1.00E+00	4.51E+00	4.33E-01	-7.98E-01	-2.42E+01	3.26E+01	bad-chisq
group_1878	1.00E-02	3.15E-01	1.00E+00	-8.49E-01	4.33E-01	-7.69E-01	-2.40E+01	3.26E+01	bad-chisq
group_1869	1.00E-02	3.15E-01	1.00E+00	1.54E+00	4.33E-01	-8.40E-01	-2.45E+01	3.25E+01	bad-chisq
group_1854	1.00E-02	3.15E-01	4.65E-02	4.49E+00	4.33E-01	-1.10E+00	-2.76E+01	3.80E+01	bad-chisq
group_1853	1.00E-02	3.15E-01	4.65E-02	4.49E+00	4.33E-01	-1.10E+00	-2.76E+01	3.80E+01	bad-chisq
group_1840	1.00E-02	3.15E-01	1.00E+00	2.07E+00	4.33E-01	-7.89E-01	-2.41E+01	3.24E+01	bad-chisq
group_1723	1.00E-02	3.15E-01	1.00E+00	9.87E-01	4.33E-01	-8.19E-01	-2.42E+01	3.22E+01	bad-chisq
group_1708	1.00E-02	3.15E-01	1.00E+00	5.04E-01	4.33E-01	-7.67E-01	-2.39E+01	3.21E+01	bad-chisq
group_1648	1.00E-02	3.15E-01	1.00E+00	-3.40E-01	4.33E-01	-7.51E-01	-2.39E+01	3.20E+01	bad-chisq
group_1638	1.00E-02	3.15E-01	1.00E+00	7.71E-01	4.33E-01	-7.71E-01	-2.39E+01	3.21E+01	bad-chisq
group_1625	1.00E-02	3.15E-01	1.00E+00	-3.40E-01	4.33E-01	-7.51E-01	-2.39E+01	3.20E+01	bad-chisq
group_1588	1.00E-02	3.15E-01	1.00E+00	5.65E+01	4.33E-01	-7.99E-01	-2.42E+01	3.26E+01	bad-chisq
group_1585	1.00E-02	3.15E-01	1.00E+00	5.65E+01	4.33E-01	-7.99E-01	-2.42E+01	3.26E+01	bad-chisq
ethA	1.00E-02	3.15E-01	1.00E+00	-8.09E-01	4.33E-01	-7.44E-01	-2.39E+01	3.21E+01	bad-chisq
group_1553	1.00E-02	3.15E-01	1.00E+00	-3.40E-01	4.33E-01	-7.51E-01	-2.39E+01	3.20E+01	bad-chisq
group_1518	1.00E-02	3.15E-01	1.00E+00	5.04E-01	4.33E-01	-7.67E-01	-2.39E+01	3.21E+01	bad-chisq
group_1496	1.00E-02	3.15E-01	1.00E+00	6.20E-02	4.33E-01	-7.58E-01	-2.39E+01	3.20E+01	bad-chisq
group_1485	1.00E-02	3.15E-01	1.17E-01	-3.53E+00	4.33E-01	-7.32E-01	-2.57E+01	3.35E+01	bad-chisq
group_1471	1.00E-02	3.15E-01	1.00E+00	7.71E-01	4.33E-01	-7.71E-01	-2.39E+01	3.21E+01	bad-chisq
group_1458	1.00E-02	3.15E-01	1.00E+00	9.60E-01	4.33E-01	-7.74E-01	-2.40E+01	3.22E+01	bad-chisq
group_1419	1.00E-02	3.15E-01	1.00E+00	9.60E-01	4.33E-01	-7.74E-01	-2.40E+01	3.22E+01	bad-chisq
group_1368	1.00E-02	3.15E-01	1.00E+00	1.80E+00	4.33E-01	-7.86E-01	-2.41E+01	3.24E+01	bad-chisq
group_1358	1.00E-02	3.15E-01	1.00E+00	6.20E-02	4.33E-01	-7.58E-01	-2.39E+01	3.20E+01	bad-chisq
spsF	1.00E-02	3.15E-01	1.00E+00	9.60E-01	4.33E-01	-7.74E-01	-2.40E+01	3.22E+01	bad-chisq
group_1332	1.00E-02	3.15E-01	1.00E+00	2.07E+00	4.33E-01	-7.89E-01	-2.41E+01	3.24E+01	bad-chisq
group_1260	1.00E-02	3.15E-01	1.00E+00	6.20E-02	4.33E-01	-7.58E-01	-2.39E+01	3.20E+01	bad-chisq
group_1242	1.00E-02	3.15E-01	1.00E+00	7.71E-01	4.33E-01	-7.71E-01	-2.39E+01	3.21E+01	bad-chisq
group_1230	1.00E-02	3.15E-01	1.00E+00	5.65E+01	4.33E-01	-7.99E-01	-2.42E+01	3.26E+01	bad-chisq
group_1206	1.00E-02	3.15E-01	1.00E+00	2.07E+00	4.33E-01	-7.89E-01	-2.41E+01	3.24E+01	bad-chisq
group_1201	1.00E-02	3.15E-01	1.00E+00	3.29E+00	4.33E-01	-7.96E-01	-2.42E+01	3.25E+01	bad-chisq
group_1185	1.00E-02	3.15E-01	1.00E+00	-1.55E+00	4.33E-01	-7.41E-01	-2.42E+01	3.24E+01	bad-chisq
group_1180	1.00E-02	3.15E-01	1.00E+00	2.51E+00	4.33E-01	-7.92E-01	-2.41E+01	3.25E+01	bad-chisq
group_1178	1.00E-02	3.15E-01	1.00E+00	-3.40E-01	4.33E-01	-7.51E-01	-2.39E+01	3.20E+01	bad-chisq
group_1177	1.00E-02	3.15E-01	1.00E+00	5.04E-01	4.33E-01	-7.67E-01	-2.39E+01	3.21E+01	bad-chisq
group_1171	1.00E-02	3.15E-01	1.00E+00	-8.09E-01	4.33E-01	-7.44E-01	-2.39E+01	3.21E+01	bad-chisq
group_1146	1.00E-02	3.15E-01	1.00E+00	5.65E+01	4.33E-01	-7.99E-01	-2.42E+01	3.26E+01	bad-chisq
group_1144	1.00E-02	3.15E-01	1.00E+00	5.65E+01	4.33E-01	-7.99E-01	-2.42E+01	3.26E+01	bad-chisq
group_1084	1.00E-02	3.15E-01	1.00E+00	4.51E+00	4.33E-01	-7.98E-01	-2.42E+01	3.26E+01	bad-chisq
group_1076	1.00E-02	3.15E-01	1.00E+00	5.65E+01	4.33E-01	-7.99E-01	-2.42E+01	3.26E+01	bad-chisq
group_1041	1.00E-02	3.15E-01	1.00E+00	3.29E+00	4.33E-01	-7.96E-01	-2.42E+01	3.25E+01	bad-chisq
group_1018	1.00E-02	3.15E-01	1.00E+00	-8.09E-01	4.33E-01	-7.44E-01	-2.39E+01	3.21E+01	bad-chisq
group_1006	1.00E-02	3.15E-01	1.00E+00	-8.09E-01	4.33E-01	-7.44E-01	-2.39E+01	3.21E+01	bad-chisq
group_979	1.00E-02	3.15E-01	1.00E+00	4.51E+00	4.33E-01	-7.98E-01	-2.42E+01	3.26E+01	bad-chisq
group_974	1.00E-02	3.15E-01	1.00E+00	2.07E+00	4.33E-01	-7.89E-01	-2.41E+01	3.24E+01	bad-chisq
group_969	1.00E-02	3.15E-01	1.00E+00	9.60E-01	4.33E-01	-7.74E-01	-2.40E+01	3.22E+01	bad-chisq
group_960	1.00E-02	3.15E-01	1.00E+00	5.65E+01	4.33E-01	-7.99E-01	-2.42E+01	3.26E+01	bad-chisq
group_863	1.00E-02	3.15E-01	1.00E+00	2.51E+00	4.33E-01	-7.92E-01	-2.41E+01	3.25E+01	bad-chisq
group_849	1.00E-02	3.15E-01	4.65E-02	4.49E+00	4.33E-01	-1.10E+00	-2.76E+01	3.80E+01	bad-chisq
group_819	1.00E-02	3.15E-01	1.00E+00	3.29E+00	4.33E-01	-7.96E-01	-2.42E+01	3.25E+01	bad-chisq
group_813	1.00E-02	3.15E-01	1.00E+00	1.70E+00	4.33E-01	-7.85E-01	-2.41E+01	3.23E+01	bad-chisq
recF	1.00E-02	3.15E-01	1.00E+00	6.20E-02	4.33E-01	-7.58E-01	-2.39E+01	3.20E+01	bad-chisq
group_793	1.00E-02	3.15E-01	1.00E+00	5.65E+01	4.33E-01	-7.99E-01	-2.42E+01	3.26E+01	bad-chisq
group_782	1.00E-02	3.15E-01	1.00E+00	1.80E+00	4.33E-01	-7.86E-01	-2.41E+01	3.24E+01	bad-chisq
group_775	1.00E-02	3.15E-01	1.00E+00	-8.09E-01	4.33E-01	-7.44E-01	-2.39E+01	3.21E+01	bad-chisq
group_772	1.00E-02	3.15E-01	1.00E+00	3.29E+00	4.33E-01	-7.96E-01	-2.42E+01	3.25E+01	bad-chisq
group_771	1.00E-02	3.15E-01	1.00E+00	5.65E+01	4.33E-01	-7.99E-01	-2.42E+01	3.26E+01	bad-chisq
group_763	1.00E-02	3.15E-01	1.00E+00	3.28E+00	4.33E-01	-7.96E-01	-2.42E+01	3.25E+01	bad-chisq
group_756	1.00E-02	3.15E-01	1.00E+00	4.51E+00	4.33E-01	-7.98E-01	-2.42E+01	3.26E+01	bad-chisq
group_755	1.00E-02	3.15E-01	1.00E+00	2.07E+00	4.33E-01	-7.89E-01	-2.41E+01	3.24E+01	bad-chisq
group_722	1.00E-02	3.15E-01	1.00E+00	4.51E+00	4.33E-01	-7.98E-01	-2.42E+01	3.26E+01	bad-chisq
group_709	1.00E-02	3.15E-01	1.00E+00	-8.09E-01	4.33E-01	-7.44E-01	-2.39E+01	3.21E+01	bad-chisq
group_680	1.00E-02	3.15E-01	1.00E+00	7.71E-01	4.33E-01	-7.71E-01	-2.39E+01	3.21E+01	bad-chisq
group_677	1.00E-02	3.15E-01	3.41E-01	-2.51E+00	4.33E-01	-7.74E-01	-2.49E+01	3.37E+01	bad-chisq
group_676	1.00E-02	3.15E-01	3.41E-01	-2.51E+00	4.33E-01	-7.74E-01	-2.49E+01	3.37E+01	bad-chisq
group_662	1.00E-02	3.15E-01	1.00E+00	5.65E+01	4.33E-01	-7.99E-01	-2.42E+01	3.26E+01	bad-chisq
group_661	1.00E-02	3.15E-01	1.00E+00	6.20E-02	4.33E-01	-7.58E-01	-2.39E+01	3.20E+01	bad-chisq
group_602	1.00E-02	3.15E-01	1.00E+00	2.07E+00	4.33E-01	-7.89E-01	-2.41E+01	3.24E+01	bad-chisq
ycaO	1.00E-02	3.15E-01	1.00E+00	5.65E+01	4.33E-01	-7.99E-01	-2.42E+01	3.26E+01	bad-chisq
group_587	1.00E-02	3.15E-01	1.00E+00	2.07E+00	4.33E-01	-7.89E-01	-2.41E+01	3.24E+01	bad-chisq
group_582	1.00E-02	3.15E-01	1.00E+00	6.20E-02	4.33E-01	-7.58E-01	-2.39E+01	3.20E+01	bad-chisq
group_578	1.00E-02	3.15E-01	1.00E+00	2.07E+00	4.33E-01	-7.89E-01	-2.41E+01	3.24E+01	bad-chisq
group_573	1.00E-02	3.15E-01	1.00E+00	2.07E+00	4.33E-01	-7.89E-01	-2.41E+01	3.24E+01	bad-chisq
group_572	1.00E-02	3.15E-01	1.00E+00	3.29E+00	4.33E-01	-7.96E-01	-2.42E+01	3.25E+01	bad-chisq
group_568	1.00E-02	3.15E-01	4.73E-01	-2.32E+00	4.33E-01	-8.08E-01	-2.48E+01	3.43E+01	bad-chisq
group_551	1.00E-02	3.15E-01	3.41E-01	-2.51E+00	4.33E-01	-7.74E-01	-2.49E+01	3.37E+01	bad-chisq
group_546	1.00E-02	3.15E-01	1.00E+00	6.20E-02	4.33E-01	-7.58E-01	-2.39E+01	3.20E+01	bad-chisq
group_527	1.00E-02	3.15E-01	1.00E+00	9.60E-01	4.33E-01	-7.74E-01	-2.40E+01	3.22E+01	bad-chisq
group_524	1.00E-02	3.15E-01	4.73E-01	-2.32E+00	4.33E-01	-8.08E-01	-2.48E+01	3.43E+01	bad-chisq
group_498	1.00E-02	3.15E-01	1.00E+00	5.65E+01	4.33E-01	-7.99E-01	-2.42E+01	3.26E+01	bad-chisq
group_475	1.00E-02	3.15E-01	1.00E+00	-8.09E-01	4.33E-01	-7.44E-01	-2.39E+01	3.21E+01	bad-chisq
group_446	1.00E-02	3.15E-01	1.00E+00	6.20E-02	4.33E-01	-7.58E-01	-2.39E+01	3.20E+01	bad-chisq
group_408	1.00E-02	3.15E-01	1.00E+00	3.29E+00	4.33E-01	-7.96E-01	-2.42E+01	3.25E+01	bad-chisq
group_391	1.00E-02	3.15E-01	1.00E+00	7.71E-01	4.33E-01	-7.71E-01	-2.39E+01	3.21E+01	bad-chisq
group_372	1.00E-02	3.15E-01	1.00E+00	5.65E+01	4.33E-01	-7.99E-01	-2.42E+01	3.26E+01	bad-chisq
group_329	1.00E-02	3.15E-01	1.00E+00	3.28E+00	4.33E-01	-7.96E-01	-2.42E+01	3.25E+01	bad-chisq
group_315	1.00E-02	3.15E-01	1.00E+00	3.29E+00	4.33E-01	-7.96E-01	-2.42E+01	3.25E+01	bad-chisq
group_287	1.00E-02	3.15E-01	1.00E+00	9.60E-01	4.33E-01	-7.74E-01	-2.40E+01	3.22E+01	bad-chisq
group_252	1.00E-02	3.15E-01	1.00E+00	-1.55E+00	4.33E-01	-7.41E-01	-2.42E+01	3.24E+01	bad-chisq
group_248	1.00E-02	3.15E-01	1.00E+00	3.29E+00	4.33E-01	-7.96E-01	-2.42E+01	3.25E+01	bad-chisq
group_243	1.00E-02	3.15E-01	1.00E+00	-8.09E-01	4.33E-01	-7.44E-01	-2.39E+01	3.21E+01	bad-chisq
group_217	1.00E-02	3.15E-01	1.00E+00	9.60E-01	4.33E-01	-7.74E-01	-2.40E+01	3.22E+01	bad-chisq
group_203	1.00E-02	3.15E-01	1.00E+00	5.04E-01	4.33E-01	-7.67E-01	-2.39E+01	3.21E+01	bad-chisq
group_187	1.00E-02	3.15E-01	1.00E+00	9.60E-01	4.33E-01	-7.74E-01	-2.40E+01	3.22E+01	bad-chisq
group_186	1.00E-02	3.15E-01	1.00E+00	-1.25E+00	4.33E-01	-7.94E-01	-2.41E+01	3.23E+01	bad-chisq
group_140	1.00E-02	3.15E-01	1.00E+00	4.51E+00	4.33E-01	-7.98E-01	-2.42E+01	3.26E+01	bad-chisq
group_135	1.00E-02	3.15E-01	1.00E+00	-3.40E-01	4.33E-01	-7.51E-01	-2.39E+01	3.20E+01	bad-chisq
group_127	1.00E-02	3.15E-01	1.00E+00	3.28E+00	4.33E-01	-7.96E-01	-2.42E+01	3.25E+01	bad-chisq
group_124	1.00E-02	3.15E-01	1.00E+00	2.51E+00	4.33E-01	-7.92E-01	-2.41E+01	3.25E+01	bad-chisq
group_106	1.00E-02	3.15E-01	1.00E+00	5.65E+01	4.33E-01	-7.99E-01	-2.42E+01	3.26E+01	bad-chisq
group_102	1.00E-02	3.15E-01	1.00E+00	-3.40E-01	4.33E-01	-7.51E-01	-2.39E+01	3.20E+01	bad-chisq
group_62	1.00E-02	3.15E-01	1.00E+00	2.07E+00	4.33E-01	-7.89E-01	-2.41E+01	3.24E+01	bad-chisq
group_50	1.00E-02	3.15E-01	1.00E+00	2.42E+00	4.33E-01	-7.92E-01	-2.41E+01	3.25E+01	bad-chisq
group_3	1.00E-02	3.15E-01	1.00E+00	-8.09E-01	4.33E-01	-7.44E-01	-2.39E+01	3.21E+01	bad-chisq
