variant	af	filter-pvalue	lrt-pvalue	beta	beta-std-err	intercept	PC1	PC2	notes
group_3363	9.90E-01	3.15E-01	7.87E-01	1.95E+00	3.54E+00	-1.70E+00	-1.53E+02	6.15E+00	bad-chisq
group_3362	9.90E-01	3.15E-01	7.87E-01	1.95E+00	3.54E+00	-1.70E+00	-1.53E+02	6.15E+00	bad-chisq
group_3360	9.90E-01	3.15E-01	1.00E+00	-4.35E+01	3.60E+00	4.37E+01	-1.50E+02	5.82E+00	bad-chisq
group_3357	9.90E-01	3.15E-01	1.00E+00	-4.35E+01	3.60E+00	4.37E+01	-1.50E+02	5.82E+00	bad-chisq
group_3354	9.90E-01	3.15E-01	1.00E+00	-4.35E+01	3.60E+00	4.37E+01	-1.50E+02	5.82E+00	bad-chisq
group_3351	9.90E-01	3.15E-01	1.00E+00	-4.35E+01	3.60E+00	4.37E+01	-1.50E+02	5.82E+00	bad-chisq
group_3344	9.90E-01	3.15E-01	1.00E+00	-4.35E+01	3.60E+00	4.37E+01	-1.50E+02	5.82E+00	bad-chisq
group_3343	9.90E-01	3.15E-01	1.00E+00	-4.35E+01	3.60E+00	4.37E+01	-1.50E+02	5.82E+00	bad-chisq
ubiE	9.90E-01	3.15E-01	1.00E+00	-4.35E+01	3.60E+00	4.37E+01	-1.50E+02	5.82E+00	bad-chisq
fprA	9.90E-01	3.15E-01	1.00E+00	-4.35E+01	3.60E+00	4.37E+01	-1.50E+02	5.82E+00	bad-chisq
group_3322	9.90E-01	3.15E-01	1.00E+00	-4.35E+01	3.60E+00	4.37E+01	-1.50E+02	5.82E+00	bad-chisq
group_3319	9.90E-01	3.15E-01	1.00E+00	-4.35E+01	3.60E+00	4.37E+01	-1.50E+02	5.82E+00	bad-chisq
habA	9.90E-01	3.15E-01	1.00E+00	1.82E-01	3.59E+00	7.44E-03	-1.48E+02	5.71E+00	bad-chisq
group_3299	9.90E-01	3.15E-01	1.00E+00	-4.35E+01	3.60E+00	4.37E+01	-1.50E+02	5.82E+00	bad-chisq
group_3293	9.90E-01	3.15E-01	1.00E+00	-4.35E+01	3.60E+00	4.37E+01	-1.50E+02	5.82E+00	bad-chisq
group_3274	9.90E-01	3.15E-01	1.00E+00	1.05E+00	3.59E+00	-8.55E-01	-1.48E+02	5.80E+00	bad-chisq
group_3261	9.90E-01	3.15E-01	1.00E+00	-4.35E+01	3.60E+00	4.37E+01	-1.50E+02	5.82E+00	bad-chisq
group_3258	9.90E-01	3.15E-01	1.00E+00	4.61E-01	3.58E+00	-2.30E-01	-1.48E+02	5.71E+00	bad-chisq
group_3257	9.90E-01	3.15E-01	1.00E+00	-4.35E+01	3.60E+00	4.37E+01	-1.50E+02	5.82E+00	bad-chisq
group_3252	9.90E-01	3.15E-01	1.00E+00	4.70E-01	3.59E+00	-2.79E-01	-1.48E+02	5.73E+00	bad-chisq
group_3234	9.90E-01	3.15E-01	1.00E+00	-4.35E+01	3.60E+00	4.37E+01	-1.50E+02	5.82E+00	bad-chisq
group_3228	9.90E-01	3.15E-01	1.00E+00	-4.35E+01	3.60E+00	4.37E+01	-1.50E+02	5.82E+00	bad-chisq
group_3224	9.90E-01	3.15E-01	1.00E+00	-4.35E+01	3.60E+00	4.37E+01	-1.50E+02	5.82E+00	bad-chisq
group_3221	9.90E-01	3.15E-01	1.00E+00	-4.35E+01	3.60E+00	4.37E+01	-1.50E+02	5.82E+00	bad-chisq
group_3207	9.90E-01	3.15E-01	1.00E+00	1.82E-01	3.59E+00	7.44E-03	-1.48E+02	5.71E+00	bad-chisq
clpC2	9.90E-01	3.15E-01	1.00E+00	-4.35E+01	3.60E+00	4.37E+01	-1.50E+02	5.82E+00	bad-chisq
group_3200	9.90E-01	3.15E-01	1.00E+00	-4.35E+01	3.60E+00	4.37E+01	-1.50E+02	5.82E+00	bad-chisq
group_3194	9.90E-01	3.15E-01	1.00E+00	4.70E-01	3.59E+00	-2.79E-01	-1.48E+02	5.73E+00	bad-chisq
group_3187	9.90E-01	3.15E-01	1.00E+00	-4.35E+01	3.60E+00	4.37E+01	-1.50E+02	5.82E+00	bad-chisq
group_3186	9.90E-01	3.15E-01	1.00E+00	-4.35E+01	3.60E+00	4.37E+01	-1.50E+02	5.82E+00	bad-chisq
group_3183	9.90E-01	3.15E-01	1.00E+00	-4.35E+01	3.60E+00	4.37E+01	-1.50E+02	5.82E+00	bad-chisq
group_3177	9.90E-01	3.15E-01	1.00E+00	4.61E-01	3.58E+00	-2.30E-01	-1.48E+02	5.71E+00	bad-chisq
group_3175	9.90E-01	3.15E-01	1.00E+00	-4.35E+01	3.60E+00	4.37E+01	-1.50E+02	5.82E+00	bad-chisq
group_3155	9.90E-01	3.15E-01	1.00E+00	-4.35E+01	3.60E+00	4.37E+01	-1.50E+02	5.82E+00	bad-chisq
group_3149	9.90E-01	3.15E-01	1.00E+00	-4.35E+01	3.60E+00	4.37E+01	-1.50E+02	5.82E+00	bad-chisq
group_3134	9.90E-01	3.15E-01	1.00E+00	-4.35E+01	3.60E+00	4.37E+01	-1.50E+02	5.82E+00	bad-chisq
group_3117	9.90E-01	3.15E-01	1.00E+00	-4.35E+01	3.60E+00	4.37E+01	-1.50E+02	5.82E+00	bad-chisq
group_3113	9.90E-01	3.15E-01	1.00E+00	-4.35E+01	3.60E+00	4.37E+01	-1.50E+02	5.82E+00	bad-chisq
group_3107	9.90E-01	3.15E-01	2.64E-01	-2.81E+00	3.50E+00	2.97E+00	-1.57E+02	5.74E+00	bad-chisq
group_3099	9.90E-01	3.15E-01	2.68E-01	-2.96E+00	3.50E+00	3.14E+00	-1.56E+02	5.29E+00	bad-chisq
group_3079	9.90E-01	3.15E-01	1.00E+00	-4.35E+01	3.60E+00	4.37E+01	-1.50E+02	5.82E+00	bad-chisq
mycP2	9.90E-01	3.15E-01	1.00E+00	-4.35E+01	3.60E+00	4.37E+01	-1.50E+02	5.82E+00	bad-chisq
helZ	9.90E-01	3.15E-01	1.00E+00	-4.35E+01	3.60E+00	4.37E+01	-1.50E+02	5.82E+00	bad-chisq
group_3072	9.90E-01	3.15E-01	1.00E+00	-4.35E+01	3.60E+00	4.37E+01	-1.50E+02	5.82E+00	bad-chisq
eccD4	9.90E-01	3.15E-01	1.00E+00	-4.35E+01	3.60E+00	4.37E+01	-1.50E+02	5.82E+00	bad-chisq
group_3069	9.90E-01	3.15E-01	1.00E+00	-4.35E+01	3.60E+00	4.37E+01	-1.50E+02	5.82E+00	bad-chisq
cmrA	9.90E-01	3.15E-01	1.00E+00	-4.35E+01	3.60E+00	4.37E+01	-1.50E+02	5.82E+00	bad-chisq
group_3040	9.90E-01	3.15E-01	1.00E+00	-4.35E+01	3.60E+00	4.37E+01	-1.50E+02	5.82E+00	bad-chisq
group_3026	9.90E-01	3.15E-01	1.00E+00	-4.35E+01	3.60E+00	4.37E+01	-1.50E+02	5.82E+00	bad-chisq
mmpS1	9.90E-01	3.15E-01	1.00E+00	-1.14E+01	3.60E+00	1.16E+01	-1.50E+02	5.82E+00	bad-chisq
group_3013	9.90E-01	3.15E-01	1.00E+00	-4.35E+01	3.60E+00	4.37E+01	-1.50E+02	5.82E+00	bad-chisq
group_3001	9.90E-01	3.15E-01	1.00E+00	-1.67E+01	3.60E+00	1.69E+01	-1.50E+02	5.82E+00	bad-chisq
group_2999	9.90E-01	3.15E-01	1.00E+00	3.67E-01	3.59E+00	-1.80E-01	-1.48E+02	5.80E+00	bad-chisq
group_2996	9.90E-01	3.15E-01	1.00E+00	-4.35E+01	3.60E+00	4.37E+01	-1.50E+02	5.82E+00	bad-chisq
group_2985	9.90E-01	3.15E-01	1.00E+00	-4.35E+01	3.60E+00	4.37E+01	-1.50E+02	5.82E+00	bad-chisq
group_2981	9.90E-01	3.15E-01	1.00E+00	-2.12E+00	3.60E+00	2.32E+00	-1.49E+02	5.78E+00	bad-chisq
group_2977	9.90E-01	3.15E-01	1.00E+00	-4.35E+01	3.60E+00	4.37E+01	-1.50E+02	5.82E+00	bad-chisq
group_2974	9.90E-01	3.15E-01	1.00E+00	-4.35E+01	3.60E+00	4.37E+01	-1.50E+02	5.82E+00	bad-chisq
group_2973	9.90E-01	3.15E-01	1.00E+00	-4.35E+01	3.60E+00	4.37E+01	-1.50E+02	5.82E+00	bad-chisq
rseA	9.90E-01	3.15E-01	1.00E+00	-4.35E+01	3.60E+00	4.37E+01	-1.50E+02	5.82E+00	bad-chisq
group_2963	9.90E-01	3.15E-01	1.00E+00	-4.35E+01	3.60E+00	4.37E+01	-1.50E+02	5.82E+00	bad-chisq
group_2956	9.90E-01	3.15E-01	1.00E+00	-4.35E+01	3.60E+00	4.37E+01	-1.50E+02	5.82E+00	bad-chisq
group_2952	9.90E-01	3.15E-01	1.00E+00	-4.35E+01	3.60E+00	4.37E+01	-1.50E+02	5.82E+00	bad-chisq
group_2946	9.90E-01	3.15E-01	1.00E+00	1.05E+00	3.59E+00	-8.55E-01	-1.48E+02	5.80E+00	bad-chisq
group_2942	9.90E-01	3.15E-01	1.00E+00	9.06E-01	3.59E+00	-7.09E-01	-1.48E+02	5.73E+00	bad-chisq
group_2931	9.90E-01	3.15E-01	1.00E+00	-4.35E+01	3.60E+00	4.37E+01	-1.50E+02	5.82E+00	bad-chisq
group_2929	9.90E-01	3.15E-01	1.00E+00	-3.49E+00	3.60E+00	3.70E+00	-1.49E+02	5.81E+00	bad-chisq
group_2920	9.90E-01	3.15E-01	2.64E-01	-2.81E+00	3.50E+00	2.97E+00	-1.57E+02	5.74E+00	bad-chisq
group_2916	9.90E-01	3.15E-01	1.00E+00	-4.35E+01	3.60E+00	4.37E+01	-1.50E+02	5.82E+00	bad-chisq
ureG	9.90E-01	3.15E-01	1.00E+00	-4.35E+01	3.60E+00	4.37E+01	-1.50E+02	5.82E+00	bad-chisq
group_2907	9.90E-01	3.15E-01	7.87E-01	1.95E+00	3.54E+00	-1.70E+00	-1.53E+02	6.15E+00	bad-chisq
group_2899	9.90E-01	3.15E-01	1.00E+00	-3.49E+00	3.60E+00	3.70E+00	-1.49E+02	5.81E+00	bad-chisq
group_2881	9.90E-01	3.15E-01	1.00E+00	-4.35E+01	3.60E+00	4.37E+01	-1.50E+02	5.82E+00	bad-chisq
group_2872	9.90E-01	3.15E-01	1.00E+00	1.44E+00	3.60E+00	-1.24E+00	-1.49E+02	5.80E+00	bad-chisq
group_2867	9.90E-01	3.15E-01	1.00E+00	-3.49E+00	3.60E+00	3.70E+00	-1.49E+02	5.81E+00	bad-chisq
group_2858	9.90E-01	3.15E-01	1.00E+00	4.61E-01	3.58E+00	-2.30E-01	-1.48E+02	5.71E+00	bad-chisq
erm37	9.90E-01	3.15E-01	1.00E+00	4.70E-01	3.59E+00	-2.79E-01	-1.48E+02	5.73E+00	bad-chisq
group_2852	9.90E-01	3.15E-01	1.00E+00	-4.35E+01	3.60E+00	4.37E+01	-1.50E+02	5.82E+00	bad-chisq
group_2844	9.90E-01	3.15E-01	1.00E+00	-4.35E+01	3.60E+00	4.37E+01	-1.50E+02	5.82E+00	bad-chisq
group_2829	9.90E-01	3.15E-01	1.00E+00	-4.35E+01	3.60E+00	4.37E+01	-1.50E+02	5.82E+00	bad-chisq
group_2818	9.90E-01	3.15E-01	1.00E+00	-4.35E+01	3.60E+00	4.37E+01	-1.50E+02	5.82E+00	bad-chisq
group_2814	9.90E-01	3.15E-01	1.00E+00	-4.35E+01	3.60E+00	4.37E+01	-1.50E+02	5.82E+00	bad-chisq
group_2812	9.90E-01	3.15E-01	1.00E+00	-2.03E+01	3.60E+00	2.05E+01	-1.50E+02	5.82E+00	bad-chisq
group_2803	9.90E-01	3.15E-01	1.00E+00	9.06E-01	3.59E+00	-7.09E-01	-1.48E+02	5.73E+00	bad-chisq
group_2802	9.90E-01	3.15E-01	1.00E+00	-1.67E+01	3.60E+00	1.69E+01	-1.50E+02	5.82E+00	bad-chisq
group_2800	9.90E-01	3.15E-01	1.00E+00	-4.35E+01	3.60E+00	4.37E+01	-1.50E+02	5.82E+00	bad-chisq
group_2799	9.90E-01	3.15E-01	1.00E+00	-4.35E+01	3.60E+00	4.37E+01	-1.50E+02	5.82E+00	bad-chisq
group_2796	9.90E-01	3.15E-01	1.00E+00	-4.39E+00	3.60E+00	4.60E+00	-1.49E+02	5.82E+00	bad-chisq
group_2787	9.90E-01	3.15E-01	1.00E+00	-4.35E+01	3.60E+00	4.37E+01	-1.50E+02	5.82E+00	bad-chisq
group_2785	9.90E-01	3.15E-01	1.00E+00	-4.35E+01	3.60E+00	4.37E+01	-1.50E+02	5.82E+00	bad-chisq
group_2780	9.90E-01	3.15E-01	1.00E+00	-4.35E+01	3.60E+00	4.37E+01	-1.50E+02	5.82E+00	bad-chisq
group_2771	9.90E-01	3.15E-01	1.00E+00	-4.35E+01	3.60E+00	4.37E+01	-1.50E+02	5.82E+00	bad-chisq
group_2764	9.90E-01	3.15E-01	1.00E+00	1.48E+02	3.60E+00	-1.47E+02	-1.50E+02	5.82E+00	bad-chisq
group_2761	9.90E-01	3.15E-01	1.00E+00	-4.35E+01	3.60E+00	4.37E+01	-1.50E+02	5.82E+00	bad-chisq
group_2754	9.90E-01	3.15E-01	1.00E+00	-4.35E+01	3.60E+00	4.37E+01	-1.50E+02	5.82E+00	bad-chisq
group_2743	9.90E-01	3.15E-01	1.00E+00	-4.35E+01	3.60E+00	4.37E+01	-1.50E+02	5.82E+00	bad-chisq
ftsQ	9.90E-01	3.15E-01	1.00E+00	-4.35E+01	3.60E+00	4.37E+01	-1.50E+02	5.82E+00	bad-chisq
group_2736	9.90E-01	3.15E-01	1.00E+00	1.25E+00	3.60E+00	-1.05E+00	-1.48E+02	5.80E+00	bad-chisq
group_2730	9.90E-01	3.15E-01	1.00E+00	-4.35E+01	3.60E+00	4.37E+01	-1.50E+02	5.82E+00	bad-chisq
group_2728	9.90E-01	3.15E-01	1.00E+00	-4.93E+00	3.60E+00	5.13E+00	-1.49E+02	5.82E+00	bad-chisq
group_2722	9.90E-01	3.15E-01	1.00E+00	-4.35E+01	3.60E+00	4.37E+01	-1.50E+02	5.82E+00	bad-chisq
sufR	9.90E-01	3.15E-01	1.00E+00	-4.35E+01	3.60E+00	4.37E+01	-1.50E+02	5.82E+00	bad-chisq
ponA1	9.90E-01	3.15E-01	1.00E+00	-4.35E+01	3.60E+00	4.37E+01	-1.50E+02	5.82E+00	bad-chisq
group_2712	9.90E-01	3.15E-01	1.00E+00	-4.35E+01	3.60E+00	4.37E+01	-1.50E+02	5.82E+00	bad-chisq
group_2698	9.90E-01	3.15E-01	1.00E+00	-4.35E+01	3.60E+00	4.37E+01	-1.50E+02	5.82E+00	bad-chisq
group_2697	9.90E-01	3.15E-01	7.87E-01	1.95E+00	3.54E+00	-1.70E+00	-1.53E+02	6.15E+00	bad-chisq
group_2694	9.90E-01	3.15E-01	1.00E+00	-4.35E+01	3.60E+00	4.37E+01	-1.50E+02	5.82E+00	bad-chisq
copC	9.90E-01	3.15E-01	1.00E+00	-4.35E+01	3.60E+00	4.37E+01	-1.50E+02	5.82E+00	bad-chisq
group_2690	9.90E-01	3.15E-01	1.00E+00	-4.35E+01	3.60E+00	4.37E+01	-1.50E+02	5.82E+00	bad-chisq
group_2678	9.90E-01	3.15E-01	1.00E+00	-4.35E+01	3.60E+00	4.37E+01	-1.50E+02	5.82E+00	bad-chisq
group_2671	9.90E-01	3.15E-01	1.00E+00	9.65E-01	3.59E+00	-7.71E-01	-1.48E+02	5.79E+00	bad-chisq
dacB1	9.90E-01	3.15E-01	1.00E+00	-4.35E+01	3.60E+00	4.37E+01	-1.50E+02	5.82E+00	bad-chisq
whiB7	9.90E-01	3.15E-01	1.00E+00	-2.03E+01	3.60E+00	2.05E+01	-1.50E+02	5.82E+00	bad-chisq
group_2643	9.90E-01	3.15E-01	1.00E+00	5.06E-01	3.59E+00	-3.17E-01	-1.48E+02	5.79E+00	bad-chisq
ricR	9.90E-01	3.15E-01	1.00E+00	-4.35E+01	3.60E+00	4.37E+01	-1.50E+02	5.82E+00	bad-chisq
group_2642	9.90E-01	3.15E-01	1.00E+00	-4.35E+01	3.60E+00	4.37E+01	-1.50E+02	5.82E+00	bad-chisq
group_2635	9.90E-01	3.15E-01	1.00E+00	-4.35E+01	3.60E+00	4.37E+01	-1.50E+02	5.82E+00	bad-chisq
group_2627	9.90E-01	3.15E-01	1.00E+00	-4.35E+01	3.60E+00	4.37E+01	-1.50E+02	5.82E+00	bad-chisq
group_2624	9.90E-01	3.15E-01	1.00E+00	-4.35E+01	3.60E+00	4.37E+01	-1.50E+02	5.82E+00	bad-chisq
group_2599	9.90E-01	3.15E-01	1.00E+00	-4.35E+01	3.60E+00	4.37E+01	-1.50E+02	5.82E+00	bad-chisq
group_2597	9.90E-01	3.15E-01	1.00E+00	-4.35E+01	3.60E+00	4.37E+01	-1.50E+02	5.82E+00	bad-chisq
group_2593	9.90E-01	3.15E-01	2.68E-01	-2.96E+00	3.50E+00	3.14E+00	-1.56E+02	5.29E+00	bad-chisq
pepE	9.90E-01	3.15E-01	1.00E+00	-4.35E+01	3.60E+00	4.37E+01	-1.50E+02	5.82E+00	bad-chisq
group_2573	9.90E-01	3.15E-01	1.00E+00	-2.03E+01	3.60E+00	2.05E+01	-1.50E+02	5.82E+00	bad-chisq
group_2541	9.90E-01	3.15E-01	1.00E+00	-4.35E+01	3.60E+00	4.37E+01	-1.50E+02	5.82E+00	bad-chisq
group_2536	9.90E-01	3.15E-01	1.00E+00	-4.35E+01	3.60E+00	4.37E+01	-1.50E+02	5.82E+00	bad-chisq
group_2534	9.90E-01	3.15E-01	1.00E+00	-4.35E+01	3.60E+00	4.37E+01	-1.50E+02	5.82E+00	bad-chisq
group_2533	9.90E-01	3.15E-01	1.00E+00	-4.35E+01	3.60E+00	4.37E+01	-1.50E+02	5.82E+00	bad-chisq
group_2531	9.90E-01	3.15E-01	1.00E+00	-4.35E+01	3.60E+00	4.37E+01	-1.50E+02	5.82E+00	bad-chisq
mbtB	9.90E-01	3.15E-01	1.00E+00	-4.35E+01	3.60E+00	4.37E+01	-1.50E+02	5.82E+00	bad-chisq
group_2520	9.90E-01	3.15E-01	1.00E+00	-4.35E+01	3.60E+00	4.37E+01	-1.50E+02	5.82E+00	bad-chisq
group_2515	9.90E-01	3.15E-01	1.00E+00	-6.04E+00	3.60E+00	6.24E+00	-1.50E+02	5.82E+00	bad-chisq
group_2514	9.90E-01	3.15E-01	1.00E+00	-4.35E+01	3.60E+00	4.37E+01	-1.50E+02	5.82E+00	bad-chisq
group_2506	9.90E-01	3.15E-01	1.00E+00	-4.35E+01	3.60E+00	4.37E+01	-1.50E+02	5.82E+00	bad-chisq
mbtD	9.90E-01	3.15E-01	1.00E+00	-4.35E+01	3.60E+00	4.37E+01	-1.50E+02	5.82E+00	bad-chisq
group_2493	9.90E-01	3.15E-01	1.00E+00	1.53E+00	3.60E+00	-1.33E+00	-1.48E+02	5.74E+00	bad-chisq
group_2491	9.90E-01	3.15E-01	1.00E+00	-4.35E+01	3.60E+00	4.37E+01	-1.50E+02	5.82E+00	bad-chisq
group_2477	9.90E-01	3.15E-01	1.00E+00	1.53E+00	3.60E+00	-1.33E+00	-1.48E+02	5.74E+00	bad-chisq
group_2476	9.90E-01	3.15E-01	1.00E+00	1.25E+00	3.60E+00	-1.05E+00	-1.48E+02	5.80E+00	bad-chisq
group_2474	9.90E-01	3.15E-01	1.00E+00	-1.38E+01	3.60E+00	1.40E+01	-1.50E+02	5.82E+00	bad-chisq
group_2472	9.90E-01	3.15E-01	1.00E+00	-9.78E+00	3.60E+00	9.98E+00	-1.50E+02	5.82E+00	bad-chisq
group_2469	9.90E-01	3.15E-01	1.00E+00	-4.35E+01	3.60E+00	4.37E+01	-1.50E+02	5.82E+00	bad-chisq
group_2467	9.90E-01	3.15E-01	1.00E+00	-4.35E+01	3.60E+00	4.37E+01	-1.50E+02	5.82E+00	bad-chisq
group_2459	9.90E-01	3.15E-01	1.00E+00	-4.35E+01	3.60E+00	4.37E+01	-1.50E+02	5.82E+00	bad-chisq
folD	9.90E-01	3.15E-01	1.00E+00	-4.35E+01	3.60E+00	4.37E+01	-1.50E+02	5.82E+00	bad-chisq
pknE	9.90E-01	3.15E-01	1.00E+00	-4.35E+01	3.60E+00	4.37E+01	-1.50E+02	5.82E+00	bad-chisq
group_2452	9.90E-01	3.15E-01	1.00E+00	-4.35E+01	3.60E+00	4.37E+01	-1.50E+02	5.82E+00	bad-chisq
group_2449	9.90E-01	3.15E-01	1.00E+00	9.65E-01	3.59E+00	-7.71E-01	-1.48E+02	5.79E+00	bad-chisq
group_2448	9.90E-01	3.15E-01	1.00E+00	-4.35E+01	3.60E+00	4.37E+01	-1.50E+02	5.82E+00	bad-chisq
group_2447	9.90E-01	3.15E-01	1.00E+00	9.65E-01	3.59E+00	-7.71E-01	-1.48E+02	5.79E+00	bad-chisq
group_2443	9.90E-01	3.15E-01	1.00E+00	-4.35E+01	3.60E+00	4.37E+01	-1.50E+02	5.82E+00	bad-chisq
lpqC	9.90E-01	3.15E-01	1.00E+00	-4.35E+01	3.60E+00	4.37E+01	-1.50E+02	5.82E+00	bad-chisq
mmpL4~~~mmpL9	9.90E-01	3.15E-01	2.68E-01	-2.96E+00	3.50E+00	3.14E+00	-1.56E+02	5.29E+00	bad-chisq
group_2438	9.90E-01	3.15E-01	1.00E+00	-4.35E+01	3.60E+00	4.37E+01	-1.50E+02	5.82E+00	bad-chisq
group_2434	9.90E-01	3.15E-01	1.00E+00	-4.35E+01	3.60E+00	4.37E+01	-1.50E+02	5.82E+00	bad-chisq
group_2433	9.90E-01	3.15E-01	1.00E+00	-9.78E+00	3.60E+00	9.98E+00	-1.50E+02	5.82E+00	bad-chisq
group_2428	9.90E-01	3.15E-01	1.00E+00	-4.35E+01	3.60E+00	4.37E+01	-1.50E+02	5.82E+00	bad-chisq
group_2421	9.90E-01	3.15E-01	1.00E+00	-4.35E+01	3.60E+00	4.37E+01	-1.50E+02	5.82E+00	bad-chisq
amiB2	9.90E-01	3.15E-01	1.00E+00	-4.35E+01	3.60E+00	4.37E+01	-1.50E+02	5.82E+00	bad-chisq
group_2410	9.90E-01	3.15E-01	1.00E+00	9.65E-01	3.59E+00	-7.71E-01	-1.48E+02	5.79E+00	bad-chisq
group_2394	9.90E-01	3.15E-01	1.00E+00	-4.35E+01	3.60E+00	4.37E+01	-1.50E+02	5.82E+00	bad-chisq
group_2392	9.90E-01	3.15E-01	2.68E-01	-2.96E+00	3.50E+00	3.14E+00	-1.56E+02	5.29E+00	bad-chisq
group_2391	9.90E-01	3.15E-01	1.00E+00	9.06E-01	3.59E+00	-7.09E-01	-1.48E+02	5.73E+00	bad-chisq
group_2387	9.90E-01	3.15E-01	1.00E+00	1.14E+00	3.60E+00	-9.41E-01	-1.48E+02	5.81E+00	bad-chisq
group_2386	9.90E-01	3.15E-01	1.00E+00	-4.35E+01	3.60E+00	4.37E+01	-1.50E+02	5.82E+00	bad-chisq
group_2380	9.90E-01	3.15E-01	1.00E+00	-4.35E+01	3.60E+00	4.37E+01	-1.50E+02	5.82E+00	bad-chisq
embC	9.90E-01	3.15E-01	1.00E+00	-4.35E+01	3.60E+00	4.37E+01	-1.50E+02	5.82E+00	bad-chisq
group_2373	9.90E-01	3.15E-01	1.00E+00	1.23E+00	3.60E+00	-1.04E+00	-1.48E+02	5.80E+00	bad-chisq
group_2363	9.90E-01	3.15E-01	1.00E+00	-4.35E+01	3.60E+00	4.37E+01	-1.50E+02	5.82E+00	bad-chisq
group_2356	9.90E-01	3.15E-01	1.00E+00	-4.35E+01	3.60E+00	4.37E+01	-1.50E+02	5.82E+00	bad-chisq
group_2355	9.90E-01	3.15E-01	1.00E+00	-1.38E+01	3.60E+00	1.40E+01	-1.50E+02	5.82E+00	bad-chisq
group_2354	9.90E-01	3.15E-01	1.00E+00	-4.35E+01	3.60E+00	4.37E+01	-1.50E+02	5.82E+00	bad-chisq
group_2348	9.90E-01	3.15E-01	1.00E+00	-4.35E+01	3.60E+00	4.37E+01	-1.50E+02	5.82E+00	bad-chisq
group_2344	9.90E-01	3.15E-01	1.00E+00	-4.93E+00	3.60E+00	5.13E+00	-1.49E+02	5.82E+00	bad-chisq
group_2339	9.90E-01	3.15E-01	1.00E+00	1.23E+00	3.60E+00	-1.04E+00	-1.48E+02	5.80E+00	bad-chisq
hflX	9.90E-01	3.15E-01	1.00E+00	-4.35E+01	3.60E+00	4.37E+01	-1.50E+02	5.82E+00	bad-chisq
group_2330	9.90E-01	3.15E-01	1.00E+00	-1.14E+01	3.60E+00	1.16E+01	-1.50E+02	5.82E+00	bad-chisq
group_2322	9.90E-01	3.15E-01	1.00E+00	-4.35E+01	3.60E+00	4.37E+01	-1.50E+02	5.82E+00	bad-chisq
group_2314	9.90E-01	3.15E-01	1.00E+00	-4.35E+01	3.60E+00	4.37E+01	-1.50E+02	5.82E+00	bad-chisq
group_2312	9.90E-01	3.15E-01	1.00E+00	-1.38E+01	3.60E+00	1.40E+01	-1.50E+02	5.82E+00	bad-chisq
group_2310	9.90E-01	3.15E-01	1.00E+00	9.65E-01	3.59E+00	-7.71E-01	-1.48E+02	5.79E+00	bad-chisq
group_2308	9.90E-01	3.15E-01	1.00E+00	-4.35E+01	3.60E+00	4.37E+01	-1.50E+02	5.82E+00	bad-chisq
group_2303	9.90E-01	3.15E-01	7.84E-02	-3.92E+00	3.45E+00	4.07E+00	-1.65E+02	6.15E+00	bad-chisq
group_2301	9.90E-01	3.15E-01	1.00E+00	-4.35E+01	3.60E+00	4.37E+01	-1.50E+02	5.82E+00	bad-chisq
group_2298	9.90E-01	3.15E-01	1.00E+00	-4.35E+01	3.60E+00	4.37E+01	-1.50E+02	5.82E+00	bad-chisq
group_2293	9.90E-01	3.15E-01	1.00E+00	9.06E-01	3.59E+00	-7.09E-01	-1.48E+02	5.73E+00	bad-chisq
group_2275	9.90E-01	3.15E-01	1.00E+00	-3.49E+00	3.60E+00	3.70E+00	-1.49E+02	5.81E+00	bad-chisq
group_2274	9.90E-01	3.15E-01	1.00E+00	-4.35E+01	3.60E+00	4.37E+01	-1.50E+02	5.82E+00	bad-chisq
group_2255	9.90E-01	3.15E-01	1.00E+00	-2.03E+01	3.60E+00	2.05E+01	-1.50E+02	5.82E+00	bad-chisq
group_2252	9.90E-01	3.15E-01	1.00E+00	-4.35E+01	3.60E+00	4.37E+01	-1.50E+02	5.82E+00	bad-chisq
group_2250	9.90E-01	3.15E-01	1.00E+00	-4.35E+01	3.60E+00	4.37E+01	-1.50E+02	5.82E+00	bad-chisq
rpfE	9.90E-01	3.15E-01	1.00E+00	-4.35E+01	3.60E+00	4.37E+01	-1.50E+02	5.82E+00	bad-chisq
group_2246	9.90E-01	3.15E-01	1.00E+00	1.25E+00	3.60E+00	-1.05E+00	-1.48E+02	5.80E+00	bad-chisq
group_2237	9.90E-01	3.15E-01	1.00E+00	2.36E-01	3.58E+00	-1.24E-02	-1.48E+02	5.78E+00	bad-chisq
group_2235	9.90E-01	3.15E-01	1.00E+00	9.65E-01	3.59E+00	-7.71E-01	-1.48E+02	5.79E+00	bad-chisq
group_2226	9.90E-01	3.15E-01	2.68E-01	-2.96E+00	3.50E+00	3.14E+00	-1.56E+02	5.29E+00	bad-chisq
group_2219	9.90E-01	3.15E-01	1.00E+00	-3.49E+00	3.60E+00	3.70E+00	-1.49E+02	5.81E+00	bad-chisq
group_2213	9.90E-01	3.15E-01	1.00E+00	-4.35E+01	3.60E+00	4.37E+01	-1.50E+02	5.82E+00	bad-chisq
group_2210	9.90E-01	3.15E-01	1.00E+00	-1.55E+00	3.55E+00	1.71E+00	-1.51E+02	5.78E+00	bad-chisq
group_2206	9.90E-01	3.15E-01	1.00E+00	-4.35E+01	3.60E+00	4.37E+01	-1.50E+02	5.82E+00	bad-chisq
group_2202	9.90E-01	3.15E-01	1.00E+00	-4.35E+01	3.60E+00	4.37E+01	-1.50E+02	5.82E+00	bad-chisq
group_2201	9.90E-01	3.15E-01	1.00E+00	9.06E-01	3.59E+00	-7.09E-01	-1.48E+02	5.73E+00	bad-chisq
group_2199	9.90E-01	3.15E-01	1.00E+00	-4.35E+01	3.60E+00	4.37E+01	-1.50E+02	5.82E+00	bad-chisq
group_2197	9.90E-01	3.15E-01	1.00E+00	9.06E-01	3.59E+00	-7.09E-01	-1.48E+02	5.73E+00	bad-chisq
group_2191	9.90E-01	3.15E-01	1.00E+00	-4.35E+01	3.60E+00	4.37E+01	-1.50E+02	5.82E+00	bad-chisq
group_2183	9.90E-01	3.15E-01	1.00E+00	-4.35E+01	3.60E+00	4.37E+01	-1.50E+02	5.82E+00	bad-chisq
group_2180	9.90E-01	3.15E-01	1.00E+00	-4.35E+01	3.60E+00	4.37E+01	-1.50E+02	5.82E+00	bad-chisq
group_2179	9.90E-01	3.15E-01	1.00E+00	9.78E-01	3.57E+00	-7.42E-01	-1.49E+02	5.83E+00	bad-chisq
group_2178	9.90E-01	3.15E-01	1.00E+00	-4.35E+01	3.60E+00	4.37E+01	-1.50E+02	5.82E+00	bad-chisq
group_2174	9.90E-01	3.15E-01	1.00E+00	-4.35E+01	3.60E+00	4.37E+01	-1.50E+02	5.82E+00	bad-chisq
group_2172	9.90E-01	3.15E-01	1.00E+00	-4.35E+01	3.60E+00	4.37E+01	-1.50E+02	5.82E+00	bad-chisq
group_2168	9.90E-01	3.15E-01	1.00E+00	-4.35E+01	3.60E+00	4.37E+01	-1.50E+02	5.82E+00	bad-chisq
group_2159	9.90E-01	3.15E-01	1.00E+00	-4.35E+01	3.60E+00	4.37E+01	-1.50E+02	5.82E+00	bad-chisq
group_2157	9.90E-01	3.15E-01	1.00E+00	-4.35E+01	3.60E+00	4.37E+01	-1.50E+02	5.82E+00	bad-chisq
group_2151	9.90E-01	3.15E-01	1.00E+00	-4.35E+01	3.60E+00	4.37E+01	-1.50E+02	5.82E+00	bad-chisq
group_2148	9.90E-01	3.15E-01	1.00E+00	4.61E-01	3.58E+00	-2.30E-01	-1.48E+02	5.71E+00	bad-chisq
lppW	9.90E-01	3.15E-01	1.00E+00	-4.35E+01	3.60E+00	4.37E+01	-1.50E+02	5.82E+00	bad-chisq
pncB2	9.90E-01	3.15E-01	1.00E+00	-4.35E+01	3.60E+00	4.37E+01	-1.50E+02	5.82E+00	bad-chisq
group_2141	9.90E-01	3.15E-01	1.00E+00	-4.35E+01	3.60E+00	4.37E+01	-1.50E+02	5.82E+00	bad-chisq
group_2132	9.90E-01	3.15E-01	1.00E+00	-4.35E+01	3.60E+00	4.37E+01	-1.50E+02	5.82E+00	bad-chisq
group_2127	9.90E-01	3.15E-01	1.00E+00	-4.35E+01	3.60E+00	4.37E+01	-1.50E+02	5.82E+00	bad-chisq
group_2126	9.90E-01	3.15E-01	1.00E+00	-4.35E+01	3.60E+00	4.37E+01	-1.50E+02	5.82E+00	bad-chisq
group_2109	9.90E-01	3.15E-01	1.00E+00	1.14E+00	3.60E+00	-9.41E-01	-1.48E+02	5.81E+00	bad-chisq
group_2107	9.90E-01	3.15E-01	1.00E+00	6.22E-01	3.59E+00	-4.32E-01	-1.48E+02	5.80E+00	bad-chisq
group_2105	9.90E-01	3.15E-01	1.00E+00	-4.35E+01	3.60E+00	4.37E+01	-1.50E+02	5.82E+00	bad-chisq
group_2104	9.90E-01	3.15E-01	1.00E+00	-4.35E+01	3.60E+00	4.37E+01	-1.50E+02	5.82E+00	bad-chisq
sugI	9.90E-01	3.15E-01	1.00E+00	-4.35E+01	3.60E+00	4.37E+01	-1.50E+02	5.82E+00	bad-chisq
group_2094	9.90E-01	3.15E-01	1.00E+00	-4.35E+01	3.60E+00	4.37E+01	-1.50E+02	5.82E+00	bad-chisq
group_2090	9.90E-01	3.15E-01	1.00E+00	-4.35E+01	3.60E+00	4.37E+01	-1.50E+02	5.82E+00	bad-chisq
group_2089	9.90E-01	3.15E-01	2.30E-01	-2.91E+00	3.50E+00	3.03E+00	-1.60E+02	6.52E+00	bad-chisq
group_2078	9.90E-01	3.15E-01	1.00E+00	-4.35E+01	3.60E+00	4.37E+01	-1.50E+02	5.82E+00	bad-chisq
group_2073	9.90E-01	3.15E-01	1.00E+00	-4.35E+01	3.60E+00	4.37E+01	-1.50E+02	5.82E+00	bad-chisq
group_2071	9.90E-01	3.15E-01	1.00E+00	-4.35E+01	3.60E+00	4.37E+01	-1.50E+02	5.82E+00	bad-chisq
group_2057	9.90E-01	3.15E-01	1.00E+00	-4.35E+01	3.60E+00	4.37E+01	-1.50E+02	5.82E+00	bad-chisq
group_2054	9.90E-01	3.15E-01	1.00E+00	-4.35E+01	3.60E+00	4.37E+01	-1.50E+02	5.82E+00	bad-chisq
group_2051	9.90E-01	3.15E-01	1.00E+00	-4.35E+01	3.60E+00	4.37E+01	-1.50E+02	5.82E+00	bad-chisq
group_2050	9.90E-01	3.15E-01	1.00E+00	-4.35E+01	3.60E+00	4.37E+01	-1.50E+02	5.82E+00	bad-chisq
group_2038	9.90E-01	3.15E-01	1.00E+00	-4.35E+01	3.60E+00	4.37E+01	-1.50E+02	5.82E+00	bad-chisq
group_2035	9.90E-01	3.15E-01	1.00E+00	-4.35E+01	3.60E+00	4.37E+01	-1.50E+02	5.82E+00	bad-chisq
mmpL10	9.90E-01	3.15E-01	1.00E+00	-4.35E+01	3.60E+00	4.37E+01	-1.50E+02	5.82E+00	bad-chisq
group_2027	9.90E-01	3.15E-01	1.00E+00	-4.35E+01	3.60E+00	4.37E+01	-1.50E+02	5.82E+00	bad-chisq
group_2025	9.90E-01	3.15E-01	1.00E+00	-4.35E+01	3.60E+00	4.37E+01	-1.50E+02	5.82E+00	bad-chisq
group_2023	9.90E-01	3.15E-01	1.00E+00	-4.35E+01	3.60E+00	4.37E+01	-1.50E+02	5.82E+00	bad-chisq
group_2007	9.90E-01	3.15E-01	1.00E+00	-4.35E+01	3.60E+00	4.37E+01	-1.50E+02	5.82E+00	bad-chisq
group_1997	9.90E-01	3.15E-01	1.00E+00	-4.35E+01	3.60E+00	4.37E+01	-1.50E+02	5.82E+00	bad-chisq
group_1995	9.90E-01	3.15E-01	1.00E+00	-4.35E+01	3.60E+00	4.37E+01	-1.50E+02	5.82E+00	bad-chisq
ctpC	9.90E-01	3.15E-01	1.00E+00	-4.35E+01	3.60E+00	4.37E+01	-1.50E+02	5.82E+00	bad-chisq
fadB	9.90E-01	3.15E-01	1.00E+00	-4.35E+01	3.60E+00	4.37E+01	-1.50E+02	5.82E+00	bad-chisq
group_1977	9.90E-01	3.15E-01	1.00E+00	-4.35E+01	3.60E+00	4.37E+01	-1.50E+02	5.82E+00	bad-chisq
group_1971	9.90E-01	3.15E-01	2.68E-01	-2.96E+00	3.50E+00	3.14E+00	-1.56E+02	5.29E+00	bad-chisq
group_1969	9.90E-01	3.15E-01	1.00E+00	-4.35E+01	3.60E+00	4.37E+01	-1.50E+02	5.82E+00	bad-chisq
group_1958	9.90E-01	3.15E-01	1.00E+00	-4.35E+01	3.60E+00	4.37E+01	-1.50E+02	5.82E+00	bad-chisq
group_1950	9.90E-01	3.15E-01	1.00E+00	9.06E-01	3.59E+00	-7.09E-01	-1.48E+02	5.73E+00	bad-chisq
group_1948	9.90E-01	3.15E-01	1.00E+00	9.06E-01	3.59E+00	-7.09E-01	-1.48E+02	5.73E+00	bad-chisq
recO	9.90E-01	3.15E-01	1.00E+00	9.06E-01	3.59E+00	-7.09E-01	-1.48E+02	5.73E+00	bad-chisq
group_1943	9.90E-01	3.15E-01	1.00E+00	9.06E-01	3.59E+00	-7.09E-01	-1.48E+02	5.73E+00	bad-chisq
group_1942	9.90E-01	3.15E-01	1.00E+00	9.06E-01	3.59E+00	-7.09E-01	-1.48E+02	5.73E+00	bad-chisq
group_1937	9.90E-01	3.15E-01	1.00E+00	4.61E-01	3.58E+00	-2.30E-01	-1.48E+02	5.71E+00	bad-chisq
group_1933	9.90E-01	3.15E-01	1.00E+00	-4.35E+01	3.60E+00	4.37E+01	-1.50E+02	5.82E+00	bad-chisq
group_1923	9.90E-01	3.15E-01	2.68E-01	-2.96E+00	3.50E+00	3.14E+00	-1.56E+02	5.29E+00	bad-chisq
group_1921	9.90E-01	3.15E-01	1.00E+00	-4.35E+01	3.60E+00	4.37E+01	-1.50E+02	5.82E+00	bad-chisq
group_1912	9.90E-01	3.15E-01	1.00E+00	-4.35E+01	3.60E+00	4.37E+01	-1.50E+02	5.82E+00	bad-chisq
group_1905	9.90E-01	3.15E-01	1.00E+00	-4.35E+01	3.60E+00	4.37E+01	-1.50E+02	5.82E+00	bad-chisq
eccE3	9.90E-01	3.15E-01	1.00E+00	-4.35E+01	3.60E+00	4.37E+01	-1.50E+02	5.82E+00	bad-chisq
group_1902	9.90E-01	3.15E-01	1.00E+00	-4.35E+01	3.60E+00	4.37E+01	-1.50E+02	5.82E+00	bad-chisq
group_1894	9.90E-01	3.15E-01	1.00E+00	-9.78E+00	3.60E+00	9.98E+00	-1.50E+02	5.82E+00	bad-chisq
pafB	9.90E-01	3.15E-01	1.00E+00	-4.35E+01	3.60E+00	4.37E+01	-1.50E+02	5.82E+00	bad-chisq
group_1886	9.90E-01	3.15E-01	1.00E+00	-4.35E+01	3.60E+00	4.37E+01	-1.50E+02	5.82E+00	bad-chisq
tlyA	9.90E-01	3.15E-01	1.00E+00	-4.35E+01	3.60E+00	4.37E+01	-1.50E+02	5.82E+00	bad-chisq
group_1878	9.90E-01	3.15E-01	7.87E-01	1.95E+00	3.54E+00	-1.70E+00	-1.53E+02	6.15E+00	bad-chisq
aceA	9.90E-01	3.15E-01	1.00E+00	9.65E-01	3.59E+00	-7.71E-01	-1.48E+02	5.79E+00	bad-chisq
group_1875	9.90E-01	3.15E-01	1.00E+00	3.19E-01	3.59E+00	-1.33E-01	-1.48E+02	5.81E+00	bad-chisq
dhaL	9.90E-01	3.15E-01	1.00E+00	-4.35E+01	3.60E+00	4.37E+01	-1.50E+02	5.82E+00	bad-chisq
ychF	9.90E-01	3.15E-01	1.00E+00	-4.35E+01	3.60E+00	4.37E+01	-1.50E+02	5.82E+00	bad-chisq
group_1850	9.90E-01	3.15E-01	2.68E-01	-2.96E+00	3.50E+00	3.14E+00	-1.56E+02	5.29E+00	bad-chisq
pafC	9.90E-01	3.15E-01	1.00E+00	-4.35E+01	3.60E+00	4.37E+01	-1.50E+02	5.82E+00	bad-chisq
group_1824	9.90E-01	3.15E-01	1.00E+00	-4.35E+01	3.60E+00	4.37E+01	-1.50E+02	5.82E+00	bad-chisq
moaR1	9.90E-01	3.15E-01	1.00E+00	-3.49E+00	3.60E+00	3.70E+00	-1.49E+02	5.81E+00	bad-chisq
group_1804	9.90E-01	3.15E-01	1.00E+00	-4.35E+01	3.60E+00	4.37E+01	-1.50E+02	5.82E+00	bad-chisq
cysM	9.90E-01	3.15E-01	1.00E+00	-4.35E+01	3.60E+00	4.37E+01	-1.50E+02	5.82E+00	bad-chisq
group_1777	9.90E-01	3.15E-01	1.00E+00	-4.35E+01	3.60E+00	4.37E+01	-1.50E+02	5.82E+00	bad-chisq
group_1769	9.90E-01	3.15E-01	1.00E+00	-1.38E+01	3.60E+00	1.40E+01	-1.50E+02	5.82E+00	bad-chisq
group_1768	9.90E-01	3.15E-01	1.00E+00	-4.35E+01	3.60E+00	4.37E+01	-1.50E+02	5.82E+00	bad-chisq
tadE	9.90E-01	3.15E-01	1.00E+00	-4.35E+01	3.60E+00	4.37E+01	-1.50E+02	5.82E+00	bad-chisq
group_1752	9.90E-01	3.15E-01	1.00E+00	1.39E+00	3.60E+00	-1.19E+00	-1.48E+02	5.77E+00	bad-chisq
group_1742	9.90E-01	3.15E-01	1.00E+00	-1.38E+01	3.60E+00	1.40E+01	-1.50E+02	5.82E+00	bad-chisq
cut4	9.90E-01	3.15E-01	1.00E+00	-4.35E+01	3.60E+00	4.37E+01	-1.50E+02	5.82E+00	bad-chisq
group_1737	9.90E-01	3.15E-01	1.00E+00	-4.35E+01	3.60E+00	4.37E+01	-1.50E+02	5.82E+00	bad-chisq
group_1719	9.90E-01	3.15E-01	2.09E-03	-8.08E+00	3.27E+00	8.13E+00	-1.94E+02	8.93E+00	bad-chisq
group_1714	9.90E-01	3.15E-01	1.00E+00	9.65E-01	3.59E+00	-7.71E-01	-1.48E+02	5.79E+00	bad-chisq
group_1711	9.90E-01	3.15E-01	1.00E+00	1.39E+00	3.60E+00	-1.19E+00	-1.48E+02	5.77E+00	bad-chisq
group_1690	9.90E-01	3.15E-01	1.00E+00	-4.35E+01	3.60E+00	4.37E+01	-1.50E+02	5.82E+00	bad-chisq
group_1673	9.90E-01	3.15E-01	1.00E+00	1.05E+00	3.59E+00	-8.55E-01	-1.48E+02	5.80E+00	bad-chisq
group_1667	9.90E-01	3.15E-01	1.00E+00	-4.35E+01	3.60E+00	4.37E+01	-1.50E+02	5.82E+00	bad-chisq
group_1656	9.90E-01	3.15E-01	1.00E+00	-4.35E+01	3.60E+00	4.37E+01	-1.50E+02	5.82E+00	bad-chisq
group_1655	9.90E-01	3.15E-01	1.00E+00	-4.35E+01	3.60E+00	4.37E+01	-1.50E+02	5.82E+00	bad-chisq
group_1653	9.90E-01	3.15E-01	1.00E+00	-9.44E-01	3.57E+00	1.11E+00	-1.50E+02	5.87E+00	bad-chisq
nanT	9.90E-01	3.15E-01	1.00E+00	9.65E-01	3.59E+00	-7.71E-01	-1.48E+02	5.79E+00	bad-chisq
group_1645	9.90E-01	3.15E-01	1.00E+00	-4.35E+01	3.60E+00	4.37E+01	-1.50E+02	5.82E+00	bad-chisq
group_1620	9.90E-01	3.15E-01	1.00E+00	-4.35E+01	3.60E+00	4.37E+01	-1.50E+02	5.82E+00	bad-chisq
katG	9.90E-01	3.15E-01	1.00E+00	9.65E-01	3.59E+00	-7.71E-01	-1.48E+02	5.79E+00	bad-chisq
group_1595	9.90E-01	3.15E-01	1.00E+00	-4.35E+01	3.60E+00	4.37E+01	-1.50E+02	5.82E+00	bad-chisq
group_1590	9.90E-01	3.15E-01	1.00E+00	-4.35E+01	3.60E+00	4.37E+01	-1.50E+02	5.82E+00	bad-chisq
ephB	9.90E-01	3.15E-01	1.00E+00	-4.35E+01	3.60E+00	4.37E+01	-1.50E+02	5.82E+00	bad-chisq
group_1585	9.90E-01	3.15E-01	1.00E+00	-4.35E+01	3.60E+00	4.37E+01	-1.50E+02	5.82E+00	bad-chisq
group_1582	9.90E-01	3.15E-01	1.00E+00	-4.35E+01	3.60E+00	4.37E+01	-1.50E+02	5.82E+00	bad-chisq
ravA	9.90E-01	3.15E-01	1.00E+00	1.53E+00	3.60E+00	-1.33E+00	-1.49E+02	5.77E+00	bad-chisq
kshB	9.90E-01	3.15E-01	1.00E+00	-4.35E+01	3.60E+00	4.37E+01	-1.50E+02	5.82E+00	bad-chisq
group_1563	9.90E-01	3.15E-01	1.00E+00	-4.35E+01	3.60E+00	4.37E+01	-1.50E+02	5.82E+00	bad-chisq
group_1562	9.90E-01	3.15E-01	1.00E+00	-4.35E+01	3.60E+00	4.37E+01	-1.50E+02	5.82E+00	bad-chisq
group_1552	9.90E-01	3.15E-01	1.00E+00	-4.35E+01	3.60E+00	4.37E+01	-1.50E+02	5.82E+00	bad-chisq
alkA	9.90E-01	3.15E-01	1.00E+00	-4.35E+01	3.60E+00	4.37E+01	-1.50E+02	5.82E+00	bad-chisq
group_1539	9.90E-01	3.15E-01	1.00E+00	-4.35E+01	3.60E+00	4.37E+01	-1.50E+02	5.82E+00	bad-chisq
mcr	9.90E-01	3.15E-01	1.00E+00	-4.35E+01	3.60E+00	4.37E+01	-1.50E+02	5.82E+00	bad-chisq
group_1531	9.90E-01	3.15E-01	1.00E+00	-4.35E+01	3.60E+00	4.37E+01	-1.50E+02	5.82E+00	bad-chisq
group_1525	9.90E-01	3.15E-01	1.00E+00	9.65E-01	3.59E+00	-7.71E-01	-1.48E+02	5.79E+00	bad-chisq
hns	9.90E-01	3.15E-01	1.00E+00	-4.35E+01	3.60E+00	4.37E+01	-1.50E+02	5.82E+00	bad-chisq
group_1520	9.90E-01	3.15E-01	7.87E-01	1.95E+00	3.54E+00	-1.70E+00	-1.53E+02	6.15E+00	bad-chisq
group_1514	9.90E-01	3.15E-01	1.00E+00	9.65E-01	3.59E+00	-7.71E-01	-1.48E+02	5.79E+00	bad-chisq
oxyQ	9.90E-01	3.15E-01	1.00E+00	-4.35E+01	3.60E+00	4.37E+01	-1.50E+02	5.82E+00	bad-chisq
group_1510	9.90E-01	3.15E-01	1.00E+00	-4.35E+01	3.60E+00	4.37E+01	-1.50E+02	5.82E+00	bad-chisq
group_1505	9.90E-01	3.15E-01	1.00E+00	-4.35E+01	3.60E+00	4.37E+01	-1.50E+02	5.82E+00	bad-chisq
group_1504	9.90E-01	3.15E-01	1.00E+00	-4.35E+01	3.60E+00	4.37E+01	-1.50E+02	5.82E+00	bad-chisq
group_1502	9.90E-01	3.15E-01	1.00E+00	-4.35E+01	3.60E+00	4.37E+01	-1.50E+02	5.82E+00	bad-chisq
vapC26	9.90E-01	3.15E-01	1.00E+00	1.53E+00	3.60E+00	-1.33E+00	-1.49E+02	5.77E+00	bad-chisq
group_1496	9.90E-01	3.15E-01	1.00E+00	9.65E-01	3.59E+00	-7.71E-01	-1.48E+02	5.79E+00	bad-chisq
group_1480	9.90E-01	3.15E-01	1.00E+00	-4.35E+01	3.60E+00	4.37E+01	-1.50E+02	5.82E+00	bad-chisq
group_1476	9.90E-01	3.15E-01	1.00E+00	-2.03E+01	3.60E+00	2.05E+01	-1.50E+02	5.82E+00	bad-chisq
lysG	9.90E-01	3.15E-01	1.00E+00	4.70E-01	3.59E+00	-2.79E-01	-1.48E+02	5.73E+00	bad-chisq
fadD22	9.90E-01	3.15E-01	1.00E+00	1.05E+00	3.59E+00	-8.55E-01	-1.48E+02	5.80E+00	bad-chisq
fadA6	9.90E-01	3.15E-01	1.00E+00	-4.35E+01	3.60E+00	4.37E+01	-1.50E+02	5.82E+00	bad-chisq
group_1441	9.90E-01	3.15E-01	1.00E+00	9.65E-01	3.59E+00	-7.71E-01	-1.48E+02	5.79E+00	bad-chisq
group_1440	9.90E-01	3.15E-01	1.00E+00	-4.35E+01	3.60E+00	4.37E+01	-1.50E+02	5.82E+00	bad-chisq
group_1435	9.90E-01	3.15E-01	1.00E+00	6.22E-01	3.59E+00	-4.32E-01	-1.48E+02	5.80E+00	bad-chisq
group_1433	9.90E-01	3.15E-01	1.00E+00	-4.35E+01	3.60E+00	4.37E+01	-1.50E+02	5.82E+00	bad-chisq
metE	9.90E-01	3.15E-01	1.00E+00	-4.35E+01	3.60E+00	4.37E+01	-1.50E+02	5.82E+00	bad-chisq
group_1430	9.90E-01	3.15E-01	1.00E+00	-4.35E+01	3.60E+00	4.37E+01	-1.50E+02	5.82E+00	bad-chisq
group_1422	9.90E-01	3.15E-01	1.00E+00	-4.35E+01	3.60E+00	4.37E+01	-1.50E+02	5.82E+00	bad-chisq
ftsH	9.90E-01	3.15E-01	1.00E+00	-4.35E+01	3.60E+00	4.37E+01	-1.50E+02	5.82E+00	bad-chisq
group_1415	9.90E-01	3.15E-01	1.00E+00	-4.35E+01	3.60E+00	4.37E+01	-1.50E+02	5.82E+00	bad-chisq
group_1407	9.90E-01	3.15E-01	1.00E+00	-4.35E+01	3.60E+00	4.37E+01	-1.50E+02	5.82E+00	bad-chisq
ureF	9.90E-01	3.15E-01	1.00E+00	-4.35E+01	3.60E+00	4.37E+01	-1.50E+02	5.82E+00	bad-chisq
group_1391	9.90E-01	3.15E-01	1.00E+00	-4.35E+01	3.60E+00	4.37E+01	-1.50E+02	5.82E+00	bad-chisq
group_1390	9.90E-01	3.15E-01	1.00E+00	-4.35E+01	3.60E+00	4.37E+01	-1.50E+02	5.82E+00	bad-chisq
group_1384	9.90E-01	3.15E-01	1.00E+00	-4.35E+01	3.60E+00	4.37E+01	-1.50E+02	5.82E+00	bad-chisq
group_1379	9.90E-01	3.15E-01	1.00E+00	-4.35E+01	3.60E+00	4.37E+01	-1.50E+02	5.82E+00	bad-chisq
group_1372	9.90E-01	3.15E-01	1.00E+00	-4.35E+01	3.60E+00	4.37E+01	-1.50E+02	5.82E+00	bad-chisq
group_1370	9.90E-01	3.15E-01	1.00E+00	-4.35E+01	3.60E+00	4.37E+01	-1.50E+02	5.82E+00	bad-chisq
group_1364	9.90E-01	3.15E-01	1.00E+00	1.05E+00	3.59E+00	-8.55E-01	-1.48E+02	5.80E+00	bad-chisq
group_1362	9.90E-01	3.15E-01	1.00E+00	-4.35E+01	3.60E+00	4.37E+01	-1.50E+02	5.82E+00	bad-chisq
group_1357	9.90E-01	3.15E-01	1.00E+00	-4.35E+01	3.60E+00	4.37E+01	-1.50E+02	5.82E+00	bad-chisq
group_1354	9.90E-01	3.15E-01	1.00E+00	9.06E-01	3.59E+00	-7.09E-01	-1.48E+02	5.73E+00	bad-chisq
group_1339	9.90E-01	3.15E-01	1.00E+00	-4.35E+01	3.60E+00	4.37E+01	-1.50E+02	5.82E+00	bad-chisq
sigG	9.90E-01	3.15E-01	1.00E+00	-4.35E+01	3.60E+00	4.37E+01	-1.50E+02	5.82E+00	bad-chisq
group_1327	9.90E-01	3.15E-01	1.00E+00	-6.04E+00	3.60E+00	6.24E+00	-1.50E+02	5.82E+00	bad-chisq
group_1325	9.90E-01	3.15E-01	1.00E+00	9.65E-01	3.59E+00	-7.71E-01	-1.48E+02	5.79E+00	bad-chisq
group_1309	9.90E-01	3.15E-01	1.00E+00	-4.35E+01	3.60E+00	4.37E+01	-1.50E+02	5.82E+00	bad-chisq
pimA	9.90E-01	3.15E-01	1.00E+00	-4.35E+01	3.60E+00	4.37E+01	-1.50E+02	5.82E+00	bad-chisq
group_1295	9.90E-01	3.15E-01	1.00E+00	-4.35E+01	3.60E+00	4.37E+01	-1.50E+02	5.82E+00	bad-chisq
ftsZ	9.90E-01	3.15E-01	1.00E+00	-4.35E+01	3.60E+00	4.37E+01	-1.50E+02	5.82E+00	bad-chisq
group_1286	9.90E-01	3.15E-01	1.00E+00	-4.35E+01	3.60E+00	4.37E+01	-1.50E+02	5.82E+00	bad-chisq
group_1284	9.90E-01	3.15E-01	1.00E+00	-1.38E+01	3.60E+00	1.40E+01	-1.50E+02	5.82E+00	bad-chisq
group_1274	9.90E-01	3.15E-01	1.00E+00	-4.35E+01	3.60E+00	4.37E+01	-1.50E+02	5.82E+00	bad-chisq
hrp1	9.90E-01	3.15E-01	1.00E+00	1.25E+00	3.60E+00	-1.05E+00	-1.48E+02	5.80E+00	bad-chisq
group_1256	9.90E-01	3.15E-01	1.00E+00	-4.93E+00	3.60E+00	5.13E+00	-1.49E+02	5.82E+00	bad-chisq
group_1255	9.90E-01	3.15E-01	1.00E+00	-4.35E+01	3.60E+00	4.37E+01	-1.50E+02	5.82E+00	bad-chisq
group_1251	9.90E-01	3.15E-01	1.00E+00	-4.35E+01	3.60E+00	4.37E+01	-1.50E+02	5.82E+00	bad-chisq
group_1247	9.90E-01	3.15E-01	1.00E+00	-4.35E+01	3.60E+00	4.37E+01	-1.50E+02	5.82E+00	bad-chisq
group_1240	9.90E-01	3.15E-01	1.00E+00	1.23E+00	3.60E+00	-1.04E+00	-1.48E+02	5.80E+00	bad-chisq
dprA	9.90E-01	3.15E-01	1.00E+00	-4.35E+01	3.60E+00	4.37E+01	-1.50E+02	5.82E+00	bad-chisq
group_1208	9.90E-01	3.15E-01	1.00E+00	8.10E-01	3.59E+00	-6.19E-01	-1.48E+02	5.83E+00	bad-chisq
group_1204	9.90E-01	3.15E-01	1.00E+00	-4.35E+01	3.60E+00	4.37E+01	-1.50E+02	5.82E+00	bad-chisq
argJ	9.90E-01	3.15E-01	1.00E+00	-4.35E+01	3.60E+00	4.37E+01	-1.50E+02	5.82E+00	bad-chisq
group_1196	9.90E-01	3.15E-01	1.00E+00	-4.35E+01	3.60E+00	4.37E+01	-1.50E+02	5.82E+00	bad-chisq
group_1191	9.90E-01	3.15E-01	1.00E+00	1.53E+00	3.60E+00	-1.33E+00	-1.48E+02	5.74E+00	bad-chisq
group_1188	9.90E-01	3.15E-01	7.87E-01	1.95E+00	3.54E+00	-1.70E+00	-1.53E+02	6.15E+00	bad-chisq
group_1186	9.90E-01	3.15E-01	1.00E+00	-4.35E+01	3.60E+00	4.37E+01	-1.50E+02	5.82E+00	bad-chisq
group_1185	9.90E-01	3.15E-01	1.00E+00	-9.78E+00	3.60E+00	9.98E+00	-1.50E+02	5.82E+00	bad-chisq
group_1184	9.90E-01	3.15E-01	1.00E+00	-4.35E+01	3.60E+00	4.37E+01	-1.50E+02	5.82E+00	bad-chisq
sigD	9.90E-01	3.15E-01	1.00E+00	-4.35E+01	3.60E+00	4.37E+01	-1.50E+02	5.82E+00	bad-chisq
atsB	9.90E-01	3.15E-01	1.00E+00	-4.35E+01	3.60E+00	4.37E+01	-1.50E+02	5.82E+00	bad-chisq
group_1176	9.90E-01	3.15E-01	1.00E+00	-4.35E+01	3.60E+00	4.37E+01	-1.50E+02	5.82E+00	bad-chisq
doxX	9.90E-01	3.15E-01	1.00E+00	-4.35E+01	3.60E+00	4.37E+01	-1.50E+02	5.82E+00	bad-chisq
group_1171	9.90E-01	3.15E-01	1.00E+00	-4.35E+01	3.60E+00	4.37E+01	-1.50E+02	5.82E+00	bad-chisq
group_1165	9.90E-01	3.15E-01	1.00E+00	-4.35E+01	3.60E+00	4.37E+01	-1.50E+02	5.82E+00	bad-chisq
hemW	9.90E-01	3.15E-01	1.00E+00	-4.35E+01	3.60E+00	4.37E+01	-1.50E+02	5.82E+00	bad-chisq
group_1150	9.90E-01	3.15E-01	1.00E+00	9.65E-01	3.59E+00	-7.71E-01	-1.48E+02	5.79E+00	bad-chisq
group_1143	9.90E-01	3.15E-01	1.00E+00	-4.35E+01	3.60E+00	4.37E+01	-1.50E+02	5.82E+00	bad-chisq
group_1141	9.90E-01	3.15E-01	1.00E+00	-4.35E+01	3.60E+00	4.37E+01	-1.50E+02	5.82E+00	bad-chisq
group_1134	9.90E-01	3.15E-01	1.00E+00	-4.35E+01	3.60E+00	4.37E+01	-1.50E+02	5.82E+00	bad-chisq
group_1132	9.90E-01	3.15E-01	1.00E+00	-4.35E+01	3.60E+00	4.37E+01	-1.50E+02	5.82E+00	bad-chisq
nlhH	9.90E-01	3.15E-01	1.00E+00	-4.35E+01	3.60E+00	4.37E+01	-1.50E+02	5.82E+00	bad-chisq
group_1113	9.90E-01	3.15E-01	1.00E+00	1.25E+00	3.60E+00	-1.05E+00	-1.48E+02	5.80E+00	bad-chisq
group_1099	9.90E-01	3.15E-01	1.00E+00	-4.35E+01	3.60E+00	4.37E+01	-1.50E+02	5.82E+00	bad-chisq
group_1092	9.90E-01	3.15E-01	1.00E+00	-1.55E+00	3.55E+00	1.71E+00	-1.51E+02	5.78E+00	bad-chisq
group_1085	9.90E-01	3.15E-01	1.00E+00	9.65E-01	3.59E+00	-7.71E-01	-1.48E+02	5.79E+00	bad-chisq
group_1079	9.90E-01	3.15E-01	1.00E+00	-4.35E+01	3.60E+00	4.37E+01	-1.50E+02	5.82E+00	bad-chisq
group_1073	9.90E-01	3.15E-01	1.00E+00	-4.35E+01	3.60E+00	4.37E+01	-1.50E+02	5.82E+00	bad-chisq
group_1071	9.90E-01	3.15E-01	1.00E+00	-1.38E+01	3.60E+00	1.40E+01	-1.50E+02	5.82E+00	bad-chisq
group_1066	9.90E-01	3.15E-01	1.00E+00	1.35E+00	3.56E+00	-1.10E+00	-1.50E+02	5.80E+00	bad-chisq
adnB	9.90E-01	3.15E-01	1.00E+00	-4.35E+01	3.60E+00	4.37E+01	-1.50E+02	5.82E+00	bad-chisq
radA	9.90E-01	3.15E-01	1.00E+00	-4.35E+01	3.60E+00	4.37E+01	-1.50E+02	5.82E+00	bad-chisq
group_1065	9.90E-01	3.15E-01	1.00E+00	-4.35E+01	3.60E+00	4.37E+01	-1.50E+02	5.82E+00	bad-chisq
group_1063	9.90E-01	3.15E-01	1.00E+00	-4.35E+01	3.60E+00	4.37E+01	-1.50E+02	5.82E+00	bad-chisq
kmtR~~~arsR	9.90E-01	3.15E-01	1.00E+00	-4.35E+01	3.60E+00	4.37E+01	-1.50E+02	5.82E+00	bad-chisq
group_1050	9.90E-01	3.15E-01	1.00E+00	-4.35E+01	3.60E+00	4.37E+01	-1.50E+02	5.82E+00	bad-chisq
group_1049	9.90E-01	3.15E-01	1.00E+00	-4.35E+01	3.60E+00	4.37E+01	-1.50E+02	5.82E+00	bad-chisq
group_1030	9.90E-01	3.15E-01	1.00E+00	-4.35E+01	3.60E+00	4.37E+01	-1.50E+02	5.82E+00	bad-chisq
group_1026	9.90E-01	3.15E-01	1.00E+00	-4.35E+01	3.60E+00	4.37E+01	-1.50E+02	5.82E+00	bad-chisq
group_1020	9.90E-01	3.15E-01	1.00E+00	-4.35E+01	3.60E+00	4.37E+01	-1.50E+02	5.82E+00	bad-chisq
proW	9.90E-01	3.15E-01	1.00E+00	-4.35E+01	3.60E+00	4.37E+01	-1.50E+02	5.82E+00	bad-chisq
group_1014	9.90E-01	3.15E-01	1.00E+00	-4.35E+01	3.60E+00	4.37E+01	-1.50E+02	5.82E+00	bad-chisq
group_1006	9.90E-01	3.15E-01	1.00E+00	2.36E-01	3.58E+00	-1.24E-02	-1.48E+02	5.78E+00	bad-chisq
group_1004	9.90E-01	3.15E-01	1.00E+00	-4.35E+01	3.60E+00	4.37E+01	-1.50E+02	5.82E+00	bad-chisq
group_1000	9.90E-01	3.15E-01	1.00E+00	9.65E-01	3.59E+00	-7.71E-01	-1.48E+02	5.79E+00	bad-chisq
group_995	9.90E-01	3.15E-01	1.00E+00	-4.35E+01	3.60E+00	4.37E+01	-1.50E+02	5.82E+00	bad-chisq
group_993	9.90E-01	3.15E-01	1.00E+00	-4.35E+01	3.60E+00	4.37E+01	-1.50E+02	5.82E+00	bad-chisq
group_991	9.90E-01	3.15E-01	1.00E+00	-4.35E+01	3.60E+00	4.37E+01	-1.50E+02	5.82E+00	bad-chisq
nat	9.90E-01	3.15E-01	2.68E-01	-2.96E+00	3.50E+00	3.14E+00	-1.56E+02	5.29E+00	bad-chisq
group_985	9.90E-01	3.15E-01	1.00E+00	-4.35E+01	3.60E+00	4.37E+01	-1.50E+02	5.82E+00	bad-chisq
group_982	9.90E-01	3.15E-01	1.00E+00	-4.35E+01	3.60E+00	4.37E+01	-1.50E+02	5.82E+00	bad-chisq
group_978	9.90E-01	3.15E-01	1.00E+00	-4.35E+01	3.60E+00	4.37E+01	-1.50E+02	5.82E+00	bad-chisq
group_964	9.90E-01	3.15E-01	1.00E+00	-4.35E+01	3.60E+00	4.37E+01	-1.50E+02	5.82E+00	bad-chisq
group_958	9.90E-01	3.15E-01	1.00E+00	-4.35E+01	3.60E+00	4.37E+01	-1.50E+02	5.82E+00	bad-chisq
group_955	9.90E-01	3.15E-01	1.00E+00	-4.35E+01	3.60E+00	4.37E+01	-1.50E+02	5.82E+00	bad-chisq
group_953	9.90E-01	3.15E-01	1.00E+00	-4.35E+01	3.60E+00	4.37E+01	-1.50E+02	5.82E+00	bad-chisq
group_952	9.90E-01	3.15E-01	2.68E-01	-2.96E+00	3.50E+00	3.14E+00	-1.56E+02	5.29E+00	bad-chisq
group_950	9.90E-01	3.15E-01	1.00E+00	-4.35E+01	3.60E+00	4.37E+01	-1.50E+02	5.82E+00	bad-chisq
group_937	9.90E-01	3.15E-01	1.00E+00	9.65E-01	3.59E+00	-7.71E-01	-1.48E+02	5.79E+00	bad-chisq
group_936	9.90E-01	3.15E-01	1.00E+00	-4.35E+01	3.60E+00	4.37E+01	-1.50E+02	5.82E+00	bad-chisq
tobH	9.90E-01	3.15E-01	1.00E+00	-4.35E+01	3.60E+00	4.37E+01	-1.50E+02	5.82E+00	bad-chisq
group_934	9.90E-01	3.15E-01	1.00E+00	-4.35E+01	3.60E+00	4.37E+01	-1.50E+02	5.82E+00	bad-chisq
group_933	9.90E-01	3.15E-01	2.68E-01	-2.96E+00	3.50E+00	3.14E+00	-1.56E+02	5.29E+00	bad-chisq
group_932	9.90E-01	3.15E-01	1.00E+00	-4.35E+01	3.60E+00	4.37E+01	-1.50E+02	5.82E+00	bad-chisq
group_916	9.90E-01	3.15E-01	1.00E+00	1.39E+00	3.60E+00	-1.19E+00	-1.48E+02	5.77E+00	bad-chisq
group_901	9.90E-01	3.15E-01	1.00E+00	-4.35E+01	3.60E+00	4.37E+01	-1.50E+02	5.82E+00	bad-chisq
egtA	9.90E-01	3.15E-01	1.00E+00	-4.35E+01	3.60E+00	4.37E+01	-1.50E+02	5.82E+00	bad-chisq
group_900	9.90E-01	3.15E-01	1.00E+00	-4.35E+01	3.60E+00	4.37E+01	-1.50E+02	5.82E+00	bad-chisq
meaB	9.90E-01	3.15E-01	1.00E+00	-4.35E+01	3.60E+00	4.37E+01	-1.50E+02	5.82E+00	bad-chisq
group_893	9.90E-01	3.15E-01	1.00E+00	-4.35E+01	3.60E+00	4.37E+01	-1.50E+02	5.82E+00	bad-chisq
group_885	9.90E-01	3.15E-01	6.48E-01	-2.05E+00	3.53E+00	2.20E+00	-1.54E+02	5.89E+00	bad-chisq
group_880	9.90E-01	3.15E-01	1.00E+00	-4.35E+01	3.60E+00	4.37E+01	-1.50E+02	5.82E+00	bad-chisq
group_878	9.90E-01	3.15E-01	1.00E+00	-4.35E+01	3.60E+00	4.37E+01	-1.50E+02	5.82E+00	bad-chisq
malK~~~msiK	9.90E-01	3.15E-01	1.00E+00	-4.35E+01	3.60E+00	4.37E+01	-1.50E+02	5.82E+00	bad-chisq
group_863	9.90E-01	3.15E-01	1.00E+00	9.65E-01	3.59E+00	-7.71E-01	-1.48E+02	5.79E+00	bad-chisq
serA	9.90E-01	3.15E-01	1.00E+00	-4.35E+01	3.60E+00	4.37E+01	-1.50E+02	5.82E+00	bad-chisq
group_854	9.90E-01	3.15E-01	1.00E+00	-4.35E+01	3.60E+00	4.37E+01	-1.50E+02	5.82E+00	bad-chisq
group_853	9.90E-01	3.15E-01	1.00E+00	-4.35E+01	3.60E+00	4.37E+01	-1.50E+02	5.82E+00	bad-chisq
group_850	9.90E-01	3.15E-01	1.00E+00	-4.35E+01	3.60E+00	4.37E+01	-1.50E+02	5.82E+00	bad-chisq
group_847	9.90E-01	3.15E-01	1.00E+00	-4.35E+01	3.60E+00	4.37E+01	-1.50E+02	5.82E+00	bad-chisq
mftE	9.90E-01	3.15E-01	1.00E+00	-4.35E+01	3.60E+00	4.37E+01	-1.50E+02	5.82E+00	bad-chisq
group_811	9.90E-01	3.15E-01	1.00E+00	9.65E-01	3.59E+00	-7.71E-01	-1.48E+02	5.79E+00	bad-chisq
group_790	9.90E-01	3.15E-01	1.00E+00	-4.35E+01	3.60E+00	4.37E+01	-1.50E+02	5.82E+00	bad-chisq
group_789	9.90E-01	3.15E-01	1.00E+00	-4.35E+01	3.60E+00	4.37E+01	-1.50E+02	5.82E+00	bad-chisq
group_783	9.90E-01	3.15E-01	1.00E+00	1.14E+00	3.60E+00	-9.41E-01	-1.48E+02	5.81E+00	bad-chisq
group_774	9.90E-01	3.15E-01	1.00E+00	1.82E-01	3.59E+00	7.44E-03	-1.48E+02	5.71E+00	bad-chisq
group_771	9.90E-01	3.15E-01	1.00E+00	-4.35E+01	3.60E+00	4.37E+01	-1.50E+02	5.82E+00	bad-chisq
group_762	9.90E-01	3.15E-01	1.00E+00	5.00E-01	3.58E+00	-2.62E-01	-1.47E+02	5.60E+00	bad-chisq
group_761	9.90E-01	3.15E-01	1.00E+00	-4.35E+01	3.60E+00	4.37E+01	-1.50E+02	5.82E+00	bad-chisq
group_746	9.90E-01	3.15E-01	1.00E+00	9.06E-01	3.59E+00	-7.09E-01	-1.48E+02	5.73E+00	bad-chisq
group_742	9.90E-01	3.15E-01	1.00E+00	-4.35E+01	3.60E+00	4.37E+01	-1.50E+02	5.82E+00	bad-chisq
group_740	9.90E-01	3.15E-01	1.00E+00	-4.35E+01	3.60E+00	4.37E+01	-1.50E+02	5.82E+00	bad-chisq
ribD	9.90E-01	3.15E-01	1.00E+00	-4.35E+01	3.60E+00	4.37E+01	-1.50E+02	5.82E+00	bad-chisq
group_732	9.90E-01	3.15E-01	1.00E+00	9.65E-01	3.59E+00	-7.71E-01	-1.48E+02	5.79E+00	bad-chisq
group_711	9.90E-01	3.15E-01	1.00E+00	-4.35E+01	3.60E+00	4.37E+01	-1.50E+02	5.82E+00	bad-chisq
group_704	9.90E-01	3.15E-01	1.00E+00	-4.35E+01	3.60E+00	4.37E+01	-1.50E+02	5.82E+00	bad-chisq
group_700	9.90E-01	3.15E-01	1.00E+00	-4.35E+01	3.60E+00	4.37E+01	-1.50E+02	5.82E+00	bad-chisq
ugpB	9.90E-01	3.15E-01	1.00E+00	-4.35E+01	3.60E+00	4.37E+01	-1.50E+02	5.82E+00	bad-chisq
group_681	9.90E-01	3.15E-01	1.00E+00	8.86E-01	3.57E+00	-6.54E-01	-1.49E+02	5.88E+00	bad-chisq
group_672	9.90E-01	3.15E-01	1.00E+00	9.78E-01	3.57E+00	-7.42E-01	-1.49E+02	5.83E+00	bad-chisq
group_665	9.90E-01	3.15E-01	1.00E+00	-5.48E+00	3.60E+00	5.69E+00	-1.49E+02	5.82E+00	bad-chisq
group_655	9.90E-01	3.15E-01	1.00E+00	-4.35E+01	3.60E+00	4.37E+01	-1.50E+02	5.82E+00	bad-chisq
glnX	9.90E-01	3.15E-01	1.00E+00	-4.35E+01	3.60E+00	4.37E+01	-1.50E+02	5.82E+00	bad-chisq
group_644	9.90E-01	3.15E-01	1.00E+00	-4.35E+01	3.60E+00	4.37E+01	-1.50E+02	5.82E+00	bad-chisq
group_637	9.90E-01	3.15E-01	1.00E+00	-4.35E+01	3.60E+00	4.37E+01	-1.50E+02	5.82E+00	bad-chisq
group_633	9.90E-01	3.15E-01	1.00E+00	1.82E-01	3.59E+00	7.44E-03	-1.48E+02	5.71E+00	bad-chisq
group_631	9.90E-01	3.15E-01	1.00E+00	-4.35E+01	3.60E+00	4.37E+01	-1.50E+02	5.82E+00	bad-chisq
group_629	9.90E-01	3.15E-01	1.00E+00	-4.35E+01	3.60E+00	4.37E+01	-1.50E+02	5.82E+00	bad-chisq
group_627	9.90E-01	3.15E-01	1.00E+00	-4.35E+01	3.60E+00	4.37E+01	-1.50E+02	5.82E+00	bad-chisq
group_612	9.90E-01	3.15E-01	1.00E+00	-4.35E+01	3.60E+00	4.37E+01	-1.50E+02	5.82E+00	bad-chisq
group_611	9.90E-01	3.15E-01	2.64E-01	-2.81E+00	3.50E+00	2.97E+00	-1.57E+02	5.74E+00	bad-chisq
group_592	9.90E-01	3.15E-01	1.00E+00	-4.35E+01	3.60E+00	4.37E+01	-1.50E+02	5.82E+00	bad-chisq
group_584	9.90E-01	3.15E-01	1.00E+00	-4.35E+01	3.60E+00	4.37E+01	-1.50E+02	5.82E+00	bad-chisq
group_583	9.90E-01	3.15E-01	1.00E+00	-4.35E+01	3.60E+00	4.37E+01	-1.50E+02	5.82E+00	bad-chisq
pucR	9.90E-01	3.15E-01	1.00E+00	-4.35E+01	3.60E+00	4.37E+01	-1.50E+02	5.82E+00	bad-chisq
group_562	9.90E-01	3.15E-01	2.68E-01	-2.96E+00	3.50E+00	3.14E+00	-1.56E+02	5.29E+00	bad-chisq
group_561	9.90E-01	3.15E-01	2.68E-01	-2.96E+00	3.50E+00	3.14E+00	-1.56E+02	5.29E+00	bad-chisq
group_532	9.90E-01	3.15E-01	1.00E+00	-4.35E+01	3.60E+00	4.37E+01	-1.50E+02	5.82E+00	bad-chisq
group_531	9.90E-01	3.15E-01	1.00E+00	-4.35E+01	3.60E+00	4.37E+01	-1.50E+02	5.82E+00	bad-chisq
group_528	9.90E-01	3.15E-01	1.00E+00	-4.35E+01	3.60E+00	4.37E+01	-1.50E+02	5.82E+00	bad-chisq
ift	9.90E-01	3.15E-01	7.87E-01	1.95E+00	3.54E+00	-1.70E+00	-1.53E+02	6.15E+00	bad-chisq
group_521	9.90E-01	3.15E-01	1.00E+00	9.06E-01	3.59E+00	-7.09E-01	-1.48E+02	5.73E+00	bad-chisq
group_520	9.90E-01	3.15E-01	1.00E+00	-4.35E+01	3.60E+00	4.37E+01	-1.50E+02	5.82E+00	bad-chisq
group_519	9.90E-01	3.15E-01	1.00E+00	-9.78E+00	3.60E+00	9.98E+00	-1.50E+02	5.82E+00	bad-chisq
group_517	9.90E-01	3.15E-01	1.00E+00	-4.35E+01	3.60E+00	4.37E+01	-1.50E+02	5.82E+00	bad-chisq
group_515	9.90E-01	3.15E-01	1.00E+00	9.06E-01	3.59E+00	-7.09E-01	-1.48E+02	5.73E+00	bad-chisq
group_512	9.90E-01	3.15E-01	1.00E+00	-4.35E+01	3.60E+00	4.37E+01	-1.50E+02	5.82E+00	bad-chisq
mosR	9.90E-01	3.15E-01	1.00E+00	-4.35E+01	3.60E+00	4.37E+01	-1.50E+02	5.82E+00	bad-chisq
group_509	9.90E-01	3.15E-01	1.00E+00	9.06E-01	3.59E+00	-7.09E-01	-1.48E+02	5.73E+00	bad-chisq
ybjN	9.90E-01	3.15E-01	1.00E+00	9.06E-01	3.59E+00	-7.09E-01	-1.48E+02	5.73E+00	bad-chisq
group_505	9.90E-01	3.15E-01	1.00E+00	-4.35E+01	3.60E+00	4.37E+01	-1.50E+02	5.82E+00	bad-chisq
group_503	9.90E-01	3.15E-01	1.00E+00	-4.35E+01	3.60E+00	4.37E+01	-1.50E+02	5.82E+00	bad-chisq
ybeY	9.90E-01	3.15E-01	1.00E+00	9.06E-01	3.59E+00	-7.09E-01	-1.48E+02	5.73E+00	bad-chisq
group_502	9.90E-01	3.15E-01	1.00E+00	9.06E-01	3.59E+00	-7.09E-01	-1.48E+02	5.73E+00	bad-chisq
hrcA	9.90E-01	3.15E-01	1.00E+00	9.06E-01	3.59E+00	-7.09E-01	-1.48E+02	5.73E+00	bad-chisq
group_498	9.90E-01	3.15E-01	1.00E+00	9.06E-01	3.59E+00	-7.09E-01	-1.48E+02	5.73E+00	bad-chisq
group_483	9.90E-01	3.15E-01	1.00E+00	5.06E-01	3.59E+00	-3.17E-01	-1.48E+02	5.79E+00	bad-chisq
group_473	9.90E-01	3.15E-01	1.00E+00	-4.35E+01	3.60E+00	4.37E+01	-1.50E+02	5.82E+00	bad-chisq
group_468	9.90E-01	3.15E-01	1.00E+00	-9.78E+00	3.60E+00	9.98E+00	-1.50E+02	5.82E+00	bad-chisq
amiC	9.90E-01	3.15E-01	1.00E+00	-4.35E+01	3.60E+00	4.37E+01	-1.50E+02	5.82E+00	bad-chisq
pknF	9.90E-01	3.15E-01	1.00E+00	-6.04E+00	3.60E+00	6.24E+00	-1.50E+02	5.82E+00	bad-chisq
msrA	9.90E-01	3.15E-01	1.00E+00	-5.48E+00	3.60E+00	5.69E+00	-1.49E+02	5.82E+00	bad-chisq
group_460	9.90E-01	3.15E-01	1.00E+00	-4.35E+01	3.60E+00	4.37E+01	-1.50E+02	5.82E+00	bad-chisq
group_458	9.90E-01	3.15E-01	1.00E+00	-4.35E+01	3.60E+00	4.37E+01	-1.50E+02	5.82E+00	bad-chisq
group_454	9.90E-01	3.15E-01	1.00E+00	-4.35E+01	3.60E+00	4.37E+01	-1.50E+02	5.82E+00	bad-chisq
group_431	9.90E-01	3.15E-01	1.00E+00	-4.35E+01	3.60E+00	4.37E+01	-1.50E+02	5.82E+00	bad-chisq
group_424	9.90E-01	3.15E-01	1.00E+00	-1.38E+01	3.60E+00	1.40E+01	-1.50E+02	5.82E+00	bad-chisq
group_415	9.90E-01	3.15E-01	1.00E+00	-4.35E+01	3.60E+00	4.37E+01	-1.50E+02	5.82E+00	bad-chisq
group_414	9.90E-01	3.15E-01	1.00E+00	-4.35E+01	3.60E+00	4.37E+01	-1.50E+02	5.82E+00	bad-chisq
group_394	9.90E-01	3.15E-01	1.00E+00	-2.12E+00	3.60E+00	2.32E+00	-1.49E+02	5.78E+00	bad-chisq
group_388	9.90E-01	3.15E-01	1.00E+00	-4.35E+01	3.60E+00	4.37E+01	-1.50E+02	5.82E+00	bad-chisq
argO	9.90E-01	3.15E-01	1.00E+00	4.70E-01	3.59E+00	-2.79E-01	-1.48E+02	5.73E+00	bad-chisq
group_359	9.90E-01	3.15E-01	1.00E+00	-4.35E+01	3.60E+00	4.37E+01	-1.50E+02	5.82E+00	bad-chisq
group_349	9.90E-01	3.15E-01	1.00E+00	-4.35E+01	3.60E+00	4.37E+01	-1.50E+02	5.82E+00	bad-chisq
group_333	9.90E-01	3.15E-01	1.00E+00	-4.35E+01	3.60E+00	4.37E+01	-1.50E+02	5.82E+00	bad-chisq
group_323	9.90E-01	3.15E-01	1.00E+00	-4.35E+01	3.60E+00	4.37E+01	-1.50E+02	5.82E+00	bad-chisq
lppC	9.90E-01	3.15E-01	1.00E+00	9.65E-01	3.59E+00	-7.71E-01	-1.48E+02	5.79E+00	bad-chisq
resA	9.90E-01	3.15E-01	1.00E+00	-4.35E+01	3.60E+00	4.37E+01	-1.50E+02	5.82E+00	bad-chisq
group_309	9.90E-01	3.15E-01	1.00E+00	-8.90E-01	3.57E+00	1.08E+00	-1.48E+02	5.46E+00	bad-chisq
group_286	9.90E-01	3.15E-01	1.00E+00	-4.35E+01	3.60E+00	4.37E+01	-1.50E+02	5.82E+00	bad-chisq
group_277	9.90E-01	3.15E-01	1.00E+00	-4.35E+01	3.60E+00	4.37E+01	-1.50E+02	5.82E+00	bad-chisq
group_275	9.90E-01	3.15E-01	1.00E+00	-1.14E+01	3.60E+00	1.16E+01	-1.50E+02	5.82E+00	bad-chisq
mymT	9.90E-01	3.15E-01	1.00E+00	-4.35E+01	3.60E+00	4.37E+01	-1.50E+02	5.82E+00	bad-chisq
group_257	9.90E-01	3.15E-01	1.00E+00	-4.35E+01	3.60E+00	4.37E+01	-1.50E+02	5.82E+00	bad-chisq
group_254	9.90E-01	3.15E-01	1.00E+00	4.61E-01	3.58E+00	-2.30E-01	-1.48E+02	5.71E+00	bad-chisq
group_248	9.90E-01	3.15E-01	1.00E+00	-4.35E+01	3.60E+00	4.37E+01	-1.50E+02	5.82E+00	bad-chisq
group_247	9.90E-01	3.15E-01	1.00E+00	-1.38E+01	3.60E+00	1.40E+01	-1.50E+02	5.82E+00	bad-chisq
group_246	9.90E-01	3.15E-01	1.00E+00	-1.38E+01	3.60E+00	1.40E+01	-1.50E+02	5.82E+00	bad-chisq
group_239	9.90E-01	3.15E-01	1.00E+00	-4.35E+01	3.60E+00	4.37E+01	-1.50E+02	5.82E+00	bad-chisq
group_236	9.90E-01	3.15E-01	1.00E+00	-4.35E+01	3.60E+00	4.37E+01	-1.50E+02	5.82E+00	bad-chisq
group_234	9.90E-01	3.15E-01	1.00E+00	-4.35E+01	3.60E+00	4.37E+01	-1.50E+02	5.82E+00	bad-chisq
group_230	9.90E-01	3.15E-01	1.00E+00	5.00E-01	3.58E+00	-2.62E-01	-1.47E+02	5.60E+00	bad-chisq
group_226	9.90E-01	3.15E-01	1.00E+00	-4.35E+01	3.60E+00	4.37E+01	-1.50E+02	5.82E+00	bad-chisq
cfp21	9.90E-01	3.15E-01	1.00E+00	4.70E-01	3.59E+00	-2.79E-01	-1.48E+02	5.73E+00	bad-chisq
group_214	9.90E-01	3.15E-01	1.00E+00	-4.35E+01	3.60E+00	4.37E+01	-1.50E+02	5.82E+00	bad-chisq
group_192	9.90E-01	3.15E-01	1.00E+00	8.10E-01	3.59E+00	-6.19E-01	-1.48E+02	5.83E+00	bad-chisq
group_190	9.90E-01	3.15E-01	1.00E+00	-6.04E-01	3.59E+00	8.20E-01	-1.48E+02	5.72E+00	bad-chisq
group_168	9.90E-01	3.15E-01	1.00E+00	-4.35E+01	3.60E+00	4.37E+01	-1.50E+02	5.82E+00	bad-chisq
eccCa1	9.90E-01	3.15E-01	1.00E+00	9.06E-01	3.59E+00	-7.09E-01	-1.48E+02	5.73E+00	bad-chisq
group_156	9.90E-01	3.15E-01	7.87E-01	1.95E+00	3.54E+00	-1.70E+00	-1.53E+02	6.15E+00	bad-chisq
group_152	9.90E-01	3.15E-01	1.00E+00	-4.35E+01	3.60E+00	4.37E+01	-1.50E+02	5.82E+00	bad-chisq
group_148	9.90E-01	3.15E-01	1.00E+00	9.65E-01	3.59E+00	-7.71E-01	-1.48E+02	5.79E+00	bad-chisq
relA	9.90E-01	3.15E-01	1.00E+00	-4.35E+01	3.60E+00	4.37E+01	-1.50E+02	5.82E+00	bad-chisq
lipL	9.90E-01	3.15E-01	1.00E+00	-4.35E+01	3.60E+00	4.37E+01	-1.50E+02	5.82E+00	bad-chisq
group_126	9.90E-01	3.15E-01	1.00E+00	3.19E-01	3.59E+00	-1.33E-01	-1.48E+02	5.81E+00	bad-chisq
mprA	9.90E-01	3.15E-01	1.00E+00	-4.35E+01	3.60E+00	4.37E+01	-1.50E+02	5.82E+00	bad-chisq
group_103	9.90E-01	3.15E-01	1.00E+00	-4.35E+01	3.60E+00	4.37E+01	-1.50E+02	5.82E+00	bad-chisq
group_101	9.90E-01	3.15E-01	1.00E+00	1.05E+00	3.59E+00	-8.55E-01	-1.48E+02	5.80E+00	bad-chisq
group_92	9.90E-01	3.15E-01	1.00E+00	-4.35E+01	3.60E+00	4.37E+01	-1.50E+02	5.82E+00	bad-chisq
group_90	9.90E-01	3.15E-01	1.00E+00	-4.35E+01	3.60E+00	4.37E+01	-1.50E+02	5.82E+00	bad-chisq
vapB	9.90E-01	3.15E-01	1.00E+00	-4.35E+01	3.60E+00	4.37E+01	-1.50E+02	5.82E+00	bad-chisq
group_84	9.90E-01	3.15E-01	1.00E+00	-4.35E+01	3.60E+00	4.37E+01	-1.50E+02	5.82E+00	bad-chisq
cobB	9.90E-01	3.15E-01	1.00E+00	-4.35E+01	3.60E+00	4.37E+01	-1.50E+02	5.82E+00	bad-chisq
group_57	9.90E-01	3.15E-01	1.00E+00	-4.35E+01	3.60E+00	4.37E+01	-1.50E+02	5.82E+00	bad-chisq
mmpL8	9.90E-01	3.15E-01	1.00E+00	9.06E-01	3.59E+00	-7.09E-01	-1.48E+02	5.73E+00	bad-chisq
paaX	9.90E-01	3.15E-01	1.00E+00	-4.35E+01	3.60E+00	4.37E+01	-1.50E+02	5.82E+00	bad-chisq
group_44	9.90E-01	3.15E-01	1.00E+00	-4.35E+01	3.60E+00	4.37E+01	-1.50E+02	5.82E+00	bad-chisq
group_35	9.90E-01	3.15E-01	1.00E+00	-4.35E+01	3.60E+00	4.37E+01	-1.50E+02	5.82E+00	bad-chisq
group_22	9.90E-01	3.15E-01	1.00E+00	-4.35E+01	3.60E+00	4.37E+01	-1.50E+02	5.82E+00	bad-chisq
lprA	9.90E-01	3.15E-01	1.00E+00	1.05E+00	3.59E+00	-8.55E-01	-1.48E+02	5.80E+00	bad-chisq
group_18	9.90E-01	3.15E-01	1.00E+00	9.65E-01	3.59E+00	-7.71E-01	-1.48E+02	5.79E+00	bad-chisq
group_10	9.90E-01	3.15E-01	1.00E+00	-4.35E+01	3.60E+00	4.37E+01	-1.50E+02	5.82E+00	bad-chisq
group_9	9.90E-01	3.15E-01	1.00E+00	-4.35E+01	3.60E+00	4.37E+01	-1.50E+02	5.82E+00	bad-chisq
marR	9.90E-01	3.15E-01	1.00E+00	-4.35E+01	3.60E+00	4.37E+01	-1.50E+02	5.82E+00	bad-chisq
group_4	9.90E-01	3.15E-01	1.00E+00	-4.35E+01	3.60E+00	4.37E+01	-1.50E+02	5.82E+00	bad-chisq
group_3379	9.80E-01	1.00E+00	1.00E+00	-2.52E+00	3.57E+00	2.69E+00	-1.49E+02	5.63E+00	bad-chisq
group_3352	9.80E-01	1.53E-01	1.00E+00	-2.03E+01	3.60E+00	2.05E+01	-1.50E+02	5.82E+00	bad-chisq
group_3329	9.80E-01	1.53E-01	1.00E+00	-2.03E+01	3.60E+00	2.05E+01	-1.50E+02	5.82E+00	bad-chisq
ftsE	9.80E-01	1.00E+00	1.00E+00	5.98E-01	3.54E+00	-3.76E-01	-1.49E+02	5.84E+00	bad-chisq
group_3300	9.80E-01	1.53E-01	1.00E+00	-1.38E+01	3.60E+00	1.40E+01	-1.50E+02	5.82E+00	bad-chisq
mazE2	9.80E-01	1.53E-01	1.00E+00	-3.36E-01	3.59E+00	5.57E-01	-1.46E+02	5.67E+00	bad-chisq
group_3112	9.80E-01	1.53E-01	1.00E+00	5.96E-02	3.59E+00	1.24E-01	-1.46E+02	5.65E+00	bad-chisq
group_3085	9.80E-01	1.00E+00	1.00E+00	9.65E-01	3.59E+00	-7.71E-01	-1.48E+02	5.79E+00	bad-chisq
group_3061	9.80E-01	1.53E-01	1.00E+00	2.25E-01	3.59E+00	-3.90E-02	-1.47E+02	5.67E+00	bad-chisq
iniB	9.80E-01	1.00E+00	1.00E+00	-2.01E+01	3.59E+00	2.03E+01	-1.48E+02	5.79E+00	bad-chisq
group_3049	9.80E-01	1.53E-01	1.00E+00	-2.03E+01	3.60E+00	2.05E+01	-1.50E+02	5.82E+00	bad-chisq
group_3038	9.80E-01	1.53E-01	1.00E+00	-2.03E+01	3.60E+00	2.05E+01	-1.50E+02	5.82E+00	bad-chisq
group_3010	9.80E-01	1.53E-01	1.00E+00	-1.80E+00	3.60E+00	2.01E+00	-1.49E+02	5.76E+00	bad-chisq
group_3006	9.80E-01	1.53E-01	1.00E+00	7.91E-02	3.59E+00	1.04E-01	-1.46E+02	5.64E+00	bad-chisq
group_2983	9.80E-01	1.53E-01	1.00E+00	-9.78E+00	3.60E+00	9.98E+00	-1.50E+02	5.82E+00	bad-chisq
group_2978	9.80E-01	1.53E-01	1.00E+00	-2.03E+01	3.60E+00	2.05E+01	-1.50E+02	5.82E+00	bad-chisq
group_2966	9.80E-01	1.00E+00	1.00E+00	-4.32E+01	3.60E+00	4.34E+01	-1.48E+02	5.81E+00	bad-chisq
tcrA	9.80E-01	1.53E-01	1.00E+00	-9.78E+00	3.60E+00	9.98E+00	-1.50E+02	5.82E+00	bad-chisq
group_2886	9.80E-01	1.53E-01	1.00E+00	-6.84E-02	3.59E+00	2.51E-01	-1.46E+02	5.61E+00	bad-chisq
group_2879	9.80E-01	1.53E-01	1.00E+00	-1.80E+00	3.60E+00	2.01E+00	-1.49E+02	5.76E+00	bad-chisq
group_2871	9.80E-01	1.53E-01	1.00E+00	-1.14E+01	3.60E+00	1.16E+01	-1.50E+02	5.82E+00	bad-chisq
group_2835	9.80E-01	1.00E+00	1.00E+00	5.45E-02	3.55E+00	1.63E-01	-1.48E+02	5.68E+00	bad-chisq
group_2830	9.80E-01	1.53E-01	1.00E+00	9.18E-01	3.57E+00	-6.69E-01	-1.46E+02	5.69E+00	bad-chisq
rpfA	9.80E-01	1.00E+00	2.68E-01	-4.48E+01	3.50E+00	4.50E+01	-1.56E+02	5.29E+00	bad-chisq
group_2804	9.80E-01	1.53E-01	1.00E+00	-2.03E+01	3.60E+00	2.05E+01	-1.50E+02	5.82E+00	bad-chisq
cyp141	9.80E-01	1.00E+00	1.00E+00	-2.15E+00	3.61E+00	2.38E+00	-1.39E+02	4.24E+00	bad-chisq
group_2790	9.80E-01	1.00E+00	2.64E-01	-2.13E+01	3.50E+00	2.15E+01	-1.57E+02	5.74E+00	bad-chisq
eccB4	9.80E-01	1.53E-01	1.00E+00	-6.04E+00	3.60E+00	6.24E+00	-1.50E+02	5.82E+00	bad-chisq
group_2777	9.80E-01	1.53E-01	1.00E+00	-1.14E+01	3.60E+00	1.16E+01	-1.50E+02	5.82E+00	bad-chisq
group_2768	9.80E-01	1.53E-01	1.00E+00	-1.14E+01	3.60E+00	1.16E+01	-1.49E+02	5.80E+00	bad-chisq
group_2766	9.80E-01	1.53E-01	1.00E+00	-2.03E+01	3.60E+00	2.05E+01	-1.50E+02	5.82E+00	bad-chisq
group_2753	9.80E-01	1.53E-01	1.00E+00	-2.03E+01	3.60E+00	2.05E+01	-1.50E+02	5.82E+00	bad-chisq
group_2732	9.80E-01	1.53E-01	1.00E+00	-1.38E+01	3.60E+00	1.40E+01	-1.50E+02	5.82E+00	bad-chisq
cysO	9.80E-01	1.53E-01	1.00E+00	7.78E-01	3.57E+00	-5.25E-01	-1.45E+02	5.54E+00	bad-chisq
pknA	9.80E-01	1.00E+00	1.00E+00	-1.88E+00	3.54E+00	2.04E+00	-1.51E+02	5.80E+00	bad-chisq
group_2706	9.80E-01	1.53E-01	1.00E+00	-2.03E+01	3.60E+00	2.05E+01	-1.50E+02	5.82E+00	bad-chisq
group_2684	9.80E-01	1.53E-01	1.00E+00	-1.38E+01	3.60E+00	1.40E+01	-1.50E+02	5.82E+00	bad-chisq
group_2674	9.80E-01	1.53E-01	1.95E-01	-2.89E+00	3.50E+00	3.00E+00	-1.59E+02	6.45E+00	bad-chisq
group_2666	9.80E-01	1.00E+00	1.00E+00	3.71E-01	3.55E+00	-1.54E-01	-1.48E+02	5.72E+00	bad-chisq
group_2654	9.80E-01	1.53E-01	1.00E+00	-2.03E+01	3.60E+00	2.05E+01	-1.50E+02	5.82E+00	bad-chisq
group_2644	9.80E-01	1.53E-01	1.00E+00	-2.03E+01	3.60E+00	2.05E+01	-1.50E+02	5.82E+00	bad-chisq
group_2638	9.80E-01	1.53E-01	1.00E+00	-2.03E+01	3.60E+00	2.05E+01	-1.50E+02	5.82E+00	bad-chisq
group_2569	9.80E-01	1.53E-01	1.00E+00	-2.03E+01	3.60E+00	2.05E+01	-1.50E+02	5.82E+00	bad-chisq
group_2566	9.80E-01	1.00E+00	2.68E-01	-4.48E+01	3.50E+00	4.50E+01	-1.56E+02	5.29E+00	bad-chisq
group_2563	9.80E-01	1.00E+00	1.00E+00	-4.31E+01	3.59E+00	4.33E+01	-1.48E+02	5.73E+00	bad-chisq
group_2561	9.80E-01	1.00E+00	1.00E+00	9.49E-01	3.52E+00	-7.14E-01	-1.51E+02	5.93E+00	bad-chisq
group_2551	9.80E-01	1.53E-01	1.00E+00	-6.04E+00	3.60E+00	6.24E+00	-1.50E+02	5.82E+00	bad-chisq
group_2524	9.80E-01	1.00E+00	1.00E+00	-4.30E+01	3.59E+00	4.32E+01	-1.48E+02	5.71E+00	bad-chisq
plcC~~~plcB	9.80E-01	1.00E+00	1.00E+00	5.45E-02	3.55E+00	1.63E-01	-1.48E+02	5.68E+00	bad-chisq
lysX	9.80E-01	1.53E-01	1.00E+00	-2.03E+01	3.60E+00	2.05E+01	-1.50E+02	5.82E+00	bad-chisq
idsB	9.80E-01	1.53E-01	1.00E+00	2.25E-01	3.59E+00	-3.90E-02	-1.47E+02	5.67E+00	bad-chisq
group_2471	9.80E-01	1.00E+00	1.00E+00	-4.31E+01	3.59E+00	4.33E+01	-1.48E+02	5.73E+00	bad-chisq
group_2457	9.80E-01	1.53E-01	1.95E-01	-2.89E+00	3.50E+00	3.00E+00	-1.59E+02	6.45E+00	bad-chisq
group_2436	9.80E-01	1.53E-01	1.00E+00	-2.03E+01	3.60E+00	2.05E+01	-1.50E+02	5.82E+00	bad-chisq
group_2419	9.80E-01	1.53E-01	4.20E-01	1.65E+00	3.53E+00	-1.37E+00	-1.48E+02	5.83E+00	bad-chisq
group_2417	9.80E-01	1.00E+00	1.00E+00	1.54E-01	3.54E+00	5.37E-02	-1.49E+02	5.81E+00	bad-chisq
group_2402	9.80E-01	1.53E-01	1.00E+00	-2.03E+01	3.60E+00	2.05E+01	-1.50E+02	5.82E+00	bad-chisq
echA6	9.80E-01	1.53E-01	1.00E+00	-1.38E+01	3.60E+00	1.40E+01	-1.50E+02	5.82E+00	bad-chisq
group_2362	9.80E-01	1.53E-01	1.00E+00	-9.78E+00	3.60E+00	9.98E+00	-1.50E+02	5.82E+00	bad-chisq
group_2360	9.80E-01	1.53E-01	1.00E+00	-2.03E+01	3.60E+00	2.05E+01	-1.50E+02	5.82E+00	bad-chisq
group_2313	9.80E-01	1.53E-01	1.00E+00	-5.85E-02	3.59E+00	2.39E-01	-1.46E+02	5.65E+00	bad-chisq
group_2297	9.80E-01	1.53E-01	1.00E+00	-2.03E+01	3.60E+00	2.05E+01	-1.50E+02	5.82E+00	bad-chisq
group_2272	9.80E-01	1.53E-01	1.00E+00	-2.03E+01	3.60E+00	2.05E+01	-1.50E+02	5.82E+00	bad-chisq
group_2257	9.80E-01	1.53E-01	1.00E+00	-1.38E+01	3.60E+00	1.40E+01	-1.50E+02	5.82E+00	bad-chisq
pyrC	9.80E-01	1.53E-01	1.00E+00	-2.03E+01	3.60E+00	2.05E+01	-1.50E+02	5.82E+00	bad-chisq
group_2224	9.80E-01	1.53E-01	1.00E+00	-1.67E+01	3.60E+00	1.69E+01	-1.50E+02	5.82E+00	bad-chisq
group_2222	9.80E-01	1.53E-01	1.00E+00	-2.03E+01	3.60E+00	2.05E+01	-1.50E+02	5.82E+00	bad-chisq
group_2203	9.80E-01	1.53E-01	1.00E+00	-2.03E+01	3.60E+00	2.05E+01	-1.50E+02	5.82E+00	bad-chisq
group_2192	9.80E-01	1.53E-01	1.83E-01	-2.94E+00	3.50E+00	3.11E+00	-1.53E+02	5.19E+00	bad-chisq
group_2186	9.80E-01	1.53E-01	1.00E+00	-2.03E+01	3.60E+00	2.05E+01	-1.50E+02	5.82E+00	bad-chisq
group_2181	9.80E-01	1.53E-01	1.00E+00	-2.27E-01	3.58E+00	4.04E-01	-1.46E+02	5.62E+00	bad-chisq
group_2133	9.80E-01	1.53E-01	1.00E+00	6.27E-01	3.59E+00	-4.41E-01	-1.47E+02	5.78E+00	bad-chisq
group_2124	9.80E-01	1.53E-01	1.00E+00	-2.03E+01	3.60E+00	2.05E+01	-1.50E+02	5.82E+00	bad-chisq
group_2123	9.80E-01	1.53E-01	1.00E+00	-2.03E+01	3.60E+00	2.05E+01	-1.50E+02	5.82E+00	bad-chisq
htpX	9.80E-01	1.53E-01	6.05E-02	-3.95E+00	3.45E+00	4.12E+00	-1.56E+02	4.67E+00	bad-chisq
group_2072	9.80E-01	1.53E-01	1.00E+00	-2.03E+01	3.60E+00	2.05E+01	-1.50E+02	5.82E+00	bad-chisq
group_1996	9.80E-01	1.53E-01	1.00E+00	-2.03E+01	3.60E+00	2.05E+01	-1.50E+02	5.82E+00	bad-chisq
group_1988	9.80E-01	1.00E+00	1.00E+00	2.21E-01	3.56E+00	-9.03E-03	-1.48E+02	5.71E+00	bad-chisq
group_1987	9.80E-01	1.53E-01	1.00E+00	-1.67E+01	3.60E+00	1.69E+01	-1.50E+02	5.82E+00	bad-chisq
group_1960	9.80E-01	1.00E+00	1.00E+00	-2.19E+00	3.66E+00	2.39E+00	-1.39E+02	5.23E+00	bad-chisq
dnaJ	9.80E-01	1.00E+00	1.00E+00	-4.31E+01	3.59E+00	4.33E+01	-1.48E+02	5.73E+00	bad-chisq
group_1947	9.80E-01	1.53E-01	1.00E+00	-2.03E+01	3.60E+00	2.05E+01	-1.50E+02	5.82E+00	bad-chisq
group_1944	9.80E-01	1.53E-01	1.00E+00	-1.80E+00	3.60E+00	2.01E+00	-1.49E+02	5.76E+00	bad-chisq
group_1929	9.80E-01	1.53E-01	1.00E+00	-1.67E+01	3.60E+00	1.69E+01	-1.50E+02	5.82E+00	bad-chisq
group_1925	9.80E-01	1.53E-01	1.00E+00	-2.03E+01	3.60E+00	2.05E+01	-1.50E+02	5.82E+00	bad-chisq
group_1904	9.80E-01	1.53E-01	1.00E+00	-1.14E+01	3.60E+00	1.16E+01	-1.50E+02	5.82E+00	bad-chisq
group_1849	9.80E-01	1.53E-01	1.00E+00	-1.38E+01	3.60E+00	1.40E+01	-1.50E+02	5.82E+00	bad-chisq
group_1809	9.80E-01	1.00E+00	1.00E+00	-2.88E-01	3.56E+00	5.05E-01	-1.47E+02	5.44E+00	bad-chisq
mec	9.80E-01	1.53E-01	1.00E+00	7.78E-01	3.57E+00	-5.25E-01	-1.45E+02	5.54E+00	bad-chisq
group_1780	9.80E-01	1.53E-01	1.00E+00	-1.05E+00	3.56E+00	1.22E+00	-1.46E+02	5.36E+00	bad-chisq
group_1765	9.80E-01	1.53E-01	1.00E+00	-2.03E+01	3.60E+00	2.05E+01	-1.50E+02	5.82E+00	bad-chisq
group_1735	9.80E-01	1.53E-01	1.00E+00	-1.67E+01	3.60E+00	1.69E+01	-1.50E+02	5.82E+00	bad-chisq
group_1684	9.80E-01	1.53E-01	1.00E+00	-2.03E+01	3.60E+00	2.05E+01	-1.50E+02	5.82E+00	bad-chisq
group_1678	9.80E-01	1.53E-01	1.00E+00	-2.03E+01	3.60E+00	2.05E+01	-1.50E+02	5.82E+00	bad-chisq
lprE	9.80E-01	1.53E-01	1.00E+00	-2.03E+01	3.60E+00	2.05E+01	-1.50E+02	5.82E+00	bad-chisq
group_1548	9.80E-01	1.53E-01	1.00E+00	-1.14E+01	3.60E+00	1.16E+01	-1.50E+02	5.82E+00	bad-chisq
group_1537	9.80E-01	1.53E-01	1.95E-01	-2.89E+00	3.50E+00	3.00E+00	-1.59E+02	6.45E+00	bad-chisq
group_1524	9.80E-01	1.53E-01	1.00E+00	-2.03E+01	3.60E+00	2.05E+01	-1.50E+02	5.82E+00	bad-chisq
group_1485	9.80E-01	1.53E-01	1.00E+00	-1.38E+01	3.60E+00	1.40E+01	-1.50E+02	5.82E+00	bad-chisq
group_1459	9.80E-01	1.53E-01	1.00E+00	-1.14E+01	3.60E+00	1.16E+01	-1.50E+02	5.82E+00	bad-chisq
group_1454	9.80E-01	1.00E+00	1.00E+00	-2.15E+00	3.61E+00	2.38E+00	-1.39E+02	4.24E+00	bad-chisq
group_1431	9.80E-01	1.53E-01	1.00E+00	-2.03E+01	3.60E+00	2.05E+01	-1.50E+02	5.82E+00	bad-chisq
degV	9.80E-01	1.53E-01	1.00E+00	-1.38E+01	3.60E+00	1.40E+01	-1.50E+02	5.82E+00	bad-chisq
group_1305	9.80E-01	1.00E+00	2.64E-01	-2.81E+00	3.50E+00	2.97E+00	-1.57E+02	5.74E+00	bad-chisq
group_1233	9.80E-01	1.53E-01	1.00E+00	-9.78E+00	3.60E+00	9.98E+00	-1.50E+02	5.82E+00	bad-chisq
group_1221	9.80E-01	1.00E+00	2.64E-01	-2.81E+00	3.50E+00	2.97E+00	-1.57E+02	5.74E+00	bad-chisq
group_1212	9.80E-01	1.53E-01	1.00E+00	1.24E-01	3.58E+00	1.03E-01	-1.47E+02	5.66E+00	bad-chisq
group_1201	9.80E-01	1.53E-01	1.00E+00	6.27E-01	3.59E+00	-4.41E-01	-1.47E+02	5.78E+00	bad-chisq
group_1187	9.80E-01	1.53E-01	1.00E+00	-2.03E+01	3.60E+00	2.05E+01	-1.50E+02	5.82E+00	bad-chisq
group_1183	9.80E-01	1.00E+00	2.68E-01	-4.48E+01	3.50E+00	4.50E+01	-1.56E+02	5.29E+00	bad-chisq
group_1174	9.80E-01	1.00E+00	1.00E+00	-4.31E+01	3.59E+00	4.33E+01	-1.48E+02	5.73E+00	bad-chisq
group_1159	9.80E-01	1.53E-01	1.00E+00	-2.03E+01	3.60E+00	2.05E+01	-1.50E+02	5.82E+00	bad-chisq
group_1130	9.80E-01	1.00E+00	1.00E+00	-2.19E+00	3.66E+00	2.39E+00	-1.39E+02	5.23E+00	bad-chisq
pyrR	9.80E-01	1.53E-01	1.00E+00	-1.67E+01	3.60E+00	1.69E+01	-1.50E+02	5.82E+00	bad-chisq
group_1070	9.80E-01	1.53E-01	1.00E+00	-2.03E+01	3.60E+00	2.05E+01	-1.50E+02	5.82E+00	bad-chisq
aroK	9.80E-01	1.53E-01	1.00E+00	-1.67E+01	3.60E+00	1.69E+01	-1.50E+02	5.82E+00	bad-chisq
mazF7	9.80E-01	1.53E-01	1.00E+00	-1.38E+01	3.60E+00	1.40E+01	-1.50E+02	5.82E+00	bad-chisq
group_1042	9.80E-01	1.53E-01	1.00E+00	-5.48E+00	3.60E+00	5.69E+00	-1.49E+02	5.82E+00	bad-chisq
fadD3	9.80E-01	1.53E-01	1.00E+00	-2.03E+01	3.60E+00	2.05E+01	-1.50E+02	5.82E+00	bad-chisq
group_986	9.80E-01	1.53E-01	1.00E+00	-2.03E+01	3.60E+00	2.05E+01	-1.50E+02	5.82E+00	bad-chisq
group_889	9.80E-01	1.53E-01	1.00E+00	1.82E-01	3.59E+00	7.44E-03	-1.48E+02	5.71E+00	bad-chisq
group_865	9.80E-01	1.53E-01	1.00E+00	-2.03E+01	3.60E+00	2.05E+01	-1.50E+02	5.82E+00	bad-chisq
mprB	9.80E-01	1.00E+00	2.68E-01	-4.48E+01	3.50E+00	4.50E+01	-1.56E+02	5.29E+00	bad-chisq
group_800	9.80E-01	1.53E-01	1.00E+00	-2.03E+01	3.60E+00	2.05E+01	-1.50E+02	5.82E+00	bad-chisq
group_737	9.80E-01	1.53E-01	1.00E+00	-2.03E+01	3.60E+00	2.05E+01	-1.50E+02	5.82E+00	bad-chisq
group_710	9.80E-01	1.53E-01	1.00E+00	-9.78E+00	3.60E+00	9.98E+00	-1.50E+02	5.82E+00	bad-chisq
group_650	9.80E-01	1.53E-01	1.00E+00	-2.03E+01	3.60E+00	2.05E+01	-1.50E+02	5.82E+00	bad-chisq
aprA	9.80E-01	1.53E-01	1.00E+00	-2.02E+00	3.60E+00	2.23E+00	-1.49E+02	5.80E+00	bad-chisq
group_599	9.80E-01	1.53E-01	1.00E+00	-1.38E+01	3.60E+00	1.40E+01	-1.50E+02	5.82E+00	bad-chisq
lpqV	9.80E-01	1.53E-01	1.00E+00	-9.78E+00	3.60E+00	9.98E+00	-1.50E+02	5.82E+00	bad-chisq
group_511	9.80E-01	1.53E-01	1.00E+00	-2.03E+01	3.60E+00	2.05E+01	-1.50E+02	5.82E+00	bad-chisq
group_507	9.80E-01	1.53E-01	1.00E+00	-1.80E+00	3.60E+00	2.01E+00	-1.49E+02	5.76E+00	bad-chisq
group_486	9.80E-01	1.53E-01	1.95E-01	-2.89E+00	3.50E+00	3.00E+00	-1.59E+02	6.45E+00	bad-chisq
group_481	9.80E-01	1.53E-01	1.00E+00	-2.03E+01	3.60E+00	2.05E+01	-1.50E+02	5.82E+00	bad-chisq
group_478	9.80E-01	1.00E+00	1.00E+00	-4.31E+01	3.59E+00	4.33E+01	-1.48E+02	5.73E+00	bad-chisq
group_403	9.80E-01	1.53E-01	7.87E-01	1.95E+00	3.54E+00	-1.70E+00	-1.53E+02	6.15E+00	bad-chisq
group_386	9.80E-01	1.53E-01	1.00E+00	-2.03E+01	3.60E+00	2.05E+01	-1.50E+02	5.82E+00	bad-chisq
group_366	9.80E-01	1.53E-01	1.00E+00	-1.67E+01	3.60E+00	1.69E+01	-1.50E+02	5.82E+00	bad-chisq
group_355	9.80E-01	1.00E+00	1.00E+00	-2.15E+00	3.61E+00	2.38E+00	-1.39E+02	4.24E+00	bad-chisq
group_326	9.80E-01	1.53E-01	1.00E+00	-2.03E+01	3.60E+00	2.05E+01	-1.50E+02	5.82E+00	bad-chisq
group_290	9.80E-01	1.53E-01	1.00E+00	-2.09E+00	3.60E+00	2.29E+00	-1.49E+02	5.77E+00	bad-chisq
group_270	9.80E-01	1.53E-01	1.00E+00	1.82E-01	3.59E+00	7.44E-03	-1.48E+02	5.71E+00	bad-chisq
group_251	9.80E-01	1.53E-01	1.00E+00	-2.03E+01	3.60E+00	2.05E+01	-1.50E+02	5.82E+00	bad-chisq
group_250	9.80E-01	1.00E+00	1.00E+00	-4.31E+01	3.59E+00	4.33E+01	-1.48E+02	5.73E+00	bad-chisq
group_238	9.80E-01	1.00E+00	1.00E+00	5.01E-01	3.60E+00	-2.94E-01	-1.46E+02	5.76E+00	bad-chisq
group_235	9.80E-01	1.53E-01	1.00E+00	-2.03E+01	3.60E+00	2.05E+01	-1.50E+02	5.82E+00	bad-chisq
group_174	9.80E-01	1.00E+00	1.00E+00	-2.67E+00	3.68E+00	2.87E+00	-1.37E+02	5.18E+00	bad-chisq
group_147	9.80E-01	1.53E-01	1.00E+00	-2.03E+01	3.60E+00	2.05E+01	-1.50E+02	5.82E+00	bad-chisq
clpC	9.80E-01	1.53E-01	1.00E+00	-6.04E+00	3.60E+00	6.24E+00	-1.50E+02	5.82E+00	bad-chisq
group_122	9.80E-01	1.53E-01	1.00E+00	-2.03E+01	3.60E+00	2.05E+01	-1.50E+02	5.82E+00	bad-chisq
group_113	9.80E-01	1.53E-01	1.00E+00	1.82E-01	3.59E+00	7.44E-03	-1.48E+02	5.71E+00	bad-chisq
ethD	9.80E-01	1.00E+00	1.00E+00	8.95E-01	3.53E+00	-6.62E-01	-1.51E+02	5.90E+00	bad-chisq
group_47	9.80E-01	1.53E-01	1.00E+00	1.82E-01	3.59E+00	7.44E-03	-1.48E+02	5.71E+00	bad-chisq
vapB26	9.80E-01	1.00E+00	1.00E+00	9.96E-01	3.58E+00	-7.61E-01	-1.46E+02	5.53E+00	bad-chisq
group_7	9.80E-01	1.53E-01	1.00E+00	-2.03E+01	3.60E+00	2.05E+01	-1.50E+02	5.82E+00	bad-chisq
group_3413	9.70E-01	7.86E-02	7.87E-01	1.95E+00	3.54E+00	-1.70E+00	-1.53E+02	6.15E+00	bad-chisq
group_3179	9.70E-01	7.86E-02	1.00E+00	-1.38E+01	3.60E+00	1.40E+01	-1.49E+02	5.82E+00	bad-chisq
group_3124	9.70E-01	7.86E-02	1.00E+00	-9.77E+00	3.60E+00	9.98E+00	-1.49E+02	5.82E+00	bad-chisq
group_3096	9.70E-01	7.86E-02	1.00E+00	-6.04E+00	3.60E+00	6.24E+00	-1.50E+02	5.82E+00	bad-chisq
group_3025	9.70E-01	7.86E-02	5.79E-02	-3.86E+00	3.45E+00	3.98E+00	-1.62E+02	6.10E+00	bad-chisq
group_3015	9.70E-01	7.86E-02	1.00E+00	-1.38E+01	3.60E+00	1.40E+01	-1.49E+02	5.82E+00	bad-chisq
group_2994	9.70E-01	7.86E-02	1.00E+00	-2.12E+00	3.60E+00	2.32E+00	-1.49E+02	5.78E+00	bad-chisq
group_2866	9.70E-01	7.86E-02	1.00E+00	9.75E-01	3.57E+00	-7.39E-01	-1.49E+02	5.82E+00	bad-chisq
group_2821	9.70E-01	5.58E-01	1.00E+00	-1.59E+01	3.59E+00	1.62E+01	-1.44E+02	5.01E+00	bad-chisq
group_2691	9.70E-01	7.86E-02	1.00E+00	-1.67E+01	3.60E+00	1.69E+01	-1.49E+02	5.80E+00	bad-chisq
group_2603	9.70E-01	7.86E-02	1.00E+00	-1.38E+01	3.60E+00	1.40E+01	-1.49E+02	5.82E+00	bad-chisq
group_2590	9.70E-01	5.58E-01	1.00E+00	1.82E-01	3.59E+00	7.44E-03	-1.48E+02	5.71E+00	bad-chisq
group_2537	9.70E-01	7.86E-02	1.00E+00	-1.14E+01	3.60E+00	1.16E+01	-1.49E+02	5.82E+00	bad-chisq
group_2525	9.70E-01	7.86E-02	1.00E+00	-6.61E-02	3.59E+00	2.47E-01	-1.45E+02	5.54E+00	bad-chisq
group_2513	9.70E-01	7.86E-02	1.00E+00	-1.67E+01	3.60E+00	1.69E+01	-1.49E+02	5.80E+00	bad-chisq
group_2425	9.70E-01	7.86E-02	1.00E+00	-1.38E+01	3.60E+00	1.40E+01	-1.49E+02	5.82E+00	bad-chisq
group_2358	9.70E-01	7.86E-02	1.00E+00	-2.12E+00	3.60E+00	2.32E+00	-1.49E+02	5.78E+00	bad-chisq
group_2329	9.70E-01	5.58E-01	1.00E+00	-1.49E-01	3.58E+00	3.24E-01	-1.46E+02	5.70E+00	bad-chisq
group_2299	9.70E-01	7.86E-02	1.00E+00	-1.67E+01	3.60E+00	1.69E+01	-1.49E+02	5.80E+00	bad-chisq
group_2277	9.70E-01	5.58E-01	1.00E+00	-1.32E+01	3.59E+00	1.35E+01	-1.44E+02	5.01E+00	bad-chisq
group_2239	9.70E-01	7.86E-02	1.00E+00	-9.72E+00	3.60E+00	9.92E+00	-1.49E+02	5.83E+00	bad-chisq
group_2037	9.70E-01	7.86E-02	1.00E+00	-1.67E+01	3.60E+00	1.69E+01	-1.49E+02	5.80E+00	bad-chisq
rbsK	9.70E-01	7.86E-02	1.00E+00	-1.38E+01	3.60E+00	1.40E+01	-1.49E+02	5.82E+00	bad-chisq
zmp1	9.70E-01	5.58E-01	1.00E+00	4.93E-01	3.54E+00	-2.78E-01	-1.49E+02	5.81E+00	bad-chisq
cmtR	9.70E-01	7.86E-02	1.00E+00	9.75E-01	3.57E+00	-7.39E-01	-1.49E+02	5.82E+00	bad-chisq
group_1830	9.70E-01	7.86E-02	1.00E+00	9.75E-01	3.57E+00	-7.39E-01	-1.49E+02	5.82E+00	bad-chisq
vapC7	9.70E-01	5.58E-01	1.00E+00	-1.65E-01	3.59E+00	3.58E-01	-1.45E+02	5.46E+00	bad-chisq
group_1764	9.70E-01	7.86E-02	1.00E+00	-1.38E+01	3.60E+00	1.40E+01	-1.49E+02	5.82E+00	bad-chisq
group_1717	9.70E-01	7.86E-02	1.00E+00	9.75E-01	3.57E+00	-7.39E-01	-1.49E+02	5.82E+00	bad-chisq
group_1681	9.70E-01	7.86E-02	1.00E+00	9.75E-01	3.57E+00	-7.39E-01	-1.49E+02	5.82E+00	bad-chisq
group_1670	9.70E-01	7.86E-02	1.00E+00	9.75E-01	3.57E+00	-7.39E-01	-1.49E+02	5.82E+00	bad-chisq
group_1597	9.70E-01	5.58E-01	1.00E+00	-2.02E+01	3.59E+00	2.03E+01	-1.48E+02	5.81E+00	bad-chisq
group_1488	9.70E-01	5.58E-01	1.00E+00	5.63E-01	3.53E+00	-3.27E-01	-1.47E+02	5.68E+00	bad-chisq
group_1408	9.70E-01	5.58E-01	5.79E-01	1.18E+00	3.49E+00	-9.35E-01	-1.53E+02	6.56E+00	bad-chisq
kdpD	9.70E-01	7.86E-02	1.00E+00	-3.88E-01	3.58E+00	5.51E-01	-1.45E+02	5.68E+00	bad-chisq
group_1350	9.70E-01	7.86E-02	4.35E-01	-1.90E+00	3.54E+00	2.01E+00	-1.51E+02	6.19E+00	bad-chisq
group_1340	9.70E-01	7.86E-02	1.00E+00	9.75E-01	3.57E+00	-7.39E-01	-1.49E+02	5.82E+00	bad-chisq
group_1292	9.70E-01	7.86E-02	1.00E+00	-1.14E+01	3.60E+00	1.16E+01	-1.49E+02	5.82E+00	bad-chisq
group_1146	9.70E-01	7.86E-02	1.00E+00	-1.14E+01	3.60E+00	1.16E+01	-1.49E+02	5.81E+00	bad-chisq
group_1068	9.70E-01	7.86E-02	1.00E+00	-1.14E+01	3.60E+00	1.16E+01	-1.49E+02	5.82E+00	bad-chisq
apa	9.70E-01	7.86E-02	1.00E+00	-1.38E+01	3.60E+00	1.40E+01	-1.49E+02	5.82E+00	bad-chisq
group_1001	9.70E-01	7.86E-02	1.00E+00	-1.67E+01	3.60E+00	1.69E+01	-1.49E+02	5.80E+00	bad-chisq
ssd	9.70E-01	7.86E-02	1.00E+00	-1.14E+01	3.60E+00	1.16E+01	-1.49E+02	5.82E+00	bad-chisq
nagA	9.70E-01	7.86E-02	1.00E+00	-1.67E+01	3.60E+00	1.69E+01	-1.49E+02	5.80E+00	bad-chisq
group_729	9.70E-01	5.58E-01	1.00E+00	-1.65E+01	3.59E+00	1.67E+01	-1.48E+02	5.71E+00	bad-chisq
group_628	9.70E-01	5.58E-01	1.00E+00	-1.36E+01	3.59E+00	1.38E+01	-1.48E+02	5.71E+00	bad-chisq
group_533	9.70E-01	7.86E-02	1.00E+00	9.75E-01	3.57E+00	-7.39E-01	-1.49E+02	5.82E+00	bad-chisq
mbtC	9.70E-01	7.86E-02	1.00E+00	-1.38E+01	3.60E+00	1.40E+01	-1.49E+02	5.82E+00	bad-chisq
group_523	9.70E-01	5.58E-01	1.00E+00	-2.01E+01	3.59E+00	2.03E+01	-1.48E+02	5.73E+00	bad-chisq
group_320	9.70E-01	7.86E-02	1.00E+00	-1.67E+01	3.60E+00	1.69E+01	-1.49E+02	5.80E+00	bad-chisq
fas	9.70E-01	7.86E-02	1.00E+00	-1.38E+01	3.60E+00	1.40E+01	-1.49E+02	5.82E+00	bad-chisq
lppI	9.70E-01	7.86E-02	1.00E+00	-1.14E+01	3.60E+00	1.16E+01	-1.49E+02	5.82E+00	bad-chisq
group_205	9.70E-01	7.86E-02	1.00E+00	-1.67E+01	3.60E+00	1.69E+01	-1.49E+02	5.80E+00	bad-chisq
group_107	9.70E-01	7.86E-02	1.00E+00	-1.67E+01	3.60E+00	1.69E+01	-1.49E+02	5.80E+00	bad-chisq
group_52	9.70E-01	7.86E-02	4.35E-01	-1.90E+00	3.54E+00	2.01E+00	-1.51E+02	6.19E+00	bad-chisq
group_3414	9.60E-01	4.12E-02	7.87E-01	1.95E+00	3.54E+00	-1.70E+00	-1.53E+02	6.15E+00	bad-chisq
group_3411	9.60E-01	4.12E-02	7.87E-01	1.95E+00	3.54E+00	-1.70E+00	-1.53E+02	6.15E+00	bad-chisq
group_3410	9.60E-01	4.12E-02	7.87E-01	1.95E+00	3.54E+00	-1.70E+00	-1.53E+02	6.15E+00	bad-chisq
ppsB	9.60E-01	4.12E-02	1.00E+00	-9.72E+00	3.60E+00	9.92E+00	-1.49E+02	5.83E+00	bad-chisq
group_3077	9.60E-01	3.07E-01	2.43E-02	-5.09E+00	3.38E+00	5.19E+00	-1.77E+02	7.51E+00	bad-chisq
group_3054	9.60E-01	3.07E-01	4.32E-01	-1.19E+00	3.49E+00	1.33E+00	-1.50E+02	5.82E+00	bad-chisq
group_3052	9.60E-01	3.07E-01	5.58E-01	-1.64E+00	3.49E+00	1.82E+00	-1.55E+02	5.61E+00	bad-chisq
group_3051	9.60E-01	4.12E-02	1.00E+00	-1.11E+00	3.56E+00	1.29E+00	-1.39E+02	4.68E+00	bad-chisq
ipdE2	9.60E-01	4.12E-02	1.00E+00	-1.14E+01	3.60E+00	1.16E+01	-1.49E+02	5.81E+00	bad-chisq
group_2969	9.60E-01	4.12E-02	3.19E-01	1.74E+00	3.53E+00	-1.47E+00	-1.46E+02	6.16E+00	bad-chisq
group_2950	9.60E-01	4.12E-02	1.00E+00	-1.14E+01	3.60E+00	1.16E+01	-1.49E+02	5.81E+00	bad-chisq
group_2941	9.60E-01	3.07E-01	4.45E-01	1.31E+00	3.50E+00	-1.03E+00	-1.50E+02	5.77E+00	bad-chisq
group_2924	9.60E-01	1.00E+00	1.00E+00	3.89E-01	3.59E+00	-2.03E-01	-1.47E+02	5.69E+00	bad-chisq
group_2892	9.60E-01	1.00E+00	7.08E-01	-9.55E-01	3.50E+00	1.12E+00	-1.50E+02	5.62E+00	bad-chisq
group_2878	9.60E-01	4.12E-02	1.00E+00	4.10E-01	3.58E+00	-1.69E-01	-1.45E+02	5.56E+00	bad-chisq
group_2839	9.60E-01	4.12E-02	1.00E+00	-6.04E+00	3.60E+00	6.24E+00	-1.49E+02	5.78E+00	bad-chisq
group_2702	9.60E-01	4.12E-02	1.00E+00	-1.14E+01	3.60E+00	1.16E+01	-1.49E+02	5.80E+00	bad-chisq
recB	9.60E-01	4.12E-02	1.00E+00	-9.77E+00	3.60E+00	9.97E+00	-1.49E+02	5.81E+00	bad-chisq
group_2496	9.60E-01	3.07E-01	5.67E-01	1.34E+00	3.51E+00	-1.09E+00	-1.51E+02	5.93E+00	bad-chisq
group_2401	9.60E-01	4.12E-02	1.00E+00	-1.37E+01	3.60E+00	1.39E+01	-1.49E+02	5.78E+00	bad-chisq
group_2397	9.60E-01	3.07E-01	1.00E+00	-3.94E-02	3.59E+00	2.18E-01	-1.46E+02	5.68E+00	bad-chisq
cmr	9.60E-01	4.12E-02	3.19E-01	1.74E+00	3.53E+00	-1.47E+00	-1.46E+02	6.16E+00	bad-chisq
dnaE2	9.60E-01	4.12E-02	1.00E+00	-6.04E+00	3.60E+00	6.24E+00	-1.49E+02	5.82E+00	bad-chisq
group_2209	9.60E-01	4.12E-02	1.00E+00	-9.72E+00	3.60E+00	9.93E+00	-1.49E+02	5.83E+00	bad-chisq
group_2173	9.60E-01	4.12E-02	3.19E-01	1.74E+00	3.53E+00	-1.47E+00	-1.46E+02	6.16E+00	bad-chisq
group_2134	9.60E-01	4.12E-02	1.00E+00	2.36E-01	3.58E+00	-1.24E-02	-1.48E+02	5.78E+00	bad-chisq
group_2106	9.60E-01	4.12E-02	1.00E+00	-6.04E+00	3.60E+00	6.24E+00	-1.49E+02	5.82E+00	bad-chisq
group_2095	9.60E-01	4.12E-02	1.00E+00	-1.14E+01	3.60E+00	1.16E+01	-1.49E+02	5.80E+00	bad-chisq
group_2085	9.60E-01	4.12E-02	1.00E+00	-6.03E+00	3.60E+00	6.24E+00	-1.49E+02	5.81E+00	bad-chisq
gspF	9.60E-01	3.07E-01	2.55E-03	-7.44E+00	3.25E+00	7.51E+00	-1.96E+02	8.71E+00	bad-chisq
nrnA	9.60E-01	4.12E-02	1.00E+00	-1.14E+01	3.60E+00	1.16E+01	-1.49E+02	5.81E+00	bad-chisq
group_1782	9.60E-01	3.07E-01	5.67E-01	1.34E+00	3.51E+00	-1.09E+00	-1.51E+02	5.93E+00	bad-chisq
prp1	9.60E-01	3.07E-01	1.36E-01	-2.73E+00	3.45E+00	2.91E+00	-1.52E+02	4.34E+00	bad-chisq
group_1610	9.60E-01	3.07E-01	2.62E-01	-1.72E+01	3.50E+00	1.74E+01	-1.55E+02	5.27E+00	bad-chisq
group_1335	9.60E-01	4.12E-02	3.19E-01	1.74E+00	3.53E+00	-1.47E+00	-1.46E+02	6.16E+00	bad-chisq
group_1158	9.60E-01	4.12E-02	1.00E+00	-9.77E+00	3.60E+00	9.97E+00	-1.49E+02	5.82E+00	bad-chisq
group_1157	9.60E-01	4.12E-02	1.00E+00	-9.77E+00	3.60E+00	9.98E+00	-1.49E+02	5.82E+00	bad-chisq
group_764	9.60E-01	4.12E-02	1.00E+00	-1.37E+01	3.60E+00	1.39E+01	-1.49E+02	5.78E+00	bad-chisq
group_758	9.60E-01	4.12E-02	3.19E-01	1.74E+00	3.53E+00	-1.47E+00	-1.46E+02	6.16E+00	bad-chisq
group_697	9.60E-01	4.12E-02	1.00E+00	-9.77E+00	3.60E+00	9.97E+00	-1.49E+02	5.82E+00	bad-chisq
group_425	9.60E-01	4.12E-02	1.00E+00	-1.14E+01	3.60E+00	1.16E+01	-1.49E+02	5.81E+00	bad-chisq
group_364	9.60E-01	1.00E+00	1.00E+00	-2.01E+01	3.59E+00	2.03E+01	-1.48E+02	5.71E+00	bad-chisq
group_329	9.60E-01	3.07E-01	2.94E-01	-1.38E+00	3.47E+00	1.50E+00	-1.54E+02	5.99E+00	bad-chisq
group_197	9.60E-01	3.07E-01	1.00E+00	-1.66E+01	3.59E+00	1.68E+01	-1.48E+02	5.79E+00	bad-chisq
group_187	9.60E-01	4.12E-02	1.00E+00	-1.14E+01	3.60E+00	1.16E+01	-1.49E+02	5.81E+00	bad-chisq
group_164	9.60E-01	4.12E-02	1.00E+00	-1.14E+01	3.60E+00	1.16E+01	-1.49E+02	5.80E+00	bad-chisq
group_3244	9.50E-01	2.18E-02	1.66E-02	2.82E+00	3.41E+00	-2.44E+00	-1.52E+02	6.40E+00	bad-chisq
group_2938	9.50E-01	2.18E-02	1.00E+00	-9.77E+00	3.60E+00	9.97E+00	-1.49E+02	5.81E+00	bad-chisq
ptbB	9.50E-01	2.18E-02	1.00E+00	-9.72E+00	3.60E+00	9.92E+00	-1.49E+02	5.83E+00	bad-chisq
group_2719	9.50E-01	2.18E-02	1.66E-02	2.82E+00	3.41E+00	-2.44E+00	-1.52E+02	6.40E+00	bad-chisq
group_2713	9.50E-01	6.46E-01	9.07E-02	-3.76E+00	3.48E+00	3.90E+00	-1.54E+02	5.22E+00	bad-chisq
group_2680	9.50E-01	2.18E-02	1.00E+00	1.91E-01	3.59E+00	-1.87E-02	-1.46E+02	5.77E+00	bad-chisq
plcA	9.50E-01	6.46E-01	1.00E+00	-3.70E-01	3.48E+00	5.62E-01	-1.47E+02	5.49E+00	bad-chisq
adnA	9.50E-01	2.18E-02	1.00E+00	-1.14E+01	3.60E+00	1.16E+01	-1.49E+02	5.80E+00	bad-chisq
group_2341	9.50E-01	2.18E-02	1.66E-02	2.82E+00	3.41E+00	-2.44E+00	-1.52E+02	6.40E+00	bad-chisq
group_2289	9.50E-01	2.18E-02	5.52E-02	-4.14E+00	3.45E+00	4.32E+00	-1.38E+02	2.36E+00	bad-chisq
group_2284	9.50E-01	2.18E-02	1.00E+00	-1.14E+01	3.60E+00	1.16E+01	-1.49E+02	5.80E+00	bad-chisq
group_2273	9.50E-01	2.18E-02	1.00E+00	-9.77E+00	3.60E+00	9.97E+00	-1.49E+02	5.81E+00	bad-chisq
group_2238	9.50E-01	2.18E-02	1.00E+00	-1.14E+01	3.60E+00	1.16E+01	-1.49E+02	5.80E+00	bad-chisq
cyp121	9.50E-01	2.18E-02	1.66E-02	2.82E+00	3.41E+00	-2.44E+00	-1.52E+02	6.40E+00	bad-chisq
group_2198	9.50E-01	2.18E-02	1.66E-02	2.82E+00	3.41E+00	-2.44E+00	-1.52E+02	6.40E+00	bad-chisq
xerD	9.50E-01	2.18E-02	5.52E-02	-4.14E+00	3.45E+00	4.32E+00	-1.38E+02	2.36E+00	bad-chisq
group_1880	9.50E-01	2.18E-02	5.52E-02	-4.14E+00	3.45E+00	4.32E+00	-1.38E+02	2.36E+00	bad-chisq
group_1865	9.50E-01	2.18E-02	5.52E-02	-4.14E+00	3.45E+00	4.32E+00	-1.38E+02	2.36E+00	bad-chisq
group_1858	9.50E-01	2.18E-02	1.66E-02	2.82E+00	3.41E+00	-2.44E+00	-1.52E+02	6.40E+00	bad-chisq
group_1706	9.50E-01	2.18E-02	5.52E-02	-4.14E+00	3.45E+00	4.32E+00	-1.38E+02	2.36E+00	bad-chisq
group_1644	9.50E-01	2.18E-02	1.00E+00	-1.14E+01	3.60E+00	1.16E+01	-1.49E+02	5.80E+00	bad-chisq
group_1609	9.50E-01	2.18E-02	1.66E-02	2.82E+00	3.41E+00	-2.44E+00	-1.52E+02	6.40E+00	bad-chisq
group_1523	9.50E-01	2.18E-02	1.00E+00	-9.72E+00	3.60E+00	9.93E+00	-1.49E+02	5.83E+00	bad-chisq
group_1521	9.50E-01	2.18E-02	1.66E-02	2.82E+00	3.41E+00	-2.44E+00	-1.52E+02	6.40E+00	bad-chisq
group_1483	9.50E-01	6.46E-01	1.54E-01	-1.81E+00	3.43E+00	1.92E+00	-1.59E+02	6.12E+00	bad-chisq
group_1462	9.50E-01	2.18E-02	1.00E+00	-9.72E+00	3.60E+00	9.93E+00	-1.49E+02	5.83E+00	bad-chisq
group_1414	9.50E-01	2.18E-02	1.00E+00	-1.14E+01	3.60E+00	1.16E+01	-1.49E+02	5.80E+00	bad-chisq
group_1382	9.50E-01	2.18E-02	1.00E+00	-1.14E+01	3.60E+00	1.16E+01	-1.49E+02	5.80E+00	bad-chisq
group_1266	9.50E-01	2.18E-02	1.00E+00	-1.25E+00	3.56E+00	1.43E+00	-1.37E+02	4.48E+00	bad-chisq
group_1260	9.50E-01	2.18E-02	1.00E+00	-9.77E+00	3.60E+00	9.97E+00	-1.49E+02	5.81E+00	bad-chisq
group_1111	9.50E-01	2.18E-02	5.52E-02	-4.14E+00	3.45E+00	4.32E+00	-1.38E+02	2.36E+00	bad-chisq
group_1044	9.50E-01	2.18E-02	1.00E+00	-1.14E+01	3.60E+00	1.16E+01	-1.49E+02	5.80E+00	bad-chisq
group_962	9.50E-01	2.18E-02	1.66E-02	2.82E+00	3.41E+00	-2.44E+00	-1.52E+02	6.40E+00	bad-chisq
lpqS	9.50E-01	2.18E-02	1.00E+00	-9.72E+00	3.60E+00	9.92E+00	-1.49E+02	5.83E+00	bad-chisq
group_917	9.50E-01	2.18E-02	1.00E+00	-9.77E+00	3.60E+00	9.97E+00	-1.49E+02	5.81E+00	bad-chisq
exeA	9.50E-01	2.18E-02	1.00E+00	2.36E-01	3.58E+00	-1.24E-02	-1.48E+02	5.78E+00	bad-chisq
group_814	9.50E-01	2.18E-02	1.00E+00	-1.14E+01	3.60E+00	1.16E+01	-1.49E+02	5.80E+00	bad-chisq
group_797	9.50E-01	2.18E-02	1.00E+00	-1.14E+01	3.60E+00	1.16E+01	-1.49E+02	5.80E+00	bad-chisq
group_614	9.50E-01	2.18E-02	1.00E+00	-1.14E+01	3.60E+00	1.16E+01	-1.49E+02	5.80E+00	bad-chisq
group_566	9.50E-01	2.18E-02	1.00E+00	-1.14E+01	3.60E+00	1.16E+01	-1.49E+02	5.80E+00	bad-chisq
group_389	9.50E-01	2.18E-02	1.00E+00	-1.14E+01	3.60E+00	1.16E+01	-1.49E+02	5.80E+00	bad-chisq
group_353	9.50E-01	2.18E-02	1.00E+00	-1.14E+01	3.60E+00	1.16E+01	-1.49E+02	5.80E+00	bad-chisq
group_252	9.50E-01	2.18E-02	1.66E-02	2.82E+00	3.41E+00	-2.44E+00	-1.52E+02	6.40E+00	bad-chisq
group_206	9.50E-01	2.18E-02	1.00E+00	-1.14E+01	3.60E+00	1.16E+01	-1.49E+02	5.80E+00	bad-chisq
group_176	9.50E-01	6.46E-01	1.00E+00	-3.70E-01	3.48E+00	5.62E-01	-1.47E+02	5.49E+00	bad-chisq
group_120	9.50E-01	2.18E-02	2.14E-01	1.86E+00	3.52E+00	-1.58E+00	-1.44E+02	6.15E+00	bad-chisq
group_78	9.50E-01	2.18E-02	5.52E-02	-4.14E+00	3.45E+00	4.32E+00	-1.38E+02	2.36E+00	bad-chisq
group_3359	9.40E-01	9.21E-02	6.81E-03	-3.66E+00	3.34E+00	3.71E+00	-1.62E+02	5.36E+00	bad-chisq
lipR	9.40E-01	1.15E-02	1.90E-01	1.71E+00	3.53E+00	-1.38E+00	-1.38E+02	5.23E+00	bad-chisq
group_3345	9.40E-01	9.21E-02	2.69E-03	-7.36E+00	3.25E+00	7.43E+00	-1.96E+02	8.73E+00	bad-chisq
mymA	9.40E-01	1.15E-02	1.90E-01	1.71E+00	3.53E+00	-1.38E+00	-1.38E+02	5.23E+00	bad-chisq
group_3250	9.40E-01	1.15E-02	1.00E+00	-9.72E+00	3.60E+00	9.92E+00	-1.49E+02	5.83E+00	bad-chisq
group_3249	9.40E-01	1.15E-02	1.00E+00	-9.72E+00	3.60E+00	9.92E+00	-1.49E+02	5.83E+00	bad-chisq
group_3185	9.40E-01	1.15E-02	1.00E+00	-9.72E+00	3.60E+00	9.92E+00	-1.49E+02	5.83E+00	bad-chisq
group_3133	9.40E-01	4.00E-01	6.35E-02	-2.26E+00	3.39E+00	2.37E+00	-1.54E+02	4.56E+00	bad-chisq
group_3012	9.40E-01	1.00E+00	5.14E-01	-8.63E-01	3.46E+00	1.01E+00	-1.53E+02	6.04E+00	bad-chisq
group_2987	9.40E-01	1.15E-02	4.33E-02	-4.23E+00	3.44E+00	4.40E+00	-1.35E+02	2.10E+00	bad-chisq
group_2972	9.40E-01	9.21E-02	1.00E+00	-9.64E+00	3.60E+00	9.83E+00	-1.48E+02	5.81E+00	bad-chisq
group_2905	9.40E-01	1.15E-02	1.00E+00	-9.72E+00	3.60E+00	9.92E+00	-1.49E+02	5.83E+00	bad-chisq
group_2709	9.40E-01	1.15E-02	1.00E+00	-9.72E+00	3.60E+00	9.92E+00	-1.49E+02	5.83E+00	bad-chisq
group_2649	9.40E-01	1.15E-02	1.00E+00	-6.03E+00	3.60E+00	6.24E+00	-1.49E+02	5.81E+00	bad-chisq
group_2645	9.40E-01	9.21E-02	1.00E+00	2.20E-01	3.50E+00	-2.07E-02	-1.49E+02	5.81E+00	bad-chisq
recC	9.40E-01	1.15E-02	1.00E+00	-9.72E+00	3.60E+00	9.92E+00	-1.49E+02	5.83E+00	bad-chisq
group_2453	9.40E-01	1.15E-02	1.00E+00	-9.72E+00	3.60E+00	9.92E+00	-1.49E+02	5.83E+00	bad-chisq
group_2393	9.40E-01	1.15E-02	1.90E-01	1.71E+00	3.53E+00	-1.38E+00	-1.38E+02	5.23E+00	bad-chisq
group_2369	9.40E-01	9.21E-02	5.52E-02	-4.14E+00	3.45E+00	4.32E+00	-1.38E+02	2.36E+00	bad-chisq
group_2364	9.40E-01	1.15E-02	1.00E+00	-9.72E+00	3.60E+00	9.92E+00	-1.49E+02	5.83E+00	bad-chisq
group_2288	9.40E-01	9.21E-02	5.52E-02	-4.14E+00	3.45E+00	4.32E+00	-1.38E+02	2.36E+00	bad-chisq
group_2120	9.40E-01	1.15E-02	7.14E-01	-1.43E+00	3.56E+00	1.59E+00	-1.35E+02	4.26E+00	bad-chisq
cydC	9.40E-01	1.15E-02	1.00E+00	-9.72E+00	3.60E+00	9.92E+00	-1.49E+02	5.83E+00	bad-chisq
group_1741	9.40E-01	1.15E-02	1.00E+00	-9.72E+00	3.60E+00	9.92E+00	-1.49E+02	5.83E+00	bad-chisq
group_1642	9.40E-01	1.15E-02	1.00E+00	-9.72E+00	3.60E+00	9.92E+00	-1.49E+02	5.83E+00	bad-chisq
group_1634	9.40E-01	1.15E-02	1.00E+00	-9.72E+00	3.60E+00	9.92E+00	-1.49E+02	5.83E+00	bad-chisq
group_1470	9.40E-01	9.21E-02	2.02E-03	-1.54E+01	3.28E+00	1.55E+01	-1.93E+02	8.91E+00	bad-chisq
group_1436	9.40E-01	9.21E-02	1.00E+00	-9.65E+00	3.60E+00	9.84E+00	-1.48E+02	5.81E+00	bad-chisq
group_1348	9.40E-01	9.21E-02	5.52E-02	-4.14E+00	3.45E+00	4.32E+00	-1.38E+02	2.36E+00	bad-chisq
group_1261	9.40E-01	1.15E-02	1.00E+00	-9.72E+00	3.60E+00	9.92E+00	-1.49E+02	5.83E+00	bad-chisq
group_1007	9.40E-01	1.15E-02	1.00E+00	-9.72E+00	3.60E+00	9.92E+00	-1.49E+02	5.83E+00	bad-chisq
group_960	9.40E-01	1.15E-02	1.00E+00	-9.72E+00	3.60E+00	9.92E+00	-1.49E+02	5.83E+00	bad-chisq
group_923	9.40E-01	1.15E-02	1.00E+00	-9.72E+00	3.60E+00	9.92E+00	-1.49E+02	5.83E+00	bad-chisq
group_866	9.40E-01	1.15E-02	1.00E+00	-9.72E+00	3.60E+00	9.92E+00	-1.49E+02	5.83E+00	bad-chisq
group_849	9.40E-01	1.15E-02	1.00E+00	-9.72E+00	3.60E+00	9.92E+00	-1.49E+02	5.83E+00	bad-chisq
group_820	9.40E-01	1.15E-02	7.14E-01	-1.43E+00	3.56E+00	1.59E+00	-1.35E+02	4.26E+00	bad-chisq
group_765	9.40E-01	9.21E-02	2.02E-03	-1.54E+01	3.28E+00	1.55E+01	-1.93E+02	8.91E+00	bad-chisq
group_671	9.40E-01	1.15E-02	1.00E+00	-9.72E+00	3.60E+00	9.92E+00	-1.49E+02	5.83E+00	bad-chisq
group_522	9.40E-01	9.21E-02	1.00E+00	-1.12E+01	3.60E+00	1.14E+01	-1.47E+02	5.71E+00	bad-chisq
group_373	9.40E-01	1.15E-02	1.00E+00	-6.03E+00	3.60E+00	6.24E+00	-1.49E+02	5.81E+00	bad-chisq
group_360	9.40E-01	1.15E-02	4.33E-02	-4.23E+00	3.44E+00	4.40E+00	-1.35E+02	2.10E+00	bad-chisq
group_304	9.40E-01	1.15E-02	1.00E+00	-9.72E+00	3.60E+00	9.92E+00	-1.49E+02	5.83E+00	bad-chisq
group_279	9.40E-01	1.15E-02	1.90E-01	1.71E+00	3.53E+00	-1.38E+00	-1.38E+02	5.23E+00	bad-chisq
cobD	9.40E-01	4.00E-01	6.50E-01	-1.36E+00	3.55E+00	1.50E+00	-1.46E+02	5.73E+00	bad-chisq
group_3074	9.30E-01	5.00E-02	3.98E-01	1.41E+00	3.48E+00	-1.16E+00	-1.55E+02	6.78E+00	bad-chisq
group_3057	9.30E-01	6.08E-03	1.00E+00	-4.79E+00	3.60E+00	5.00E+00	-1.49E+02	5.81E+00	bad-chisq
group_3020	9.30E-01	2.40E-01	5.78E-05	-1.53E+01	3.09E+00	1.52E+01	-2.15E+02	9.40E+00	bad-chisq
group_2901	9.30E-01	5.00E-02	1.00E+00	3.39E-01	3.55E+00	-1.21E-01	-1.48E+02	5.68E+00	bad-chisq
group_2579	9.30E-01	6.08E-03	1.00E+00	-6.03E+00	3.60E+00	6.24E+00	-1.49E+02	5.78E+00	bad-chisq
group_2494	9.30E-01	5.00E-02	1.00E+00	-9.60E+00	3.60E+00	9.80E+00	-1.48E+02	5.73E+00	bad-chisq
group_2361	9.30E-01	6.08E-03	1.00E+00	-6.03E+00	3.60E+00	6.24E+00	-1.49E+02	5.78E+00	bad-chisq
esxV	9.30E-01	6.95E-01	3.88E-02	-3.26E+00	3.40E+00	3.34E+00	-1.65E+02	6.46E+00	bad-chisq
group_1635	9.30E-01	6.08E-03	1.00E+00	-2.12E+00	3.60E+00	2.32E+00	-1.49E+02	5.78E+00	bad-chisq
group_1516	9.30E-01	6.08E-03	1.00E+00	-6.03E+00	3.60E+00	6.24E+00	-1.49E+02	5.78E+00	bad-chisq
group_1110	9.30E-01	2.40E-01	5.52E-02	-4.14E+00	3.45E+00	4.33E+00	-1.38E+02	2.36E+00	bad-chisq
group_439	9.30E-01	5.00E-02	1.87E-03	-8.18E+00	3.26E+00	8.24E+00	-1.95E+02	8.87E+00	bad-chisq
group_3412	9.20E-01	2.70E-02	1.00E+00	-8.45E-01	3.58E+00	1.03E+00	-1.47E+02	5.66E+00	bad-chisq
group_2696	9.20E-01	3.19E-03	7.31E-02	2.21E+00	3.48E+00	-1.88E+00	-1.44E+02	6.07E+00	bad-chisq
group_1568	9.20E-01	3.19E-03	1.00E+00	-2.12E+00	3.60E+00	2.33E+00	-1.48E+02	5.77E+00	bad-chisq
bioD	9.20E-01	3.19E-03	1.00E+00	-4.79E+00	3.60E+00	5.00E+00	-1.49E+02	5.81E+00	bad-chisq
group_1428	9.20E-01	2.70E-02	2.00E-01	1.46E+00	3.48E+00	-1.13E+00	-1.40E+02	5.29E+00	bad-chisq
group_1139	9.20E-01	3.19E-03	1.00E+00	-5.20E+00	3.60E+00	5.40E+00	-1.49E+02	5.81E+00	bad-chisq
group_1089	9.20E-01	3.19E-03	1.00E+00	-4.79E+00	3.60E+00	5.00E+00	-1.49E+02	5.81E+00	bad-chisq
group_851	9.20E-01	4.61E-01	5.50E-01	3.61E-01	3.42E+00	-1.17E-01	-1.46E+02	5.75E+00	bad-chisq
esxN	9.20E-01	1.00E+00	4.35E-01	-5.52E-01	3.39E+00	7.00E-01	-1.51E+02	5.81E+00	bad-chisq
group_352	9.20E-01	2.70E-02	1.00E+00	-1.94E-01	3.58E+00	3.96E-01	-1.46E+02	5.64E+00	bad-chisq
recD	9.20E-01	2.70E-02	2.79E-03	-7.29E+00	3.24E+00	7.36E+00	-1.97E+02	8.72E+00	bad-chisq
group_3146	9.10E-01	1.44E-02	1.00E+00	-1.63E+00	3.57E+00	1.82E+00	-1.48E+02	5.56E+00	bad-chisq
group_3103	9.10E-01	8.06E-02	5.46E-04	-7.30E+00	2.18E+00	7.23E+00	-2.20E+02	1.08E+01	
group_2937	9.10E-01	1.44E-02	2.12E-03	-7.80E+00	3.25E+00	7.86E+00	-1.97E+02	8.85E+00	bad-chisq
group_2884	9.10E-01	1.44E-02	2.55E-03	-7.44E+00	3.25E+00	7.51E+00	-1.96E+02	8.71E+00	bad-chisq
group_2775	9.10E-01	1.66E-03	7.39E-05	-4.58E+00	3.12E+00	4.47E+00	-1.73E+02	4.90E+00	bad-chisq
group_2595	9.10E-01	1.44E-02	1.63E-01	1.82E+00	3.45E+00	-1.54E+00	-1.52E+02	7.24E+00	bad-chisq
group_2414	9.10E-01	1.44E-02	2.55E-03	-7.44E+00	3.25E+00	7.51E+00	-1.96E+02	8.71E+00	bad-chisq
group_2225	9.10E-01	7.27E-01	4.11E-01	9.48E-01	3.46E+00	-6.86E-01	-1.50E+02	6.01E+00	bad-chisq
group_728	9.10E-01	1.66E-03	1.00E+00	-4.52E+00	3.60E+00	4.72E+00	-1.49E+02	5.81E+00	bad-chisq
group_2731	9.00E-01	8.58E-04	1.20E-01	2.08E+00	3.50E+00	-1.78E+00	-1.46E+02	6.21E+00	bad-chisq
group_2342	9.00E-01	7.66E-03	1.00E+00	-1.00E+00	3.53E+00	1.18E+00	-1.51E+02	5.77E+00	bad-chisq
group_2207	9.00E-01	7.66E-03	2.78E-03	-7.29E+00	3.24E+00	7.36E+00	-1.97E+02	8.72E+00	bad-chisq
group_1760	9.00E-01	7.66E-03	2.78E-03	-7.29E+00	3.24E+00	7.36E+00	-1.97E+02	8.72E+00	bad-chisq
menF	9.00E-01	7.66E-03	2.78E-03	-7.29E+00	3.24E+00	7.36E+00	-1.97E+02	8.72E+00	bad-chisq
group_777	9.00E-01	7.66E-03	2.78E-03	-7.29E+00	3.24E+00	7.36E+00	-1.97E+02	8.72E+00	bad-chisq
group_504	9.00E-01	7.66E-03	2.78E-03	-7.29E+00	3.24E+00	7.36E+00	-1.97E+02	8.72E+00	bad-chisq
group_3100	8.90E-01	2.53E-02	1.17E-01	-3.62E+00	2.89E+00	3.73E+00	-1.67E+02	7.19E+00	
group_2820	8.90E-01	2.53E-02	1.77E-03	-7.27E+00	2.17E+00	7.32E+00	-2.13E+02	9.76E+00	
group_2734	8.90E-01	4.02E-03	3.99E-03	-6.83E+00	3.24E+00	6.90E+00	-1.96E+02	8.71E+00	bad-chisq
group_2489	8.90E-01	4.39E-04	5.37E-06	-4.93E+00	2.97E+00	4.68E+00	-1.89E+02	5.79E+00	bad-chisq
group_2485	8.90E-01	3.38E-01	7.05E-01	-3.49E-01	9.21E-01	5.25E-01	-1.61E+02	6.27E+00	
esxW~~~esxJ	8.90E-01	3.38E-01	9.00E-01	1.18E-01	9.35E-01	1.02E-01	-1.60E+02	6.42E+00	
group_2903	8.80E-01	1.38E-02	1.19E-03	-5.77E+00	1.96E+00	5.80E+00	-2.06E+02	8.56E+00	
group_2808	8.80E-01	6.48E-02	1.23E-05	-8.35E+00	2.25E+00	8.35E+00	-2.38E+02	8.75E+00	
group_1355	8.80E-01	1.38E-02	2.41E-02	-3.09E+00	1.41E+00	3.20E+00	-1.82E+02	6.66E+00	
group_951	8.80E-01	1.38E-02	1.07E-02	-5.35E+00	1.99E+00	5.43E+00	-1.95E+02	8.62E+00	
group_792	8.80E-01	1.38E-02	8.82E-03	-5.41E+00	2.01E+00	5.47E+00	-1.94E+02	8.75E+00	
esxJ	8.80E-01	2.18E-01	3.16E-01	-9.35E-01	9.35E-01	1.05E+00	-1.65E+02	6.38E+00	
group_3140	8.70E-01	3.74E-02	3.07E-06	-8.82E+00	2.31E+00	8.80E+00	-2.56E+02	9.64E+00	
group_2880	8.70E-01	7.45E-03	4.12E-01	1.02E+00	1.27E+00	-7.78E-01	-1.63E+02	7.02E+00	
group_2760	8.70E-01	1.37E-01	1.46E-04	-6.93E+00	2.09E+00	7.01E+00	-2.11E+02	7.03E+00	
group_1784	8.70E-01	7.66E-01	7.98E-01	2.04E-01	7.96E-01	3.84E-02	-1.59E+02	6.35E+00	
xdhC	8.70E-01	1.11E-04	1.94E-01	1.83E+00	3.53E+00	-1.45E+00	-1.33E+02	4.44E+00	bad-chisq
group_3239	8.60E-01	5.47E-05	1.48E-07	-1.21E+01	2.75E+00	1.17E+01	-1.36E+02	-6.19E+00	bad-chisq
group_3121	8.60E-01	2.49E-01	1.32E-07	-6.86E+00	1.74E+00	6.52E+00	-2.41E+02	2.35E+00	
group_3047	8.60E-01	2.11E-02	2.74E-03	-4.39E+00	1.82E+00	4.42E+00	-1.91E+02	7.08E+00	
group_1002	8.60E-01	5.47E-05	1.94E-01	1.83E+00	3.53E+00	-1.45E+00	-1.33E+02	4.44E+00	bad-chisq
group_3139	8.50E-01	2.07E-03	6.64E-02	-2.52E+00	1.38E+00	2.61E+00	-1.77E+02	7.13E+00	
group_3120	8.50E-01	2.07E-03	3.82E-01	-1.20E+00	1.38E+00	1.34E+00	-1.66E+02	7.00E+00	
group_3115	8.50E-01	7.79E-01	1.21E-04	-3.81E+00	1.17E+00	3.54E+00	-2.09E+02	7.81E+00	
group_3067	8.50E-01	4.99E-02	5.18E-04	-5.08E+00	1.95E+00	5.02E+00	-2.05E+02	8.50E+00	
fabD2	8.50E-01	2.07E-03	3.05E-02	-3.95E+00	1.68E+00	4.03E+00	-1.91E+02	8.47E+00	
esxQ	8.50E-01	4.01E-01	9.49E-01	4.93E-02	7.65E-01	1.65E-01	-1.60E+02	6.45E+00	
group_2739	8.50E-01	4.01E-01	2.31E-01	9.38E-01	7.96E-01	-5.92E-01	-1.64E+02	6.89E+00	
trmH	8.50E-01	4.99E-02	6.61E-01	3.97E-01	9.10E-01	-1.53E-01	-1.60E+02	6.65E+00	
group_3118	8.40E-01	6.38E-03	1.17E-01	-1.95E+00	1.28E+00	2.06E+00	-1.70E+02	6.59E+00	
embR	8.40E-01	2.91E-02	5.12E-01	5.17E-01	7.96E-01	-2.33E-01	-1.58E+02	6.42E+00	
group_2934	8.40E-01	6.38E-03	7.70E-01	2.74E-01	9.46E-01	-3.87E-02	-1.58E+02	6.36E+00	
group_1012	8.40E-01	2.91E-02	5.12E-01	5.17E-01	7.96E-01	-2.33E-01	-1.58E+02	6.42E+00	
group_3135	8.30E-01	3.41E-03	9.99E-04	-4.67E+00	1.58E+00	4.61E+00	-2.11E+02	8.77E+00	
group_3129	8.30E-01	1.66E-02	1.72E-02	-2.78E+00	1.22E+00	2.84E+00	-1.77E+02	5.96E+00	
group_2986	8.30E-01	4.24E-01	4.61E-04	-5.32E+00	1.62E+00	5.43E+00	-1.91E+02	5.08E+00	
group_2958	8.30E-01	3.41E-03	1.05E-02	-3.32E+00	1.41E+00	3.34E+00	-1.88E+02	7.48E+00	
group_2140	8.30E-01	3.41E-03	1.15E-02	-2.64E+00	1.23E+00	2.64E+00	-1.62E+02	5.73E+00	
group_244	8.30E-01	4.24E-01	3.57E-02	-2.20E+00	1.12E+00	2.23E+00	-1.73E+02	6.74E+00	
group_142	8.20E-01	1.18E-01	9.79E-02	1.17E+00	7.23E-01	-7.20E-01	-1.62E+02	6.71E+00	
group_2997	8.10E-01	1.47E-05	2.18E-03	2.63E+00	3.23E+00	-2.13E+00	-1.54E+02	7.22E+00	bad-chisq
group_1011	8.10E-01	2.02E-01	9.60E-01	-3.58E-02	7.19E-01	2.35E-01	-1.60E+02	6.45E+00	
group_3058	8.00E-01	1.24E-02	3.64E-05	-5.18E+00	1.53E+00	4.77E+00	-2.50E+02	1.26E+01	
group_2860	8.00E-01	3.17E-01	4.99E-01	5.00E-01	7.43E-01	-2.01E-01	-1.61E+02	6.46E+00	
group_331	8.00E-01	6.80E-06	1.06E-02	1.99E+00	3.28E+00	-1.46E+00	-1.30E+02	4.89E+00	bad-chisq
group_3145	7.90E-01	2.71E-02	2.37E-02	-2.22E+00	1.02E+00	2.24E+00	-1.75E+02	5.42E+00	
group_3130	7.90E-01	1.41E-03	2.63E-02	-2.27E+00	1.06E+00	2.22E+00	-1.91E+02	8.22E+00	
group_3081	7.90E-01	8.57E-02	7.24E-05	-4.32E+00	1.29E+00	3.91E+00	-2.43E+02	1.15E+01	
group_2882	7.90E-01	4.61E-01	3.75E-01	-6.70E-01	7.61E-01	7.67E-01	-1.64E+02	6.28E+00	
group_2840	7.90E-01	8.57E-02	1.79E-01	-1.14E+00	8.65E-01	1.17E+00	-1.73E+02	7.32E+00	
group_1660	7.90E-01	6.92E-03	4.47E-01	-5.58E-01	7.43E-01	6.52E-01	-1.55E+02	6.27E+00	
group_3122	7.80E-01	1.58E-02	8.50E-03	-2.40E+00	9.71E-01	2.31E+00	-1.89E+02	7.26E+00	
group_3119	7.80E-01	1.58E-02	2.92E-01	-9.54E-01	9.20E-01	1.06E+00	-1.64E+02	6.41E+00	
group_3086	7.70E-01	8.12E-01	1.94E-01	-1.05E+00	8.32E-01	1.12E+00	-1.60E+02	5.98E+00	
group_3008	7.70E-01	8.95E-03	1.47E-03	-3.03E+00	1.04E+00	2.87E+00	-2.05E+02	7.57E+00	
group_2898	7.70E-01	8.12E-01	8.65E-01	-1.26E-01	7.38E-01	3.07E-01	-1.59E+02	6.45E+00	
group_2382	7.70E-01	2.01E-03	1.86E-01	1.05E+00	8.19E-01	-6.90E-01	-1.60E+02	6.82E+00	
group_2619	7.60E-01	3.49E-01	7.86E-01	1.78E-01	6.54E-01	7.84E-02	-1.59E+02	6.55E+00	
esxO	7.50E-01	8.17E-01	1.88E-02	-1.79E+00	8.04E-01	1.65E+00	-1.76E+02	5.56E+00	
group_2212	7.50E-01	2.48E-01	2.75E-02	-1.74E+00	8.28E-01	1.67E+00	-1.75E+02	6.26E+00	
group_1883	7.50E-01	1.11E-02	4.21E-01	5.36E-01	6.70E-01	-1.98E-01	-1.56E+02	6.54E+00	
group_688	7.50E-01	5.32E-04	1.54E-01	1.10E+00	8.01E-01	-7.24E-01	-1.58E+02	6.74E+00	
istB~~~tnp	7.40E-01	5.29E-07	5.47E-02	1.64E+00	9.25E-01	-1.19E+00	-1.44E+02	5.78E+00	
group_1320	7.40E-01	5.29E-07	5.47E-02	1.64E+00	9.25E-01	-1.19E+00	-1.44E+02	5.78E+00	
group_526	7.40E-01	5.29E-07	5.47E-02	1.64E+00	9.25E-01	-1.19E+00	-1.44E+02	5.78E+00	
group_356	7.40E-01	5.29E-07	5.47E-02	1.64E+00	9.25E-01	-1.19E+00	-1.44E+02	5.78E+00	
group_91	7.40E-01	5.29E-07	5.47E-02	1.64E+00	9.25E-01	-1.19E+00	-1.44E+02	5.78E+00	
yncE	7.30E-01	2.60E-01	5.90E-01	3.30E-01	6.14E-01	-1.91E-02	-1.62E+02	6.62E+00	
group_3093	7.30E-01	4.26E-02	3.13E-04	-3.38E+00	1.02E+00	3.11E+00	-2.19E+02	5.51E+00	
group_2874	7.30E-01	2.24E-06	7.98E-02	1.40E+00	8.36E-01	-9.57E-01	-1.48E+02	5.97E+00	
group_1879	7.30E-01	8.22E-01	8.83E-01	-9.16E-02	6.24E-01	2.68E-01	-1.60E+02	6.40E+00	
group_1513	7.30E-01	2.21E-07	2.28E-02	1.88E+00	9.16E-01	-1.38E+00	-1.45E+02	5.99E+00	
group_1623	7.20E-01	9.59E-07	9.65E-02	1.27E+00	8.00E-01	-8.26E-01	-1.45E+02	5.90E+00	
group_476	7.20E-01	9.59E-07	9.65E-02	1.27E+00	8.00E-01	-8.26E-01	-1.45E+02	5.90E+00	
group_3094	7.00E-01	8.83E-03	2.43E-02	-2.00E+00	9.94E-01	1.77E+00	-2.02E+02	9.69E+00	
group_2656	6.90E-01	8.29E-01	6.57E-02	-1.31E+00	7.41E-01	1.25E+00	-1.60E+02	5.85E+00	
group_600	6.90E-01	2.37E-04	5.79E-05	-3.67E+00	1.12E+00	3.34E+00	-1.81E+02	3.62E+00	
group_3131	6.70E-01	1.42E-03	1.30E-01	-1.11E+00	7.46E-01	1.04E+00	-1.82E+02	6.79E+00	
group_1847	6.70E-01	5.23E-01	4.27E-01	5.09E-01	6.48E-01	-1.18E-01	-1.65E+02	6.38E+00	
group_334	6.70E-01	5.56E-02	5.42E-01	3.76E-01	6.22E-01	-4.24E-02	-1.65E+02	6.77E+00	
group_3104	6.60E-01	7.10E-13	8.27E-06	-6.53E+00	3.13E+00	4.75E+00	1.99E+00	6.62E+00	bad-chisq
group_2919	6.60E-01	7.10E-13	8.27E-06	-6.53E+00	3.13E+00	4.75E+00	1.99E+00	6.62E+00	bad-chisq
group_2594	6.60E-01	1.45E-04	9.24E-01	6.33E-02	6.60E-01	1.62E-01	-1.59E+02	6.39E+00	
group_1498	6.60E-01	7.10E-13	8.27E-06	-6.53E+00	3.13E+00	4.75E+00	1.99E+00	6.62E+00	bad-chisq
group_915	6.60E-01	7.10E-13	8.27E-06	-6.53E+00	3.13E+00	4.75E+00	1.99E+00	6.62E+00	bad-chisq
group_3137	6.50E-01	2.11E-02	5.32E-02	-1.33E+00	7.21E-01	1.10E+00	-1.88E+02	7.96E+00	
group_2067	6.50E-01	4.56E-12	4.76E-04	-5.37E+00	3.17E+00	3.69E+00	9.65E-01	5.94E+00	bad-chisq
esxL	6.50E-01	2.11E-02	4.68E-01	-4.95E-01	6.89E-01	5.75E-01	-1.66E+02	6.36E+00	
group_3087	6.40E-01	9.56E-02	2.35E-01	-7.05E-01	6.01E-01	6.38E-01	-1.62E+02	6.18E+00	
group_3070	6.40E-01	5.73E-07	4.71E-04	2.18E+00	6.53E-01	-1.05E+00	-1.32E+02	5.93E+00	
group_2940	6.40E-01	6.38E-14	9.95E-08	-7.21E+00	2.87E+00	5.03E+00	2.11E+00	8.23E+00	bad-chisq
group_2685	6.40E-01	9.56E-02	2.35E-01	-7.05E-01	6.01E-01	6.38E-01	-1.62E+02	6.18E+00	
group_1076	6.40E-01	6.38E-14	9.95E-08	-7.21E+00	2.87E+00	5.03E+00	2.11E+00	8.23E+00	bad-chisq
group_3147	6.30E-01	6.23E-02	9.59E-01	3.54E-02	6.93E-01	1.79E-01	-1.60E+02	6.44E+00	
group_2954	6.30E-01	5.34E-01	4.59E-01	4.63E-01	6.31E-01	-1.04E-01	-1.64E+02	6.60E+00	
group_2793	6.30E-01	8.20E-12	4.45E-10	-8.36E+00	2.65E+00	6.45E+00	-1.70E+02	1.53E+01	
group_1075	6.30E-01	4.19E-13	2.00E-05	-5.65E+00	2.98E+00	3.77E+00	1.07E+00	6.28E+00	bad-chisq
group_1898	6.20E-01	1.00E+00	2.78E-01	6.56E-01	6.13E-01	-1.65E-01	-1.64E+02	6.24E+00	
group_1420	6.20E-01	1.20E-13	1.37E-03	4.39E+00	3.27E+00	-3.15E+00	-1.07E+00	-6.09E-01	bad-chisq
group_264	6.20E-01	1.00E+00	2.78E-01	6.56E-01	6.13E-01	-1.65E-01	-1.64E+02	6.24E+00	
esxW	6.10E-01	7.69E-03	1.01E-01	-1.08E+00	6.66E-01	9.31E-01	-1.52E+02	6.67E+00	
group_984	6.10E-01	7.69E-03	1.24E-03	-2.10E+00	7.25E-01	1.52E+00	-1.89E+02	7.32E+00	
group_3005	6.00E-01	4.27E-03	2.52E-03	-2.32E+00	8.42E-01	1.85E+00	-2.15E+02	7.44E+00	
group_3278	5.90E-01	8.39E-01	6.01E-01	3.11E-01	5.97E-01	2.99E-02	-1.61E+02	6.31E+00	
group_1310	5.80E-01	1.38E-07	2.73E-02	1.36E+00	6.20E-01	-6.25E-01	-1.38E+02	5.35E+00	
group_675	5.60E-01	4.20E-01	3.83E-02	1.45E+00	7.52E-01	-6.09E-01	-1.93E+02	7.12E+00	
group_3060	5.50E-01	8.97E-03	1.28E-02	-1.50E+00	6.37E-01	1.05E+00	-1.71E+02	6.79E+00	
group_2660	5.50E-01	8.41E-01	6.69E-01	2.45E-01	5.75E-01	7.62E-02	-1.59E+02	6.34E+00	
group_3126	5.40E-01	4.48E-02	4.95E-01	-4.15E-01	6.13E-01	4.54E-01	-1.63E+02	6.29E+00	
group_69	5.30E-01	5.48E-01	1.20E-01	-9.51E-01	6.32E-01	7.92E-01	-1.72E+02	6.87E+00	
group_3097	5.20E-01	3.15E-04	2.23E-02	-1.52E+00	6.89E-01	1.09E+00	-1.46E+02	7.33E+00	
group_2286	5.10E-01	1.10E-22	3.56E-16	-7.78E+00	1.32E+00	4.37E+00	3.28E+00	-3.02E-01	bad-chisq
group_3150	5.00E-01	7.99E-22	3.46E-16	8.78E+00	1.28E+00	-4.89E+00	1.75E+00	5.81E+00	bad-chisq
group_2789	5.00E-01	7.99E-22	3.46E-16	8.78E+00	1.28E+00	-4.89E+00	1.75E+00	5.81E+00	bad-chisq
group_3127	4.90E-01	5.70E-07	3.26E-05	-2.75E+00	7.46E-01	1.70E+00	-1.68E+02	9.01E+00	
group_3125	4.90E-01	3.17E-01	1.03E-01	-1.00E+00	6.40E-01	7.97E-01	-1.75E+02	7.01E+00	
group_2968	4.90E-01	5.36E-21	6.25E-15	7.80E+00	1.28E+00	-3.95E+00	1.80E+00	5.47E+00	bad-chisq
group_1329	4.90E-01	5.36E-21	6.25E-15	7.80E+00	1.28E+00	-3.95E+00	1.80E+00	5.47E+00	bad-chisq
plcC	4.80E-01	3.15E-04	2.06E-02	-1.65E+00	7.32E-01	9.57E-01	-1.52E+02	8.60E+00	
group_2046	4.80E-01	5.07E-03	4.07E-02	-1.23E+00	6.27E-01	6.93E-01	-1.70E+02	7.18E+00	
group_897	4.80E-01	2.83E-14	5.54E-07	-3.30E+00	7.45E-01	1.71E+00	-1.26E+02	6.05E+00	
group_445	4.80E-01	1.63E-02	4.36E-04	2.26E+00	7.27E-01	-8.23E-01	-1.91E+02	7.73E+00	
group_2915	4.70E-01	1.95E-19	1.12E-11	6.26E+00	1.29E+00	-2.71E+00	1.69E+00	3.24E+00	bad-chisq
group_2755	4.70E-01	2.13E-16	3.29E-11	5.41E+00	1.30E+00	-1.77E+00	-1.90E+02	7.96E+00	
cut1	4.70E-01	5.47E-07	7.81E-04	-2.09E+00	6.51E-01	1.22E+00	-1.48E+02	7.33E+00	
group_447	4.70E-01	6.31E-08	1.11E-01	1.07E+00	6.58E-01	-2.70E-01	-1.33E+02	5.72E+00	
group_161	4.70E-01	1.95E-19	1.12E-11	6.26E+00	1.29E+00	-2.71E+00	1.69E+00	3.24E+00	bad-chisq
group_2851	4.60E-01	1.82E-07	1.82E-02	-1.48E+00	6.26E-01	8.98E-01	-1.32E+02	5.83E+00	
group_3108	4.30E-01	2.22E-05	1.88E-02	-1.43E+00	6.26E-01	7.79E-01	-1.54E+02	7.19E+00	
group_2704	4.30E-01	2.45E-03	6.84E-02	-1.10E+00	6.07E-01	7.35E-01	-1.51E+02	6.72E+00	
group_1795	4.30E-01	2.45E-03	6.84E-02	-1.10E+00	6.07E-01	7.35E-01	-1.51E+02	6.72E+00	
group_1727	4.30E-01	2.22E-05	1.09E-02	-1.55E+00	6.26E-01	8.54E-01	-1.53E+02	7.17E+00	
group_1693	4.30E-01	2.22E-05	1.09E-02	-1.55E+00	6.26E-01	8.54E-01	-1.53E+02	7.17E+00	
group_1692	4.30E-01	2.22E-05	1.09E-02	-1.55E+00	6.26E-01	8.54E-01	-1.53E+02	7.17E+00	
group_1380	4.20E-01	4.56E-03	3.78E-01	5.71E-01	6.61E-01	-3.00E-02	-1.73E+02	6.78E+00	
group_1885	3.90E-01	4.91E-04	6.08E-01	3.04E-01	5.91E-01	8.51E-02	-1.56E+02	6.23E+00	
group_1787	3.90E-01	1.51E-01	4.76E-01	4.34E-01	6.14E-01	5.93E-02	-1.62E+02	6.58E+00	
group_1307	3.90E-01	9.80E-05	2.98E-01	6.22E-01	5.95E-01	-6.69E-02	-1.55E+02	6.51E+00	
group_623	3.90E-01	5.39E-01	5.11E-01	3.93E-01	6.03E-01	4.13E-02	-1.65E+02	6.58E+00	
group_1439	3.80E-01	8.48E-08	1.25E-05	-2.98E+00	7.85E-01	1.20E+00	-1.64E+02	8.83E+00	
group_747	3.80E-01	8.48E-08	1.25E-05	-2.98E+00	7.85E-01	1.20E+00	-1.64E+02	8.83E+00	
group_81	3.80E-01	8.48E-08	1.25E-05	-2.98E+00	7.85E-01	1.20E+00	-1.64E+02	8.83E+00	
group_518	3.70E-01	6.23E-02	1.37E-01	9.59E-01	6.54E-01	-1.21E-01	-1.63E+02	7.16E+00	
group_3428	3.60E-01	5.73E-07	4.71E-04	-2.18E+00	6.53E-01	1.13E+00	-1.32E+02	5.93E+00	
group_1418	3.60E-01	1.24E-02	9.09E-01	7.11E-02	6.24E-01	1.83E-01	-1.61E+02	6.43E+00	
group_3059	3.50E-01	2.11E-02	2.82E-01	6.55E-01	6.13E-01	-3.75E-02	-1.59E+02	6.66E+00	
group_3003	3.40E-01	6.73E-01	8.81E-01	9.38E-02	6.25E-01	1.79E-01	-1.60E+02	6.40E+00	
group_3101	3.30E-01	3.00E-04	1.71E-05	-2.77E+00	7.38E-01	1.46E+00	-1.75E+02	8.47E+00	
group_3091	3.30E-01	5.70E-03	4.38E-03	-1.74E+00	6.41E-01	8.98E-01	-1.60E+02	7.39E+00	
group_3254	3.20E-01	1.98E-01	1.51E-02	1.91E+00	8.26E-01	-2.91E-01	-1.95E+02	5.75E+00	
group_3141	3.20E-01	6.04E-04	6.55E-02	1.13E+00	6.28E-01	-1.68E-01	-1.60E+02	6.28E+00	
group_2962	3.20E-01	2.49E-08	2.24E-09	-4.39E+00	9.97E-01	2.09E+00	-1.86E+02	8.25E+00	
group_2870	3.20E-01	3.21E-02	2.88E-01	-6.88E-01	6.54E-01	4.38E-01	-1.55E+02	6.92E+00	
group_2384	3.20E-01	3.21E-02	2.88E-01	-6.88E-01	6.54E-01	4.38E-01	-1.55E+02	6.92E+00	
group_1811	3.20E-01	3.21E-02	2.88E-01	-6.88E-01	6.54E-01	4.38E-01	-1.55E+02	6.92E+00	
group_1549	3.20E-01	8.63E-02	6.26E-01	3.29E-01	6.79E-01	1.22E-01	-1.62E+02	6.62E+00	
group_1534	3.20E-01	3.21E-02	2.88E-01	-6.88E-01	6.54E-01	4.38E-01	-1.55E+02	6.92E+00	
group_949	3.20E-01	3.21E-02	2.88E-01	-6.88E-01	6.54E-01	4.38E-01	-1.55E+02	6.92E+00	
group_824	3.20E-01	3.21E-02	2.88E-01	-6.88E-01	6.54E-01	4.38E-01	-1.55E+02	6.92E+00	
group_821	3.20E-01	3.21E-02	2.88E-01	-6.88E-01	6.54E-01	4.38E-01	-1.55E+02	6.92E+00	
group_603	3.20E-01	3.21E-02	2.88E-01	-6.88E-01	6.54E-01	4.38E-01	-1.55E+02	6.92E+00	
group_472	3.20E-01	3.21E-02	2.88E-01	-6.88E-01	6.54E-01	4.38E-01	-1.55E+02	6.92E+00	
group_32	3.20E-01	3.21E-02	2.88E-01	-6.88E-01	6.54E-01	4.38E-01	-1.55E+02	6.92E+00	
group_13	3.20E-01	3.21E-02	2.88E-01	-6.88E-01	6.54E-01	4.38E-01	-1.55E+02	6.92E+00	
group_2664	3.10E-01	2.80E-01	2.52E-03	2.30E+00	8.30E-01	-2.68E-01	-1.83E+02	6.10E+00	
group_2128	3.10E-01	5.17E-02	2.96E-01	-6.77E-01	6.55E-01	4.32E-01	-1.55E+02	6.94E+00	
group_1646	3.10E-01	1.74E-02	1.16E-01	-1.01E+00	6.57E-01	5.34E-01	-1.55E+02	7.22E+00	
group_1477	3.10E-01	5.17E-02	2.88E-01	-6.88E-01	6.54E-01	4.38E-01	-1.55E+02	6.92E+00	
group_1425	3.10E-01	2.80E-01	1.51E-02	1.91E+00	8.26E-01	-2.91E-01	-1.95E+02	5.75E+00	
group_2	3.10E-01	2.80E-01	2.52E-03	2.30E+00	8.30E-01	-2.68E-01	-1.83E+02	6.10E+00	
group_2773	3.00E-01	1.90E-01	6.52E-03	2.14E+00	8.45E-01	-4.52E-01	-2.15E+02	6.95E+00	
group_3425	2.90E-01	1.23E-01	4.16E-04	2.63E+00	8.49E-01	-4.32E-01	-1.93E+02	7.56E+00	
group_1903	2.90E-01	2.68E-09	1.00E+00	3.94E+00	1.30E+00	-9.44E-01	-1.29E-01	2.63E+00	bad-chisq
group_1578	2.90E-01	9.47E-04	6.26E-02	1.93E+00	1.17E+00	-1.28E-01	-1.34E+02	6.45E+00	
group_67	2.90E-01	4.73E-02	2.30E-02	1.82E+00	8.34E-01	-2.50E-01	-1.97E+02	6.01E+00	
group_2980	2.80E-01	3.73E-01	1.60E-02	1.91E+00	8.29E-01	-2.85E-01	-1.96E+02	5.79E+00	
group_273	2.80E-01	3.73E-01	1.60E-02	1.91E+00	8.29E-01	-2.85E-01	-1.96E+02	5.79E+00	
group_2162	2.70E-01	1.19E-09	1.00E+00	4.97E+00	8.92E-01	-9.91E-01	1.25E+00	3.26E+00	bad-chisq
group_872	2.70E-01	1.19E-09	1.00E+00	4.86E+00	9.01E-01	-9.71E-01	6.74E-01	3.15E+00	bad-chisq
group_1410	2.60E-01	1.00E+00	2.92E-03	2.36E+00	8.55E-01	-3.63E-01	-2.01E+02	5.72E+00	
group_266	2.60E-01	3.62E-01	1.60E-02	1.91E+00	8.29E-01	-2.85E-01	-1.96E+02	5.79E+00	
group_2462	2.50E-01	2.48E-01	3.01E-01	7.01E-01	6.84E-01	1.11E-02	-1.62E+02	6.90E+00	
group_2374	2.50E-01	2.48E-01	2.72E-01	7.98E-01	7.35E-01	1.55E-02	-1.71E+02	6.14E+00	
group_752	2.50E-01	1.06E-01	5.90E-04	3.22E+00	1.04E+00	-2.49E-01	-2.01E+02	4.51E+00	
group_2502	2.40E-01	6.10E-02	1.30E-01	-9.92E-01	6.66E-01	4.59E-01	-1.63E+02	6.78E+00	
group_3436	2.10E-01	4.61E-01	9.49E-01	-4.43E-02	6.87E-01	2.16E-01	-1.60E+02	6.44E+00	
group_609	2.10E-01	4.61E-01	1.00E+00	1.58E-04	7.02E-01	2.06E-01	-1.60E+02	6.44E+00	
group_153	2.10E-01	6.92E-03	8.54E-02	1.64E+00	9.49E-01	5.76E-02	-1.80E+02	6.22E+00	
group_3313	1.90E-01	1.28E-06	1.88E-02	-2.64E+00	6.60E-01	5.24E-01	-1.22E+02	3.75E+00	bad-chisq
group_3210	1.80E-01	1.00E+00	2.61E-04	7.55E+00	2.31E+00	-3.51E-02	-2.06E+02	9.11E+00	
group_1666	1.80E-01	1.00E+00	7.18E-04	3.35E+00	1.09E+00	-1.66E-01	-1.87E+02	3.69E+00	
group_397	1.80E-01	2.68E-04	4.60E-01	-6.86E-01	9.57E-01	2.80E-01	-1.54E+02	6.30E+00	
group_3007	1.70E-01	7.90E-01	1.87E-02	1.82E+00	8.03E-01	-1.50E-01	-1.89E+02	6.54E+00	
group_547	1.70E-01	4.24E-01	9.28E-01	7.00E-02	7.74E-01	1.93E-01	-1.61E+02	6.49E+00	
group_499	1.70E-01	1.66E-02	9.01E-01	-1.09E-01	8.78E-01	2.19E-01	-1.59E+02	6.43E+00	
group_3424	1.60E-01	1.00E+00	4.55E-01	5.54E-01	7.45E-01	1.11E-01	-1.63E+02	6.20E+00	
group_3416	1.50E-01	4.99E-02	5.95E-01	4.08E-01	7.73E-01	1.37E-01	-1.57E+02	6.32E+00	
group_2758	1.50E-01	4.99E-02	8.05E-02	2.60E+00	1.64E+00	7.07E-02	-1.72E+02	7.33E+00	
group_654	1.50E-01	4.99E-02	8.05E-02	2.60E+00	1.64E+00	7.07E-02	-1.72E+02	7.33E+00	
group_3138	1.40E-01	8.38E-02	8.04E-02	2.60E+00	1.64E+00	7.07E-02	-1.72E+02	7.33E+00	
group_1870	1.40E-01	5.47E-05	2.14E-03	-3.05E+00	6.55E-01	5.40E-01	-1.34E+02	5.29E+00	bad-chisq
group_1734	1.40E-01	2.11E-02	6.06E-04	3.11E+00	1.03E+00	-1.87E-01	-1.88E+02	6.34E+00	
group_1481	1.40E-01	2.11E-02	7.12E-01	4.93E-01	1.34E+00	1.80E-01	-1.61E+02	6.54E+00	
group_405	1.40E-01	2.11E-02	7.12E-01	4.93E-01	1.34E+00	1.80E-01	-1.61E+02	6.54E+00	
group_283	1.40E-01	2.11E-02	8.05E-02	2.60E+00	1.64E+00	7.07E-02	-1.72E+02	7.33E+00	
group_135	1.40E-01	1.00E+00	3.43E-01	-7.60E-01	8.05E-01	3.13E-01	-1.66E+02	7.00E+00	
group_3415	1.30E-01	7.66E-01	8.09E-01	-1.92E-01	7.94E-01	2.35E-01	-1.60E+02	6.44E+00	
group_3019	1.30E-01	1.11E-04	1.45E-03	4.23E+00	5.37E-01	-3.22E-02	-1.63E+02	6.02E+00	bad-chisq
group_1206	1.30E-01	7.66E-01	5.96E-01	4.45E-01	8.38E-01	1.55E-01	-1.61E+02	6.20E+00	
group_939	1.30E-01	7.66E-01	7.18E-04	3.55E+00	1.13E+00	-5.14E-02	-2.04E+02	6.42E+00	
group_398	1.30E-01	1.37E-01	8.04E-02	2.60E+00	1.64E+00	7.07E-02	-1.72E+02	7.33E+00	
group_146	1.30E-01	7.66E-01	3.29E-01	1.12E+00	1.22E+00	1.37E-01	-1.56E+02	6.04E+00	
group_3371	1.20E-01	1.00E+00	5.80E-01	5.72E-01	1.05E+00	1.51E-01	-1.60E+02	6.56E+00	
group_2853	1.20E-01	2.22E-04	1.45E-03	4.23E+00	5.37E-01	-3.22E-02	-1.63E+02	6.02E+00	bad-chisq
group_2693	1.20E-01	1.00E+00	6.61E-02	1.72E+00	9.59E-01	4.90E-02	-1.70E+02	5.71E+00	
group_2466	1.20E-01	2.18E-01	9.54E-01	-5.18E-02	9.07E-01	2.11E-01	-1.60E+02	6.47E+00	
group_2236	1.20E-01	1.38E-02	4.54E-04	5.84E+00	1.78E+00	-2.50E-03	-2.22E+02	9.53E+00	
group_2227	1.20E-01	1.00E+00	6.61E-02	1.72E+00	9.59E-01	4.90E-02	-1.70E+02	5.71E+00	
group_1133	1.20E-01	1.00E+00	6.61E-02	1.72E+00	9.59E-01	4.90E-02	-1.70E+02	5.71E+00	
group_857	1.20E-01	2.09E-03	3.08E-02	4.57E+00	8.56E-01	9.11E-02	-1.80E+02	7.64E+00	bad-chisq
group_305	1.20E-01	1.00E+00	6.61E-02	1.72E+00	9.59E-01	4.90E-02	-1.70E+02	5.71E+00	
group_302	1.20E-01	1.00E+00	3.08E-02	1.79E+00	8.47E-01	-5.73E-02	-1.84E+02	6.40E+00	
group_301	1.20E-01	2.09E-03	3.08E-02	4.57E+00	8.56E-01	9.11E-02	-1.80E+02	7.64E+00	bad-chisq
group_267	1.20E-01	1.00E+00	3.08E-02	1.79E+00	8.47E-01	-5.73E-02	-1.84E+02	6.40E+00	
group_228	1.20E-01	1.00E+00	3.08E-02	1.79E+00	8.47E-01	-5.73E-02	-1.84E+02	6.40E+00	
group_188	1.20E-01	1.00E+00	3.08E-02	1.79E+00	8.47E-01	-5.73E-02	-1.84E+02	6.40E+00	
group_155	1.20E-01	1.00E+00	6.61E-02	1.72E+00	9.59E-01	4.90E-02	-1.70E+02	5.71E+00	
group_74	1.20E-01	1.00E+00	6.61E-02	1.72E+00	9.59E-01	4.90E-02	-1.70E+02	5.71E+00	
group_8	1.20E-01	1.00E+00	3.08E-02	1.79E+00	8.47E-01	-5.73E-02	-1.84E+02	6.40E+00	
group_3212	1.10E-01	4.02E-03	2.53E-02	4.91E+00	7.91E-01	9.03E-02	-1.79E+02	7.63E+00	bad-chisq
group_3176	1.10E-01	3.38E-01	6.24E-01	-4.22E-01	8.68E-01	2.58E-01	-1.59E+02	6.43E+00	
group_2975	1.10E-01	7.49E-01	7.48E-02	1.69E+00	9.68E-01	5.82E-02	-1.72E+02	5.80E+00	
group_2721	1.10E-01	3.38E-01	2.72E-01	1.24E+00	1.14E+00	1.46E-01	-1.60E+02	5.43E+00	
group_2129	1.10E-01	7.49E-01	7.48E-02	1.69E+00	9.68E-01	5.82E-02	-1.72E+02	5.80E+00	
group_2020	1.10E-01	4.02E-03	3.08E-02	4.57E+00	8.56E-01	9.11E-02	-1.80E+02	7.64E+00	bad-chisq
group_1910	1.10E-01	7.49E-01	1.32E-01	1.23E+00	8.24E-01	3.22E-02	-1.74E+02	6.49E+00	
group_1877	1.10E-01	7.49E-01	7.48E-02	1.69E+00	9.68E-01	5.82E-02	-1.72E+02	5.80E+00	
group_1464	1.10E-01	7.49E-01	7.48E-02	1.69E+00	9.68E-01	5.82E-02	-1.72E+02	5.80E+00	
group_1434	1.10E-01	1.10E-01	4.91E-01	1.32E+00	5.93E-01	1.04E-01	-1.42E+02	5.79E+00	high-bse
group_1398	1.10E-01	2.53E-02	1.77E-03	7.27E+00	2.17E+00	5.43E-02	-2.13E+02	9.76E+00	
group_1373	1.10E-01	4.02E-03	3.99E-03	6.83E+00	9.00E-01	6.81E-02	-1.96E+02	8.71E+00	bad-chisq
group_285	1.10E-01	3.38E-01	9.65E-01	-3.83E-02	8.66E-01	2.11E-01	-1.60E+02	6.44E+00	
group_131	1.10E-01	2.53E-02	1.15E-02	5.16E+00	1.94E+00	7.61E-02	-1.95E+02	8.64E+00	
group_116	1.10E-01	1.10E-01	1.00E+00	-3.14E-04	1.45E+00	2.06E-01	-1.60E+02	6.44E+00	
group_3418	1.00E-01	1.82E-01	3.94E-05	8.47E+00	2.30E+00	-2.45E-02	-2.42E+02	1.07E+01	
group_2688	1.00E-01	1.82E-01	7.11E-01	4.96E-01	1.34E+00	1.80E-01	-1.61E+02	6.54E+00	
group_1588	1.00E-01	7.66E-03	1.95E-01	4.39E+00	5.55E-01	1.89E-01	-1.54E+02	5.17E+00	bad-chisq
group_1463	1.00E-01	1.00E+00	4.56E-02	1.82E+00	1.18E+00	5.03E-02	-1.60E+02	5.35E+00	bad-chisq
group_864	1.00E-01	4.55E-02	1.16E-03	7.79E+00	2.23E+00	5.66E-02	-2.14E+02	9.78E+00	
group_632	1.00E-01	4.55E-02	1.16E-03	7.79E+00	2.23E+00	5.66E-02	-2.14E+02	9.78E+00	
group_563	1.00E-01	7.66E-03	2.78E-03	7.29E+00	8.31E-01	6.85E-02	-1.97E+02	8.72E+00	bad-chisq
group_196	1.00E-01	7.66E-03	5.59E-01	1.57E+00	7.18E-01	1.61E-01	-1.56E+02	5.90E+00	bad-chisq
group_159	1.00E-01	8.58E-04	1.00E+00	2.11E+00	4.79E-01	2.07E-01	-1.48E+02	5.74E+00	bad-chisq
group_3388	9.00E-02	1.44E-02	2.78E-03	7.29E+00	8.31E-01	6.85E-02	-1.97E+02	8.72E+00	bad-chisq
group_3383	9.00E-02	1.44E-02	2.79E-03	7.29E+00	8.31E-01	6.84E-02	-1.97E+02	8.72E+00	bad-chisq
group_1917	9.00E-02	1.66E-03	1.00E+00	4.52E+00	5.62E-01	2.04E-01	-1.49E+02	5.81E+00	bad-chisq
group_1663	9.00E-02	1.44E-02	5.59E-01	1.57E+00	7.18E-01	1.61E-01	-1.56E+02	5.90E+00	bad-chisq
group_1472	9.00E-02	7.27E-01	1.47E-01	2.28E+00	7.08E-01	8.51E-02	-1.55E+02	6.31E+00	bad-chisq
group_1061	9.00E-02	7.27E-01	4.90E-01	-5.62E-01	1.11E+00	2.60E-01	-1.49E+02	5.77E+00	bad-chisq
group_417	9.00E-02	2.95E-01	1.75E-01	-1.55E+00	1.11E+00	3.13E-01	-1.72E+02	7.02E+00	
group_375	9.00E-02	1.66E-03	1.00E+00	4.52E+00	5.62E-01	2.04E-01	-1.49E+02	5.81E+00	bad-chisq
group_31	9.00E-02	1.44E-02	3.08E-02	4.57E+00	8.56E-01	9.11E-02	-1.80E+02	7.65E+00	bad-chisq
group_3442	8.00E-02	1.40E-01	8.13E-01	-2.57E-01	1.08E+00	2.28E-01	-1.61E+02	6.45E+00	
group_3437	8.00E-02	4.61E-01	7.30E-02	1.96E+00	1.06E+00	3.56E-02	-1.67E+02	6.82E+00	bad-chisq
group_3433	8.00E-02	1.40E-01	8.86E-02	-1.89E+00	1.18E+00	3.51E-01	-1.64E+02	6.64E+00	
group_3419	8.00E-02	3.19E-03	1.00E+00	5.20E+00	5.26E-01	2.03E-01	-1.49E+02	5.81E+00	bad-chisq
group_3408	8.00E-02	3.19E-03	1.00E+00	4.52E+00	5.62E-01	2.04E-01	-1.49E+02	5.81E+00	bad-chisq
group_3404	8.00E-02	1.40E-01	3.39E-02	1.09E+01	4.87E-01	1.05E-01	-1.64E+02	6.20E+00	high-bse
group_3375	8.00E-02	2.70E-02	2.12E-03	7.80E+00	7.34E-01	6.08E-02	-1.97E+02	8.85E+00	bad-chisq
group_3281	8.00E-02	2.70E-02	3.32E-01	-1.34E+00	7.83E-01	3.15E-01	-1.41E+02	5.14E+00	bad-chisq
group_3208	8.00E-02	2.70E-02	1.87E-03	8.18E+00	5.99E-01	5.66E-02	-1.95E+02	8.87E+00	bad-chisq
group_3083	8.00E-02	3.19E-03	2.13E-04	4.47E+00	5.93E-01	-4.61E-02	-1.70E+02	4.80E+00	bad-chisq
group_2776	8.00E-02	1.00E+00	1.58E-01	1.40E+00	1.05E+00	1.08E-01	-1.53E+02	5.37E+00	bad-chisq
group_2478	8.00E-02	1.00E+00	1.58E-01	1.40E+00	1.05E+00	1.08E-01	-1.53E+02	5.37E+00	bad-chisq
group_1907	8.00E-02	3.19E-03	1.00E+00	5.20E+00	5.26E-01	2.03E-01	-1.49E+02	5.81E+00	bad-chisq
group_1866	8.00E-02	1.00E+00	1.58E-01	1.40E+00	1.05E+00	1.08E-01	-1.53E+02	5.37E+00	bad-chisq
group_1834	8.00E-02	2.70E-02	1.87E-03	8.18E+00	5.99E-01	5.66E-02	-1.95E+02	8.87E+00	bad-chisq
group_1801	8.00E-02	1.00E+00	1.58E-01	1.40E+00	1.05E+00	1.08E-01	-1.53E+02	5.37E+00	bad-chisq
group_1622	8.00E-02	2.70E-02	2.39E-02	5.07E+00	7.04E-01	9.11E-02	-1.78E+02	7.55E+00	bad-chisq
group_1581	8.00E-02	2.70E-02	2.69E-03	7.36E+00	7.81E-01	6.63E-02	-1.96E+02	8.73E+00	bad-chisq
group_1558	8.00E-02	3.19E-03	1.00E+00	5.20E+00	5.26E-01	2.03E-01	-1.49E+02	5.81E+00	bad-chisq
group_1323	8.00E-02	1.00E+00	1.58E-01	1.40E+00	1.05E+00	1.08E-01	-1.53E+02	5.37E+00	bad-chisq
group_1321	8.00E-02	2.70E-02	2.79E-03	7.29E+00	8.31E-01	6.84E-02	-1.97E+02	8.72E+00	bad-chisq
group_1005	8.00E-02	2.70E-02	2.69E-03	7.36E+00	7.81E-01	6.63E-02	-1.96E+02	8.73E+00	bad-chisq
group_882	8.00E-02	1.00E+00	1.58E-01	1.40E+00	1.05E+00	1.08E-01	-1.53E+02	5.37E+00	bad-chisq
group_529	8.00E-02	3.19E-03	1.81E-01	-1.82E+00	6.27E-01	3.72E-01	-1.34E+02	4.56E+00	bad-chisq
group_335	8.00E-02	2.70E-02	2.69E-03	7.36E+00	7.81E-01	6.63E-02	-1.96E+02	8.73E+00	bad-chisq
group_23	8.00E-02	2.70E-02	2.69E-03	7.36E+00	7.81E-01	6.63E-02	-1.96E+02	8.73E+00	bad-chisq
group_3463	7.00E-02	6.08E-03	9.92E-02	-2.01E+00	6.20E-01	3.51E-01	-1.37E+02	5.29E+00	bad-chisq
group_3449	7.00E-02	2.40E-01	6.46E-01	-5.62E-01	1.09E+00	2.44E-01	-1.51E+02	5.80E+00	bad-chisq
group_3446	7.00E-02	5.00E-02	6.07E-02	2.07E+00	8.35E-01	1.44E-02	-1.55E+02	6.48E+00	bad-chisq
group_3438	7.00E-02	6.08E-03	2.75E-01	-1.58E+00	6.23E-01	3.34E-01	-1.35E+02	4.87E+00	bad-chisq
group_3435	7.00E-02	5.00E-02	2.78E-03	7.29E+00	8.31E-01	6.85E-02	-1.97E+02	8.72E+00	bad-chisq
group_3405	7.00E-02	6.08E-03	1.00E+00	4.52E+00	5.60E-01	2.04E-01	-1.49E+02	5.81E+00	bad-chisq
group_3382	7.00E-02	6.08E-03	2.38E-01	-1.68E+00	5.87E-01	3.13E-01	-1.42E+02	5.42E+00	bad-chisq
group_2705	7.00E-02	5.00E-02	2.43E-02	5.09E+00	6.17E-01	9.15E-02	-1.77E+02	7.51E+00	bad-chisq
group_2591	7.00E-02	6.95E-01	4.93E-01	4.31E-01	1.19E+00	1.57E-01	-1.50E+02	5.81E+00	bad-chisq
group_2335	7.00E-02	2.40E-01	6.70E-02	2.45E+00	8.52E-01	1.29E-01	-1.64E+02	5.57E+00	bad-chisq
group_1409	7.00E-02	2.40E-01	8.43E-02	2.52E+00	7.73E-01	1.32E-01	-1.48E+02	4.51E+00	bad-chisq
group_1239	7.00E-02	5.00E-02	2.43E-02	5.09E+00	6.17E-01	9.15E-02	-1.77E+02	7.51E+00	bad-chisq
group_739	7.00E-02	5.00E-02	1.00E+00	9.60E+00	4.98E-01	1.95E-01	-1.48E+02	5.73E+00	bad-chisq
group_448	7.00E-02	6.95E-01	6.56E-03	5.10E+00	7.13E-01	9.43E-03	-1.76E+02	7.58E+00	bad-chisq
group_339	7.00E-02	2.40E-01	6.70E-02	2.45E+00	8.52E-01	1.29E-01	-1.64E+02	5.57E+00	bad-chisq
group_237	7.00E-02	5.00E-02	1.00E+00	9.60E+00	4.98E-01	1.95E-01	-1.48E+02	5.73E+00	bad-chisq
group_213	7.00E-02	6.08E-03	1.00E+00	-8.39E-01	5.66E-01	2.73E-01	-1.41E+02	5.16E+00	bad-chisq
group_3478	6.00E-02	9.21E-02	7.70E-01	1.65E+00	6.41E-01	1.57E-01	-1.54E+02	6.01E+00	bad-chisq
group_3447	6.00E-02	9.21E-02	1.00E+00	-6.19E-02	8.91E-01	2.23E-01	-1.47E+02	5.69E+00	bad-chisq
group_3440	6.00E-02	1.00E+00	3.63E-01	-1.35E+00	8.32E-01	2.87E-01	-1.49E+02	5.64E+00	bad-chisq
group_3439	6.00E-02	4.00E-01	1.00E+00	5.16E-01	9.43E-01	1.74E-01	-1.50E+02	5.91E+00	bad-chisq
group_3422	6.00E-02	1.15E-02	1.00E+00	9.72E+00	4.98E-01	2.02E-01	-1.49E+02	5.83E+00	bad-chisq
group_3421	6.00E-02	1.15E-02	1.00E+00	9.72E+00	4.98E-01	2.02E-01	-1.49E+02	5.83E+00	bad-chisq
group_3420	6.00E-02	1.15E-02	1.00E+00	5.20E+00	5.26E-01	2.03E-01	-1.49E+02	5.81E+00	bad-chisq
group_3409	6.00E-02	1.15E-02	1.00E+00	9.72E+00	4.98E-01	2.02E-01	-1.49E+02	5.83E+00	bad-chisq
group_3406	6.00E-02	1.15E-02	1.00E+00	9.72E+00	4.98E-01	2.02E-01	-1.49E+02	5.83E+00	bad-chisq
group_3399	6.00E-02	1.15E-02	1.00E+00	5.20E+00	5.26E-01	2.03E-01	-1.49E+02	5.81E+00	bad-chisq
group_3392	6.00E-02	1.15E-02	1.00E+00	9.72E+00	4.98E-01	2.02E-01	-1.49E+02	5.83E+00	bad-chisq
group_3389	6.00E-02	1.15E-02	1.00E+00	9.72E+00	4.98E-01	2.02E-01	-1.49E+02	5.83E+00	bad-chisq
group_3384	6.00E-02	9.21E-02	2.79E-03	7.29E+00	8.31E-01	6.84E-02	-1.97E+02	8.72E+00	bad-chisq
group_3381	6.00E-02	1.15E-02	1.00E+00	9.72E+00	4.98E-01	2.02E-01	-1.49E+02	5.83E+00	bad-chisq
group_3376	6.00E-02	9.21E-02	2.06E-03	1.37E+01	4.37E-01	5.02E-02	-1.94E+02	8.92E+00	bad-chisq
group_3367	6.00E-02	1.15E-02	1.00E+00	9.72E+00	4.98E-01	2.02E-01	-1.49E+02	5.83E+00	bad-chisq
group_3366	6.00E-02	1.15E-02	1.00E+00	9.72E+00	4.98E-01	2.02E-01	-1.49E+02	5.83E+00	bad-chisq
esxN~~~esxL~~~esxV	6.00E-02	4.00E-01	1.00E+00	6.06E-01	8.47E-01	1.94E-01	-1.47E+02	5.37E+00	bad-chisq
group_1994	6.00E-02	1.15E-02	1.00E+00	5.20E+00	5.26E-01	2.03E-01	-1.49E+02	5.81E+00	bad-chisq
group_1829	6.00E-02	1.15E-02	1.00E+00	9.72E+00	4.98E-01	2.02E-01	-1.49E+02	5.83E+00	bad-chisq
group_1755	6.00E-02	4.00E-01	6.70E-02	2.45E+00	8.52E-01	1.29E-01	-1.64E+02	5.57E+00	bad-chisq
group_1611	6.00E-02	9.21E-02	1.91E-03	1.37E+01	4.91E-01	4.82E-02	-1.93E+02	8.95E+00	bad-chisq
group_1596	6.00E-02	1.15E-02	1.00E+00	9.72E+00	4.98E-01	2.02E-01	-1.49E+02	5.83E+00	bad-chisq
group_1591	6.00E-02	9.21E-02	2.43E-02	5.09E+00	6.17E-01	9.15E-02	-1.77E+02	7.51E+00	bad-chisq
group_324	6.00E-02	1.15E-02	3.17E-02	-2.49E+00	6.08E-01	4.00E-01	-1.43E+02	5.39E+00	bad-chisq
group_3479	5.00E-02	2.18E-02	1.00E+00	9.72E+00	4.98E-01	2.02E-01	-1.49E+02	5.83E+00	bad-chisq
group_3465	5.00E-02	2.18E-02	1.41E-01	-2.01E+00	5.74E-01	3.29E-01	-1.43E+02	5.44E+00	bad-chisq
group_3448	5.00E-02	2.18E-02	4.25E-01	-1.46E+00	5.60E-01	2.88E-01	-1.44E+02	5.53E+00	bad-chisq
group_3434	5.00E-02	2.18E-02	4.52E-01	-1.41E+00	5.68E-01	2.76E-01	-1.44E+02	5.70E+00	bad-chisq
group_3432	5.00E-02	2.18E-02	1.89E-01	-1.74E+00	6.04E-01	3.14E-01	-1.41E+02	5.55E+00	bad-chisq
group_3431	5.00E-02	6.46E-01	7.70E-01	4.95E-01	9.92E-01	1.71E-01	-1.51E+02	5.85E+00	bad-chisq
pabD	5.00E-02	2.18E-02	1.00E+00	4.52E+00	5.60E-01	2.04E-01	-1.49E+02	5.81E+00	bad-chisq
group_3417	5.00E-02	2.18E-02	1.00E+00	4.93E+00	4.38E-01	2.04E-01	-1.49E+02	5.80E+00	bad-chisq
group_3407	5.00E-02	2.18E-02	1.00E+00	9.72E+00	4.98E-01	2.02E-01	-1.49E+02	5.83E+00	bad-chisq
group_3403	5.00E-02	2.18E-02	1.00E+00	9.72E+00	4.98E-01	2.02E-01	-1.49E+02	5.83E+00	bad-chisq
group_3402	5.00E-02	2.18E-02	1.00E+00	9.77E+00	4.42E-01	2.03E-01	-1.49E+02	5.81E+00	bad-chisq
group_3401	5.00E-02	2.18E-02	1.00E+00	4.52E+00	5.60E-01	2.04E-01	-1.49E+02	5.81E+00	bad-chisq
group_3398	5.00E-02	2.18E-02	1.00E+00	9.72E+00	4.98E-01	2.02E-01	-1.49E+02	5.83E+00	bad-chisq
group_3397	5.00E-02	2.18E-02	1.00E+00	1.14E+01	4.68E-01	2.03E-01	-1.49E+02	5.80E+00	bad-chisq
group_3396	5.00E-02	2.18E-02	1.00E+00	9.72E+00	4.97E-01	2.02E-01	-1.49E+02	5.83E+00	bad-chisq
group_3391	5.00E-02	2.18E-02	1.00E+00	1.14E+01	4.68E-01	2.03E-01	-1.49E+02	5.80E+00	bad-chisq
group_3390	5.00E-02	2.18E-02	1.00E+00	9.77E+00	4.42E-01	2.03E-01	-1.49E+02	5.81E+00	bad-chisq
group_3386	5.00E-02	2.18E-02	1.00E+00	9.72E+00	4.98E-01	2.02E-01	-1.49E+02	5.83E+00	bad-chisq
group_3380	5.00E-02	2.18E-02	1.00E+00	9.72E+00	4.98E-01	2.02E-01	-1.49E+02	5.83E+00	bad-chisq
group_3378	5.00E-02	2.18E-02	1.00E+00	6.03E+00	4.36E-01	2.04E-01	-1.49E+02	5.81E+00	bad-chisq
group_3377	5.00E-02	2.18E-02	1.00E+00	9.72E+00	4.98E-01	2.02E-01	-1.49E+02	5.83E+00	bad-chisq
group_3374	5.00E-02	2.18E-02	1.00E+00	9.72E+00	4.98E-01	2.02E-01	-1.49E+02	5.83E+00	bad-chisq
group_3373	5.00E-02	2.18E-02	1.00E+00	1.14E+01	4.68E-01	2.03E-01	-1.49E+02	5.80E+00	bad-chisq
group_3370	5.00E-02	2.18E-02	1.00E+00	9.72E+00	4.98E-01	2.02E-01	-1.49E+02	5.83E+00	bad-chisq
group_3369	5.00E-02	2.18E-02	1.00E+00	1.14E+01	4.68E-01	2.03E-01	-1.49E+02	5.80E+00	bad-chisq
group_3368	5.00E-02	2.18E-02	1.00E+00	9.77E+00	4.42E-01	2.03E-01	-1.49E+02	5.81E+00	bad-chisq
group_1915	5.00E-02	2.18E-02	1.00E+00	1.14E+01	4.68E-01	2.03E-01	-1.49E+02	5.80E+00	bad-chisq
group_1889	5.00E-02	2.18E-02	1.00E+00	1.14E+01	4.68E-01	2.03E-01	-1.49E+02	5.80E+00	bad-chisq
group_1821	5.00E-02	2.18E-02	1.00E+00	1.14E+01	4.68E-01	2.03E-01	-1.49E+02	5.80E+00	bad-chisq
group_1608	5.00E-02	2.18E-02	1.00E+00	9.72E+00	4.98E-01	2.02E-01	-1.49E+02	5.83E+00	bad-chisq
group_1449	5.00E-02	2.18E-02	1.00E+00	1.14E+01	4.68E-01	2.03E-01	-1.49E+02	5.80E+00	bad-chisq
mmpS4	5.00E-02	2.18E-02	1.00E+00	1.12E+00	6.18E-01	1.79E-01	-1.38E+02	4.57E+00	bad-chisq
group_401	5.00E-02	2.18E-02	1.00E+00	9.77E+00	4.42E-01	2.03E-01	-1.49E+02	5.81E+00	bad-chisq
group_321	5.00E-02	2.18E-02	1.00E+00	1.14E+01	4.68E-01	2.03E-01	-1.49E+02	5.80E+00	bad-chisq
group_202	5.00E-02	2.18E-02	1.00E+00	1.14E+01	4.68E-01	2.03E-01	-1.49E+02	5.80E+00	bad-chisq
group_182	5.00E-02	6.46E-01	5.70E-05	8.81E+00	6.19E-01	-1.83E-02	-2.18E+02	9.35E+00	bad-chisq
group_137	5.00E-02	2.18E-02	1.00E+00	1.12E+00	6.18E-01	1.79E-01	-1.38E+02	4.57E+00	bad-chisq
group_3474	4.00E-02	3.07E-01	1.00E+00	1.99E-02	7.03E-01	1.91E-01	-1.46E+02	5.70E+00	bad-chisq
group_3473	4.00E-02	3.07E-01	1.00E+00	1.99E-02	7.03E-01	1.91E-01	-1.46E+02	5.70E+00	bad-chisq
group_3471	4.00E-02	3.07E-01	1.00E+00	1.99E-02	7.03E-01	1.91E-01	-1.46E+02	5.70E+00	bad-chisq
group_3470	4.00E-02	3.07E-01	1.00E+00	1.99E-02	7.03E-01	1.91E-01	-1.46E+02	5.70E+00	bad-chisq
group_3450	4.00E-02	3.07E-01	1.00E+00	-1.75E-01	7.73E-01	1.98E-01	-1.47E+02	5.76E+00	bad-chisq
group_3387	4.00E-02	3.07E-01	2.79E-03	7.29E+00	8.31E-01	6.84E-02	-1.97E+02	8.72E+00	bad-chisq
group_3280	4.00E-02	4.12E-02	1.00E+00	9.72E+00	4.97E-01	2.02E-01	-1.49E+02	5.83E+00	bad-chisq
group_3163	4.00E-02	4.12E-02	1.00E+00	1.14E+01	4.35E-01	2.04E-01	-1.49E+02	5.81E+00	bad-chisq
group_3148	4.00E-02	3.07E-01	1.00E+00	7.15E-01	5.76E-01	1.66E-01	-1.44E+02	5.63E+00	bad-chisq
group_2817	4.00E-02	3.07E-01	1.64E-01	3.78E+00	5.79E-01	1.30E-01	-1.60E+02	6.36E+00	bad-chisq
group_2711	4.00E-02	3.07E-01	1.91E-01	2.54E+00	6.55E-01	1.36E-01	-1.57E+02	5.92E+00	bad-chisq
group_2497	4.00E-02	3.07E-01	1.95E-01	-1.77E+00	7.81E-01	2.93E-01	-1.56E+02	6.20E+00	bad-chisq
group_2383	4.00E-02	4.12E-02	1.00E+00	9.72E+00	4.91E-01	2.02E-01	-1.49E+02	5.83E+00	bad-chisq
group_2135	4.00E-02	4.12E-02	1.00E+00	1.14E+01	4.68E-01	2.03E-01	-1.49E+02	5.80E+00	bad-chisq
group_1874	4.00E-02	1.00E+00	1.00E+00	1.99E+01	4.33E-01	1.82E-01	-1.47E+02	5.69E+00	bad-chisq
group_1334	4.00E-02	4.12E-02	1.00E+00	3.32E-01	5.95E-01	1.73E-01	-1.44E+02	5.44E+00	bad-chisq
group_1148	4.00E-02	4.12E-02	1.00E+00	1.14E+01	4.68E-01	2.03E-01	-1.49E+02	5.80E+00	bad-chisq
group_926	4.00E-02	4.12E-02	1.00E+00	3.32E-01	5.95E-01	1.73E-01	-1.44E+02	5.44E+00	bad-chisq
group_379	4.00E-02	4.12E-02	1.00E+00	9.72E+00	4.91E-01	2.02E-01	-1.49E+02	5.83E+00	bad-chisq
group_358	4.00E-02	3.07E-01	1.00E+00	1.65E+01	4.45E-01	1.97E-01	-1.48E+02	5.71E+00	bad-chisq
group_3482	3.00E-02	5.58E-01	4.71E-02	2.96E+00	7.34E-01	1.24E-01	-1.64E+02	5.65E+00	bad-chisq
group_3400	3.00E-02	7.86E-02	1.00E+00	1.14E+01	4.66E-01	2.03E-01	-1.49E+02	5.80E+00	bad-chisq
group_3372	3.00E-02	5.58E-01	2.68E-01	2.09E+01	4.33E-01	1.86E-01	-1.56E+02	5.29E+00	bad-chisq
group_3306	3.00E-02	7.86E-02	1.00E+00	1.67E+01	4.45E-01	2.04E-01	-1.49E+02	5.80E+00	bad-chisq
group_3230	3.00E-02	7.86E-02	1.00E+00	2.18E-01	4.84E-01	2.25E-01	-1.46E+02	5.62E+00	bad-chisq
group_3035	3.00E-02	5.58E-01	6.21E-01	1.84E+00	5.44E-01	1.84E-01	-1.44E+02	4.60E+00	bad-chisq
group_2725	3.00E-02	5.58E-01	6.28E-01	-1.05E+00	7.66E-01	2.51E-01	-1.50E+02	6.02E+00	bad-chisq
group_2158	3.00E-02	7.86E-02	1.00E+00	1.38E+01	4.34E-01	2.04E-01	-1.49E+02	5.82E+00	bad-chisq
group_1672	3.00E-02	5.58E-01	1.00E+00	2.01E+01	4.33E-01	1.97E-01	-1.48E+02	5.73E+00	bad-chisq
group_1564	3.00E-02	7.86E-02	1.00E+00	3.71E-01	4.33E-01	2.11E-01	-1.48E+02	5.84E+00	bad-chisq
group_1333	3.00E-02	5.58E-01	1.00E+00	5.86E-01	7.10E-01	1.87E-01	-1.50E+02	5.77E+00	bad-chisq
group_1016	3.00E-02	5.58E-01	1.00E+00	2.01E+01	4.33E-01	1.97E-01	-1.48E+02	5.73E+00	bad-chisq
group_914	3.00E-02	7.86E-02	1.00E+00	4.39E+00	4.33E-01	2.04E-01	-1.49E+02	5.82E+00	bad-chisq
group_806	3.00E-02	5.58E-01	2.04E-01	2.63E+00	6.62E-01	1.66E-01	-1.56E+02	5.44E+00	bad-chisq
group_3481	2.00E-02	1.00E+00	1.00E+00	4.31E+01	4.33E-01	1.97E-01	-1.48E+02	5.73E+00	bad-chisq
group_3472	2.00E-02	1.53E-01	1.00E+00	-3.10E-01	5.19E-01	1.81E-01	-1.47E+02	5.78E+00	bad-chisq
group_3468	2.00E-02	1.00E+00	1.00E+00	1.20E+00	7.01E-01	1.69E-01	-1.53E+02	5.87E+00	bad-chisq
group_3462	2.00E-02	1.53E-01	1.00E+00	9.78E+00	4.33E-01	2.04E-01	-1.50E+02	5.82E+00	bad-chisq
group_3451	2.00E-02	1.00E+00	1.00E+00	-5.15E-01	4.87E-01	2.06E-01	-1.46E+02	5.78E+00	bad-chisq
group_3443	2.00E-02	1.00E+00	1.00E+00	-1.48E+02	4.33E-01	2.04E-01	-1.50E+02	5.82E+00	bad-chisq
group_3427	2.00E-02	1.53E-01	3.74E-02	3.97E+00	4.54E-01	1.30E-01	-1.63E+02	5.75E+00	bad-chisq
group_3226	2.00E-02	1.53E-01	1.00E+00	2.03E+01	4.33E-01	2.04E-01	-1.50E+02	5.82E+00	bad-chisq
group_3218	2.00E-02	1.53E-01	1.00E+00	-1.23E-01	5.24E-01	1.84E-01	-1.46E+02	5.64E+00	bad-chisq
group_3211	2.00E-02	1.53E-01	1.00E+00	2.03E+01	4.33E-01	2.04E-01	-1.50E+02	5.82E+00	bad-chisq
group_3188	2.00E-02	1.00E+00	1.00E+00	4.31E+01	4.33E-01	1.97E-01	-1.48E+02	5.73E+00	bad-chisq
group_2475	2.00E-02	1.53E-01	1.00E+00	2.01E-03	5.08E-01	1.73E-01	-1.47E+02	5.82E+00	bad-chisq
group_1930	2.00E-02	1.53E-01	1.00E+00	-1.75E-01	5.25E-01	1.78E-01	-1.47E+02	5.79E+00	bad-chisq
group_1450	2.00E-02	1.53E-01	1.00E+00	1.67E+01	4.45E-01	2.04E-01	-1.49E+02	5.80E+00	bad-chisq
group_1287	2.00E-02	1.00E+00	1.00E+00	-1.02E+00	6.71E-01	2.14E-01	-1.53E+02	6.56E+00	bad-chisq
group_709	2.00E-02	1.00E+00	7.84E-02	4.80E+01	4.33E-01	1.49E-01	-1.65E+02	6.15E+00	bad-chisq
group_73	2.00E-02	1.53E-01	1.00E+00	-1.82E-01	4.33E-01	1.90E-01	-1.48E+02	5.71E+00	bad-chisq
group_33	2.00E-02	1.53E-01	1.00E+00	-9.10E-02	5.29E-01	2.25E-01	-1.46E+02	5.74E+00	bad-chisq
group_3480	1.00E-02	3.15E-01	1.00E+00	-5.06E-01	4.33E-01	1.89E-01	-1.48E+02	5.79E+00	bad-chisq
group_3477	1.00E-02	3.15E-01	1.00E+00	-7.92E-01	4.33E-01	1.92E-01	-1.48E+02	5.79E+00	bad-chisq
group_3476	1.00E-02	3.15E-01	1.00E+00	1.38E+01	4.33E-01	2.04E-01	-1.50E+02	5.82E+00	bad-chisq
group_3475	1.00E-02	3.15E-01	1.00E+00	-1.26E+00	4.33E-01	1.96E-01	-1.48E+02	5.80E+00	bad-chisq
group_3469	1.00E-02	3.15E-01	1.00E+00	-1.40E+00	4.33E-01	2.35E-01	-1.51E+02	6.07E+00	bad-chisq
group_3467	1.00E-02	3.15E-01	1.00E+00	2.12E+00	4.33E-01	2.07E-01	-1.49E+02	5.78E+00	bad-chisq
group_3466	1.00E-02	3.15E-01	1.00E+00	2.12E+00	4.33E-01	2.07E-01	-1.49E+02	5.78E+00	bad-chisq
group_3464	1.00E-02	3.15E-01	1.00E+00	7.43E-01	4.33E-01	2.13E-01	-1.48E+02	5.76E+00	bad-chisq
group_3461	1.00E-02	3.15E-01	1.00E+00	9.78E+00	4.33E-01	2.04E-01	-1.50E+02	5.82E+00	bad-chisq
group_3460	1.00E-02	3.15E-01	1.00E+00	6.04E+00	4.33E-01	2.04E-01	-1.50E+02	5.82E+00	bad-chisq
group_3459	1.00E-02	3.15E-01	1.00E+00	6.04E+00	4.33E-01	2.04E-01	-1.50E+02	5.82E+00	bad-chisq
group_3458	1.00E-02	3.15E-01	1.00E+00	4.35E+01	4.33E-01	2.04E-01	-1.50E+02	5.82E+00	bad-chisq
group_3457	1.00E-02	3.15E-01	1.00E+00	4.35E+01	4.33E-01	2.04E-01	-1.50E+02	5.82E+00	bad-chisq
group_3456	1.00E-02	3.15E-01	1.00E+00	4.35E+01	4.33E-01	2.04E-01	-1.50E+02	5.82E+00	bad-chisq
group_3455	1.00E-02	3.15E-01	1.00E+00	4.35E+01	4.33E-01	2.04E-01	-1.50E+02	5.82E+00	bad-chisq
group_3454	1.00E-02	3.15E-01	1.00E+00	4.35E+01	4.33E-01	2.04E-01	-1.50E+02	5.82E+00	bad-chisq
group_3453	1.00E-02	3.15E-01	1.00E+00	4.35E+01	4.33E-01	2.04E-01	-1.50E+02	5.82E+00	bad-chisq
group_3452	1.00E-02	3.15E-01	1.00E+00	4.35E+01	4.33E-01	2.04E-01	-1.50E+02	5.82E+00	bad-chisq
group_3445	1.00E-02	3.15E-01	1.00E+00	-9.06E-01	4.33E-01	1.97E-01	-1.48E+02	5.73E+00	bad-chisq
group_3444	1.00E-02	3.15E-01	1.00E+00	-9.06E-01	4.33E-01	1.97E-01	-1.48E+02	5.73E+00	bad-chisq
group_3441	1.00E-02	3.15E-01	1.00E+00	-1.53E+00	4.33E-01	2.01E-01	-1.48E+02	5.74E+00	bad-chisq
group_3430	1.00E-02	3.15E-01	1.00E+00	5.10E-01	4.33E-01	2.17E-01	-1.48E+02	5.72E+00	bad-chisq
group_3429	1.00E-02	3.15E-01	2.68E-01	2.96E+00	4.33E-01	1.86E-01	-1.56E+02	5.29E+00	bad-chisq
group_3426	1.00E-02	3.15E-01	1.00E+00	8.90E-01	4.33E-01	1.88E-01	-1.48E+02	5.46E+00	bad-chisq
group_3423	1.00E-02	3.15E-01	1.00E+00	-7.54E-01	4.33E-01	2.31E-01	-1.48E+02	5.84E+00	bad-chisq
group_3393	1.00E-02	3.15E-01	1.00E+00	4.35E+01	4.33E-01	2.04E-01	-1.50E+02	5.82E+00	bad-chisq
group_3385	1.00E-02	3.15E-01	1.00E+00	9.78E+00	4.33E-01	2.04E-01	-1.50E+02	5.82E+00	bad-chisq
group_3365	1.00E-02	3.15E-01	1.00E+00	-1.48E+02	4.33E-01	2.04E-01	-1.50E+02	5.82E+00	bad-chisq
group_3361	1.00E-02	3.15E-01	1.00E+00	4.35E+01	4.33E-01	2.04E-01	-1.50E+02	5.82E+00	bad-chisq
group_3318	1.00E-02	3.15E-01	1.00E+00	-2.56E-01	4.33E-01	2.28E-01	-1.47E+02	5.69E+00	bad-chisq
group_3283	1.00E-02	3.15E-01	1.00E+00	-6.22E-01	4.33E-01	1.90E-01	-1.48E+02	5.80E+00	bad-chisq
group_3166	1.00E-02	3.15E-01	1.00E+00	6.84E-01	4.33E-01	2.17E-01	-1.44E+02	5.01E+00	bad-chisq
group_3045	1.00E-02	3.15E-01	1.00E+00	9.78E+00	4.33E-01	2.04E-01	-1.50E+02	5.82E+00	bad-chisq
group_3034	1.00E-02	3.15E-01	1.00E+00	4.35E+01	4.33E-01	2.04E-01	-1.50E+02	5.82E+00	bad-chisq
group_2717	1.00E-02	3.15E-01	1.00E+00	-1.49E-01	4.33E-01	1.82E-01	-1.48E+02	5.85E+00	bad-chisq
group_2582	1.00E-02	3.15E-01	1.00E+00	6.84E-01	4.33E-01	2.17E-01	-1.44E+02	5.01E+00	bad-chisq
group_2359	1.00E-02	3.15E-01	1.00E+00	4.35E+01	4.33E-01	2.04E-01	-1.50E+02	5.82E+00	bad-chisq
group_527	1.00E-02	3.15E-01	1.00E+00	5.24E-02	4.33E-01	2.19E-01	-1.48E+02	5.78E+00	bad-chisq
group_506	1.00E-02	3.15E-01	1.00E+00	5.24E-02	4.33E-01	2.19E-01	-1.48E+02	5.78E+00	bad-chisq
mbcA	1.00E-02	3.15E-01	1.00E+00	5.24E-02	4.33E-01	2.19E-01	-1.48E+02	5.78E+00	bad-chisq
group_368	1.00E-02	3.15E-01	1.00E+00	4.35E+01	4.33E-01	2.04E-01	-1.50E+02	5.82E+00	bad-chisq
group_311	1.00E-02	3.15E-01	1.00E+00	4.35E+01	4.33E-01	2.04E-01	-1.50E+02	5.82E+00	bad-chisq
group_299	1.00E-02	3.15E-01	2.64E-01	2.81E+00	4.33E-01	1.62E-01	-1.57E+02	5.74E+00	bad-chisq
group_58	1.00E-02	3.15E-01	1.00E+00	4.35E+01	4.33E-01	2.04E-01	-1.50E+02	5.82E+00	bad-chisq
