variant	af	filter-pvalue	lrt-pvalue	beta	beta-std-err	intercept	notes
ppiC	9.90E-01	3.15E-01	1.00E+00	1.12E+00	4.97E+00	-1.10E+00	bad-chisq
group_8816	9.90E-01	3.15E-01	1.00E+00	1.12E+00	4.97E+00	-1.10E+00	bad-chisq
group_8811	9.90E-01	3.15E-01	1.00E+00	1.12E+00	4.97E+00	-1.10E+00	bad-chisq
group_8731	9.90E-01	3.15E-01	1.00E+00	1.12E+00	4.97E+00	-1.10E+00	bad-chisq
group_8730	9.90E-01	3.15E-01	1.00E+00	1.12E+00	4.97E+00	-1.10E+00	bad-chisq
group_8729	9.90E-01	3.15E-01	1.00E+00	1.12E+00	4.97E+00	-1.10E+00	bad-chisq
group_8600	9.90E-01	3.15E-01	1.00E+00	1.12E+00	4.97E+00	-1.10E+00	bad-chisq
group_8576	9.90E-01	3.15E-01	1.00E+00	1.12E+00	4.97E+00	-1.10E+00	bad-chisq
group_8574	9.90E-01	3.15E-01	1.00E+00	1.12E+00	4.97E+00	-1.10E+00	bad-chisq
group_8569	9.90E-01	3.15E-01	1.00E+00	-1.12E+00	4.97E+00	1.10E+00	bad-chisq
group_8550	9.90E-01	3.15E-01	1.00E+00	1.12E+00	4.97E+00	-1.10E+00	bad-chisq
bluR	9.90E-01	3.15E-01	1.00E+00	1.12E+00	4.97E+00	-1.10E+00	bad-chisq
slyA	9.90E-01	3.15E-01	1.00E+00	-1.12E+00	4.97E+00	1.10E+00	bad-chisq
hpxZ	9.90E-01	3.15E-01	1.00E+00	-1.12E+00	4.97E+00	1.10E+00	bad-chisq
group_8479	9.90E-01	3.15E-01	1.00E+00	1.12E+00	4.97E+00	-1.10E+00	bad-chisq
group_8457	9.90E-01	3.15E-01	1.00E+00	1.12E+00	4.97E+00	-1.10E+00	bad-chisq
group_8456	9.90E-01	3.15E-01	1.00E+00	1.12E+00	4.97E+00	-1.10E+00	bad-chisq
group_8431	9.90E-01	3.15E-01	1.00E+00	1.12E+00	4.97E+00	-1.10E+00	bad-chisq
group_8422	9.90E-01	3.15E-01	1.00E+00	-1.12E+00	4.97E+00	1.10E+00	bad-chisq
iraM	9.90E-01	3.15E-01	1.00E+00	-1.12E+00	4.97E+00	1.10E+00	bad-chisq
hokG~~~hokF	9.90E-01	3.15E-01	1.00E+00	1.12E+00	4.97E+00	-1.10E+00	bad-chisq
group_8398	9.90E-01	3.15E-01	1.00E+00	-1.12E+00	4.97E+00	1.10E+00	bad-chisq
group_8278	9.90E-01	3.15E-01	1.00E+00	1.12E+00	4.97E+00	-1.10E+00	bad-chisq
group_8016	9.90E-01	3.15E-01	1.00E+00	-1.12E+00	4.97E+00	1.10E+00	bad-chisq
group_7972	9.90E-01	3.15E-01	1.00E+00	-1.12E+00	4.97E+00	1.10E+00	bad-chisq
group_7961	9.90E-01	3.15E-01	1.00E+00	-1.12E+00	4.97E+00	1.10E+00	bad-chisq
group_7592	9.90E-01	3.15E-01	1.00E+00	1.12E+00	4.97E+00	-1.10E+00	bad-chisq
group_7555	9.90E-01	3.15E-01	1.00E+00	1.12E+00	4.97E+00	-1.10E+00	bad-chisq
narW	9.90E-01	3.15E-01	1.00E+00	1.12E+00	4.97E+00	-1.10E+00	bad-chisq
group_7411	9.90E-01	3.15E-01	1.00E+00	1.12E+00	4.97E+00	-1.10E+00	bad-chisq
group_7291	9.90E-01	3.15E-01	1.00E+00	-1.12E+00	4.97E+00	1.10E+00	bad-chisq
group_7258	9.90E-01	3.15E-01	1.00E+00	-1.12E+00	4.97E+00	1.10E+00	bad-chisq
group_7148	9.90E-01	3.15E-01	1.00E+00	1.12E+00	4.97E+00	-1.10E+00	bad-chisq
hypA	9.90E-01	3.15E-01	1.00E+00	1.12E+00	4.97E+00	-1.10E+00	bad-chisq
group_7030	9.90E-01	3.15E-01	1.00E+00	-1.12E+00	4.97E+00	1.10E+00	bad-chisq
ychN	9.90E-01	3.15E-01	1.00E+00	-1.12E+00	4.97E+00	1.10E+00	bad-chisq
group_6861	9.90E-01	3.15E-01	1.00E+00	1.12E+00	4.97E+00	-1.10E+00	bad-chisq
group_6778	9.90E-01	3.15E-01	1.00E+00	1.12E+00	4.97E+00	-1.10E+00	bad-chisq
group_6756	9.90E-01	3.15E-01	1.00E+00	-1.12E+00	4.97E+00	1.10E+00	bad-chisq
group_6714	9.90E-01	3.15E-01	1.00E+00	1.12E+00	4.97E+00	-1.10E+00	bad-chisq
group_6697	9.90E-01	3.15E-01	1.00E+00	-1.12E+00	4.97E+00	1.10E+00	bad-chisq
osmC	9.90E-01	3.15E-01	1.00E+00	-1.12E+00	4.97E+00	1.10E+00	bad-chisq
group_6588	9.90E-01	3.15E-01	1.00E+00	1.12E+00	4.97E+00	-1.10E+00	bad-chisq
group_6577	9.90E-01	3.15E-01	1.00E+00	1.12E+00	4.97E+00	-1.10E+00	bad-chisq
group_6575	9.90E-01	3.15E-01	1.00E+00	1.12E+00	4.97E+00	-1.10E+00	bad-chisq
hycA	9.90E-01	3.15E-01	1.00E+00	1.12E+00	4.97E+00	-1.10E+00	bad-chisq
group_6282	9.90E-01	3.15E-01	1.00E+00	1.12E+00	4.97E+00	-1.10E+00	bad-chisq
hydN	9.90E-01	3.15E-01	1.00E+00	1.12E+00	4.97E+00	-1.10E+00	bad-chisq
group_6031	9.90E-01	3.15E-01	1.00E+00	-1.12E+00	4.97E+00	1.10E+00	bad-chisq
group_5899	9.90E-01	3.15E-01	1.00E+00	1.12E+00	4.97E+00	-1.10E+00	bad-chisq
group_5676	9.90E-01	3.15E-01	1.00E+00	-1.12E+00	4.97E+00	1.10E+00	bad-chisq
modB	9.90E-01	3.15E-01	1.00E+00	1.12E+00	4.97E+00	-1.10E+00	bad-chisq
group_5574	9.90E-01	3.15E-01	1.00E+00	1.12E+00	4.97E+00	-1.10E+00	bad-chisq
yncC	9.90E-01	3.15E-01	1.00E+00	-1.12E+00	4.97E+00	1.10E+00	bad-chisq
group_5509	9.90E-01	3.15E-01	1.00E+00	1.12E+00	4.97E+00	-1.10E+00	bad-chisq
group_5448	9.90E-01	3.15E-01	1.00E+00	-1.12E+00	4.97E+00	1.10E+00	bad-chisq
group_5437	9.90E-01	3.15E-01	1.00E+00	-1.12E+00	4.97E+00	1.10E+00	bad-chisq
hpxA	9.90E-01	3.15E-01	1.00E+00	-1.12E+00	4.97E+00	1.10E+00	bad-chisq
group_5399	9.90E-01	3.15E-01	1.00E+00	1.12E+00	4.97E+00	-1.10E+00	bad-chisq
group_5383	9.90E-01	3.15E-01	1.00E+00	-1.12E+00	4.97E+00	1.10E+00	bad-chisq
group_5365	9.90E-01	3.15E-01	1.00E+00	1.12E+00	4.97E+00	-1.10E+00	bad-chisq
glnP	9.90E-01	3.15E-01	1.00E+00	-1.12E+00	4.97E+00	1.10E+00	bad-chisq
group_5338	9.90E-01	3.15E-01	1.00E+00	1.12E+00	4.97E+00	-1.10E+00	bad-chisq
group_5332	9.90E-01	3.15E-01	1.00E+00	-1.12E+00	4.97E+00	1.10E+00	bad-chisq
group_5319	9.90E-01	3.15E-01	1.00E+00	1.12E+00	4.97E+00	-1.10E+00	bad-chisq
group_5274	9.90E-01	3.15E-01	1.00E+00	-1.12E+00	4.97E+00	1.10E+00	bad-chisq
group_5262	9.90E-01	3.15E-01	1.00E+00	-1.12E+00	4.97E+00	1.10E+00	bad-chisq
hpxU	9.90E-01	3.15E-01	1.00E+00	-1.12E+00	4.97E+00	1.10E+00	bad-chisq
hycE	9.90E-01	3.15E-01	1.00E+00	1.12E+00	4.97E+00	-1.10E+00	bad-chisq
group_5004	9.90E-01	3.15E-01	1.00E+00	-1.12E+00	4.97E+00	1.10E+00	bad-chisq
group_4953	9.90E-01	3.15E-01	1.00E+00	-1.12E+00	4.97E+00	1.10E+00	bad-chisq
group_4843	9.90E-01	3.15E-01	1.00E+00	-1.12E+00	4.97E+00	1.10E+00	bad-chisq
group_4832	9.90E-01	3.15E-01	1.00E+00	1.12E+00	4.97E+00	-1.10E+00	bad-chisq
group_4819	9.90E-01	3.15E-01	1.00E+00	1.12E+00	4.97E+00	-1.10E+00	bad-chisq
group_4806	9.90E-01	3.15E-01	1.00E+00	-1.12E+00	4.97E+00	1.10E+00	bad-chisq
group_4794	9.90E-01	3.15E-01	1.00E+00	-1.12E+00	4.97E+00	1.10E+00	bad-chisq
group_4785	9.90E-01	3.15E-01	1.00E+00	-1.12E+00	4.97E+00	1.10E+00	bad-chisq
group_4755	9.90E-01	3.15E-01	1.00E+00	1.12E+00	4.97E+00	-1.10E+00	bad-chisq
group_4741	9.90E-01	3.15E-01	1.00E+00	1.12E+00	4.97E+00	-1.10E+00	bad-chisq
group_4595	9.90E-01	3.15E-01	1.00E+00	-1.12E+00	4.97E+00	1.10E+00	bad-chisq
group_4405	9.90E-01	3.15E-01	1.00E+00	1.12E+00	4.97E+00	-1.10E+00	bad-chisq
group_4108	9.90E-01	3.15E-01	1.00E+00	1.12E+00	4.97E+00	-1.10E+00	bad-chisq
group_4003	9.90E-01	3.15E-01	1.00E+00	1.12E+00	4.97E+00	-1.10E+00	bad-chisq
group_3922	9.90E-01	3.15E-01	1.00E+00	-1.12E+00	4.97E+00	1.10E+00	bad-chisq
group_3920	9.90E-01	3.15E-01	1.00E+00	-1.12E+00	4.97E+00	1.10E+00	bad-chisq
group_3888	9.90E-01	3.15E-01	1.00E+00	-1.12E+00	4.97E+00	1.10E+00	bad-chisq
group_3886	9.90E-01	3.15E-01	1.00E+00	-1.12E+00	4.97E+00	1.10E+00	bad-chisq
group_3873	9.90E-01	3.15E-01	1.00E+00	-1.12E+00	4.97E+00	1.10E+00	bad-chisq
group_3849	9.90E-01	3.15E-01	1.00E+00	-1.12E+00	4.97E+00	1.10E+00	bad-chisq
group_3826	9.90E-01	3.15E-01	1.00E+00	-1.12E+00	4.97E+00	1.10E+00	bad-chisq
iolE	9.90E-01	3.15E-01	1.00E+00	-1.12E+00	4.97E+00	1.10E+00	bad-chisq
group_3823	9.90E-01	3.15E-01	1.00E+00	-1.12E+00	4.97E+00	1.10E+00	bad-chisq
group_3817	9.90E-01	3.15E-01	1.00E+00	1.12E+00	4.97E+00	-1.10E+00	bad-chisq
group_3814	9.90E-01	3.15E-01	1.00E+00	-1.12E+00	4.97E+00	1.10E+00	bad-chisq
group_3809	9.90E-01	3.15E-01	1.00E+00	1.12E+00	4.97E+00	-1.10E+00	bad-chisq
group_3786	9.90E-01	3.15E-01	1.00E+00	1.12E+00	4.97E+00	-1.10E+00	bad-chisq
ydhS	9.90E-01	3.15E-01	1.00E+00	-1.12E+00	4.97E+00	1.10E+00	bad-chisq
group_3746	9.90E-01	3.15E-01	1.00E+00	1.12E+00	4.97E+00	-1.10E+00	bad-chisq
group_3736	9.90E-01	3.15E-01	1.00E+00	1.12E+00	4.97E+00	-1.10E+00	bad-chisq
group_3703	9.90E-01	3.15E-01	1.00E+00	-1.12E+00	4.97E+00	1.10E+00	bad-chisq
group_3688	9.90E-01	3.15E-01	1.00E+00	-1.12E+00	4.97E+00	1.10E+00	bad-chisq
group_3684	9.90E-01	3.15E-01	1.00E+00	-1.12E+00	4.97E+00	1.10E+00	bad-chisq
group_3674	9.90E-01	3.15E-01	1.00E+00	1.12E+00	4.97E+00	-1.10E+00	bad-chisq
group_3673	9.90E-01	3.15E-01	1.00E+00	1.12E+00	4.97E+00	-1.10E+00	bad-chisq
group_3631	9.90E-01	3.15E-01	1.00E+00	1.12E+00	4.97E+00	-1.10E+00	bad-chisq
group_3567	9.90E-01	3.15E-01	1.00E+00	-1.12E+00	4.97E+00	1.10E+00	bad-chisq
ascB	9.90E-01	3.15E-01	1.00E+00	1.12E+00	4.97E+00	-1.10E+00	bad-chisq
group_3539	9.90E-01	3.15E-01	1.00E+00	1.12E+00	4.97E+00	-1.10E+00	bad-chisq
group_3527	9.90E-01	3.15E-01	1.00E+00	1.12E+00	4.97E+00	-1.10E+00	bad-chisq
ynfH	9.90E-01	3.15E-01	1.00E+00	1.12E+00	4.97E+00	-1.10E+00	bad-chisq
group_3524	9.90E-01	3.15E-01	1.00E+00	1.12E+00	4.97E+00	-1.10E+00	bad-chisq
group_3522	9.90E-01	3.15E-01	1.00E+00	-1.12E+00	4.97E+00	1.10E+00	bad-chisq
group_3519	9.90E-01	3.15E-01	1.00E+00	-1.12E+00	4.97E+00	1.10E+00	bad-chisq
group_3517	9.90E-01	3.15E-01	1.00E+00	1.12E+00	4.97E+00	-1.10E+00	bad-chisq
group_3503	9.90E-01	3.15E-01	1.00E+00	-1.12E+00	4.97E+00	1.10E+00	bad-chisq
group_3495	9.90E-01	3.15E-01	1.00E+00	-1.12E+00	4.97E+00	1.10E+00	bad-chisq
group_3490	9.90E-01	3.15E-01	1.00E+00	1.12E+00	4.97E+00	-1.10E+00	bad-chisq
group_3486	9.90E-01	3.15E-01	1.00E+00	-1.12E+00	4.97E+00	1.10E+00	bad-chisq
group_3479	9.90E-01	3.15E-01	1.00E+00	1.12E+00	4.97E+00	-1.10E+00	bad-chisq
group_3463	9.90E-01	3.15E-01	1.00E+00	-1.12E+00	4.97E+00	1.10E+00	bad-chisq
group_3454	9.90E-01	3.15E-01	1.00E+00	-1.12E+00	4.97E+00	1.10E+00	bad-chisq
ariR	9.90E-01	3.15E-01	1.00E+00	1.12E+00	4.97E+00	-1.10E+00	bad-chisq
group_3436	9.90E-01	3.15E-01	1.00E+00	1.12E+00	4.97E+00	-1.10E+00	bad-chisq
group_3432	9.90E-01	3.15E-01	1.00E+00	1.12E+00	4.97E+00	-1.10E+00	bad-chisq
group_3430	9.90E-01	3.15E-01	1.00E+00	-1.12E+00	4.97E+00	1.10E+00	bad-chisq
group_3428	9.90E-01	3.15E-01	1.00E+00	-1.12E+00	4.97E+00	1.10E+00	bad-chisq
group_3406	9.90E-01	3.15E-01	1.00E+00	1.12E+00	4.97E+00	-1.10E+00	bad-chisq
group_3395	9.90E-01	3.15E-01	1.00E+00	1.12E+00	4.97E+00	-1.10E+00	bad-chisq
group_3380	9.90E-01	3.15E-01	1.00E+00	1.12E+00	4.97E+00	-1.10E+00	bad-chisq
yieK	9.90E-01	3.15E-01	1.00E+00	1.12E+00	4.97E+00	-1.10E+00	bad-chisq
group_3307	9.90E-01	3.15E-01	1.00E+00	-1.12E+00	4.97E+00	1.10E+00	bad-chisq
group_3305	9.90E-01	3.15E-01	1.00E+00	-1.12E+00	4.97E+00	1.10E+00	bad-chisq
bssR	9.90E-01	3.15E-01	1.00E+00	1.12E+00	4.97E+00	-1.10E+00	bad-chisq
group_3294	9.90E-01	3.15E-01	1.00E+00	1.12E+00	4.97E+00	-1.10E+00	bad-chisq
group_3285	9.90E-01	3.15E-01	1.00E+00	-1.12E+00	4.97E+00	1.10E+00	bad-chisq
group_3269	9.90E-01	3.15E-01	1.00E+00	1.12E+00	4.97E+00	-1.10E+00	bad-chisq
group_3209	9.90E-01	3.15E-01	1.00E+00	-1.12E+00	4.97E+00	1.10E+00	bad-chisq
group_3152	9.90E-01	3.15E-01	1.00E+00	-1.12E+00	4.97E+00	1.10E+00	bad-chisq
group_3139	9.90E-01	3.15E-01	1.00E+00	1.12E+00	4.97E+00	-1.10E+00	bad-chisq
group_3109	9.90E-01	3.15E-01	1.00E+00	-1.12E+00	4.97E+00	1.10E+00	bad-chisq
group_3090	9.90E-01	3.15E-01	1.00E+00	1.12E+00	4.97E+00	-1.10E+00	bad-chisq
group_3089	9.90E-01	3.15E-01	1.00E+00	1.12E+00	4.97E+00	-1.10E+00	bad-chisq
group_3079	9.90E-01	3.15E-01	1.00E+00	1.12E+00	4.97E+00	-1.10E+00	bad-chisq
group_3063	9.90E-01	3.15E-01	1.00E+00	-1.12E+00	4.97E+00	1.10E+00	bad-chisq
group_3035	9.90E-01	3.15E-01	1.00E+00	1.12E+00	4.97E+00	-1.10E+00	bad-chisq
group_3026	9.90E-01	3.15E-01	1.00E+00	1.12E+00	4.97E+00	-1.10E+00	bad-chisq
group_3022	9.90E-01	3.15E-01	1.00E+00	1.12E+00	4.97E+00	-1.10E+00	bad-chisq
group_3021	9.90E-01	3.15E-01	1.00E+00	1.12E+00	4.97E+00	-1.10E+00	bad-chisq
group_3019	9.90E-01	3.15E-01	1.00E+00	1.12E+00	4.97E+00	-1.10E+00	bad-chisq
group_3010	9.90E-01	3.15E-01	1.00E+00	1.12E+00	4.97E+00	-1.10E+00	bad-chisq
pqqA	9.90E-01	3.15E-01	1.00E+00	-1.12E+00	4.97E+00	1.10E+00	bad-chisq
group_3007	9.90E-01	3.15E-01	1.00E+00	-1.12E+00	4.97E+00	1.10E+00	bad-chisq
group_3004	9.90E-01	3.15E-01	1.00E+00	1.12E+00	4.97E+00	-1.10E+00	bad-chisq
group_2998	9.90E-01	3.15E-01	1.00E+00	1.12E+00	4.97E+00	-1.10E+00	bad-chisq
group_2997	9.90E-01	3.15E-01	1.00E+00	1.12E+00	4.97E+00	-1.10E+00	bad-chisq
modE	9.90E-01	3.15E-01	1.00E+00	1.12E+00	4.97E+00	-1.10E+00	bad-chisq
group_2937	9.90E-01	3.15E-01	1.00E+00	1.12E+00	4.97E+00	-1.10E+00	bad-chisq
group_2921	9.90E-01	3.15E-01	1.00E+00	-1.12E+00	4.97E+00	1.10E+00	bad-chisq
ydhK	9.90E-01	3.15E-01	1.00E+00	-1.12E+00	4.97E+00	1.10E+00	bad-chisq
group_2908	9.90E-01	3.15E-01	1.00E+00	1.12E+00	4.97E+00	-1.10E+00	bad-chisq
group_2899	9.90E-01	3.15E-01	1.00E+00	-1.12E+00	4.97E+00	1.10E+00	bad-chisq
group_2898	9.90E-01	3.15E-01	1.00E+00	-1.12E+00	4.97E+00	1.10E+00	bad-chisq
group_2896	9.90E-01	3.15E-01	1.00E+00	1.12E+00	4.97E+00	-1.10E+00	bad-chisq
group_2895	9.90E-01	3.15E-01	1.00E+00	1.12E+00	4.97E+00	-1.10E+00	bad-chisq
group_2887	9.90E-01	3.15E-01	1.00E+00	-1.12E+00	4.97E+00	1.10E+00	bad-chisq
group_2880	9.90E-01	3.15E-01	1.00E+00	1.12E+00	4.97E+00	-1.10E+00	bad-chisq
group_2862	9.90E-01	3.15E-01	1.00E+00	1.12E+00	4.97E+00	-1.10E+00	bad-chisq
group_2813	9.90E-01	3.15E-01	1.00E+00	1.12E+00	4.97E+00	-1.10E+00	bad-chisq
ymgA	9.90E-01	3.15E-01	1.00E+00	1.12E+00	4.97E+00	-1.10E+00	bad-chisq
group_2781	9.90E-01	3.15E-01	1.00E+00	-1.12E+00	4.97E+00	1.10E+00	bad-chisq
group_2767	9.90E-01	3.15E-01	1.00E+00	1.12E+00	4.97E+00	-1.10E+00	bad-chisq
group_2760	9.90E-01	3.15E-01	1.00E+00	1.12E+00	4.97E+00	-1.10E+00	bad-chisq
group_2731	9.90E-01	3.15E-01	1.00E+00	-1.12E+00	4.97E+00	1.10E+00	bad-chisq
group_2722	9.90E-01	3.15E-01	1.00E+00	1.12E+00	4.97E+00	-1.10E+00	bad-chisq
group_2715	9.90E-01	3.15E-01	1.00E+00	1.12E+00	4.97E+00	-1.10E+00	bad-chisq
group_2714	9.90E-01	3.15E-01	1.00E+00	1.12E+00	4.97E+00	-1.10E+00	bad-chisq
group_2669	9.90E-01	3.15E-01	1.00E+00	1.12E+00	4.97E+00	-1.10E+00	bad-chisq
group_2640	9.90E-01	3.15E-01	1.00E+00	-1.12E+00	4.97E+00	1.10E+00	bad-chisq
group_2616	9.90E-01	3.15E-01	1.00E+00	1.12E+00	4.97E+00	-1.10E+00	bad-chisq
group_2601	9.90E-01	3.15E-01	1.00E+00	1.12E+00	4.97E+00	-1.10E+00	bad-chisq
vasK~~~tssM	9.90E-01	3.15E-01	1.00E+00	1.12E+00	4.97E+00	-1.10E+00	bad-chisq
group_2571	9.90E-01	3.15E-01	1.00E+00	-1.12E+00	4.97E+00	1.10E+00	bad-chisq
phnT	9.90E-01	3.15E-01	1.00E+00	1.12E+00	4.97E+00	-1.10E+00	bad-chisq
phnV	9.90E-01	3.15E-01	1.00E+00	1.12E+00	4.97E+00	-1.10E+00	bad-chisq
group_2548	9.90E-01	3.15E-01	1.00E+00	1.12E+00	4.97E+00	-1.10E+00	bad-chisq
gcvA	9.90E-01	3.15E-01	1.00E+00	1.12E+00	4.97E+00	-1.10E+00	bad-chisq
group_2424	9.90E-01	3.15E-01	1.00E+00	1.12E+00	4.97E+00	-1.10E+00	bad-chisq
group_2415	9.90E-01	3.15E-01	1.00E+00	1.12E+00	4.97E+00	-1.10E+00	bad-chisq
group_2414	9.90E-01	3.15E-01	1.00E+00	1.12E+00	4.97E+00	-1.10E+00	bad-chisq
group_2376	9.90E-01	3.15E-01	1.00E+00	-1.12E+00	4.97E+00	1.10E+00	bad-chisq
yfeJ	9.90E-01	3.15E-01	1.00E+00	-1.12E+00	4.97E+00	1.10E+00	bad-chisq
group_2373	9.90E-01	3.15E-01	1.00E+00	1.12E+00	4.97E+00	-1.10E+00	bad-chisq
ppsC	9.90E-01	3.15E-01	1.00E+00	1.12E+00	4.97E+00	-1.10E+00	bad-chisq
group_2355	9.90E-01	3.15E-01	1.00E+00	1.12E+00	4.97E+00	-1.10E+00	bad-chisq
group_2345	9.90E-01	3.15E-01	1.00E+00	-1.12E+00	4.97E+00	1.10E+00	bad-chisq
group_2343	9.90E-01	3.15E-01	1.00E+00	1.12E+00	4.97E+00	-1.10E+00	bad-chisq
group_2342	9.90E-01	3.15E-01	1.00E+00	1.12E+00	4.97E+00	-1.10E+00	bad-chisq
modF	9.90E-01	3.15E-01	1.00E+00	1.12E+00	4.97E+00	-1.10E+00	bad-chisq
group_2330	9.90E-01	3.15E-01	1.00E+00	1.12E+00	4.97E+00	-1.10E+00	bad-chisq
group_2328	9.90E-01	3.15E-01	1.00E+00	-1.12E+00	4.97E+00	1.10E+00	bad-chisq
group_2314	9.90E-01	3.15E-01	1.00E+00	-1.12E+00	4.97E+00	1.10E+00	bad-chisq
group_2313	9.90E-01	3.15E-01	1.00E+00	-1.12E+00	4.97E+00	1.10E+00	bad-chisq
hypE	9.90E-01	3.15E-01	1.00E+00	1.12E+00	4.97E+00	-1.10E+00	bad-chisq
group_2248	9.90E-01	3.15E-01	1.00E+00	-1.12E+00	4.97E+00	1.10E+00	bad-chisq
group_2114	9.90E-01	3.15E-01	1.00E+00	1.12E+00	4.97E+00	-1.10E+00	bad-chisq
group_2074	9.90E-01	3.15E-01	1.00E+00	1.12E+00	4.97E+00	-1.10E+00	bad-chisq
group_2004	9.90E-01	3.15E-01	1.00E+00	1.12E+00	4.97E+00	-1.10E+00	bad-chisq
hypB	9.90E-01	3.15E-01	1.00E+00	1.12E+00	4.97E+00	-1.10E+00	bad-chisq
group_1966	9.90E-01	3.15E-01	1.00E+00	-1.12E+00	4.97E+00	1.10E+00	bad-chisq
azlD	9.90E-01	3.15E-01	1.00E+00	1.12E+00	4.97E+00	-1.10E+00	bad-chisq
group_1939	9.90E-01	3.15E-01	1.00E+00	-1.12E+00	4.97E+00	1.10E+00	bad-chisq
group_1926	9.90E-01	3.15E-01	1.00E+00	-1.12E+00	4.97E+00	1.10E+00	bad-chisq
group_1917	9.90E-01	3.15E-01	1.00E+00	1.12E+00	4.97E+00	-1.10E+00	bad-chisq
group_1905	9.90E-01	3.15E-01	1.00E+00	1.12E+00	4.97E+00	-1.10E+00	bad-chisq
group_1896	9.90E-01	3.15E-01	1.00E+00	-1.12E+00	4.97E+00	1.10E+00	bad-chisq
group_1895	9.90E-01	3.15E-01	1.00E+00	-1.12E+00	4.97E+00	1.10E+00	bad-chisq
tssJ	9.90E-01	3.15E-01	1.00E+00	1.12E+00	4.97E+00	-1.10E+00	bad-chisq
group_1832	9.90E-01	3.15E-01	1.00E+00	-1.12E+00	4.97E+00	1.10E+00	bad-chisq
group_1770	9.90E-01	3.15E-01	1.00E+00	-1.12E+00	4.97E+00	1.10E+00	bad-chisq
hypF	9.90E-01	3.15E-01	1.00E+00	1.12E+00	4.97E+00	-1.10E+00	bad-chisq
group_1769	9.90E-01	3.15E-01	1.00E+00	1.12E+00	4.97E+00	-1.10E+00	bad-chisq
group_1753	9.90E-01	3.15E-01	1.00E+00	1.12E+00	4.97E+00	-1.10E+00	bad-chisq
dsbG	9.90E-01	3.15E-01	1.00E+00	-1.12E+00	4.97E+00	1.10E+00	bad-chisq
group_1700	9.90E-01	3.15E-01	1.00E+00	1.12E+00	4.97E+00	-1.10E+00	bad-chisq
group_1671	9.90E-01	3.15E-01	1.00E+00	-1.12E+00	4.97E+00	1.10E+00	bad-chisq
pduM	9.90E-01	3.15E-01	1.00E+00	1.12E+00	4.97E+00	-1.10E+00	bad-chisq
rcsD	9.90E-01	3.15E-01	1.00E+00	1.12E+00	4.97E+00	-1.10E+00	bad-chisq
group_1627	9.90E-01	3.15E-01	1.00E+00	-1.12E+00	4.97E+00	1.10E+00	bad-chisq
group_1609	9.90E-01	3.15E-01	1.00E+00	1.12E+00	4.97E+00	-1.10E+00	bad-chisq
modC	9.90E-01	3.15E-01	1.00E+00	1.12E+00	4.97E+00	-1.10E+00	bad-chisq
group_1587	9.90E-01	3.15E-01	1.00E+00	-1.12E+00	4.97E+00	1.10E+00	bad-chisq
group_1574	9.90E-01	3.15E-01	1.00E+00	1.12E+00	4.97E+00	-1.10E+00	bad-chisq
evpB	9.90E-01	3.15E-01	1.00E+00	1.12E+00	4.97E+00	-1.10E+00	bad-chisq
group_1569	9.90E-01	3.15E-01	1.00E+00	1.12E+00	4.97E+00	-1.10E+00	bad-chisq
group_1566	9.90E-01	3.15E-01	1.00E+00	1.12E+00	4.97E+00	-1.10E+00	bad-chisq
group_1540	9.90E-01	3.15E-01	1.00E+00	-1.12E+00	4.97E+00	1.10E+00	bad-chisq
group_1539	9.90E-01	3.15E-01	1.00E+00	-1.12E+00	4.97E+00	1.10E+00	bad-chisq
group_1526	9.90E-01	3.15E-01	1.00E+00	1.12E+00	4.97E+00	-1.10E+00	bad-chisq
degA	9.90E-01	3.15E-01	1.00E+00	1.12E+00	4.97E+00	-1.10E+00	bad-chisq
group_1515	9.90E-01	3.15E-01	1.00E+00	1.12E+00	4.97E+00	-1.10E+00	bad-chisq
hycH	9.90E-01	3.15E-01	1.00E+00	1.12E+00	4.97E+00	-1.10E+00	bad-chisq
nupC	9.90E-01	3.15E-01	1.00E+00	1.12E+00	4.97E+00	-1.10E+00	bad-chisq
acrZ	9.90E-01	3.15E-01	1.00E+00	1.12E+00	4.97E+00	-1.10E+00	bad-chisq
group_1452	9.90E-01	3.15E-01	1.00E+00	1.12E+00	4.97E+00	-1.10E+00	bad-chisq
group_1444	9.90E-01	3.15E-01	1.00E+00	1.12E+00	4.97E+00	-1.10E+00	bad-chisq
hpxW	9.90E-01	3.15E-01	1.00E+00	-1.12E+00	4.97E+00	1.10E+00	bad-chisq
group_1376	9.90E-01	3.15E-01	1.00E+00	1.12E+00	4.97E+00	-1.10E+00	bad-chisq
group_1344	9.90E-01	3.15E-01	1.00E+00	-1.12E+00	4.97E+00	1.10E+00	bad-chisq
group_1335	9.90E-01	3.15E-01	1.00E+00	1.12E+00	4.97E+00	-1.10E+00	bad-chisq
ydhI	9.90E-01	3.15E-01	1.00E+00	-1.12E+00	4.97E+00	1.10E+00	bad-chisq
group_1328	9.90E-01	3.15E-01	1.00E+00	-1.12E+00	4.97E+00	1.10E+00	bad-chisq
group_1300	9.90E-01	3.15E-01	1.00E+00	1.12E+00	4.97E+00	-1.10E+00	bad-chisq
group_1291	9.90E-01	3.15E-01	1.00E+00	-1.12E+00	4.97E+00	1.10E+00	bad-chisq
group_1288	9.90E-01	3.15E-01	1.00E+00	-1.12E+00	4.97E+00	1.10E+00	bad-chisq
group_1286	9.90E-01	3.15E-01	1.00E+00	1.12E+00	4.97E+00	-1.10E+00	bad-chisq
group_1282	9.90E-01	3.15E-01	1.00E+00	1.12E+00	4.97E+00	-1.10E+00	bad-chisq
group_1280	9.90E-01	3.15E-01	1.00E+00	1.12E+00	4.97E+00	-1.10E+00	bad-chisq
group_1277	9.90E-01	3.15E-01	1.00E+00	1.12E+00	4.97E+00	-1.10E+00	bad-chisq
group_1273	9.90E-01	3.15E-01	1.00E+00	1.12E+00	4.97E+00	-1.10E+00	bad-chisq
group_1266	9.90E-01	3.15E-01	1.00E+00	-1.12E+00	4.97E+00	1.10E+00	bad-chisq
yjaB	9.90E-01	3.15E-01	1.00E+00	-1.12E+00	4.97E+00	1.10E+00	bad-chisq
group_1253	9.90E-01	3.15E-01	1.00E+00	-1.12E+00	4.97E+00	1.10E+00	bad-chisq
group_1238	9.90E-01	3.15E-01	1.00E+00	1.12E+00	4.97E+00	-1.10E+00	bad-chisq
group_1172	9.90E-01	3.15E-01	1.00E+00	-1.12E+00	4.97E+00	1.10E+00	bad-chisq
group_1144	9.90E-01	3.15E-01	1.00E+00	1.12E+00	4.97E+00	-1.10E+00	bad-chisq
group_1108	9.90E-01	3.15E-01	1.00E+00	1.12E+00	4.97E+00	-1.10E+00	bad-chisq
group_1091	9.90E-01	3.15E-01	1.00E+00	1.12E+00	4.97E+00	-1.10E+00	bad-chisq
group_1090	9.90E-01	3.15E-01	1.00E+00	-1.12E+00	4.97E+00	1.10E+00	bad-chisq
ytiA	9.90E-01	3.15E-01	1.00E+00	1.12E+00	4.97E+00	-1.10E+00	bad-chisq
group_1067	9.90E-01	3.15E-01	1.00E+00	1.12E+00	4.97E+00	-1.10E+00	bad-chisq
group_1052	9.90E-01	3.15E-01	1.00E+00	1.12E+00	4.97E+00	-1.10E+00	bad-chisq
group_1042	9.90E-01	3.15E-01	1.00E+00	-1.12E+00	4.97E+00	1.10E+00	bad-chisq
group_1027	9.90E-01	3.15E-01	1.00E+00	1.12E+00	4.97E+00	-1.10E+00	bad-chisq
group_1014	9.90E-01	3.15E-01	1.00E+00	1.12E+00	4.97E+00	-1.10E+00	bad-chisq
group_1011	9.90E-01	3.15E-01	1.00E+00	-1.12E+00	4.97E+00	1.10E+00	bad-chisq
group_1005	9.90E-01	3.15E-01	1.00E+00	1.12E+00	4.97E+00	-1.10E+00	bad-chisq
group_1001	9.90E-01	3.15E-01	1.00E+00	1.12E+00	4.97E+00	-1.10E+00	bad-chisq
ycgZ	9.90E-01	3.15E-01	1.00E+00	1.12E+00	4.97E+00	-1.10E+00	bad-chisq
group_913	9.90E-01	3.15E-01	1.00E+00	-1.12E+00	4.97E+00	1.10E+00	bad-chisq
group_876	9.90E-01	3.15E-01	1.00E+00	1.12E+00	4.97E+00	-1.10E+00	bad-chisq
pucI	9.90E-01	3.15E-01	1.00E+00	-1.12E+00	4.97E+00	1.10E+00	bad-chisq
group_841	9.90E-01	3.15E-01	1.00E+00	-1.12E+00	4.97E+00	1.10E+00	bad-chisq
group_788	9.90E-01	3.15E-01	1.00E+00	-1.12E+00	4.97E+00	1.10E+00	bad-chisq
group_775	9.90E-01	3.15E-01	1.00E+00	-1.12E+00	4.97E+00	1.10E+00	bad-chisq
group_732	9.90E-01	3.15E-01	1.00E+00	1.12E+00	4.97E+00	-1.10E+00	bad-chisq
group_731	9.90E-01	3.15E-01	1.00E+00	1.12E+00	4.97E+00	-1.10E+00	bad-chisq
hemP	9.90E-01	3.15E-01	1.00E+00	-1.12E+00	4.97E+00	1.10E+00	bad-chisq
group_715	9.90E-01	3.15E-01	1.00E+00	-1.12E+00	4.97E+00	1.10E+00	bad-chisq
group_704	9.90E-01	3.15E-01	1.00E+00	1.12E+00	4.97E+00	-1.10E+00	bad-chisq
group_667	9.90E-01	3.15E-01	1.00E+00	-1.12E+00	4.97E+00	1.10E+00	bad-chisq
pulD	9.90E-01	3.15E-01	1.00E+00	1.12E+00	4.97E+00	-1.10E+00	bad-chisq
group_640	9.90E-01	3.15E-01	1.00E+00	1.12E+00	4.97E+00	-1.10E+00	bad-chisq
group_623	9.90E-01	3.15E-01	1.00E+00	1.12E+00	4.97E+00	-1.10E+00	bad-chisq
group_612	9.90E-01	3.15E-01	1.00E+00	1.12E+00	4.97E+00	-1.10E+00	bad-chisq
group_608	9.90E-01	3.15E-01	1.00E+00	1.12E+00	4.97E+00	-1.10E+00	bad-chisq
betT	9.90E-01	3.15E-01	1.00E+00	1.12E+00	4.97E+00	-1.10E+00	bad-chisq
group_545	9.90E-01	3.15E-01	1.00E+00	1.12E+00	4.97E+00	-1.10E+00	bad-chisq
betI	9.90E-01	3.15E-01	1.00E+00	1.12E+00	4.97E+00	-1.10E+00	bad-chisq
cadA	9.90E-01	3.15E-01	1.00E+00	1.12E+00	4.97E+00	-1.10E+00	bad-chisq
tssA~~~impA	9.90E-01	3.15E-01	1.00E+00	1.12E+00	4.97E+00	-1.10E+00	bad-chisq
group_343	9.90E-01	3.15E-01	1.00E+00	1.12E+00	4.97E+00	-1.10E+00	bad-chisq
mscS	9.90E-01	3.15E-01	1.00E+00	1.12E+00	4.97E+00	-1.10E+00	bad-chisq
group_97	9.90E-01	3.15E-01	1.00E+00	1.12E+00	4.97E+00	-1.10E+00	bad-chisq
group_11	9.90E-01	3.15E-01	1.00E+00	1.12E+00	4.97E+00	-1.10E+00	bad-chisq
group_8715	9.80E-01	1.53E-01	3.76E-01	1.65E+00	4.95E+00	-1.61E+00	bad-chisq
group_8689	9.80E-01	1.53E-01	3.76E-01	1.65E+00	4.95E+00	-1.61E+00	bad-chisq
group_8657	9.80E-01	1.53E-01	3.76E-01	1.65E+00	4.95E+00	-1.61E+00	bad-chisq
yqeG	9.80E-01	1.53E-01	3.76E-01	-1.65E+00	4.95E+00	1.61E+00	bad-chisq
dgoR	9.80E-01	1.53E-01	3.76E-01	1.65E+00	4.95E+00	-1.61E+00	bad-chisq
group_8619	9.80E-01	1.00E+00	1.00E+00	0.00E+00	4.95E+00	0.00E+00	bad-chisq
group_8613	9.80E-01	1.00E+00	1.00E+00	0.00E+00	4.95E+00	0.00E+00	bad-chisq
group_8594	9.80E-01	1.53E-01	3.76E-01	1.65E+00	4.95E+00	-1.61E+00	bad-chisq
group_8568	9.80E-01	1.53E-01	3.76E-01	1.65E+00	4.95E+00	-1.61E+00	bad-chisq
group_8531	9.80E-01	1.53E-01	3.76E-01	1.65E+00	4.95E+00	-1.61E+00	bad-chisq
group_8471	9.80E-01	1.53E-01	3.76E-01	1.65E+00	4.95E+00	-1.61E+00	bad-chisq
group_8465	9.80E-01	1.53E-01	3.76E-01	1.65E+00	4.95E+00	-1.61E+00	bad-chisq
group_8461	9.80E-01	1.53E-01	3.76E-01	1.65E+00	4.95E+00	-1.61E+00	bad-chisq
group_8447	9.80E-01	1.00E+00	1.00E+00	0.00E+00	4.95E+00	0.00E+00	bad-chisq
group_8430	9.80E-01	1.53E-01	3.76E-01	1.65E+00	4.95E+00	-1.61E+00	bad-chisq
group_8405	9.80E-01	1.53E-01	3.76E-01	1.65E+00	4.95E+00	-1.61E+00	bad-chisq
group_8257	9.80E-01	1.53E-01	3.76E-01	1.65E+00	4.95E+00	-1.61E+00	bad-chisq
group_8252	9.80E-01	1.00E+00	1.00E+00	0.00E+00	4.95E+00	0.00E+00	bad-chisq
group_7764	9.80E-01	1.53E-01	3.76E-01	-1.65E+00	4.95E+00	1.61E+00	bad-chisq
group_7758	9.80E-01	1.53E-01	3.76E-01	1.65E+00	4.95E+00	-1.61E+00	bad-chisq
yjdJ	9.80E-01	1.53E-01	3.76E-01	-1.65E+00	4.95E+00	1.61E+00	bad-chisq
group_6997	9.80E-01	1.53E-01	3.76E-01	1.65E+00	4.95E+00	-1.61E+00	bad-chisq
group_6848	9.80E-01	1.53E-01	3.76E-01	1.65E+00	4.95E+00	-1.61E+00	bad-chisq
group_6833	9.80E-01	1.00E+00	1.00E+00	0.00E+00	4.95E+00	0.00E+00	bad-chisq
group_6673	9.80E-01	1.53E-01	3.76E-01	1.65E+00	4.95E+00	-1.61E+00	bad-chisq
group_6512	9.80E-01	1.53E-01	3.76E-01	1.65E+00	4.95E+00	-1.61E+00	bad-chisq
fimG	9.80E-01	1.53E-01	3.76E-01	-1.65E+00	4.95E+00	1.61E+00	bad-chisq
group_6227	9.80E-01	1.53E-01	3.76E-01	1.65E+00	4.95E+00	-1.61E+00	bad-chisq
group_5982	9.80E-01	1.53E-01	3.76E-01	1.65E+00	4.95E+00	-1.61E+00	bad-chisq
group_5691	9.80E-01	1.00E+00	1.00E+00	0.00E+00	4.95E+00	0.00E+00	bad-chisq
group_5492	9.80E-01	1.53E-01	3.76E-01	1.65E+00	4.95E+00	-1.61E+00	bad-chisq
group_5463	9.80E-01	1.53E-01	3.76E-01	1.65E+00	4.95E+00	-1.61E+00	bad-chisq
group_5419	9.80E-01	1.53E-01	3.76E-01	1.65E+00	4.95E+00	-1.61E+00	bad-chisq
group_5305	9.80E-01	1.00E+00	1.00E+00	0.00E+00	4.95E+00	0.00E+00	bad-chisq
group_5231	9.80E-01	1.00E+00	1.00E+00	0.00E+00	4.95E+00	0.00E+00	bad-chisq
group_5213	9.80E-01	1.53E-01	3.76E-01	1.65E+00	4.95E+00	-1.61E+00	bad-chisq
group_5099	9.80E-01	1.53E-01	3.76E-01	1.65E+00	4.95E+00	-1.61E+00	bad-chisq
group_4970	9.80E-01	1.53E-01	3.76E-01	1.65E+00	4.95E+00	-1.61E+00	bad-chisq
fimH	9.80E-01	1.53E-01	3.76E-01	-1.65E+00	4.95E+00	1.61E+00	bad-chisq
group_4694	9.80E-01	1.53E-01	3.76E-01	-1.65E+00	4.95E+00	1.61E+00	bad-chisq
group_4571	9.80E-01	1.53E-01	3.76E-01	1.65E+00	4.95E+00	-1.61E+00	bad-chisq
mdtN	9.80E-01	1.53E-01	3.76E-01	-1.65E+00	4.95E+00	1.61E+00	bad-chisq
group_4236	9.80E-01	1.00E+00	1.00E+00	0.00E+00	4.95E+00	0.00E+00	bad-chisq
group_4198	9.80E-01	1.53E-01	3.76E-01	1.65E+00	4.95E+00	-1.61E+00	bad-chisq
group_4151	9.80E-01	1.53E-01	3.76E-01	-1.65E+00	4.95E+00	1.61E+00	bad-chisq
group_4102	9.80E-01	1.53E-01	3.76E-01	-1.65E+00	4.95E+00	1.61E+00	bad-chisq
group_4077	9.80E-01	1.00E+00	1.00E+00	0.00E+00	4.95E+00	0.00E+00	bad-chisq
group_4070	9.80E-01	1.53E-01	3.76E-01	1.65E+00	4.95E+00	-1.61E+00	bad-chisq
urtC	9.80E-01	1.53E-01	3.76E-01	1.65E+00	4.95E+00	-1.61E+00	bad-chisq
group_3835	9.80E-01	1.53E-01	3.76E-01	-1.65E+00	4.95E+00	1.61E+00	bad-chisq
group_3725	9.80E-01	1.53E-01	3.76E-01	-1.65E+00	4.95E+00	1.61E+00	bad-chisq
group_3680	9.80E-01	1.53E-01	3.76E-01	-1.65E+00	4.95E+00	1.61E+00	bad-chisq
group_3660	9.80E-01	1.53E-01	3.76E-01	-1.65E+00	4.95E+00	1.61E+00	bad-chisq
fimB	9.80E-01	1.53E-01	3.76E-01	-1.65E+00	4.95E+00	1.61E+00	bad-chisq
group_3614	9.80E-01	1.53E-01	3.76E-01	-1.65E+00	4.95E+00	1.61E+00	bad-chisq
group_3543	9.80E-01	1.00E+00	1.00E+00	0.00E+00	4.95E+00	0.00E+00	bad-chisq
nepI	9.80E-01	1.53E-01	3.76E-01	-1.65E+00	4.95E+00	1.61E+00	bad-chisq
group_3498	9.80E-01	1.53E-01	3.76E-01	-1.65E+00	4.95E+00	1.61E+00	bad-chisq
insA	9.80E-01	1.53E-01	3.76E-01	1.65E+00	4.95E+00	-1.61E+00	bad-chisq
fimE	9.80E-01	1.53E-01	3.76E-01	-1.65E+00	4.95E+00	1.61E+00	bad-chisq
group_3325	9.80E-01	1.53E-01	3.76E-01	1.65E+00	4.95E+00	-1.61E+00	bad-chisq
fimI	9.80E-01	1.53E-01	3.76E-01	-1.65E+00	4.95E+00	1.61E+00	bad-chisq
mgtC	9.80E-01	1.00E+00	1.00E+00	0.00E+00	4.95E+00	0.00E+00	bad-chisq
group_3277	9.80E-01	1.53E-01	3.76E-01	1.65E+00	4.95E+00	-1.61E+00	bad-chisq
group_3140	9.80E-01	1.00E+00	1.00E+00	0.00E+00	4.95E+00	0.00E+00	bad-chisq
group_3129	9.80E-01	1.53E-01	3.76E-01	-1.65E+00	4.95E+00	1.61E+00	bad-chisq
group_3120	9.80E-01	1.53E-01	3.76E-01	1.65E+00	4.95E+00	-1.61E+00	bad-chisq
group_3101	9.80E-01	1.53E-01	3.76E-01	-1.65E+00	4.95E+00	1.61E+00	bad-chisq
group_2976	9.80E-01	1.53E-01	3.76E-01	1.65E+00	4.95E+00	-1.61E+00	bad-chisq
group_2972	9.80E-01	1.00E+00	1.00E+00	0.00E+00	4.95E+00	0.00E+00	bad-chisq
group_2971	9.80E-01	1.53E-01	3.76E-01	1.65E+00	4.95E+00	-1.61E+00	bad-chisq
hdeB	9.80E-01	1.00E+00	1.00E+00	0.00E+00	4.95E+00	0.00E+00	bad-chisq
group_2933	9.80E-01	1.53E-01	3.76E-01	-1.65E+00	4.95E+00	1.61E+00	bad-chisq
group_2917	9.80E-01	1.00E+00	1.00E+00	0.00E+00	4.95E+00	0.00E+00	bad-chisq
yghA	9.80E-01	1.00E+00	1.00E+00	0.00E+00	4.95E+00	0.00E+00	bad-chisq
group_2900	9.80E-01	1.00E+00	1.00E+00	0.00E+00	4.95E+00	0.00E+00	bad-chisq
group_2870	9.80E-01	1.53E-01	3.76E-01	1.65E+00	4.95E+00	-1.61E+00	bad-chisq
group_2859	9.80E-01	1.00E+00	1.00E+00	0.00E+00	4.95E+00	0.00E+00	bad-chisq
group_2853	9.80E-01	1.53E-01	3.76E-01	1.65E+00	4.95E+00	-1.61E+00	bad-chisq
group_2837	9.80E-01	1.53E-01	3.76E-01	1.65E+00	4.95E+00	-1.61E+00	bad-chisq
group_2790	9.80E-01	1.53E-01	3.76E-01	-1.65E+00	4.95E+00	1.61E+00	bad-chisq
group_2787	9.80E-01	1.53E-01	3.76E-01	-1.65E+00	4.95E+00	1.61E+00	bad-chisq
group_2753	9.80E-01	1.00E+00	1.00E+00	0.00E+00	4.95E+00	0.00E+00	bad-chisq
group_2660	9.80E-01	1.00E+00	1.00E+00	0.00E+00	4.95E+00	0.00E+00	bad-chisq
group_2659	9.80E-01	1.00E+00	1.00E+00	0.00E+00	4.95E+00	0.00E+00	bad-chisq
group_2563	9.80E-01	1.53E-01	3.76E-01	-1.65E+00	4.95E+00	1.61E+00	bad-chisq
fimA	9.80E-01	1.53E-01	3.76E-01	-1.65E+00	4.95E+00	1.61E+00	bad-chisq
group_2524	9.80E-01	1.00E+00	1.00E+00	0.00E+00	4.95E+00	0.00E+00	bad-chisq
group_2465	9.80E-01	1.00E+00	1.00E+00	0.00E+00	4.95E+00	0.00E+00	bad-chisq
fimC	9.80E-01	1.53E-01	3.76E-01	-1.65E+00	4.95E+00	1.61E+00	bad-chisq
ydbC	9.80E-01	1.53E-01	3.76E-01	-1.65E+00	4.95E+00	1.61E+00	bad-chisq
group_2380	9.80E-01	1.53E-01	3.76E-01	1.65E+00	4.95E+00	-1.61E+00	bad-chisq
group_2363	9.80E-01	1.00E+00	1.00E+00	0.00E+00	4.95E+00	0.00E+00	bad-chisq
group_2360	9.80E-01	1.00E+00	1.00E+00	0.00E+00	4.95E+00	0.00E+00	bad-chisq
group_2341	9.80E-01	1.53E-01	3.76E-01	1.65E+00	4.95E+00	-1.61E+00	bad-chisq
group_2337	9.80E-01	1.53E-01	3.76E-01	1.65E+00	4.95E+00	-1.61E+00	bad-chisq
yajO	9.80E-01	1.00E+00	1.00E+00	0.00E+00	4.95E+00	0.00E+00	bad-chisq
group_2290	9.80E-01	1.53E-01	3.76E-01	-1.65E+00	4.95E+00	1.61E+00	bad-chisq
group_2285	9.80E-01	1.00E+00	1.00E+00	0.00E+00	4.95E+00	0.00E+00	bad-chisq
group_2282	9.80E-01	1.53E-01	3.76E-01	1.65E+00	4.95E+00	-1.61E+00	bad-chisq
group_2275	9.80E-01	1.53E-01	3.76E-01	1.65E+00	4.95E+00	-1.61E+00	bad-chisq
yphG	9.80E-01	1.53E-01	3.76E-01	1.65E+00	4.95E+00	-1.61E+00	bad-chisq
group_2266	9.80E-01	1.53E-01	3.76E-01	1.65E+00	4.95E+00	-1.61E+00	bad-chisq
group_2165	9.80E-01	1.53E-01	3.76E-01	1.65E+00	4.95E+00	-1.61E+00	bad-chisq
group_2159	9.80E-01	1.53E-01	3.76E-01	-1.65E+00	4.95E+00	1.61E+00	bad-chisq
araC	9.80E-01	1.53E-01	3.76E-01	-1.65E+00	4.95E+00	1.61E+00	bad-chisq
group_2071	9.80E-01	1.53E-01	3.76E-01	-1.65E+00	4.95E+00	1.61E+00	bad-chisq
group_2052	9.80E-01	1.53E-01	3.76E-01	1.65E+00	4.95E+00	-1.61E+00	bad-chisq
group_1987	9.80E-01	1.53E-01	3.76E-01	1.65E+00	4.95E+00	-1.61E+00	bad-chisq
group_1931	9.80E-01	1.00E+00	1.00E+00	0.00E+00	4.95E+00	0.00E+00	bad-chisq
group_1929	9.80E-01	1.00E+00	1.00E+00	0.00E+00	4.95E+00	0.00E+00	bad-chisq
ybbJ	9.80E-01	1.53E-01	3.76E-01	1.65E+00	4.95E+00	-1.61E+00	bad-chisq
fimF	9.80E-01	1.53E-01	3.76E-01	-1.65E+00	4.95E+00	1.61E+00	bad-chisq
group_1731	9.80E-01	1.53E-01	3.76E-01	1.65E+00	4.95E+00	-1.61E+00	bad-chisq
group_1697	9.80E-01	1.53E-01	3.76E-01	1.65E+00	4.95E+00	-1.61E+00	bad-chisq
group_1615	9.80E-01	1.53E-01	3.76E-01	1.65E+00	4.95E+00	-1.61E+00	bad-chisq
group_1568	9.80E-01	1.53E-01	3.76E-01	-1.65E+00	4.95E+00	1.61E+00	bad-chisq
group_1491	9.80E-01	1.00E+00	1.00E+00	0.00E+00	4.95E+00	0.00E+00	bad-chisq
group_1486	9.80E-01	1.00E+00	1.00E+00	0.00E+00	4.95E+00	0.00E+00	bad-chisq
group_1472	9.80E-01	1.00E+00	1.00E+00	0.00E+00	4.95E+00	0.00E+00	bad-chisq
group_1461	9.80E-01	1.00E+00	1.00E+00	0.00E+00	4.95E+00	0.00E+00	bad-chisq
group_1457	9.80E-01	1.00E+00	1.00E+00	0.00E+00	4.95E+00	0.00E+00	bad-chisq
group_1316	9.80E-01	1.53E-01	3.76E-01	1.65E+00	4.95E+00	-1.61E+00	bad-chisq
group_1314	9.80E-01	1.53E-01	3.76E-01	1.65E+00	4.95E+00	-1.61E+00	bad-chisq
fimK	9.80E-01	1.53E-01	3.76E-01	-1.65E+00	4.95E+00	1.61E+00	bad-chisq
ydiF	9.80E-01	1.53E-01	3.76E-01	1.65E+00	4.95E+00	-1.61E+00	bad-chisq
group_1215	9.80E-01	1.53E-01	3.76E-01	-1.65E+00	4.95E+00	1.61E+00	bad-chisq
group_1208	9.80E-01	1.00E+00	1.00E+00	0.00E+00	4.95E+00	0.00E+00	bad-chisq
group_1181	9.80E-01	1.00E+00	1.00E+00	0.00E+00	4.95E+00	0.00E+00	bad-chisq
group_1120	9.80E-01	1.00E+00	1.00E+00	0.00E+00	4.95E+00	0.00E+00	bad-chisq
ytcA	9.80E-01	1.53E-01	3.76E-01	-1.65E+00	4.95E+00	1.61E+00	bad-chisq
group_1069	9.80E-01	1.53E-01	3.76E-01	1.65E+00	4.95E+00	-1.61E+00	bad-chisq
group_1039	9.80E-01	1.53E-01	3.76E-01	-1.65E+00	4.95E+00	1.61E+00	bad-chisq
group_995	9.80E-01	1.53E-01	3.76E-01	1.65E+00	4.95E+00	-1.61E+00	bad-chisq
group_951	9.80E-01	1.53E-01	3.76E-01	1.65E+00	4.95E+00	-1.61E+00	bad-chisq
group_929	9.80E-01	1.53E-01	3.76E-01	-1.65E+00	4.95E+00	1.61E+00	bad-chisq
group_901	9.80E-01	1.53E-01	3.76E-01	-1.65E+00	4.95E+00	1.61E+00	bad-chisq
ywbA	9.80E-01	1.53E-01	3.76E-01	1.65E+00	4.95E+00	-1.61E+00	bad-chisq
group_860	9.80E-01	1.53E-01	3.76E-01	1.65E+00	4.95E+00	-1.61E+00	bad-chisq
group_838	9.80E-01	1.00E+00	1.00E+00	0.00E+00	4.95E+00	0.00E+00	bad-chisq
group_820	9.80E-01	1.53E-01	3.76E-01	1.65E+00	4.95E+00	-1.61E+00	bad-chisq
group_625	9.80E-01	1.53E-01	3.76E-01	1.65E+00	4.95E+00	-1.61E+00	bad-chisq
group_610	9.80E-01	1.00E+00	1.00E+00	0.00E+00	4.95E+00	0.00E+00	bad-chisq
group_564	9.80E-01	1.53E-01	3.76E-01	1.65E+00	4.95E+00	-1.61E+00	bad-chisq
lysR~~~pgrR	9.80E-01	1.53E-01	3.76E-01	1.65E+00	4.95E+00	-1.61E+00	bad-chisq
group_303	9.80E-01	1.53E-01	3.76E-01	1.65E+00	4.95E+00	-1.61E+00	bad-chisq
group_302	9.80E-01	1.53E-01	3.76E-01	1.65E+00	4.95E+00	-1.61E+00	bad-chisq
group_277	9.80E-01	1.53E-01	3.76E-01	1.65E+00	4.95E+00	-1.61E+00	bad-chisq
bamA	9.80E-01	1.53E-01	3.76E-01	1.65E+00	4.95E+00	-1.61E+00	bad-chisq
group_251	9.80E-01	1.53E-01	3.76E-01	1.65E+00	4.95E+00	-1.61E+00	bad-chisq
dhaT	9.80E-01	1.53E-01	3.76E-01	1.65E+00	4.95E+00	-1.61E+00	bad-chisq
group_61	9.80E-01	1.53E-01	3.76E-01	1.65E+00	4.95E+00	-1.61E+00	bad-chisq
group_50	9.80E-01	1.53E-01	3.76E-01	-1.65E+00	4.95E+00	1.61E+00	bad-chisq
pgtP	9.80E-01	1.00E+00	1.00E+00	0.00E+00	4.95E+00	0.00E+00	bad-chisq
group_8726	9.70E-01	5.58E-01	1.00E+00	5.31E-01	4.92E+00	-5.11E-01	bad-chisq
group_8571	9.70E-01	5.58E-01	1.00E+00	5.31E-01	4.92E+00	-5.11E-01	bad-chisq
group_8549	9.70E-01	7.86E-02	1.29E-01	2.01E+00	4.92E+00	-1.95E+00	bad-chisq
group_8543	9.70E-01	5.58E-01	1.00E+00	5.31E-01	4.92E+00	-5.11E-01	bad-chisq
group_8506	9.70E-01	5.58E-01	1.00E+00	5.31E-01	4.92E+00	-5.11E-01	bad-chisq
group_8466	9.70E-01	5.58E-01	1.00E+00	5.31E-01	4.92E+00	-5.11E-01	bad-chisq
group_8458	9.70E-01	5.58E-01	1.00E+00	5.31E-01	4.92E+00	-5.11E-01	bad-chisq
group_8445	9.70E-01	5.58E-01	1.00E+00	5.31E-01	4.92E+00	-5.11E-01	bad-chisq
narL	9.70E-01	5.58E-01	1.00E+00	-5.31E-01	4.92E+00	5.11E-01	bad-chisq
yphH	9.70E-01	7.86E-02	1.29E-01	2.01E+00	4.92E+00	-1.95E+00	bad-chisq
group_7830	9.70E-01	7.86E-02	1.29E-01	-2.01E+00	4.92E+00	1.95E+00	bad-chisq
yefM	9.70E-01	5.58E-01	1.00E+00	5.31E-01	4.92E+00	-5.11E-01	bad-chisq
group_7448	9.70E-01	7.86E-02	1.29E-01	2.01E+00	4.92E+00	-1.95E+00	bad-chisq
group_6914	9.70E-01	5.58E-01	1.00E+00	5.31E-01	4.92E+00	-5.11E-01	bad-chisq
hcp	9.70E-01	5.58E-01	1.00E+00	-5.31E-01	4.92E+00	5.11E-01	bad-chisq
mrkA	9.70E-01	7.86E-02	1.29E-01	-2.01E+00	4.92E+00	1.95E+00	bad-chisq
group_4820	9.70E-01	5.58E-01	1.00E+00	5.31E-01	4.92E+00	-5.11E-01	bad-chisq
group_4522	9.70E-01	5.58E-01	1.00E+00	5.31E-01	4.92E+00	-5.11E-01	bad-chisq
group_4113	9.70E-01	5.58E-01	1.00E+00	5.31E-01	4.92E+00	-5.11E-01	bad-chisq
group_3912	9.70E-01	7.86E-02	1.29E-01	-2.01E+00	4.92E+00	1.95E+00	bad-chisq
ygbN	9.70E-01	7.86E-02	1.29E-01	-2.01E+00	4.92E+00	1.95E+00	bad-chisq
group_3836	9.70E-01	5.58E-01	1.00E+00	-5.31E-01	4.92E+00	5.11E-01	bad-chisq
group_3805	9.70E-01	7.86E-02	1.29E-01	-2.01E+00	4.92E+00	1.95E+00	bad-chisq
group_3739	9.70E-01	7.86E-02	1.29E-01	2.01E+00	4.92E+00	-1.95E+00	bad-chisq
group_3657	9.70E-01	7.86E-02	1.29E-01	-2.01E+00	4.92E+00	1.95E+00	bad-chisq
group_3494	9.70E-01	5.58E-01	1.00E+00	5.31E-01	4.92E+00	-5.11E-01	bad-chisq
mrkI~~~luxR	9.70E-01	7.86E-02	1.29E-01	-2.01E+00	4.92E+00	1.95E+00	bad-chisq
group_3376	9.70E-01	5.58E-01	1.00E+00	-5.31E-01	4.92E+00	5.11E-01	bad-chisq
group_3369	9.70E-01	5.58E-01	1.00E+00	-5.31E-01	4.92E+00	5.11E-01	bad-chisq
group_3368	9.70E-01	7.86E-02	1.29E-01	-2.01E+00	4.92E+00	1.95E+00	bad-chisq
group_3363	9.70E-01	7.86E-02	1.29E-01	-2.01E+00	4.92E+00	1.95E+00	bad-chisq
group_3358	9.70E-01	5.58E-01	1.00E+00	5.31E-01	4.92E+00	-5.11E-01	bad-chisq
group_3333	9.70E-01	7.86E-02	1.29E-01	-2.01E+00	4.92E+00	1.95E+00	bad-chisq
group_3318	9.70E-01	5.58E-01	1.00E+00	5.31E-01	4.92E+00	-5.11E-01	bad-chisq
mrkH	9.70E-01	7.86E-02	1.29E-01	-2.01E+00	4.92E+00	1.95E+00	bad-chisq
group_3234	9.70E-01	7.86E-02	1.29E-01	-2.01E+00	4.92E+00	1.95E+00	bad-chisq
tssL	9.70E-01	5.58E-01	1.00E+00	-5.31E-01	4.92E+00	5.11E-01	bad-chisq
group_3091	9.70E-01	5.58E-01	1.00E+00	5.31E-01	4.92E+00	-5.11E-01	bad-chisq
group_2982	9.70E-01	5.58E-01	1.00E+00	-5.31E-01	4.92E+00	5.11E-01	bad-chisq
mrkJ~~~ydiV	9.70E-01	7.86E-02	1.29E-01	-2.01E+00	4.92E+00	1.95E+00	bad-chisq
group_2694	9.70E-01	5.58E-01	1.00E+00	5.31E-01	4.92E+00	-5.11E-01	bad-chisq
dotU	9.70E-01	5.58E-01	1.00E+00	-5.31E-01	4.92E+00	5.11E-01	bad-chisq
evpB~~~tssC	9.70E-01	5.58E-01	1.00E+00	-5.31E-01	4.92E+00	5.11E-01	bad-chisq
group_2553	9.70E-01	7.86E-02	1.29E-01	-2.01E+00	4.92E+00	1.95E+00	bad-chisq
group_2533	9.70E-01	5.58E-01	1.00E+00	5.31E-01	4.92E+00	-5.11E-01	bad-chisq
mrkD	9.70E-01	7.86E-02	1.29E-01	-2.01E+00	4.92E+00	1.95E+00	bad-chisq
group_2467	9.70E-01	7.86E-02	1.29E-01	-2.01E+00	4.92E+00	1.95E+00	bad-chisq
tssI~~~vgrG	9.70E-01	5.58E-01	1.00E+00	-5.31E-01	4.92E+00	5.11E-01	bad-chisq
group_2455	9.70E-01	5.58E-01	1.00E+00	-5.31E-01	4.92E+00	5.11E-01	bad-chisq
ychO	9.70E-01	5.58E-01	1.00E+00	-5.31E-01	4.92E+00	5.11E-01	bad-chisq
vgrG~~~impA~~~vgrG1	9.70E-01	5.58E-01	1.00E+00	-5.31E-01	4.92E+00	5.11E-01	bad-chisq
pecM	9.70E-01	7.86E-02	1.29E-01	-2.01E+00	4.92E+00	1.95E+00	bad-chisq
group_2038	9.70E-01	5.58E-01	1.00E+00	5.31E-01	4.92E+00	-5.11E-01	bad-chisq
group_1989	9.70E-01	5.58E-01	1.00E+00	5.31E-01	4.92E+00	-5.11E-01	bad-chisq
group_1820	9.70E-01	5.58E-01	1.00E+00	-5.31E-01	4.92E+00	5.11E-01	bad-chisq
group_1544	9.70E-01	5.58E-01	1.00E+00	5.31E-01	4.92E+00	-5.11E-01	bad-chisq
group_1443	9.70E-01	5.58E-01	1.00E+00	5.31E-01	4.92E+00	-5.11E-01	bad-chisq
mrkF	9.70E-01	7.86E-02	1.29E-01	-2.01E+00	4.92E+00	1.95E+00	bad-chisq
group_1149	9.70E-01	5.58E-01	1.00E+00	5.31E-01	4.92E+00	-5.11E-01	bad-chisq
group_979	9.70E-01	7.86E-02	1.29E-01	-2.01E+00	4.92E+00	1.95E+00	bad-chisq
group_863	9.70E-01	5.58E-01	1.00E+00	5.31E-01	4.92E+00	-5.11E-01	bad-chisq
group_799	9.70E-01	5.58E-01	1.00E+00	5.31E-01	4.92E+00	-5.11E-01	bad-chisq
group_691	9.70E-01	5.58E-01	1.00E+00	5.31E-01	4.92E+00	-5.11E-01	bad-chisq
ompA	9.70E-01	5.58E-01	1.00E+00	-5.31E-01	4.92E+00	5.11E-01	bad-chisq
tssB	9.70E-01	5.58E-01	1.00E+00	-5.31E-01	4.92E+00	5.11E-01	bad-chisq
group_304	9.70E-01	7.86E-02	1.29E-01	2.01E+00	4.92E+00	-1.95E+00	bad-chisq
mrkC	9.70E-01	7.86E-02	1.29E-01	-2.01E+00	4.92E+00	1.95E+00	bad-chisq
clpB~~~tssH	9.70E-01	5.58E-01	1.00E+00	-5.31E-01	4.92E+00	5.11E-01	bad-chisq
group_8835	9.60E-01	3.07E-01	3.64E-01	-8.89E-01	4.90E+00	8.47E-01	bad-chisq
group_8700	9.60E-01	1.00E+00	1.00E+00	0.00E+00	4.90E+00	0.00E+00	bad-chisq
group_8679	9.60E-01	1.00E+00	1.00E+00	0.00E+00	4.90E+00	0.00E+00	bad-chisq
group_8674	9.60E-01	1.00E+00	1.00E+00	0.00E+00	4.90E+00	0.00E+00	bad-chisq
group_8631	9.60E-01	3.07E-01	3.64E-01	8.89E-01	4.90E+00	-8.47E-01	bad-chisq
group_8625	9.60E-01	1.00E+00	1.00E+00	0.00E+00	4.90E+00	0.00E+00	bad-chisq
mrkB	9.60E-01	3.07E-01	3.64E-01	-8.89E-01	4.90E+00	8.47E-01	bad-chisq
group_8109	9.60E-01	4.12E-02	5.11E-02	2.28E+00	4.89E+00	-2.20E+00	bad-chisq
group_5215	9.60E-01	1.00E+00	1.00E+00	0.00E+00	4.90E+00	0.00E+00	bad-chisq
group_4723	9.60E-01	1.00E+00	1.00E+00	0.00E+00	4.90E+00	0.00E+00	bad-chisq
group_4166	9.60E-01	3.07E-01	3.64E-01	8.89E-01	4.90E+00	-8.47E-01	bad-chisq
yhjC	9.60E-01	3.07E-01	3.64E-01	-8.89E-01	4.90E+00	8.47E-01	bad-chisq
group_3383	9.60E-01	3.07E-01	3.64E-01	-8.89E-01	4.90E+00	8.47E-01	bad-chisq
group_3312	9.60E-01	1.00E+00	1.00E+00	0.00E+00	4.90E+00	0.00E+00	bad-chisq
group_3036	9.60E-01	1.00E+00	1.00E+00	0.00E+00	4.90E+00	0.00E+00	bad-chisq
marA	9.60E-01	3.07E-01	3.64E-01	-8.89E-01	4.90E+00	8.47E-01	bad-chisq
mabA	9.60E-01	1.00E+00	1.00E+00	0.00E+00	4.90E+00	0.00E+00	bad-chisq
group_1784	9.60E-01	4.12E-02	5.11E-02	2.28E+00	4.89E+00	-2.20E+00	bad-chisq
group_1445	9.60E-01	1.00E+00	1.00E+00	0.00E+00	4.90E+00	0.00E+00	bad-chisq
group_1416	9.60E-01	4.12E-02	5.11E-02	2.28E+00	4.89E+00	-2.20E+00	bad-chisq
group_1399	9.60E-01	1.00E+00	1.00E+00	0.00E+00	4.90E+00	0.00E+00	bad-chisq
group_1228	9.60E-01	1.00E+00	1.00E+00	0.00E+00	4.90E+00	0.00E+00	bad-chisq
group_620	9.60E-01	3.07E-01	3.64E-01	8.89E-01	4.90E+00	-8.47E-01	bad-chisq
oqxA	9.60E-01	1.00E+00	1.00E+00	0.00E+00	4.90E+00	0.00E+00	bad-chisq
group_460	9.60E-01	1.00E+00	1.00E+00	0.00E+00	4.90E+00	0.00E+00	bad-chisq
group_320	9.60E-01	3.07E-01	3.64E-01	8.89E-01	4.90E+00	-8.47E-01	bad-chisq
oqxB	9.60E-01	1.00E+00	1.00E+00	0.00E+00	4.90E+00	0.00E+00	bad-chisq
group_3808	9.50E-01	6.46E-01	5.54E-01	-3.57E-01	4.87E+00	3.36E-01	bad-chisq
pgtA	9.50E-01	1.69E-01	1.75E-01	-1.16E+00	4.87E+00	1.10E+00	bad-chisq
pgtB	9.50E-01	1.69E-01	1.75E-01	-1.16E+00	4.87E+00	1.10E+00	bad-chisq
group_3319	9.50E-01	6.46E-01	5.54E-01	3.57E-01	4.87E+00	-3.36E-01	bad-chisq
moaE	9.50E-01	1.69E-01	1.75E-01	-1.16E+00	4.87E+00	1.10E+00	bad-chisq
pgtC	9.50E-01	1.69E-01	1.75E-01	-1.16E+00	4.87E+00	1.10E+00	bad-chisq
group_1225	9.50E-01	1.69E-01	1.75E-01	-1.16E+00	4.87E+00	1.10E+00	bad-chisq
group_363	9.50E-01	1.69E-01	1.75E-01	1.16E+00	4.87E+00	-1.10E+00	bad-chisq
group_8671	9.40E-01	1.15E-02	8.99E-03	2.69E+00	4.84E+00	-2.56E+00	bad-chisq
group_8511	9.40E-01	4.00E-01	3.26E-01	-6.30E-01	4.85E+00	5.88E-01	bad-chisq
group_5575	9.40E-01	1.15E-02	8.99E-03	2.69E+00	4.84E+00	-2.56E+00	bad-chisq
group_5481	9.40E-01	4.00E-01	3.26E-01	6.30E-01	4.85E+00	-5.88E-01	bad-chisq
group_5283	9.40E-01	1.15E-02	8.99E-03	2.69E+00	4.84E+00	-2.56E+00	bad-chisq
group_5190	9.40E-01	1.15E-02	8.99E-03	2.69E+00	4.84E+00	-2.56E+00	bad-chisq
group_4902	9.40E-01	1.15E-02	8.99E-03	2.69E+00	4.84E+00	-2.56E+00	bad-chisq
livH	9.40E-01	1.15E-02	8.99E-03	2.69E+00	4.84E+00	-2.56E+00	bad-chisq
group_3515	9.40E-01	9.21E-02	8.63E-02	-1.38E+00	4.84E+00	1.30E+00	bad-chisq
group_3437	9.40E-01	1.15E-02	8.99E-03	2.69E+00	4.84E+00	-2.56E+00	bad-chisq
ecpR	9.40E-01	1.15E-02	8.99E-03	2.69E+00	4.84E+00	-2.56E+00	bad-chisq
group_3038	9.40E-01	4.00E-01	3.26E-01	-6.30E-01	4.85E+00	5.88E-01	bad-chisq
tcyC	9.40E-01	1.15E-02	8.99E-03	2.69E+00	4.84E+00	-2.56E+00	bad-chisq
group_2962	9.40E-01	1.15E-02	8.99E-03	2.69E+00	4.84E+00	-2.56E+00	bad-chisq
group_2679	9.40E-01	9.21E-02	8.63E-02	-1.38E+00	4.84E+00	1.30E+00	bad-chisq
ecpA	9.40E-01	1.15E-02	8.99E-03	2.69E+00	4.84E+00	-2.56E+00	bad-chisq
group_2419	9.40E-01	1.00E+00	5.58E-01	0.00E+00	4.85E+00	0.00E+00	bad-chisq
group_1605	9.40E-01	4.00E-01	3.26E-01	-6.30E-01	4.85E+00	5.88E-01	bad-chisq
group_1425	9.40E-01	1.15E-02	8.99E-03	2.69E+00	4.84E+00	-2.56E+00	bad-chisq
ecpD	9.40E-01	1.15E-02	8.99E-03	2.69E+00	4.84E+00	-2.56E+00	bad-chisq
group_1023	9.40E-01	9.21E-02	8.63E-02	-1.38E+00	4.84E+00	1.30E+00	bad-chisq
group_725	9.40E-01	9.21E-02	8.63E-02	-1.38E+00	4.84E+00	1.30E+00	bad-chisq
group_643	9.40E-01	1.15E-02	8.99E-03	2.69E+00	4.84E+00	-2.56E+00	bad-chisq
ecpB	9.40E-01	1.15E-02	8.99E-03	2.69E+00	4.84E+00	-2.56E+00	bad-chisq
group_453	9.40E-01	4.00E-01	3.26E-01	-6.30E-01	4.85E+00	5.88E-01	bad-chisq
ecpC	9.40E-01	1.15E-02	8.99E-03	2.69E+00	4.84E+00	-2.56E+00	bad-chisq
artP	9.30E-01	6.95E-01	4.30E-01	-2.73E-01	4.82E+00	2.51E-01	bad-chisq
group_5349	9.30E-01	6.95E-01	4.30E-01	-2.73E-01	4.82E+00	2.51E-01	bad-chisq
pduC	9.30E-01	6.08E-03	3.84E-03	-2.86E+00	4.81E+00	2.71E+00	bad-chisq
pduB	9.30E-01	6.08E-03	3.84E-03	-2.86E+00	4.81E+00	2.71E+00	bad-chisq
pduA	9.30E-01	6.08E-03	3.84E-03	-2.86E+00	4.81E+00	2.71E+00	bad-chisq
pduF	9.30E-01	6.08E-03	3.84E-03	-2.86E+00	4.81E+00	2.71E+00	bad-chisq
pnuC	9.30E-01	5.00E-02	4.23E-02	1.57E+00	4.81E+00	-1.47E+00	bad-chisq
group_2756	9.30E-01	5.00E-02	4.23E-02	1.57E+00	4.81E+00	-1.47E+00	bad-chisq
group_2201	9.30E-01	5.00E-02	4.23E-02	1.57E+00	4.81E+00	-1.47E+00	bad-chisq
group_2162	9.30E-01	6.95E-01	4.30E-01	-2.73E-01	4.82E+00	2.51E-01	bad-chisq
group_1513	9.30E-01	6.95E-01	4.30E-01	-2.73E-01	4.82E+00	2.51E-01	bad-chisq
group_845	9.30E-01	5.00E-02	4.23E-02	1.57E+00	4.81E+00	-1.47E+00	bad-chisq
group_8767	9.20E-01	2.70E-02	2.06E-02	-1.74E+00	4.79E+00	1.61E+00	bad-chisq
group_8443	9.20E-01	2.70E-02	2.06E-02	1.74E+00	4.79E+00	-1.61E+00	bad-chisq
group_8356	9.20E-01	2.70E-02	2.06E-02	1.74E+00	4.79E+00	-1.61E+00	bad-chisq
group_7468	9.20E-01	2.70E-02	2.06E-02	-1.74E+00	4.79E+00	1.61E+00	bad-chisq
group_6934	9.20E-01	2.70E-02	2.06E-02	-1.74E+00	4.79E+00	1.61E+00	bad-chisq
group_6726	9.20E-01	2.70E-02	2.06E-02	-1.74E+00	4.79E+00	1.61E+00	bad-chisq
group_5612	9.20E-01	2.70E-02	2.06E-02	-1.74E+00	4.79E+00	1.61E+00	bad-chisq
group_4619	9.20E-01	2.70E-02	2.06E-02	-1.74E+00	4.79E+00	1.61E+00	bad-chisq
group_3927	9.20E-01	2.70E-02	2.06E-02	1.74E+00	4.79E+00	-1.61E+00	bad-chisq
group_3909	9.20E-01	2.70E-02	2.06E-02	1.74E+00	4.79E+00	-1.61E+00	bad-chisq
group_3635	9.20E-01	1.40E-01	1.32E-01	1.19E+00	8.43E-01	-1.10E+00	
pocR	9.20E-01	3.19E-03	1.64E-03	-3.01E+00	4.78E+00	2.83E+00	bad-chisq
group_2650	9.20E-01	2.70E-02	2.06E-02	-1.74E+00	4.79E+00	1.61E+00	bad-chisq
group_2634	9.20E-01	2.70E-02	2.06E-02	-1.74E+00	4.79E+00	1.61E+00	bad-chisq
group_2305	9.20E-01	2.70E-02	2.06E-02	-1.74E+00	4.79E+00	1.61E+00	bad-chisq
group_1907	9.20E-01	2.70E-02	2.06E-02	-1.74E+00	4.79E+00	1.61E+00	bad-chisq
rspA	9.20E-01	2.70E-02	2.06E-02	-1.74E+00	4.79E+00	1.61E+00	bad-chisq
group_1606	9.20E-01	2.70E-02	2.06E-02	-1.74E+00	4.79E+00	1.61E+00	bad-chisq
group_972	9.20E-01	2.70E-02	2.06E-02	-1.74E+00	4.79E+00	1.61E+00	bad-chisq
group_920	9.20E-01	2.70E-02	2.06E-02	-1.74E+00	4.79E+00	1.61E+00	bad-chisq
group_919	9.20E-01	2.70E-02	2.06E-02	-1.74E+00	4.79E+00	1.61E+00	bad-chisq
group_868	9.20E-01	2.70E-02	2.06E-02	-1.74E+00	4.79E+00	1.61E+00	bad-chisq
group_747	9.20E-01	2.70E-02	2.06E-02	-1.74E+00	4.79E+00	1.61E+00	bad-chisq
glcR	9.10E-01	8.06E-02	7.29E-02	1.36E+00	8.29E-01	-1.25E+00	
group_8496	9.10E-01	8.06E-02	7.29E-02	1.36E+00	8.29E-01	-1.25E+00	
group_8485	9.10E-01	8.06E-02	7.29E-02	-1.36E+00	8.29E-01	1.25E+00	
group_6831	9.10E-01	8.06E-02	7.29E-02	1.36E+00	8.29E-01	-1.25E+00	
group_5590	9.10E-01	8.06E-02	7.29E-02	1.36E+00	8.29E-01	-1.25E+00	
group_3846	9.10E-01	8.06E-02	7.29E-02	-1.36E+00	8.29E-01	1.25E+00	
group_3726	9.10E-01	8.06E-02	7.29E-02	-1.36E+00	8.29E-01	1.25E+00	
group_2176	9.10E-01	8.06E-02	7.29E-02	1.36E+00	8.29E-01	-1.25E+00	
group_1951	9.10E-01	1.66E-03	6.99E-04	3.14E+00	4.75E+00	-2.94E+00	bad-chisq
group_3998	9.00E-01	1.82E-01	1.77E-01	9.36E-01	7.22E-01	-8.47E-01	
group_2570	9.00E-01	1.82E-01	1.77E-01	-9.36E-01	7.22E-01	8.47E-01	
yijE	9.00E-01	1.82E-01	1.77E-01	9.36E-01	7.22E-01	-8.47E-01	
group_210	9.00E-01	1.82E-01	1.77E-01	9.36E-01	7.22E-01	-8.47E-01	
group_158	9.00E-01	1.82E-01	1.77E-01	-9.36E-01	7.22E-01	8.47E-01	
group_8402	8.90E-01	3.38E-01	3.35E-01	6.27E-01	6.62E-01	-5.60E-01	
group_5689	8.90E-01	4.02E-03	2.18E-03	-2.15E+00	4.69E+00	1.95E+00	bad-chisq
group_3892	8.90E-01	7.49E-01	7.49E-01	-2.05E-01	6.42E-01	1.82E-01	
group_3889	8.90E-01	4.02E-03	2.18E-03	-2.15E+00	4.69E+00	1.95E+00	bad-chisq
group_3717	8.90E-01	4.02E-03	2.18E-03	-2.15E+00	4.69E+00	1.95E+00	bad-chisq
group_2487	8.90E-01	3.38E-01	3.35E-01	-6.27E-01	6.62E-01	5.60E-01	
group_2384	8.90E-01	7.49E-01	7.49E-01	-2.05E-01	6.42E-01	1.82E-01	
tetR	8.90E-01	3.38E-01	3.35E-01	-6.27E-01	6.62E-01	5.60E-01	
group_5759	8.80E-01	5.38E-01	5.37E-01	-3.82E-01	6.23E-01	3.36E-01	
group_5527	8.80E-01	5.38E-01	5.37E-01	3.82E-01	6.23E-01	-3.36E-01	
group_5511	8.80E-01	5.38E-01	5.37E-01	-3.82E-01	6.23E-01	3.36E-01	
group_5068	8.80E-01	5.38E-01	5.37E-01	-3.82E-01	6.23E-01	3.36E-01	
yciE	8.80E-01	2.09E-03	1.00E-03	-2.26E+00	4.66E+00	2.04E+00	bad-chisq
group_3579	8.80E-01	5.38E-01	5.37E-01	-3.82E-01	6.23E-01	3.36E-01	
soxS	8.80E-01	5.38E-01	5.37E-01	-3.82E-01	6.23E-01	3.36E-01	
group_2705	8.80E-01	5.38E-01	5.37E-01	-3.82E-01	6.23E-01	3.36E-01	
group_2518	8.80E-01	1.00E+00	1.00E+00	0.00E+00	6.15E-01	0.00E+00	
group_2334	8.80E-01	5.38E-01	5.37E-01	-3.82E-01	6.23E-01	3.36E-01	
ybdJ	8.80E-01	5.38E-01	5.37E-01	-3.82E-01	6.23E-01	3.36E-01	
group_1572	8.80E-01	5.38E-01	5.37E-01	3.82E-01	6.23E-01	-3.36E-01	
group_1391	8.80E-01	5.38E-01	5.37E-01	-3.82E-01	6.23E-01	3.36E-01	
group_1260	8.80E-01	5.38E-01	5.37E-01	3.82E-01	6.23E-01	-3.36E-01	
gntR	8.80E-01	5.38E-01	5.37E-01	-3.82E-01	6.23E-01	3.36E-01	
group_464	8.80E-01	5.38E-01	5.37E-01	-3.82E-01	6.23E-01	3.36E-01	
group_227	8.80E-01	5.38E-01	5.37E-01	-3.82E-01	6.23E-01	3.36E-01	
group_139	8.80E-01	5.38E-01	5.37E-01	-3.82E-01	6.23E-01	3.36E-01	
group_8795	8.70E-01	1.37E-01	1.33E-01	9.26E-01	6.38E-01	-8.11E-01	
group_7941	8.70E-01	1.37E-01	1.33E-01	9.26E-01	6.38E-01	-8.11E-01	
group_7001	8.70E-01	1.37E-01	1.33E-01	9.26E-01	6.38E-01	-8.11E-01	
lagD~~~cvaB	8.70E-01	1.37E-01	1.33E-01	9.26E-01	6.38E-01	-8.11E-01	
group_3955	8.70E-01	1.11E-04	2.14E-05	-3.59E+00	4.61E+00	3.30E+00	bad-chisq
group_3916	8.70E-01	1.07E-03	4.55E-04	-2.37E+00	4.63E+00	2.12E+00	bad-chisq
group_2572	8.70E-01	7.45E-03	5.25E-03	1.91E+00	7.98E-01	-1.70E+00	
group_2522	8.70E-01	3.72E-01	3.70E-01	-5.39E-01	6.09E-01	4.70E-01	
ctsH1	8.70E-01	1.37E-01	1.33E-01	9.26E-01	6.38E-01	-8.11E-01	
yjeJ	8.70E-01	1.37E-01	1.33E-01	9.26E-01	6.38E-01	-8.11E-01	
hlyD	8.70E-01	7.45E-03	5.25E-03	1.91E+00	7.98E-01	-1.70E+00	
group_99	8.70E-01	1.37E-01	1.33E-01	9.26E-01	6.38E-01	-8.11E-01	
group_2	8.70E-01	7.66E-01	7.66E-01	-1.77E-01	5.96E-01	1.54E-01	
group_8305	8.60E-01	5.44E-04	2.03E-04	-2.47E+00	4.59E+00	2.20E+00	bad-chisq
group_3854	8.60E-01	5.44E-04	2.03E-04	-2.47E+00	4.59E+00	2.20E+00	bad-chisq
group_3577	8.60E-01	5.44E-04	2.03E-04	-2.47E+00	4.59E+00	2.20E+00	bad-chisq
group_2447	8.60E-01	5.64E-01	5.64E-01	3.34E-01	5.82E-01	-2.88E-01	
group_703	8.60E-01	5.47E-05	8.71E-06	3.69E+00	4.58E+00	-3.37E+00	bad-chisq
group_329	8.60E-01	2.11E-02	1.79E-02	1.49E+00	6.86E-01	-1.30E+00	
group_8590	8.50E-01	4.01E-01	3.99E-01	-4.76E-01	5.70E-01	4.05E-01	
group_4452	8.50E-01	4.01E-01	3.99E-01	-4.76E-01	5.70E-01	4.05E-01	
group_3831	8.50E-01	2.07E-03	1.23E-03	2.13E+00	7.90E-01	-1.87E+00	
group_2352	8.50E-01	4.01E-01	3.99E-01	-4.76E-01	5.70E-01	4.05E-01	
group_2099	8.50E-01	4.01E-01	3.99E-01	-4.76E-01	5.70E-01	4.05E-01	
group_1126	8.50E-01	4.01E-01	3.99E-01	-4.76E-01	5.70E-01	4.05E-01	
group_4255	8.40E-01	1.34E-04	3.84E-05	2.67E+00	4.52E+00	-2.34E+00	bad-chisq
group_3935	8.40E-01	2.91E-02	2.61E-02	-1.29E+00	6.18E-01	1.10E+00	
ybgD	8.40E-01	5.85E-01	5.85E-01	2.99E-01	5.49E-01	-2.51E-01	
group_3845	8.40E-01	5.85E-01	5.85E-01	2.99E-01	5.49E-01	-2.51E-01	
group_3751	8.40E-01	5.85E-01	5.85E-01	2.99E-01	5.49E-01	-2.51E-01	
group_3257	8.40E-01	1.02E-01	9.82E-02	9.32E-01	5.82E-01	-7.88E-01	
group_2726	8.40E-01	1.00E+00	1.00E+00	0.00E+00	5.46E-01	0.00E+00	
group_4786	8.30E-01	7.90E-01	7.90E-01	1.42E-01	5.33E-01	-1.18E-01	
group_2888	8.30E-01	7.90E-01	7.90E-01	1.42E-01	5.33E-01	-1.18E-01	
glxA	8.30E-01	1.83E-01	1.80E-01	7.27E-01	5.53E-01	-6.06E-01	
group_1976	8.30E-01	4.24E-01	4.23E-01	4.29E-01	5.40E-01	-3.57E-01	
group_1733	8.30E-01	5.39E-04	2.66E-04	2.33E+00	7.85E-01	-2.01E+00	
group_1347	8.30E-01	4.24E-01	4.23E-01	4.29E-01	5.40E-01	-3.57E-01	
group_1259	8.30E-01	7.90E-01	7.90E-01	1.42E-01	5.33E-01	-1.18E-01	
lysE	8.30E-01	6.52E-05	1.63E-05	-2.76E+00	4.48E+00	2.40E+00	bad-chisq
group_391	8.30E-01	4.24E-01	4.23E-01	4.29E-01	5.40E-01	-3.57E-01	
group_4701	8.20E-01	2.68E-04	1.20E-04	2.42E+00	7.83E-01	-2.08E+00	
group_4657	8.20E-01	2.68E-04	1.20E-04	2.42E+00	7.83E-01	-2.08E+00	
group_4613	8.20E-01	2.68E-04	1.20E-04	2.42E+00	7.83E-01	-2.08E+00	
group_3975	8.20E-01	1.18E-01	1.15E-01	8.40E-01	5.47E-01	-6.93E-01	
group_2567	8.20E-01	2.98E-01	2.96E-01	5.50E-01	5.32E-01	-4.52E-01	
group_2552	8.20E-01	1.18E-01	1.15E-01	8.40E-01	5.47E-01	-6.93E-01	
group_1888	8.20E-01	1.79E-03	1.20E-03	1.90E+00	6.71E-01	-1.61E+00	
group_1186	8.20E-01	2.68E-04	1.20E-04	2.42E+00	7.83E-01	-2.08E+00	
group_335	8.20E-01	1.18E-01	1.15E-01	8.40E-01	5.47E-01	-6.93E-01	
traF	8.20E-01	1.79E-03	1.20E-03	1.90E+00	6.71E-01	-1.61E+00	
group_8662	8.10E-01	7.99E-01	7.99E-01	1.30E-01	5.10E-01	-1.05E-01	
group_8636	8.10E-01	7.44E-02	7.16E-02	9.46E-01	5.42E-01	-7.73E-01	
ddpA	8.10E-01	5.05E-03	4.01E-03	1.60E+00	6.06E-01	-1.32E+00	
group_8567	8.10E-01	4.44E-01	4.44E-01	3.93E-01	5.15E-01	-3.18E-01	
group_8453	8.10E-01	5.05E-03	4.01E-03	1.60E+00	6.06E-01	-1.32E+00	
group_6174	8.10E-01	7.99E-01	7.99E-01	1.30E-01	5.10E-01	-1.05E-01	
group_5023	8.10E-01	5.05E-03	4.01E-03	1.60E+00	6.06E-01	-1.32E+00	
group_4890	8.10E-01	5.05E-03	4.01E-03	1.60E+00	6.06E-01	-1.32E+00	
group_4239	8.10E-01	5.05E-03	4.01E-03	1.60E+00	6.06E-01	-1.32E+00	
group_3949	8.10E-01	1.28E-06	7.86E-08	-4.14E+00	4.38E+00	3.66E+00	bad-chisq
bluF	8.10E-01	1.28E-06	7.86E-08	-4.14E+00	4.38E+00	3.66E+00	bad-chisq
group_3424	8.10E-01	4.44E-01	4.44E-01	3.93E-01	5.15E-01	-3.18E-01	
group_2793	8.10E-01	1.32E-04	5.27E-05	-2.51E+00	7.81E-01	2.14E+00	
group_2573	8.10E-01	1.32E-04	5.27E-05	-2.51E+00	7.81E-01	2.14E+00	
group_2569	8.10E-01	5.05E-03	4.01E-03	1.60E+00	6.06E-01	-1.32E+00	
blaLEN13~~~blaOKPB5~~~blaSHV~~~blaSHV187	8.10E-01	1.32E-04	5.27E-05	-2.51E+00	7.81E-01	2.14E+00	
group_2444	8.10E-01	7.99E-01	7.99E-01	1.30E-01	5.10E-01	-1.05E-01	
group_2066	8.10E-01	1.28E-06	7.86E-08	4.14E+00	4.38E+00	-3.66E+00	bad-chisq
group_1377	8.10E-01	5.05E-03	4.01E-03	1.60E+00	6.06E-01	-1.32E+00	
group_231	8.10E-01	2.02E-01	2.00E-01	6.63E-01	5.25E-01	-5.39E-01	
group_8782	8.00E-01	6.17E-01	6.17E-01	2.51E-01	5.02E-01	-2.01E-01	
group_8634	8.00E-01	6.80E-06	1.11E-06	3.02E+00	4.36E+00	-2.56E+00	bad-chisq
group_8626	8.00E-01	6.80E-06	1.11E-06	3.02E+00	4.36E+00	-2.56E+00	bad-chisq
group_8535	8.00E-01	3.17E-01	3.16E-01	5.06E-01	5.08E-01	-4.05E-01	
group_8459	8.00E-01	6.80E-06	1.11E-06	3.02E+00	4.36E+00	-2.56E+00	bad-chisq
group_8192	8.00E-01	6.80E-06	1.11E-06	3.02E+00	4.36E+00	-2.56E+00	bad-chisq
group_6320	8.00E-01	1.34E-01	1.31E-01	-7.69E-01	5.20E-01	6.19E-01	
group_6110	8.00E-01	6.17E-01	6.17E-01	2.51E-01	5.02E-01	-2.01E-01	
group_5757	8.00E-01	1.00E+00	1.00E+00	0.00E+00	5.00E-01	0.00E+00	
group_5364	8.00E-01	6.17E-01	6.17E-01	2.51E-01	5.02E-01	-2.01E-01	
group_4775	8.00E-01	6.80E-06	1.11E-06	3.02E+00	4.36E+00	-2.56E+00	bad-chisq
group_4725	8.00E-01	6.80E-06	1.11E-06	3.02E+00	4.36E+00	-2.56E+00	bad-chisq
group_4169	8.00E-01	2.70E-03	2.04E-03	1.69E+00	6.03E-01	-1.39E+00	
group_4154	8.00E-01	6.33E-05	2.27E-05	2.60E+00	7.80E-01	-2.20E+00	
ibpA	8.00E-01	5.73E-07	2.92E-08	-4.22E+00	4.33E+00	3.71E+00	bad-chisq
group_3240	8.00E-01	3.17E-01	3.16E-01	5.06E-01	5.08E-01	-4.05E-01	
asnC	8.00E-01	3.17E-01	3.16E-01	5.06E-01	5.08E-01	-4.05E-01	
group_2542	8.00E-01	6.80E-06	1.11E-06	3.02E+00	4.36E+00	-2.56E+00	bad-chisq
group_2366	8.00E-01	6.80E-06	1.11E-06	3.02E+00	4.36E+00	-2.56E+00	bad-chisq
group_2350	8.00E-01	3.17E-01	3.16E-01	5.06E-01	5.08E-01	-4.05E-01	
group_1906	8.00E-01	2.70E-03	2.04E-03	1.69E+00	6.03E-01	-1.39E+00	
group_1429	8.00E-01	6.80E-06	1.11E-06	3.02E+00	4.36E+00	-2.56E+00	bad-chisq
group_1367	8.00E-01	6.17E-01	6.17E-01	2.51E-01	5.02E-01	-2.01E-01	
group_1349	8.00E-01	6.80E-06	1.11E-06	3.02E+00	4.36E+00	-2.56E+00	bad-chisq
yitT	8.00E-01	3.17E-01	3.16E-01	5.06E-01	5.08E-01	-4.05E-01	
group_895	8.00E-01	6.17E-01	6.17E-01	2.51E-01	5.02E-01	-2.01E-01	
group_285	8.00E-01	6.80E-06	1.11E-06	3.02E+00	4.36E+00	-2.56E+00	bad-chisq
kexD	8.00E-01	1.00E+00	1.00E+00	0.00E+00	5.00E-01	0.00E+00	
rfbA	7.90E-01	1.41E-03	1.01E-03	1.78E+00	6.01E-01	-1.45E+00	
rfbD	7.90E-01	1.41E-03	1.01E-03	1.78E+00	6.01E-01	-1.45E+00	
group_3433	7.90E-01	2.20E-01	2.18E-01	6.12E-01	5.03E-01	-4.86E-01	
group_3322	7.90E-01	1.41E-03	1.01E-03	1.78E+00	6.01E-01	-1.45E+00	
group_2667	7.90E-01	4.61E-01	4.61E-01	3.64E-01	4.95E-01	-2.88E-01	
rfbB	7.90E-01	1.41E-03	1.01E-03	1.78E+00	6.01E-01	-1.45E+00	
yiaW	7.90E-01	2.20E-01	2.18E-01	6.12E-01	5.03E-01	-4.86E-01	
group_274	7.90E-01	1.41E-03	1.01E-03	1.78E+00	6.01E-01	-1.45E+00	
group_8702	7.80E-01	1.12E-04	5.47E-05	2.26E+00	6.63E-01	-1.85E+00	
group_6622	7.80E-01	1.00E+00	1.00E+00	0.00E+00	4.83E-01	0.00E+00	
group_6612	7.80E-01	3.34E-01	3.33E-01	4.70E-01	4.89E-01	-3.68E-01	
group_5042	7.80E-01	1.00E+00	1.00E+00	0.00E+00	4.83E-01	0.00E+00	
group_4379	7.80E-01	3.34E-01	3.33E-01	4.70E-01	4.89E-01	-3.68E-01	
group_4021	7.80E-01	1.00E+00	1.00E+00	0.00E+00	4.83E-01	0.00E+00	
group_3031	7.80E-01	3.34E-01	3.33E-01	4.70E-01	4.89E-01	-3.68E-01	
btpA	7.80E-01	3.34E-01	3.33E-01	4.70E-01	4.89E-01	-3.68E-01	
group_2841	7.80E-01	3.34E-01	3.33E-01	4.70E-01	4.89E-01	-3.68E-01	
group_2586	7.80E-01	5.35E-02	5.13E-02	9.68E-01	5.11E-01	-7.62E-01	
group_2517	7.80E-01	3.34E-01	3.33E-01	4.70E-01	4.89E-01	-3.68E-01	
group_2428	7.80E-01	3.77E-03	3.06E-03	1.53E+00	5.58E-01	-1.22E+00	
group_2388	7.80E-01	1.00E+00	1.00E+00	0.00E+00	4.83E-01	0.00E+00	
group_2174	7.80E-01	3.34E-01	3.33E-01	4.70E-01	4.89E-01	-3.68E-01	
group_2007	7.80E-01	3.34E-01	3.33E-01	4.70E-01	4.89E-01	-3.68E-01	
zapA	7.80E-01	3.34E-01	3.33E-01	4.70E-01	4.89E-01	-3.68E-01	
group_1890	7.80E-01	3.34E-01	3.33E-01	4.70E-01	4.89E-01	-3.68E-01	
group_1592	7.80E-01	3.34E-01	3.33E-01	4.70E-01	4.89E-01	-3.68E-01	
group_1361	7.80E-01	3.34E-01	3.33E-01	4.70E-01	4.89E-01	-3.68E-01	
group_1116	7.80E-01	3.34E-01	3.33E-01	4.70E-01	4.89E-01	-3.68E-01	
group_802	7.80E-01	3.34E-01	3.33E-01	4.70E-01	4.89E-01	-3.68E-01	
group_801	7.80E-01	3.34E-01	3.33E-01	4.70E-01	4.89E-01	-3.68E-01	
group_463	7.80E-01	6.29E-01	6.29E-01	2.34E-01	4.84E-01	-1.82E-01	
group_426	7.80E-01	1.48E-01	1.45E-01	7.14E-01	4.98E-01	-5.60E-01	
ntrC	7.80E-01	1.00E+00	1.00E+00	0.00E+00	4.83E-01	0.00E+00	
group_54	7.80E-01	1.00E+00	1.00E+00	0.00E+00	4.83E-01	0.00E+00	
group_4993	7.70E-01	2.35E-01	2.33E-01	5.72E-01	4.84E-01	-4.42E-01	
group_4600	7.70E-01	8.12E-01	8.12E-01	1.13E-01	4.76E-01	-8.70E-02	
group_3974	7.70E-01	9.62E-02	9.42E-02	8.11E-01	4.94E-01	-6.29E-01	
ccrB	7.70E-01	8.12E-01	8.12E-01	-1.13E-01	4.76E-01	8.70E-02	
group_3451	7.60E-01	3.49E-01	3.48E-01	4.42E-01	4.74E-01	-3.36E-01	
group_3290	7.60E-01	1.05E-03	7.75E-04	1.71E+00	5.54E-01	-1.34E+00	
group_1517	7.60E-01	3.49E-01	3.48E-01	4.42E-01	4.74E-01	-3.36E-01	
group_393	7.60E-01	3.49E-01	3.48E-01	4.42E-01	4.74E-01	-3.36E-01	
group_236	7.60E-01	6.40E-01	6.39E-01	2.20E-01	4.70E-01	-1.67E-01	
regX3	7.50E-01	8.17E-01	8.17E-01	1.07E-01	4.62E-01	-8.00E-02	
group_4219	7.50E-01	8.64E-05	4.71E-05	2.12E+00	5.95E-01	-1.66E+00	
group_3443	7.50E-01	2.48E-01	2.47E-01	5.39E-01	4.69E-01	-4.05E-01	
traI	7.50E-01	8.64E-05	4.71E-05	2.12E+00	5.95E-01	-1.66E+00	
group_8680	7.40E-01	1.71E-01	1.70E-01	6.33E-01	4.66E-01	-4.70E-01	
group_8640	7.40E-01	1.71E-01	1.70E-01	6.33E-01	4.66E-01	-4.70E-01	
group_8633	7.40E-01	6.48E-01	6.48E-01	2.08E-01	4.57E-01	-1.54E-01	
higA1	7.40E-01	6.82E-02	6.65E-02	8.53E-01	4.74E-01	-6.36E-01	
group_8412	7.40E-01	6.82E-02	6.65E-02	8.53E-01	4.74E-01	-6.36E-01	
group_7230	7.40E-01	1.71E-01	1.70E-01	6.33E-01	4.66E-01	-4.70E-01	
group_6802	7.40E-01	5.12E-06	1.69E-06	2.59E+00	6.60E-01	-2.04E+00	
group_6253	7.40E-01	3.62E-01	3.61E-01	4.18E-01	4.60E-01	-3.10E-01	
group_6211	7.40E-01	1.71E-01	1.70E-01	6.33E-01	4.66E-01	-4.70E-01	
group_5808	7.40E-01	5.12E-06	1.69E-06	2.59E+00	6.60E-01	-2.04E+00	
group_5242	7.40E-01	1.71E-01	1.70E-01	6.33E-01	4.66E-01	-4.70E-01	
group_4804	7.40E-01	1.71E-01	1.70E-01	6.33E-01	4.66E-01	-4.70E-01	
group_4408	7.40E-01	1.71E-01	1.70E-01	6.33E-01	4.66E-01	-4.70E-01	
group_3373	7.40E-01	1.41E-03	1.12E-03	1.59E+00	5.22E-01	-1.20E+00	
group_2593	7.40E-01	6.82E-02	6.65E-02	8.53E-01	4.74E-01	-6.36E-01	
group_2574	7.40E-01	1.71E-01	1.70E-01	6.33E-01	4.66E-01	-4.70E-01	
psiB	7.40E-01	1.00E+00	1.00E+00	0.00E+00	4.56E-01	0.00E+00	
group_2527	7.40E-01	1.00E+00	1.00E+00	0.00E+00	4.56E-01	0.00E+00	
group_1597	7.40E-01	1.71E-01	1.70E-01	6.33E-01	4.66E-01	-4.70E-01	
group_1464	7.40E-01	1.71E-01	1.70E-01	6.33E-01	4.66E-01	-4.70E-01	
group_1278	7.40E-01	1.71E-01	1.70E-01	6.33E-01	4.66E-01	-4.70E-01	
group_1122	7.40E-01	1.71E-01	1.70E-01	6.33E-01	4.66E-01	-4.70E-01	
group_903	7.40E-01	1.71E-01	1.70E-01	6.33E-01	4.66E-01	-4.70E-01	
group_713	7.40E-01	1.71E-01	1.70E-01	6.33E-01	4.66E-01	-4.70E-01	
group_434	7.40E-01	1.41E-03	1.12E-03	1.59E+00	5.22E-01	-1.20E+00	
parB	7.40E-01	1.00E+00	1.00E+00	0.00E+00	4.56E-01	0.00E+00	
group_240	7.40E-01	1.00E+00	1.00E+00	0.00E+00	4.56E-01	0.00E+00	
group_8695	7.30E-01	3.41E-03	2.92E-03	1.41E+00	4.99E-01	-1.05E+00	
group_8406	7.30E-01	3.41E-03	2.92E-03	1.41E+00	4.99E-01	-1.05E+00	
group_7149	7.30E-01	2.60E-01	2.59E-01	5.12E-01	4.57E-01	-3.75E-01	
group_3724	7.30E-01	3.41E-03	2.92E-03	1.41E+00	4.99E-01	-1.05E+00	
group_2271	7.30E-01	3.41E-03	2.92E-03	1.41E+00	4.99E-01	-1.05E+00	
group_1169	7.30E-01	7.28E-04	5.52E-04	1.67E+00	5.21E-01	-1.25E+00	
group_291	7.30E-01	3.41E-03	2.92E-03	1.41E+00	4.99E-01	-1.05E+00	
group_239	7.30E-01	8.22E-01	8.22E-01	1.02E-01	4.51E-01	-7.41E-02	
group_140	7.30E-01	4.99E-01	4.99E-01	3.05E-01	4.53E-01	-2.23E-01	
group_4659	7.20E-01	6.56E-01	6.56E-01	1.99E-01	4.46E-01	-1.43E-01	
group_4241	7.20E-01	8.41E-06	3.58E-06	2.36E+00	5.93E-01	-1.79E+00	
group_3370	7.20E-01	7.48E-02	7.33E-02	8.11E-01	4.60E-01	-5.88E-01	
group_3347	7.20E-01	3.73E-01	3.72E-01	3.99E-01	4.49E-01	-2.88E-01	
sopA	7.20E-01	6.56E-01	6.56E-01	1.99E-01	4.46E-01	-1.43E-01	
repB	7.20E-01	6.56E-01	6.56E-01	1.99E-01	4.46E-01	-1.43E-01	
asr	7.20E-01	3.66E-04	2.65E-04	1.75E+00	5.20E-01	-1.30E+00	
group_8331	7.10E-01	8.26E-01	8.26E-01	9.72E-02	4.41E-01	-6.90E-02	
pcoC	7.10E-01	5.09E-01	5.08E-01	2.92E-01	4.43E-01	-2.08E-01	
pcoR	7.10E-01	5.09E-01	5.08E-01	2.92E-01	4.43E-01	-2.08E-01	
group_5352	7.10E-01	4.73E-02	4.59E-02	8.97E-01	4.58E-01	-6.42E-01	
group_5003	7.10E-01	4.17E-03	3.68E-03	1.34E+00	4.81E-01	-9.65E-01	
pcoB	7.10E-01	5.09E-01	5.08E-01	2.92E-01	4.43E-01	-2.08E-01	
pcoD	7.10E-01	5.09E-01	5.08E-01	2.92E-01	4.43E-01	-2.08E-01	
group_4188	7.10E-01	2.82E-05	1.54E-05	2.12E+00	5.50E-01	-1.57E+00	
group_4048	7.10E-01	9.47E-04	7.58E-04	1.57E+00	4.97E-01	-1.15E+00	
citA	7.10E-01	4.17E-03	3.68E-03	1.34E+00	4.81E-01	-9.65E-01	
citB	7.10E-01	4.17E-03	3.68E-03	1.34E+00	4.81E-01	-9.65E-01	
group_3658	7.10E-01	1.23E-01	1.22E-01	6.90E-01	4.51E-01	-4.92E-01	
citS	7.10E-01	4.17E-03	3.68E-03	1.34E+00	4.81E-01	-9.65E-01	
group_3483	7.10E-01	1.79E-04	1.23E-04	-1.83E+00	5.20E-01	1.34E+00	
group_3080	7.10E-01	1.53E-02	1.44E-02	-1.11E+00	4.68E-01	7.99E-01	
group_2932	7.10E-01	4.17E-03	3.68E-03	1.34E+00	4.81E-01	-9.65E-01	
group_2812	7.10E-01	4.17E-03	3.68E-03	1.34E+00	4.81E-01	-9.65E-01	
mnhB	7.10E-01	5.09E-01	5.08E-01	2.92E-01	4.43E-01	-2.08E-01	
pcoS	7.10E-01	5.09E-01	5.08E-01	2.92E-01	4.43E-01	-2.08E-01	
group_1366	7.10E-01	4.17E-03	3.68E-03	1.34E+00	4.81E-01	-9.65E-01	
group_1365	7.10E-01	4.17E-03	3.68E-03	1.34E+00	4.81E-01	-9.65E-01	
pcoA	7.10E-01	5.09E-01	5.08E-01	2.92E-01	4.43E-01	-2.08E-01	
pcoE	7.10E-01	5.09E-01	5.08E-01	2.92E-01	4.43E-01	-2.08E-01	
group_8817	7.00E-01	4.80E-04	3.69E-04	-1.65E+00	4.97E-01	1.19E+00	
group_7923	7.00E-01	6.63E-01	6.62E-01	1.91E-01	4.37E-01	-1.34E-01	
group_6572	7.00E-01	6.63E-01	6.62E-01	1.91E-01	4.37E-01	-1.34E-01	
group_5447	7.00E-01	6.63E-01	6.62E-01	1.91E-01	4.37E-01	-1.34E-01	
group_4072	7.00E-01	8.57E-05	5.56E-05	1.91E+00	5.19E-01	-1.39E+00	
group_3748	7.00E-01	8.09E-02	7.95E-02	7.76E-01	4.49E-01	-5.47E-01	
group_2609	7.00E-01	6.63E-01	6.62E-01	1.91E-01	4.37E-01	-1.34E-01	
silF	7.00E-01	6.63E-01	6.62E-01	1.91E-01	4.37E-01	-1.34E-01	
group_2466	7.00E-01	6.63E-01	6.62E-01	1.91E-01	4.37E-01	-1.34E-01	
silP	7.00E-01	6.63E-01	6.62E-01	1.91E-01	4.37E-01	-1.34E-01	
group_238	7.00E-01	1.90E-01	1.89E-01	5.77E-01	4.43E-01	-4.05E-01	
silB	7.00E-01	6.63E-01	6.62E-01	1.91E-01	4.37E-01	-1.34E-01	
silA	7.00E-01	6.63E-01	6.62E-01	1.91E-01	4.37E-01	-1.34E-01	
group_6308	6.90E-01	1.74E-02	1.65E-02	1.06E+00	4.55E-01	-7.42E-01	
group_4142	6.90E-01	2.80E-01	2.79E-01	4.71E-01	4.37E-01	-3.25E-01	
group_4112	6.90E-01	8.29E-01	8.29E-01	-9.35E-02	4.33E-01	6.45E-02	
group_3980	6.90E-01	2.80E-01	2.79E-01	4.71E-01	4.37E-01	-3.25E-01	
group_3929	6.90E-01	6.46E-08	1.17E-08	-2.99E+00	6.60E-01	2.23E+00	
group_3733	6.90E-01	3.99E-05	2.44E-05	1.99E+00	5.19E-01	-1.43E+00	
group_3510	6.90E-01	3.99E-05	2.44E-05	1.99E+00	5.19E-01	-1.43E+00	
group_2968	6.90E-01	3.99E-05	2.44E-05	1.99E+00	5.19E-01	-1.43E+00	
group_1793	6.90E-01	1.74E-02	1.65E-02	1.06E+00	4.55E-01	-7.42E-01	
silS	6.90E-01	5.17E-01	5.16E-01	2.81E-01	4.34E-01	-1.94E-01	
group_1436	6.90E-01	3.99E-05	2.44E-05	1.99E+00	5.19E-01	-1.43E+00	
silR	6.90E-01	5.17E-01	5.16E-01	2.81E-01	4.34E-01	-1.94E-01	
silE	6.90E-01	5.17E-01	5.16E-01	2.81E-01	4.34E-01	-1.94E-01	
tnp	6.90E-01	5.17E-01	5.16E-01	-2.81E-01	4.34E-01	1.94E-01	
silC	6.90E-01	8.29E-01	8.29E-01	9.35E-02	4.33E-01	-6.45E-02	
group_8408	6.80E-01	1.01E-02	9.42E-03	1.15E+00	4.54E-01	-7.88E-01	
group_7732	6.80E-01	3.21E-02	3.10E-02	9.43E-01	4.46E-01	-6.47E-01	
group_4484	6.80E-01	1.98E-01	1.97E-01	5.56E-01	4.35E-01	-3.79E-01	
group_4439	6.80E-01	1.81E-05	1.03E-05	2.07E+00	5.19E-01	-1.47E+00	
group_4438	6.80E-01	1.01E-02	9.42E-03	1.15E+00	4.54E-01	-7.88E-01	
xerD~~~intI1	6.80E-01	1.00E+00	1.00E+00	0.00E+00	4.29E-01	0.00E+00	
group_2152	6.80E-01	3.21E-02	3.10E-02	9.43E-01	4.46E-01	-6.47E-01	
group_736	6.80E-01	3.91E-01	3.91E-01	3.69E-01	4.31E-01	-2.51E-01	
trbB	6.80E-01	6.68E-01	6.68E-01	1.84E-01	4.29E-01	-1.25E-01	
group_370	6.80E-01	1.81E-05	1.03E-05	2.07E+00	5.19E-01	-1.47E+00	
group_8358	6.70E-01	1.93E-02	1.85E-02	1.02E+00	4.45E-01	-6.93E-01	
group_8334	6.70E-01	2.88E-01	2.87E-01	4.55E-01	4.29E-01	-3.05E-01	
group_6453	6.70E-01	1.93E-02	1.85E-02	1.02E+00	4.45E-01	-6.93E-01	
group_5293	6.70E-01	3.00E-04	2.32E-04	1.66E+00	4.78E-01	-1.14E+00	
group_4645	6.70E-01	1.93E-02	1.85E-02	1.02E+00	4.45E-01	-6.93E-01	
group_4458	6.70E-01	2.88E-01	2.87E-01	4.55E-01	4.29E-01	-3.05E-01	
group_4040	6.70E-01	1.93E-02	1.85E-02	1.02E+00	4.45E-01	-6.93E-01	
group_3554	6.70E-01	1.93E-02	1.85E-02	1.02E+00	4.45E-01	-6.93E-01	
group_2236	6.70E-01	2.88E-01	2.87E-01	4.55E-01	4.29E-01	-3.05E-01	
orfB	6.70E-01	2.88E-01	2.87E-01	4.55E-01	4.29E-01	-3.05E-01	
frlD	6.60E-01	7.31E-04	6.07E-04	1.52E+00	4.64E-01	-1.02E+00	
group_5493	6.60E-01	7.31E-04	6.07E-04	1.52E+00	4.64E-01	-1.02E+00	
group_4639	6.60E-01	7.31E-04	6.07E-04	1.52E+00	4.64E-01	-1.02E+00	
group_4265	6.60E-01	9.13E-02	9.01E-02	7.23E-01	4.31E-01	-4.80E-01	
group_4167	6.60E-01	9.13E-02	9.01E-02	7.23E-01	4.31E-01	-4.80E-01	
group_4152	6.60E-01	4.05E-08	9.08E-09	2.85E+00	5.96E-01	-2.01E+00	
group_3961	6.60E-01	9.13E-02	9.01E-02	7.23E-01	4.31E-01	-4.80E-01	
impA~~~umuD	6.60E-01	6.73E-01	6.73E-01	1.78E-01	4.23E-01	-1.18E-01	
group_2557	6.60E-01	9.13E-02	9.01E-02	7.23E-01	4.31E-01	-4.80E-01	
group_2530	6.60E-01	7.31E-04	6.07E-04	1.52E+00	4.64E-01	-1.02E+00	
arsB	6.60E-01	9.13E-02	9.01E-02	7.23E-01	4.31E-01	-4.80E-01	
group_1792	6.60E-01	7.31E-04	6.07E-04	1.52E+00	4.64E-01	-1.02E+00	
ytcJ	6.60E-01	7.31E-04	6.07E-04	1.52E+00	4.64E-01	-1.02E+00	
arsA	6.60E-01	9.13E-02	9.01E-02	7.23E-01	4.31E-01	-4.80E-01	
group_879	6.60E-01	9.13E-02	9.01E-02	7.23E-01	4.31E-01	-4.80E-01	
group_379	6.60E-01	9.13E-02	9.01E-02	7.23E-01	4.31E-01	-4.80E-01	
group_375	6.60E-01	2.05E-01	2.04E-01	5.39E-01	4.27E-01	-3.57E-01	
group_196	6.60E-01	3.48E-02	3.38E-02	9.12E-01	4.37E-01	-6.06E-01	
ydaB	6.60E-01	6.73E-01	6.73E-01	-1.78E-01	4.23E-01	1.18E-01	
group_167	6.60E-01	9.13E-02	9.01E-02	7.23E-01	4.31E-01	-4.80E-01	
group_133	6.60E-01	2.05E-01	2.04E-01	5.39E-01	4.27E-01	-3.57E-01	
group_8740	6.50E-01	1.66E-03	1.46E-03	1.39E+00	4.53E-01	-9.16E-01	
irp2	6.50E-01	1.42E-01	1.41E-01	6.22E-01	4.26E-01	-4.05E-01	
group_8332	6.50E-01	5.29E-01	5.29E-01	2.64E-01	4.20E-01	-1.72E-01	
group_8008	6.50E-01	1.42E-01	1.41E-01	6.22E-01	4.26E-01	-4.05E-01	
group_8003	6.50E-01	1.42E-01	1.41E-01	6.22E-01	4.26E-01	-4.05E-01	
group_7731	6.50E-01	5.92E-02	5.81E-02	8.05E-01	4.30E-01	-5.26E-01	
group_7639	6.50E-01	1.42E-01	1.41E-01	6.22E-01	4.26E-01	-4.05E-01	
group_7302	6.50E-01	1.42E-01	1.41E-01	6.22E-01	4.26E-01	-4.05E-01	
group_6433	6.50E-01	5.92E-02	5.81E-02	8.05E-01	4.30E-01	-5.26E-01	
group_6372	6.50E-01	6.42E-03	5.96E-03	1.19E+00	4.43E-01	-7.80E-01	
group_5994	6.50E-01	1.42E-01	1.41E-01	6.22E-01	4.26E-01	-4.05E-01	
group_5922	6.50E-01	6.42E-03	5.96E-03	1.19E+00	4.43E-01	-7.80E-01	
group_5531	6.50E-01	1.42E-01	1.41E-01	6.22E-01	4.26E-01	-4.05E-01	
ybtT	6.50E-01	1.42E-01	1.41E-01	6.22E-01	4.26E-01	-4.05E-01	
group_5217	6.50E-01	6.42E-03	5.96E-03	1.19E+00	4.43E-01	-7.80E-01	
group_5189	6.50E-01	6.42E-03	5.96E-03	1.19E+00	4.43E-01	-7.80E-01	
group_5150	6.50E-01	6.42E-03	5.96E-03	1.19E+00	4.43E-01	-7.80E-01	
virB9	6.50E-01	1.42E-01	1.41E-01	6.22E-01	4.26E-01	-4.05E-01	
group_4713	6.50E-01	6.42E-03	5.96E-03	1.19E+00	4.43E-01	-7.80E-01	
ybtA	6.50E-01	1.42E-01	1.41E-01	6.22E-01	4.26E-01	-4.05E-01	
group_4233	6.50E-01	8.34E-01	8.34E-01	8.79E-02	4.19E-01	-5.72E-02	
group_3997	6.50E-01	1.42E-01	1.41E-01	6.22E-01	4.26E-01	-4.05E-01	
group_3960	6.50E-01	5.92E-02	5.81E-02	8.05E-01	4.30E-01	-5.26E-01	
group_3890	6.50E-01	8.34E-01	8.34E-01	8.79E-02	4.19E-01	-5.72E-02	
ybtU	6.50E-01	1.42E-01	1.41E-01	6.22E-01	4.26E-01	-4.05E-01	
virB6	6.50E-01	1.42E-01	1.41E-01	6.22E-01	4.26E-01	-4.05E-01	
virB5	6.50E-01	1.42E-01	1.41E-01	6.22E-01	4.26E-01	-4.05E-01	
group_3052	6.50E-01	5.92E-02	5.81E-02	8.05E-01	4.30E-01	-5.26E-01	
sorE	6.50E-01	6.42E-03	5.96E-03	1.19E+00	4.43E-01	-7.80E-01	
ybtX	6.50E-01	1.42E-01	1.41E-01	6.22E-01	4.26E-01	-4.05E-01	
ybtS	6.50E-01	1.42E-01	1.41E-01	6.22E-01	4.26E-01	-4.05E-01	
group_2046	6.50E-01	1.42E-01	1.41E-01	6.22E-01	4.26E-01	-4.05E-01	
group_1816	6.50E-01	6.42E-03	5.96E-03	1.19E+00	4.43E-01	-7.80E-01	
virB8	6.50E-01	1.42E-01	1.41E-01	6.22E-01	4.26E-01	-4.05E-01	
ybtE	6.50E-01	1.42E-01	1.41E-01	6.22E-01	4.26E-01	-4.05E-01	
group_1117	6.50E-01	1.42E-01	1.41E-01	6.22E-01	4.26E-01	-4.05E-01	
ybtP	6.50E-01	1.42E-01	1.41E-01	6.22E-01	4.26E-01	-4.05E-01	
ybtQ	6.50E-01	1.42E-01	1.41E-01	6.22E-01	4.26E-01	-4.05E-01	
fyuA	6.50E-01	1.42E-01	1.41E-01	6.22E-01	4.26E-01	-4.05E-01	
traC~~~traG	6.50E-01	1.42E-01	1.41E-01	6.22E-01	4.26E-01	-4.05E-01	
irp1	6.50E-01	1.42E-01	1.41E-01	6.22E-01	4.26E-01	-4.05E-01	
group_8057	6.40E-01	3.72E-02	3.63E-02	8.86E-01	4.29E-01	-5.71E-01	
group_7138	6.40E-01	9.56E-02	9.45E-02	7.03E-01	4.25E-01	-4.52E-01	
qacEdelta1	6.40E-01	4.05E-01	4.04E-01	3.48E-01	4.19E-01	-2.23E-01	
group_6948	6.40E-01	9.56E-02	9.45E-02	7.03E-01	4.25E-01	-4.52E-01	
sigM	6.40E-01	9.56E-02	9.45E-02	7.03E-01	4.25E-01	-4.52E-01	
group_5528	6.40E-01	9.56E-02	9.45E-02	7.03E-01	4.25E-01	-4.52E-01	
group_4103	6.40E-01	6.07E-08	1.74E-08	2.69E+00	5.54E-01	-1.82E+00	
group_4095	6.40E-01	9.56E-02	9.45E-02	7.03E-01	4.25E-01	-4.52E-01	
group_3439	6.40E-01	3.72E-02	3.63E-02	8.86E-01	4.29E-01	-5.71E-01	
yaeB	6.40E-01	8.58E-04	7.31E-04	1.47E+00	4.53E-01	-9.56E-01	
group_2930	6.40E-01	6.07E-08	1.74E-08	2.69E+00	5.54E-01	-1.82E+00	
arsD	6.40E-01	3.72E-02	3.63E-02	8.86E-01	4.29E-01	-5.71E-01	
eexN	6.40E-01	9.56E-02	9.45E-02	7.03E-01	4.25E-01	-4.52E-01	
group_2592	6.40E-01	3.09E-05	2.07E-05	1.90E+00	4.80E-01	-1.25E+00	
group_2179	6.40E-01	8.58E-04	7.31E-04	1.47E+00	4.53E-01	-9.56E-01	
group_2000	6.40E-01	9.56E-02	9.45E-02	7.03E-01	4.25E-01	-4.52E-01	
group_1337	6.40E-01	2.11E-01	2.10E-01	5.25E-01	4.21E-01	-3.36E-01	
group_212	6.40E-01	2.11E-01	2.10E-01	5.25E-01	4.21E-01	-3.36E-01	
group_66	6.40E-01	9.56E-02	9.45E-02	7.03E-01	4.25E-01	-4.52E-01	
group_8	6.40E-01	2.11E-01	2.10E-01	5.25E-01	4.21E-01	-3.36E-01	
group_8705	6.30E-01	2.27E-02	2.19E-02	-9.66E-01	4.29E-01	6.13E-01	
attM	6.30E-01	2.27E-02	2.19E-02	-9.66E-01	4.29E-01	6.13E-01	
group_8560	6.30E-01	2.27E-02	2.19E-02	-9.66E-01	4.29E-01	6.13E-01	
group_7878	6.30E-01	1.89E-03	1.68E-03	1.35E+00	4.43E-01	-8.60E-01	
group_6454	6.30E-01	2.24E-08	5.68E-09	2.77E+00	5.56E-01	-1.86E+00	
group_6137	6.30E-01	2.27E-02	2.19E-02	9.66E-01	4.29E-01	-6.13E-01	
group_5382	6.30E-01	2.27E-02	2.19E-02	-9.66E-01	4.29E-01	6.13E-01	
group_4994	6.30E-01	2.27E-02	2.19E-02	-9.66E-01	4.29E-01	6.13E-01	
group_4714	6.30E-01	2.27E-02	2.19E-02	-9.66E-01	4.29E-01	6.13E-01	
group_4411	6.30E-01	2.27E-02	2.19E-02	-9.66E-01	4.29E-01	6.13E-01	
group_4150	6.30E-01	2.24E-08	5.68E-09	2.77E+00	5.56E-01	-1.86E+00	
group_3866	6.30E-01	2.27E-02	2.19E-02	-9.66E-01	4.29E-01	6.13E-01	
ylcG	6.30E-01	2.24E-08	5.68E-09	2.77E+00	5.56E-01	-1.86E+00	
group_3253	6.30E-01	7.09E-03	6.64E-03	1.15E+00	4.35E-01	-7.34E-01	
group_2514	6.30E-01	1.47E-01	1.46E-01	6.06E-01	4.20E-01	-3.83E-01	
group_2499	6.30E-01	1.47E-01	1.46E-01	6.06E-01	4.20E-01	-3.83E-01	
group_2498	6.30E-01	1.47E-01	1.46E-01	6.06E-01	4.20E-01	-3.83E-01	
group_2378	6.30E-01	2.27E-02	2.19E-02	-9.66E-01	4.29E-01	6.13E-01	
group_2234	6.30E-01	6.23E-02	6.13E-02	7.84E-01	4.24E-01	-4.96E-01	
ninE	6.30E-01	2.24E-07	8.48E-08	2.48E+00	5.24E-01	-1.64E+00	
group_1838	6.30E-01	2.24E-08	5.68E-09	2.77E+00	5.56E-01	-1.86E+00	
blaKPC67~~~blaKPC2	6.30E-01	1.81E-14	2.27E-17	5.64E+00	3.24E+00	-4.32E+00	bad-chisq
group_504	6.30E-01	2.24E-08	5.68E-09	2.77E+00	5.56E-01	-1.86E+00	
aac6Ib	6.30E-01	8.31E-05	6.14E-05	1.76E+00	4.65E-01	-1.13E+00	
group_339	6.30E-01	2.27E-02	2.19E-02	-9.66E-01	4.29E-01	6.13E-01	
group_241	6.30E-01	3.00E-01	3.00E-01	4.31E-01	4.17E-01	-2.72E-01	
group_8655	6.20E-01	1.20E-13	7.52E-16	4.52E+00	3.23E+00	-3.22E+00	bad-chisq
group_6470	6.20E-01	3.94E-02	3.85E-02	8.64E-01	4.23E-01	-5.39E-01	
group_5728	6.20E-01	3.94E-02	3.85E-02	8.64E-01	4.23E-01	-5.39E-01	
group_5285	6.20E-01	3.94E-02	3.85E-02	-8.64E-01	4.23E-01	5.39E-01	
group_4293	6.20E-01	3.92E-03	3.61E-03	1.23E+00	4.36E-01	-7.73E-01	
intD	6.20E-01	7.99E-09	1.78E-09	2.86E+00	5.58E-01	-1.89E+00	
group_2951	6.20E-01	9.93E-02	9.84E-02	6.87E-01	4.19E-01	-4.27E-01	
group_2792	6.20E-01	3.94E-02	3.85E-02	-8.64E-01	4.23E-01	5.39E-01	
group_2621	6.20E-01	7.99E-09	1.78E-09	2.86E+00	5.58E-01	-1.89E+00	
group_1192	6.20E-01	9.93E-02	9.84E-02	6.87E-01	4.19E-01	-4.27E-01	
group_938	6.20E-01	3.94E-02	3.85E-02	-8.64E-01	4.23E-01	5.39E-01	
group_367	6.20E-01	6.80E-01	6.80E-01	1.70E-01	4.12E-01	-1.05E-01	
group_272	6.20E-01	9.93E-02	9.84E-02	6.87E-01	4.19E-01	-4.27E-01	
group_8595	6.10E-01	2.10E-03	1.90E-03	1.31E+00	4.36E-01	-8.11E-01	
group_8585	6.10E-01	7.19E-13	1.13E-14	4.22E+00	7.90E-01	-2.92E+00	
group_5300	6.10E-01	7.19E-13	1.13E-14	4.22E+00	7.90E-01	-2.92E+00	
group_4738	6.10E-01	1.51E-01	1.50E-01	5.93E-01	4.15E-01	-3.63E-01	
insB~~~tnp~~~orfB	6.10E-01	2.41E-02	2.34E-02	9.44E-01	4.23E-01	-5.80E-01	
group_4387	6.10E-01	7.19E-13	1.13E-14	4.22E+00	7.90E-01	-2.92E+00	
group_3968	6.10E-01	1.51E-01	1.50E-01	5.93E-01	4.15E-01	-3.63E-01	
clpK	6.10E-01	2.41E-02	2.34E-02	9.44E-01	4.23E-01	-5.80E-01	
group_2495	6.10E-01	2.41E-02	2.34E-02	9.44E-01	4.23E-01	-5.80E-01	
group_2280	6.10E-01	6.50E-02	6.41E-02	7.67E-01	4.19E-01	-4.70E-01	
group_2249	6.10E-01	1.51E-01	1.50E-01	5.93E-01	4.15E-01	-3.63E-01	
group_1402	6.10E-01	6.50E-02	6.41E-02	7.67E-01	4.19E-01	-4.70E-01	
tnpR	6.10E-01	7.19E-13	1.13E-14	4.22E+00	7.90E-01	-2.92E+00	
group_471	6.10E-01	2.41E-02	2.34E-02	9.44E-01	4.23E-01	-5.80E-01	
group_8638	6.00E-01	1.09E-03	9.61E-04	1.39E+00	4.37E-01	-8.47E-01	
group_8344	6.00E-01	4.46E-05	3.26E-05	1.79E+00	4.56E-01	-1.10E+00	
group_8172	6.00E-01	4.46E-05	3.26E-05	1.79E+00	4.56E-01	-1.10E+00	
group_8021	6.00E-01	4.46E-05	3.26E-05	1.79E+00	4.56E-01	-1.10E+00	
group_7528	6.00E-01	1.02E-01	1.02E-01	6.74E-01	4.15E-01	-4.05E-01	
group_7478	6.00E-01	4.46E-05	3.26E-05	1.79E+00	4.56E-01	-1.10E+00	
group_7345	6.00E-01	1.09E-03	9.61E-04	1.39E+00	4.37E-01	-8.47E-01	
group_7278	6.00E-01	4.46E-05	3.26E-05	1.79E+00	4.56E-01	-1.10E+00	
group_6875	6.00E-01	4.46E-05	3.26E-05	1.79E+00	4.56E-01	-1.10E+00	
group_6216	6.00E-01	4.46E-05	3.26E-05	1.79E+00	4.56E-01	-1.10E+00	
group_5316	6.00E-01	1.09E-03	9.61E-04	1.39E+00	4.37E-01	-8.47E-01	
group_5107	6.00E-01	1.09E-03	9.61E-04	1.39E+00	4.37E-01	-8.47E-01	
gatY	6.00E-01	1.09E-03	9.61E-04	1.39E+00	4.37E-01	-8.47E-01	
group_4851	6.00E-01	1.09E-03	9.61E-04	1.39E+00	4.37E-01	-8.47E-01	
group_4502	6.00E-01	2.39E-04	1.95E-04	1.59E+00	4.46E-01	-9.69E-01	
group_3249	6.00E-01	4.46E-05	3.26E-05	1.79E+00	4.56E-01	-1.10E+00	
gatZ	6.00E-01	1.09E-03	9.61E-04	1.39E+00	4.37E-01	-8.47E-01	
group_2269	6.00E-01	4.46E-05	3.26E-05	1.79E+00	4.56E-01	-1.10E+00	
traM~~~mobB	6.00E-01	4.46E-05	3.26E-05	1.79E+00	4.56E-01	-1.10E+00	
group_2094	6.00E-01	4.46E-05	3.26E-05	1.79E+00	4.56E-01	-1.10E+00	
group_1932	6.00E-01	1.09E-03	9.61E-04	1.39E+00	4.37E-01	-8.47E-01	
group_1908	6.00E-01	6.83E-01	6.83E-01	1.67E-01	4.09E-01	-1.00E-01	
group_1810	6.00E-01	1.09E-03	9.61E-04	1.39E+00	4.37E-01	-8.47E-01	
group_1400	6.00E-01	1.09E-03	9.61E-04	1.39E+00	4.37E-01	-8.47E-01	
group_891	6.00E-01	1.09E-03	9.61E-04	1.39E+00	4.37E-01	-8.47E-01	
group_764	6.00E-01	1.09E-03	9.61E-04	1.39E+00	4.37E-01	-8.47E-01	
group_244	6.00E-01	4.46E-05	3.26E-05	1.79E+00	4.56E-01	-1.10E+00	
traN~~~traZ	6.00E-01	4.12E-02	4.04E-02	8.47E-01	4.19E-01	-5.11E-01	
group_175	6.00E-01	4.46E-05	3.26E-05	1.79E+00	4.56E-01	-1.10E+00	
group_8505	5.90E-01	2.53E-02	2.46E-02	9.27E-01	4.19E-01	-5.50E-01	
group_6915	5.90E-01	1.96E-05	1.36E-05	1.88E+00	4.58E-01	-1.13E+00	
group_6770	5.90E-01	1.55E-01	1.54E-01	5.83E-01	4.11E-01	-3.45E-01	
group_6373	5.90E-01	1.96E-05	1.36E-05	1.88E+00	4.58E-01	-1.13E+00	
group_5172	5.90E-01	8.21E-03	7.79E-03	1.10E+00	4.24E-01	-6.57E-01	
group_4557	5.90E-01	5.47E-04	4.69E-04	1.48E+00	4.38E-01	-8.82E-01	
group_4373	5.90E-01	3.72E-09	8.72E-10	2.84E+00	5.34E-01	-1.76E+00	
group_4323	5.90E-01	3.72E-09	8.72E-10	2.84E+00	5.34E-01	-1.76E+00	
group_4249	5.90E-01	3.72E-09	8.72E-10	2.84E+00	5.34E-01	-1.76E+00	
group_4215	5.90E-01	3.72E-09	8.72E-10	2.84E+00	5.34E-01	-1.76E+00	
group_4204	5.90E-01	3.72E-09	8.72E-10	2.84E+00	5.34E-01	-1.76E+00	
group_4203	5.90E-01	3.72E-09	8.72E-10	2.84E+00	5.34E-01	-1.76E+00	
group_4149	5.90E-01	3.72E-09	8.72E-10	2.84E+00	5.34E-01	-1.76E+00	
group_4148	5.90E-01	3.72E-09	8.72E-10	2.84E+00	5.34E-01	-1.76E+00	
group_4123	5.90E-01	3.72E-09	8.72E-10	2.84E+00	5.34E-01	-1.76E+00	
group_3834	5.90E-01	3.71E-07	1.74E-07	2.32E+00	4.88E-01	-1.42E+00	
group_3630	5.90E-01	3.72E-09	8.72E-10	2.84E+00	5.34E-01	-1.76E+00	
group_3268	5.90E-01	3.72E-09	8.72E-10	2.84E+00	5.34E-01	-1.76E+00	
group_3254	5.90E-01	5.47E-04	4.69E-04	1.48E+00	4.38E-01	-8.82E-01	
group_2620	5.90E-01	1.96E-05	1.36E-05	1.88E+00	4.58E-01	-1.13E+00	
group_2088	5.90E-01	1.96E-05	1.36E-05	1.88E+00	4.58E-01	-1.13E+00	
group_1482	5.90E-01	1.96E-05	1.36E-05	1.88E+00	4.58E-01	-1.13E+00	
hsp20	5.80E-01	1.05E-01	1.04E-01	6.63E-01	4.11E-01	-3.86E-01	
sul1	5.80E-01	4.28E-02	4.20E-02	8.34E-01	4.15E-01	-4.86E-01	
group_7966	5.80E-01	1.50E-02	1.45E-02	1.01E+00	4.19E-01	-5.88E-01	
group_4187	5.80E-01	1.21E-09	2.45E-10	2.94E+00	5.37E-01	-1.79E+00	
group_4186	5.80E-01	1.21E-09	2.45E-10	2.94E+00	5.37E-01	-1.79E+00	
group_4069	5.80E-01	1.21E-09	2.45E-10	2.94E+00	5.37E-01	-1.79E+00	
group_405	5.80E-01	4.28E-02	4.20E-02	8.34E-01	4.15E-01	-4.86E-01	
group_8622	5.70E-01	8.64E-03	8.23E-03	1.09E+00	4.20E-01	-6.24E-01	
group_8258	5.70E-01	1.24E-04	9.94E-05	1.64E+00	4.41E-01	-9.49E-01	
group_7433	5.70E-01	5.95E-04	5.16E-04	1.45E+00	4.33E-01	-8.36E-01	
group_6471	5.70E-01	1.24E-04	9.94E-05	1.64E+00	4.41E-01	-9.49E-01	
group_5633	5.70E-01	1.24E-04	9.94E-05	1.64E+00	4.41E-01	-9.49E-01	
group_5100	5.70E-01	4.42E-07	2.21E-07	2.27E+00	4.77E-01	-1.33E+00	
group_4684	5.70E-01	8.64E-03	8.23E-03	1.09E+00	4.20E-01	-6.24E-01	
group_4279	5.70E-01	1.24E-04	9.94E-05	1.64E+00	4.41E-01	-9.49E-01	
group_3897	5.70E-01	3.81E-10	6.50E-11	-3.04E+00	5.42E-01	1.82E+00	
group_3876	5.70E-01	3.81E-10	6.50E-11	-3.04E+00	5.42E-01	1.82E+00	
group_3847	5.70E-01	3.81E-10	6.50E-11	-3.04E+00	5.42E-01	1.82E+00	
group_3749	5.70E-01	3.81E-10	6.50E-11	-3.04E+00	5.42E-01	1.82E+00	
group_3652	5.70E-01	3.81E-10	6.50E-11	3.04E+00	5.42E-01	-1.82E+00	
group_2270	5.70E-01	4.69E-09	1.26E-09	2.76E+00	5.15E-01	-1.64E+00	
putP	5.70E-01	1.24E-04	9.94E-05	1.64E+00	4.41E-01	-9.49E-01	
group_444	5.70E-01	8.64E-03	8.23E-03	1.09E+00	4.20E-01	-6.24E-01	
group_256	5.70E-01	5.95E-04	5.16E-04	1.45E+00	4.33E-01	-8.36E-01	
group_8615	5.60E-01	1.33E-06	7.59E-07	2.14E+00	4.66E-01	-1.22E+00	
group_8357	5.60E-01	6.87E-01	6.87E-01	1.62E-01	4.03E-01	-9.10E-02	
tacA2	5.60E-01	1.14E-10	1.62E-11	3.15E+00	5.47E-01	-1.85E+00	
group_6402	5.60E-01	1.14E-10	1.62E-11	3.15E+00	5.47E-01	-1.85E+00	
group_4403	5.60E-01	1.62E-07	7.39E-08	2.36E+00	4.80E-01	-1.36E+00	
group_3644	5.60E-01	1.69E-08	5.73E-09	2.60E+00	4.98E-01	-1.50E+00	
group_3297	5.60E-01	1.33E-06	7.59E-07	2.14E+00	4.66E-01	-1.22E+00	
blaTEM~~~blaTEM1	5.60E-01	1.27E-03	1.14E-03	1.35E+00	4.27E-01	-7.62E-01	
group_4505	5.50E-01	1.59E-01	1.59E-01	5.70E-01	4.06E-01	-3.14E-01	
group_4370	5.50E-01	2.43E-05	1.78E-05	1.82E+00	4.46E-01	-1.01E+00	
group_3983	5.50E-01	8.97E-03	8.56E-03	1.08E+00	4.17E-01	-5.95E-01	
group_3850	5.50E-01	5.57E-09	1.64E-09	2.70E+00	5.03E-01	-1.53E+00	
group_3752	5.50E-01	5.57E-09	1.64E-09	2.70E+00	5.03E-01	-1.53E+00	
group_3582	5.50E-01	5.72E-08	2.34E-08	2.46E+00	4.84E-01	-1.39E+00	
group_3568	5.50E-01	5.57E-09	1.64E-09	2.70E+00	5.03E-01	-1.53E+00	
group_3493	5.50E-01	5.57E-09	1.64E-09	2.70E+00	5.03E-01	-1.53E+00	
group_3267	5.50E-01	7.04E-02	6.96E-02	7.36E-01	4.09E-01	-4.05E-01	
group_3113	5.50E-01	5.57E-09	1.64E-09	2.70E+00	5.03E-01	-1.53E+00	
group_3112	5.50E-01	5.57E-09	1.64E-09	2.70E+00	5.03E-01	-1.53E+00	
group_2587	5.50E-01	3.15E-01	3.14E-01	4.05E-01	4.04E-01	-2.23E-01	
traP	5.50E-01	3.15E-01	3.14E-01	4.05E-01	4.04E-01	-2.23E-01	
group_2535	5.50E-01	6.33E-04	5.54E-04	1.43E+00	4.29E-01	-7.95E-01	
tli1	5.50E-01	1.34E-04	1.09E-04	1.62E+00	4.37E-01	-9.01E-01	
group_4052	5.40E-01	1.93E-08	6.97E-09	2.56E+00	4.89E-01	-1.41E+00	
group_3329	5.40E-01	1.75E-09	4.43E-10	2.81E+00	5.08E-01	-1.56E+00	
group_3166	5.40E-01	1.36E-10	2.18E-11	3.08E+00	5.32E-01	-1.72E+00	
group_2154	5.40E-01	1.75E-09	4.43E-10	2.81E+00	5.08E-01	-1.56E+00	
group_2059	5.40E-01	1.61E-02	1.55E-02	9.86E-01	4.14E-01	-5.34E-01	
group_8108	5.30E-01	5.26E-10	1.11E-10	2.92E+00	5.15E-01	-1.58E+00	
group_4273	5.30E-01	5.26E-10	1.11E-10	2.92E+00	5.15E-01	-1.58E+00	
group_4126	5.30E-01	6.23E-09	1.95E-09	2.67E+00	4.95E-01	-1.44E+00	
group_3851	5.30E-01	5.47E-07	2.95E-07	2.21E+00	4.64E-01	-1.19E+00	
group_3697	5.30E-01	5.26E-10	1.11E-10	2.92E+00	5.15E-01	-1.58E+00	
group_3642	5.30E-01	7.13E-02	7.06E-02	-7.31E-01	4.08E-01	3.88E-01	
group_3447	5.30E-01	5.26E-10	1.11E-10	2.92E+00	5.15E-01	-1.58E+00	
group_3138	5.30E-01	6.23E-09	1.95E-09	2.67E+00	4.95E-01	-1.44E+00	
group_2798	5.30E-01	5.26E-10	1.11E-10	2.92E+00	5.15E-01	-1.58E+00	
group_1821	5.30E-01	5.26E-10	1.11E-10	2.92E+00	5.15E-01	-1.58E+00	
group_422	5.30E-01	4.06E-06	2.62E-06	2.00E+00	4.53E-01	-1.07E+00	
group_8735	5.20E-01	3.15E-04	2.68E-04	1.51E+00	4.29E-01	-7.88E-01	
group_8562	5.20E-01	1.63E-02	1.58E-02	9.81E-01	4.12E-01	-5.11E-01	
group_8468	5.20E-01	1.56E-06	9.31E-07	2.10E+00	4.57E-01	-1.10E+00	
group_8407	5.20E-01	3.15E-04	2.68E-04	1.51E+00	4.29E-01	-7.88E-01	
group_6813	5.20E-01	3.15E-04	2.68E-04	1.51E+00	4.29E-01	-7.88E-01	
group_6005	5.20E-01	3.15E-04	2.68E-04	1.51E+00	4.29E-01	-7.88E-01	
group_5866	5.20E-01	3.15E-04	2.68E-04	1.51E+00	4.29E-01	-7.88E-01	
group_5613	5.20E-01	3.15E-04	2.68E-04	1.51E+00	4.29E-01	-7.88E-01	
group_3566	5.20E-01	1.92E-09	5.10E-10	2.78E+00	5.02E-01	-1.47E+00	
group_3331	5.20E-01	1.92E-09	5.10E-10	2.78E+00	5.02E-01	-1.47E+00	
group_3106	5.20E-01	1.92E-09	5.10E-10	2.78E+00	5.02E-01	-1.47E+00	
group_3105	5.20E-01	1.92E-09	5.10E-10	2.78E+00	5.02E-01	-1.47E+00	
group_3099	5.20E-01	1.92E-09	5.10E-10	2.78E+00	5.02E-01	-1.47E+00	
group_3048	5.20E-01	2.09E-08	7.81E-09	2.54E+00	4.84E-01	-1.34E+00	
lacZ	5.20E-01	1.63E-02	1.58E-02	9.81E-01	4.12E-01	-5.11E-01	
group_2307	5.20E-01	1.92E-09	5.10E-10	2.78E+00	5.02E-01	-1.47E+00	
group_1817	5.20E-01	1.92E-09	5.10E-10	2.78E+00	5.02E-01	-1.47E+00	
group_1800	5.20E-01	1.92E-09	5.10E-10	2.78E+00	5.02E-01	-1.47E+00	
group_1179	5.20E-01	3.15E-04	2.68E-04	1.51E+00	4.29E-01	-7.88E-01	
lacI	5.20E-01	1.63E-02	1.58E-02	9.81E-01	4.12E-01	-5.11E-01	
group_293	5.20E-01	3.15E-04	2.68E-04	1.51E+00	4.29E-01	-7.88E-01	
group_223	5.20E-01	4.53E-02	4.46E-02	8.12E-01	4.09E-01	-4.23E-01	
group_8692	5.10E-01	9.31E-03	8.91E-03	1.06E+00	4.14E-01	-5.44E-01	
group_8542	5.10E-01	2.69E-03	2.50E-03	1.24E+00	4.19E-01	-6.33E-01	
group_7637	5.10E-01	6.59E-09	2.12E-09	2.65E+00	4.91E-01	-1.36E+00	
group_7379	5.10E-01	2.53E-12	1.88E-13	3.47E+00	5.61E-01	-1.79E+00	
group_6769	5.10E-01	6.59E-09	2.12E-09	2.65E+00	4.91E-01	-1.36E+00	
group_4120	5.10E-01	4.08E-11	5.55E-12	3.17E+00	5.33E-01	-1.63E+00	
group_4047	5.10E-01	7.18E-02	7.10E-02	7.28E-01	4.07E-01	-3.72E-01	
group_3205	5.10E-01	6.59E-09	2.12E-09	2.65E+00	4.91E-01	-1.36E+00	
group_3184	5.10E-01	3.17E-01	3.17E-01	4.02E-01	4.02E-01	-2.05E-01	
group_3071	5.10E-01	6.59E-09	2.12E-09	2.65E+00	4.91E-01	-1.36E+00	
group_3064	5.10E-01	6.59E-09	2.12E-09	2.65E+00	4.91E-01	-1.36E+00	
group_3049	5.10E-01	5.60E-10	1.23E-10	2.90E+00	5.10E-01	-1.49E+00	
group_2959	5.10E-01	6.59E-09	2.12E-09	2.65E+00	4.91E-01	-1.36E+00	
perC	5.10E-01	6.59E-09	2.12E-09	2.65E+00	4.91E-01	-1.36E+00	
group_2822	5.10E-01	5.60E-10	1.23E-10	2.90E+00	5.10E-01	-1.49E+00	
group_2725	5.10E-01	5.60E-10	1.23E-10	2.90E+00	5.10E-01	-1.49E+00	
group_2577	5.10E-01	4.21E-06	2.74E-06	1.99E+00	4.51E-01	-1.02E+00	
group_2539	5.10E-01	6.59E-09	2.12E-09	2.65E+00	4.91E-01	-1.36E+00	
group_2481	5.10E-01	2.66E-05	1.98E-05	1.79E+00	4.41E-01	-9.16E-01	
fecE	5.10E-01	9.31E-03	8.91E-03	1.06E+00	4.14E-01	-5.44E-01	
group_2126	5.10E-01	6.59E-09	2.12E-09	2.65E+00	4.91E-01	-1.36E+00	
group_2095	5.10E-01	6.59E-09	2.12E-09	2.65E+00	4.91E-01	-1.36E+00	
group_1771	5.10E-01	5.60E-10	1.23E-10	2.90E+00	5.10E-01	-1.49E+00	
group_1675	5.10E-01	6.59E-09	2.12E-09	2.65E+00	4.91E-01	-1.36E+00	
group_1503	5.10E-01	6.59E-09	2.12E-09	2.65E+00	4.91E-01	-1.36E+00	
group_1419	5.10E-01	6.59E-09	2.12E-09	2.65E+00	4.91E-01	-1.36E+00	
group_1123	5.10E-01	6.59E-09	2.12E-09	2.65E+00	4.91E-01	-1.36E+00	
group_774	5.10E-01	5.60E-10	1.23E-10	2.90E+00	5.10E-01	-1.49E+00	
group_668	5.10E-01	6.59E-09	2.12E-09	2.65E+00	4.91E-01	-1.36E+00	
lacY	5.10E-01	7.18E-02	7.10E-02	7.28E-01	4.07E-01	-3.72E-01	
group_8659	5.00E-01	3.18E-04	2.72E-04	1.51E+00	4.29E-01	-7.54E-01	
group_8319	5.00E-01	1.97E-09	5.34E-10	2.77E+00	5.00E-01	-1.39E+00	
group_8314	5.00E-01	1.97E-09	5.34E-10	2.77E+00	5.00E-01	-1.39E+00	
group_7299	5.00E-01	1.55E-10	2.75E-11	3.03E+00	5.21E-01	-1.52E+00	
group_7244	5.00E-01	4.55E-02	4.48E-02	8.11E-01	4.08E-01	-4.05E-01	
fecI	5.00E-01	1.64E-02	1.59E-02	9.79E-01	4.12E-01	-4.90E-01	
ydjF	5.00E-01	2.14E-08	8.11E-09	2.53E+00	4.83E-01	-1.27E+00	
ydjI	5.00E-01	2.14E-08	8.11E-09	2.53E+00	4.83E-01	-1.27E+00	
fecB	5.00E-01	1.64E-02	1.59E-02	9.79E-01	4.12E-01	-4.90E-01	
group_4736	5.00E-01	2.14E-08	8.11E-09	2.53E+00	4.83E-01	-1.27E+00	
fecR	5.00E-01	1.64E-02	1.59E-02	9.79E-01	4.12E-01	-4.90E-01	
fecD	5.00E-01	1.64E-02	1.59E-02	9.79E-01	4.12E-01	-4.90E-01	
group_4614	5.00E-01	2.14E-08	8.11E-09	2.53E+00	4.83E-01	-1.27E+00	
fecC	5.00E-01	1.64E-02	1.59E-02	9.79E-01	4.12E-01	-4.90E-01	
ydjJ	5.00E-01	2.14E-08	8.11E-09	2.53E+00	4.83E-01	-1.27E+00	
group_4025	5.00E-01	2.14E-08	8.11E-09	2.53E+00	4.83E-01	-1.27E+00	
ydjL	5.00E-01	2.14E-08	8.11E-09	2.53E+00	4.83E-01	-1.27E+00	
group_3656	5.00E-01	2.30E-01	2.30E-01	4.82E-01	4.03E-01	-2.41E-01	
group_3102	5.00E-01	1.05E-11	1.08E-12	3.32E+00	5.46E-01	-1.66E+00	
group_2526	5.00E-01	4.55E-02	4.48E-02	8.11E-01	4.08E-01	-4.05E-01	
group_2226	5.00E-01	1.97E-09	5.34E-10	2.77E+00	5.00E-01	-1.39E+00	
ydjE	5.00E-01	2.14E-08	8.11E-09	2.53E+00	4.83E-01	-1.27E+00	
ydjK	5.00E-01	2.14E-08	8.11E-09	2.53E+00	4.83E-01	-1.27E+00	
group_1940	5.00E-01	1.97E-09	5.34E-10	2.77E+00	5.00E-01	-1.39E+00	
group_1709	5.00E-01	2.14E-08	8.11E-09	2.53E+00	4.83E-01	-1.27E+00	
fecA	5.00E-01	1.64E-02	1.59E-02	9.79E-01	4.12E-01	-4.90E-01	
tnpB	5.00E-01	3.18E-04	2.72E-04	1.51E+00	4.29E-01	-7.54E-01	
group_91	5.00E-01	1.08E-05	7.59E-06	1.89E+00	4.45E-01	-9.44E-01	
group_8797	4.90E-01	2.78E-02	2.71E-02	8.95E-01	4.10E-01	-4.38E-01	
group_8710	4.90E-01	1.44E-04	1.19E-04	-1.60E+00	4.33E-01	7.83E-01	
group_8475	4.90E-01	6.62E-08	2.87E-08	2.42E+00	4.76E-01	-1.18E+00	
group_8152	4.90E-01	1.44E-04	1.19E-04	1.60E+00	4.33E-01	-7.83E-01	
group_7527	4.90E-01	5.60E-10	1.23E-10	2.90E+00	5.10E-01	-1.41E+00	
ybcN	4.90E-01	2.53E-12	1.88E-13	3.47E+00	5.61E-01	-1.68E+00	
group_4853	4.90E-01	6.62E-08	2.87E-08	2.42E+00	4.76E-01	-1.18E+00	
group_4507	4.90E-01	4.21E-06	2.74E-06	1.99E+00	4.51E-01	-9.72E-01	
group_4270	4.90E-01	6.59E-09	2.12E-09	2.65E+00	4.91E-01	-1.29E+00	
group_4269	4.90E-01	6.59E-09	2.12E-09	2.65E+00	4.91E-01	-1.29E+00	
group_4130	4.90E-01	6.62E-08	2.87E-08	2.42E+00	4.76E-01	-1.18E+00	
group_4063	4.90E-01	5.70E-07	3.12E-07	2.20E+00	4.62E-01	-1.07E+00	
group_4057	4.90E-01	5.70E-07	3.12E-07	2.20E+00	4.62E-01	-1.07E+00	
group_4056	4.90E-01	5.70E-07	3.12E-07	2.20E+00	4.62E-01	-1.07E+00	
group_3550	4.90E-01	6.59E-09	2.12E-09	2.65E+00	4.91E-01	-1.29E+00	
group_3252	4.90E-01	6.59E-09	2.12E-09	2.65E+00	4.91E-01	-1.29E+00	
group_2901	4.90E-01	6.62E-08	2.87E-08	2.42E+00	4.76E-01	-1.18E+00	
group_2558	4.90E-01	3.17E-01	3.17E-01	-4.02E-01	4.02E-01	1.97E-01	
group_1293	4.90E-01	6.62E-08	2.87E-08	2.42E+00	4.76E-01	-1.18E+00	
group_1292	4.90E-01	6.62E-08	2.87E-08	2.42E+00	4.76E-01	-1.18E+00	
blaOXA9	4.90E-01	6.62E-08	2.87E-08	2.42E+00	4.76E-01	-1.18E+00	
group_6834	4.80E-01	1.50E-10	2.59E-11	3.04E+00	5.23E-01	-1.44E+00	
group_5853	4.80E-01	1.07E-05	7.44E-06	1.89E+00	4.46E-01	-9.03E-01	
group_4464	4.80E-01	1.95E-07	9.50E-08	2.31E+00	4.70E-01	-1.10E+00	
group_4462	4.80E-01	1.95E-07	9.50E-08	2.31E+00	4.70E-01	-1.10E+00	
group_4434	4.80E-01	3.15E-04	2.68E-04	1.51E+00	4.29E-01	-7.22E-01	
group_4317	4.80E-01	1.95E-07	9.50E-08	2.31E+00	4.70E-01	-1.10E+00	
group_4280	4.80E-01	1.50E-10	2.59E-11	3.04E+00	5.23E-01	-1.44E+00	
group_4030	4.80E-01	4.53E-02	4.46E-02	8.12E-01	4.09E-01	-3.89E-01	
group_4010	4.80E-01	1.63E-02	1.58E-02	-9.81E-01	4.12E-01	4.70E-01	
group_3601	4.80E-01	2.09E-08	7.81E-09	2.54E+00	4.84E-01	-1.20E+00	
group_3196	4.80E-01	1.92E-09	5.10E-10	2.78E+00	5.02E-01	-1.32E+00	
group_3081	4.80E-01	1.95E-07	9.50E-08	2.31E+00	4.70E-01	-1.10E+00	
group_1322	4.80E-01	1.95E-07	9.50E-08	2.31E+00	4.70E-01	-1.10E+00	
ptxB	4.70E-01	2.65E-03	2.45E-03	1.24E+00	4.20E-01	-5.82E-01	
ptxD	4.70E-01	2.65E-03	2.45E-03	1.24E+00	4.20E-01	-5.82E-01	
ptxE	4.70E-01	2.65E-03	2.45E-03	1.24E+00	4.20E-01	-5.82E-01	
ptxC	4.70E-01	2.65E-03	2.45E-03	1.24E+00	4.20E-01	-5.82E-01	
group_8880	4.70E-01	2.65E-03	2.45E-03	1.24E+00	4.20E-01	-5.82E-01	
group_8706	4.70E-01	6.23E-09	1.95E-09	2.67E+00	4.95E-01	-1.23E+00	
group_7315	4.70E-01	5.26E-10	1.11E-10	2.92E+00	5.15E-01	-1.34E+00	
group_6876	4.70E-01	1.61E-01	1.60E-01	5.66E-01	4.05E-01	-2.66E-01	
group_6675	4.70E-01	6.23E-09	1.95E-09	2.67E+00	4.95E-01	-1.23E+00	
group_5393	4.70E-01	6.23E-09	1.95E-09	2.67E+00	4.95E-01	-1.23E+00	
group_4428	4.70E-01	6.23E-09	1.95E-09	2.67E+00	4.95E-01	-1.23E+00	
group_4338	4.70E-01	5.26E-10	1.11E-10	2.92E+00	5.15E-01	-1.34E+00	
group_3982	4.70E-01	5.47E-07	2.95E-07	2.21E+00	4.64E-01	-1.02E+00	
group_3603	4.70E-01	3.79E-11	4.88E-12	3.20E+00	5.40E-01	-1.46E+00	
traV	4.70E-01	7.13E-02	7.06E-02	7.31E-01	4.08E-01	-3.43E-01	
traX	4.70E-01	1.61E-01	1.60E-01	-5.66E-01	4.05E-01	2.66E-01	
group_3227	4.70E-01	6.23E-09	1.95E-09	2.67E+00	4.95E-01	-1.23E+00	
group_3224	4.70E-01	5.48E-01	5.48E-01	-2.41E-01	4.01E-01	1.13E-01	
group_2991	4.70E-01	3.79E-11	4.88E-12	3.20E+00	5.40E-01	-1.46E+00	
group_2449	4.70E-01	9.20E-03	8.79E-03	1.07E+00	4.15E-01	-5.01E-01	
group_2433	4.70E-01	9.20E-03	8.79E-03	1.07E+00	4.15E-01	-5.01E-01	
group_2227	4.70E-01	6.23E-09	1.95E-09	2.67E+00	4.95E-01	-1.23E+00	
insD2~~~tnp	4.70E-01	2.75E-02	2.69E-02	-8.98E-01	4.11E-01	4.21E-01	
group_1736	4.70E-01	5.47E-07	2.95E-07	2.21E+00	4.64E-01	-1.02E+00	
group_1523	4.70E-01	6.23E-09	1.95E-09	2.67E+00	4.95E-01	-1.23E+00	
group_655	4.70E-01	4.06E-06	2.62E-06	-2.00E+00	4.53E-01	9.30E-01	
group_142	4.70E-01	4.06E-06	2.62E-06	-2.00E+00	4.53E-01	9.30E-01	
group_7989	4.60E-01	1.36E-10	2.18E-11	3.08E+00	5.32E-01	-1.36E+00	
group_7831	4.60E-01	1.36E-10	2.18E-11	3.08E+00	5.32E-01	-1.36E+00	
group_6657	4.60E-01	1.75E-09	4.43E-10	2.81E+00	5.08E-01	-1.25E+00	
group_5955	4.60E-01	1.61E-02	1.55E-02	9.86E-01	4.14E-01	-4.52E-01	
group_5340	4.60E-01	1.36E-10	2.18E-11	3.08E+00	5.32E-01	-1.36E+00	
group_5272	4.60E-01	1.36E-10	2.18E-11	3.08E+00	5.32E-01	-1.36E+00	
group_5079	4.60E-01	1.61E-02	1.55E-02	9.86E-01	4.14E-01	-4.52E-01	
group_4830	4.60E-01	1.61E-02	1.55E-02	9.86E-01	4.14E-01	-4.52E-01	
group_4735	4.60E-01	1.61E-02	1.55E-02	9.86E-01	4.14E-01	-4.52E-01	
group_4276	4.60E-01	1.08E-01	1.08E-01	-6.50E-01	4.07E-01	2.98E-01	
group_4121	4.60E-01	3.04E-04	2.58E-04	1.52E+00	4.31E-01	-6.93E-01	
group_3896	4.60E-01	1.47E-06	8.63E-07	2.11E+00	4.60E-01	-9.56E-01	
group_3755	4.60E-01	1.75E-09	4.43E-10	2.81E+00	5.08E-01	-1.25E+00	
group_3499	4.60E-01	1.61E-02	1.55E-02	9.86E-01	4.14E-01	-4.52E-01	
group_3204	4.60E-01	1.36E-10	2.18E-11	3.08E+00	5.32E-01	-1.36E+00	
group_3074	4.60E-01	1.01E-05	7.00E-06	1.91E+00	4.49E-01	-8.65E-01	
group_2450	4.60E-01	1.36E-10	2.18E-11	3.08E+00	5.32E-01	-1.36E+00	
group_2273	4.60E-01	1.75E-09	4.43E-10	2.81E+00	5.08E-01	-1.25E+00	
group_2232	4.60E-01	1.82E-07	8.66E-08	2.33E+00	4.74E-01	-1.05E+00	
dinI	4.60E-01	1.36E-10	2.18E-11	3.08E+00	5.32E-01	-1.36E+00	
group_2202	4.60E-01	1.36E-10	2.18E-11	3.08E+00	5.32E-01	-1.36E+00	
group_2096	4.60E-01	1.93E-08	6.97E-09	2.56E+00	4.89E-01	-1.15E+00	
gsiB	4.60E-01	1.61E-02	1.55E-02	9.86E-01	4.14E-01	-4.52E-01	
group_952	4.60E-01	1.61E-02	1.55E-02	9.86E-01	4.14E-01	-4.52E-01	
traU~~~traD	4.60E-01	4.22E-01	4.22E-01	3.23E-01	4.03E-01	-1.48E-01	
catA1	4.60E-01	1.08E-01	1.08E-01	6.50E-01	4.07E-01	-2.98E-01	
group_8323	4.50E-01	5.57E-09	1.64E-09	2.70E+00	5.03E-01	-1.17E+00	
group_6936	4.50E-01	4.63E-10	9.02E-11	2.97E+00	5.25E-01	-1.28E+00	
group_6916	4.50E-01	4.63E-10	9.02E-11	2.97E+00	5.25E-01	-1.28E+00	
group_6333	4.50E-01	4.63E-10	9.02E-11	2.97E+00	5.25E-01	-1.28E+00	
group_4493	4.50E-01	8.41E-01	8.41E-01	8.08E-02	4.02E-01	-3.64E-02	
group_4388	4.50E-01	5.46E-01	5.46E-01	-2.43E-01	4.03E-01	1.09E-01	
group_4062	4.50E-01	5.57E-09	1.64E-09	2.70E+00	5.03E-01	-1.17E+00	
group_4015	4.50E-01	5.57E-09	1.64E-09	2.70E+00	5.03E-01	-1.17E+00	
group_3995	4.50E-01	5.57E-09	1.64E-09	2.70E+00	5.03E-01	-1.17E+00	
group_3816	4.50E-01	5.72E-08	2.34E-08	2.46E+00	4.84E-01	-1.07E+00	
group_3693	4.50E-01	4.63E-10	9.02E-11	-2.97E+00	5.25E-01	1.28E+00	
group_3591	4.50E-01	6.33E-04	5.54E-04	-1.43E+00	4.29E-01	6.39E-01	
group_3233	4.50E-01	5.57E-09	1.64E-09	2.70E+00	5.03E-01	-1.17E+00	
group_3217	4.50E-01	4.63E-10	9.02E-11	2.97E+00	5.25E-01	-1.28E+00	
group_3154	4.50E-01	3.28E-11	3.76E-12	3.26E+00	5.53E-01	-1.39E+00	
group_2913	4.50E-01	5.57E-09	1.64E-09	2.70E+00	5.03E-01	-1.17E+00	
group_2142	4.50E-01	4.63E-10	9.02E-11	2.97E+00	5.25E-01	-1.28E+00	
group_1925	4.50E-01	2.70E-02	2.64E-02	9.04E-01	4.13E-01	-4.05E-01	
group_1920	4.50E-01	5.57E-09	1.64E-09	2.70E+00	5.03E-01	-1.17E+00	
group_1196	4.50E-01	2.57E-03	2.37E-03	1.25E+00	4.23E-01	-5.60E-01	
group_1040	4.50E-01	4.63E-10	9.02E-11	2.97E+00	5.25E-01	-1.28E+00	
group_407	4.50E-01	2.70E-02	2.64E-02	9.04E-01	4.13E-01	-4.05E-01	
group_8713	4.40E-01	1.51E-09	3.48E-10	2.86E+00	5.20E-01	-1.20E+00	
group_8616	4.40E-01	1.27E-03	1.14E-03	1.35E+00	4.27E-01	-5.88E-01	
group_8439	4.40E-01	1.14E-10	1.62E-11	3.15E+00	5.47E-01	-1.30E+00	
group_8260	4.40E-01	1.51E-09	3.48E-10	2.86E+00	5.20E-01	-1.20E+00	
group_7964	4.40E-01	1.69E-08	5.73E-09	2.60E+00	4.98E-01	-1.10E+00	
group_7944	4.40E-01	1.69E-08	5.73E-09	2.60E+00	4.98E-01	-1.10E+00	
group_7620	4.40E-01	1.51E-09	3.48E-10	2.86E+00	5.20E-01	-1.20E+00	
group_7574	4.40E-01	1.51E-09	3.48E-10	2.86E+00	5.20E-01	-1.20E+00	
group_7421	4.40E-01	1.51E-09	3.48E-10	2.86E+00	5.20E-01	-1.20E+00	
group_7378	4.40E-01	1.51E-09	3.48E-10	2.86E+00	5.20E-01	-1.20E+00	
group_7298	4.40E-01	1.51E-09	3.48E-10	2.86E+00	5.20E-01	-1.20E+00	
group_7180	4.40E-01	1.51E-09	3.48E-10	2.86E+00	5.20E-01	-1.20E+00	
group_7033	4.40E-01	4.80E-03	4.50E-03	1.17E+00	4.21E-01	-5.11E-01	
group_6998	4.40E-01	1.51E-09	3.48E-10	2.86E+00	5.20E-01	-1.20E+00	
group_6902	4.40E-01	1.51E-09	3.48E-10	2.86E+00	5.20E-01	-1.20E+00	
group_6792	4.40E-01	1.51E-09	3.48E-10	2.86E+00	5.20E-01	-1.20E+00	
group_6551	4.40E-01	1.51E-09	3.48E-10	2.86E+00	5.20E-01	-1.20E+00	
group_6452	4.40E-01	1.51E-09	3.48E-10	2.86E+00	5.20E-01	-1.20E+00	
group_6305	4.40E-01	1.51E-09	3.48E-10	2.86E+00	5.20E-01	-1.20E+00	
group_6214	4.40E-01	1.51E-09	3.48E-10	2.86E+00	5.20E-01	-1.20E+00	
group_6039	4.40E-01	1.51E-09	3.48E-10	2.86E+00	5.20E-01	-1.20E+00	
group_5954	4.40E-01	1.14E-10	1.62E-11	3.15E+00	5.47E-01	-1.30E+00	
group_5786	4.40E-01	1.51E-09	3.48E-10	2.86E+00	5.20E-01	-1.20E+00	
group_5717	4.40E-01	1.51E-09	3.48E-10	2.86E+00	5.20E-01	-1.20E+00	
group_5431	4.40E-01	1.51E-09	3.48E-10	2.86E+00	5.20E-01	-1.20E+00	
group_5370	4.40E-01	1.51E-09	3.48E-10	2.86E+00	5.20E-01	-1.20E+00	
group_5140	4.40E-01	1.69E-08	5.73E-09	2.60E+00	4.98E-01	-1.10E+00	
group_5019	4.40E-01	1.51E-09	3.48E-10	2.86E+00	5.20E-01	-1.20E+00	
group_4990	4.40E-01	1.51E-09	3.48E-10	2.86E+00	5.20E-01	-1.20E+00	
group_4918	4.40E-01	1.51E-09	3.48E-10	2.86E+00	5.20E-01	-1.20E+00	
group_4824	4.40E-01	1.51E-09	3.48E-10	2.86E+00	5.20E-01	-1.20E+00	
group_4734	4.40E-01	1.51E-09	3.48E-10	2.86E+00	5.20E-01	-1.20E+00	
group_4710	4.40E-01	1.51E-09	3.48E-10	2.86E+00	5.20E-01	-1.20E+00	
group_4474	4.40E-01	1.62E-07	7.39E-08	2.36E+00	4.80E-01	-1.01E+00	
group_4302	4.40E-01	4.80E-03	4.50E-03	1.17E+00	4.21E-01	-5.11E-01	
group_4272	4.40E-01	1.33E-06	7.59E-07	2.14E+00	4.66E-01	-9.16E-01	
group_4271	4.40E-01	1.33E-06	7.59E-07	2.14E+00	4.66E-01	-9.16E-01	
group_4268	4.40E-01	1.33E-06	7.59E-07	2.14E+00	4.66E-01	-9.16E-01	
group_4264	4.40E-01	1.33E-06	7.59E-07	2.14E+00	4.66E-01	-9.16E-01	
group_4263	4.40E-01	1.33E-06	7.59E-07	2.14E+00	4.66E-01	-9.16E-01	
group_4253	4.40E-01	1.33E-06	7.59E-07	2.14E+00	4.66E-01	-9.16E-01	
group_4209	4.40E-01	1.33E-06	7.59E-07	2.14E+00	4.66E-01	-9.16E-01	
group_4136	4.40E-01	1.51E-09	3.48E-10	2.86E+00	5.20E-01	-1.20E+00	
group_4134	4.40E-01	1.33E-06	7.59E-07	2.14E+00	4.66E-01	-9.16E-01	
group_4119	4.40E-01	1.51E-09	3.48E-10	2.86E+00	5.20E-01	-1.20E+00	
group_3989	4.40E-01	1.51E-09	3.48E-10	2.86E+00	5.20E-01	-1.20E+00	
group_3833	4.40E-01	1.51E-09	3.48E-10	2.86E+00	5.20E-01	-1.20E+00	
group_3723	4.40E-01	1.51E-09	3.48E-10	2.86E+00	5.20E-01	-1.20E+00	
group_3497	4.40E-01	1.51E-09	3.48E-10	2.86E+00	5.20E-01	-1.20E+00	
group_3469	4.40E-01	1.51E-09	3.48E-10	2.86E+00	5.20E-01	-1.20E+00	
group_3317	4.40E-01	1.51E-09	3.48E-10	2.86E+00	5.20E-01	-1.20E+00	
group_2999	4.40E-01	1.51E-09	3.48E-10	2.86E+00	5.20E-01	-1.20E+00	
group_2929	4.40E-01	1.51E-09	3.48E-10	2.86E+00	5.20E-01	-1.20E+00	
group_2883	4.40E-01	1.69E-08	5.73E-09	2.60E+00	4.98E-01	-1.10E+00	
group_2882	4.40E-01	1.69E-08	5.73E-09	2.60E+00	4.98E-01	-1.10E+00	
group_2877	4.40E-01	1.51E-09	3.48E-10	2.86E+00	5.20E-01	-1.20E+00	
group_2849	4.40E-01	1.51E-09	3.48E-10	2.86E+00	5.20E-01	-1.20E+00	
group_2695	4.40E-01	1.51E-09	3.48E-10	2.86E+00	5.20E-01	-1.20E+00	
group_2635	4.40E-01	1.33E-06	7.59E-07	2.14E+00	4.66E-01	-9.16E-01	
group_2594	4.40E-01	1.51E-09	3.48E-10	2.86E+00	5.20E-01	-1.20E+00	
group_2584	4.40E-01	4.80E-03	4.50E-03	1.17E+00	4.21E-01	-5.11E-01	
traM	4.40E-01	4.40E-02	4.32E-02	8.24E-01	4.12E-01	-3.61E-01	
group_2476	4.40E-01	1.51E-09	3.48E-10	2.86E+00	5.20E-01	-1.20E+00	
group_2475	4.40E-01	1.51E-09	3.48E-10	2.86E+00	5.20E-01	-1.20E+00	
group_2108	4.40E-01	1.51E-09	3.48E-10	2.86E+00	5.20E-01	-1.20E+00	
group_2079	4.40E-01	1.69E-08	5.73E-09	2.60E+00	4.98E-01	-1.10E+00	
group_1837	4.40E-01	1.51E-09	3.48E-10	2.86E+00	5.20E-01	-1.20E+00	
group_1790	4.40E-01	1.51E-09	3.48E-10	2.86E+00	5.20E-01	-1.20E+00	
group_1644	4.40E-01	1.51E-09	3.48E-10	2.86E+00	5.20E-01	-1.20E+00	
group_1516	4.40E-01	1.51E-09	3.48E-10	2.86E+00	5.20E-01	-1.20E+00	
group_1406	4.40E-01	1.51E-09	3.48E-10	2.86E+00	5.20E-01	-1.20E+00	
group_1372	4.40E-01	1.51E-09	3.48E-10	2.86E+00	5.20E-01	-1.20E+00	
group_1248	4.40E-01	1.69E-08	5.73E-09	2.60E+00	4.98E-01	-1.10E+00	
group_1233	4.40E-01	1.51E-09	3.48E-10	2.86E+00	5.20E-01	-1.20E+00	
group_1140	4.40E-01	1.51E-09	3.48E-10	2.86E+00	5.20E-01	-1.20E+00	
group_1078	4.40E-01	1.51E-09	3.48E-10	2.86E+00	5.20E-01	-1.20E+00	
group_687	4.40E-01	1.51E-09	3.48E-10	2.86E+00	5.20E-01	-1.20E+00	
group_534	4.40E-01	1.33E-06	7.59E-07	2.14E+00	4.66E-01	-9.16E-01	
group_486	4.40E-01	1.33E-06	7.59E-07	2.14E+00	4.66E-01	-9.16E-01	
group_436	4.40E-01	1.51E-09	3.48E-10	2.86E+00	5.20E-01	-1.20E+00	
traN~~~traF	4.40E-01	4.20E-01	4.20E-01	3.25E-01	4.04E-01	-1.43E-01	
group_381	4.40E-01	1.07E-01	1.06E-01	6.55E-01	4.09E-01	-2.88E-01	
group_275	4.40E-01	1.51E-09	3.48E-10	2.86E+00	5.20E-01	-1.20E+00	
group_109	4.40E-01	1.51E-09	3.48E-10	2.86E+00	5.20E-01	-1.20E+00	
group_86	4.40E-01	1.51E-09	3.48E-10	2.86E+00	5.20E-01	-1.20E+00	
group_85	4.40E-01	1.51E-09	3.48E-10	2.86E+00	5.20E-01	-1.20E+00	
group_17	4.40E-01	1.69E-08	5.73E-09	2.60E+00	4.98E-01	-1.10E+00	
group_8884	4.30E-01	3.81E-10	6.50E-11	3.04E+00	5.42E-01	-1.22E+00	
group_8883	4.30E-01	3.81E-10	6.50E-11	3.04E+00	5.42E-01	-1.22E+00	
group_8763	4.30E-01	3.81E-10	6.50E-11	3.04E+00	5.42E-01	-1.22E+00	
group_8724	4.30E-01	4.69E-09	1.26E-09	2.76E+00	5.15E-01	-1.12E+00	
group_8704	4.30E-01	3.81E-10	6.50E-11	3.04E+00	5.42E-01	-1.22E+00	
group_8349	4.30E-01	8.40E-01	8.40E-01	-8.16E-02	4.04E-01	3.51E-02	
group_8343	4.30E-01	4.69E-09	1.26E-09	2.76E+00	5.15E-01	-1.12E+00	
group_8048	4.30E-01	3.81E-10	6.50E-11	3.04E+00	5.42E-01	-1.22E+00	
group_7991	4.30E-01	4.69E-09	1.26E-09	2.76E+00	5.15E-01	-1.12E+00	
group_7876	4.30E-01	3.81E-10	6.50E-11	3.04E+00	5.42E-01	-1.22E+00	
group_7859	4.30E-01	8.40E-01	8.40E-01	-8.16E-02	4.04E-01	3.51E-02	
group_7812	4.30E-01	3.81E-10	6.50E-11	3.04E+00	5.42E-01	-1.22E+00	
group_7795	4.30E-01	3.81E-10	6.50E-11	3.04E+00	5.42E-01	-1.22E+00	
group_7728	4.30E-01	3.81E-10	6.50E-11	3.04E+00	5.42E-01	-1.22E+00	
group_7447	4.30E-01	4.69E-09	1.26E-09	2.76E+00	5.15E-01	-1.12E+00	
group_6891	4.30E-01	4.69E-09	1.26E-09	-2.76E+00	5.15E-01	1.12E+00	
group_6700	4.30E-01	8.40E-01	8.40E-01	-8.16E-02	4.04E-01	3.51E-02	
group_6555	4.30E-01	8.40E-01	8.40E-01	-8.16E-02	4.04E-01	3.51E-02	
group_6538	4.30E-01	4.69E-09	1.26E-09	-2.76E+00	5.15E-01	1.12E+00	
group_6458	4.30E-01	4.69E-09	1.26E-09	2.76E+00	5.15E-01	-1.12E+00	
group_6136	4.30E-01	3.81E-10	6.50E-11	3.04E+00	5.42E-01	-1.22E+00	
lptM	4.30E-01	3.81E-10	6.50E-11	3.04E+00	5.42E-01	-1.22E+00	
group_6098	4.30E-01	5.95E-04	5.16E-04	1.45E+00	4.33E-01	-6.15E-01	
group_6053	4.30E-01	3.81E-10	6.50E-11	3.04E+00	5.42E-01	-1.22E+00	
group_5547	4.30E-01	4.69E-09	1.26E-09	2.76E+00	5.15E-01	-1.12E+00	
group_5468	4.30E-01	3.81E-10	6.50E-11	3.04E+00	5.42E-01	-1.22E+00	
group_5271	4.30E-01	4.69E-09	1.26E-09	2.76E+00	5.15E-01	-1.12E+00	
group_5232	4.30E-01	4.69E-09	1.26E-09	-2.76E+00	5.15E-01	1.12E+00	
group_4977	4.30E-01	3.81E-10	6.50E-11	3.04E+00	5.42E-01	-1.22E+00	
group_4934	4.30E-01	5.95E-04	5.16E-04	1.45E+00	4.33E-01	-6.15E-01	
folE2	4.30E-01	8.40E-01	8.40E-01	-8.16E-02	4.04E-01	3.51E-02	
group_4777	4.30E-01	3.81E-10	6.50E-11	3.04E+00	5.42E-01	-1.22E+00	
group_4730	4.30E-01	4.69E-09	1.26E-09	-2.76E+00	5.15E-01	1.12E+00	
group_4685	4.30E-01	4.69E-09	1.26E-09	-2.76E+00	5.15E-01	1.12E+00	
group_4530	4.30E-01	4.69E-09	1.26E-09	-2.76E+00	5.15E-01	1.12E+00	
group_4516	4.30E-01	4.69E-09	1.26E-09	2.76E+00	5.15E-01	-1.12E+00	
group_4384	4.30E-01	1.57E-01	1.57E-01	5.75E-01	4.08E-01	-2.47E-01	
group_4375	4.30E-01	4.93E-08	1.88E-08	2.51E+00	4.94E-01	-1.03E+00	
group_3481	4.30E-01	8.40E-01	8.40E-01	-8.16E-02	4.04E-01	3.51E-02	
yciC~~~cobW	4.30E-01	8.40E-01	8.40E-01	-8.16E-02	4.04E-01	3.51E-02	
group_2922	4.30E-01	5.95E-04	5.16E-04	1.45E+00	4.33E-01	-6.15E-01	
group_2884	4.30E-01	8.40E-01	8.40E-01	-8.16E-02	4.04E-01	3.51E-02	
group_2590	4.30E-01	3.81E-10	6.50E-11	3.04E+00	5.42E-01	-1.22E+00	
group_2561	4.30E-01	8.64E-03	8.23E-03	1.09E+00	4.20E-01	-4.64E-01	
group_2469	4.30E-01	8.40E-01	8.40E-01	-8.16E-02	4.04E-01	3.51E-02	
group_2242	4.30E-01	4.69E-09	1.26E-09	2.76E+00	5.15E-01	-1.12E+00	
group_2231	4.30E-01	3.81E-10	6.50E-11	3.04E+00	5.42E-01	-1.22E+00	
group_2203	4.30E-01	4.69E-09	1.26E-09	2.76E+00	5.15E-01	-1.12E+00	
group_2078	4.30E-01	4.69E-09	1.26E-09	2.76E+00	5.15E-01	-1.12E+00	
group_2054	4.30E-01	8.64E-03	8.23E-03	1.09E+00	4.20E-01	-4.64E-01	
group_1840	4.30E-01	4.69E-09	1.26E-09	2.76E+00	5.15E-01	-1.12E+00	
group_1431	4.30E-01	3.81E-10	6.50E-11	3.04E+00	5.42E-01	-1.22E+00	
group_1336	4.30E-01	5.95E-04	5.16E-04	1.45E+00	4.33E-01	-6.15E-01	
group_1249	4.30E-01	8.40E-01	8.40E-01	-8.16E-02	4.04E-01	3.51E-02	
group_1114	4.30E-01	8.40E-01	8.40E-01	-8.16E-02	4.04E-01	3.51E-02	
group_983	4.30E-01	4.69E-09	1.26E-09	-2.76E+00	5.15E-01	1.12E+00	
group_942	4.30E-01	3.81E-10	6.50E-11	3.04E+00	5.42E-01	-1.22E+00	
group_734	4.30E-01	3.81E-10	6.50E-11	3.04E+00	5.42E-01	-1.22E+00	
group_638	4.30E-01	8.40E-01	8.40E-01	-8.16E-02	4.04E-01	3.51E-02	
group_432	4.30E-01	3.81E-10	6.50E-11	3.04E+00	5.42E-01	-1.22E+00	
group_429	4.30E-01	4.69E-09	1.26E-09	-2.76E+00	5.15E-01	1.12E+00	
aadA1	4.30E-01	6.91E-02	6.82E-02	7.43E-01	4.11E-01	-3.18E-01	
group_8792	4.20E-01	1.21E-09	2.45E-10	2.94E+00	5.37E-01	-1.15E+00	
group_8717	4.20E-01	8.96E-11	1.04E-11	3.24E+00	5.71E-01	-1.24E+00	
group_8681	4.20E-01	2.65E-04	2.20E-04	-1.56E+00	4.39E-01	6.42E-01	
group_8548	4.20E-01	1.16E-06	6.31E-07	-2.18E+00	4.74E-01	8.80E-01	
group_8547	4.20E-01	1.16E-06	6.31E-07	-2.18E+00	4.74E-01	8.80E-01	
group_8318	4.20E-01	8.96E-11	1.04E-11	3.24E+00	5.71E-01	-1.24E+00	
group_7730	4.20E-01	1.21E-09	2.45E-10	2.94E+00	5.37E-01	-1.15E+00	
group_7636	4.20E-01	8.96E-11	1.04E-11	3.24E+00	5.71E-01	-1.24E+00	
group_7593	4.20E-01	1.21E-09	2.45E-10	2.94E+00	5.37E-01	-1.15E+00	
group_7234	4.20E-01	1.21E-09	2.45E-10	2.94E+00	5.37E-01	-1.15E+00	
group_7120	4.20E-01	1.21E-09	2.45E-10	2.94E+00	5.37E-01	-1.15E+00	
group_6963	4.20E-01	1.21E-09	2.45E-10	2.94E+00	5.37E-01	-1.15E+00	
group_6771	4.20E-01	8.96E-11	1.04E-11	3.24E+00	5.71E-01	-1.24E+00	
group_6715	4.20E-01	1.21E-09	2.45E-10	2.94E+00	5.37E-01	-1.15E+00	
group_6678	4.20E-01	1.21E-09	2.45E-10	2.94E+00	5.37E-01	-1.15E+00	
group_6455	4.20E-01	1.21E-09	2.45E-10	2.94E+00	5.37E-01	-1.15E+00	
group_6179	4.20E-01	1.21E-09	2.45E-10	2.94E+00	5.37E-01	-1.15E+00	
group_6121	4.20E-01	1.40E-08	4.32E-09	2.66E+00	5.11E-01	-1.05E+00	
group_5792	4.20E-01	1.21E-09	2.45E-10	2.94E+00	5.37E-01	-1.15E+00	
hxsA	4.20E-01	1.19E-03	1.06E-03	1.37E+00	4.31E-01	-5.66E-01	
group_5695	4.20E-01	1.21E-09	2.45E-10	2.94E+00	5.37E-01	-1.15E+00	
group_5663	4.20E-01	1.21E-09	2.45E-10	2.94E+00	5.37E-01	-1.15E+00	
group_5588	4.20E-01	8.96E-11	1.04E-11	3.24E+00	5.71E-01	-1.24E+00	
group_5366	4.20E-01	1.21E-09	2.45E-10	2.94E+00	5.37E-01	-1.15E+00	
group_5339	4.20E-01	1.21E-09	2.45E-10	2.94E+00	5.37E-01	-1.15E+00	
group_4088	4.20E-01	1.21E-09	2.45E-10	2.94E+00	5.37E-01	-1.15E+00	
hxsC	4.20E-01	1.19E-03	1.06E-03	1.37E+00	4.31E-01	-5.66E-01	
group_3578	4.20E-01	1.40E-08	4.32E-09	2.66E+00	5.11E-01	-1.05E+00	
group_3374	4.20E-01	2.24E-01	2.23E-01	-4.95E-01	4.09E-01	2.08E-01	
group_3367	4.20E-01	4.56E-03	4.26E-03	1.19E+00	4.25E-01	-4.92E-01	
group_3201	4.20E-01	1.40E-08	4.32E-09	2.66E+00	5.11E-01	-1.05E+00	
group_2723	4.20E-01	5.07E-05	3.82E-05	-1.76E+00	4.49E-01	7.19E-01	
traG~~~traT	4.20E-01	1.00E+00	1.00E+00	0.00E+00	4.05E-01	0.00E+00	
group_2396	4.20E-01	2.65E-04	2.20E-04	-1.56E+00	4.39E-01	6.42E-01	
traT~~~traG	4.20E-01	1.40E-08	4.32E-09	2.66E+00	5.11E-01	-1.05E+00	
group_1749	4.20E-01	1.21E-09	2.45E-10	2.94E+00	5.37E-01	-1.15E+00	
group_897	4.20E-01	1.21E-09	2.45E-10	2.94E+00	5.37E-01	-1.15E+00	
group_427	4.20E-01	8.96E-11	1.04E-11	3.24E+00	5.71E-01	-1.24E+00	
group_312	4.20E-01	1.16E-06	6.31E-07	-2.18E+00	4.74E-01	8.80E-01	
group_192	4.20E-01	1.00E+00	1.00E+00	0.00E+00	4.05E-01	0.00E+00	
group_78	4.20E-01	8.96E-11	1.04E-11	3.24E+00	5.71E-01	-1.24E+00	
group_8554	4.10E-01	2.29E-03	2.09E-03	1.29E+00	4.30E-01	-5.20E-01	
spnT	4.10E-01	2.92E-10	4.09E-11	3.14E+00	5.67E-01	-1.17E+00	
group_8328	4.10E-01	8.39E-01	8.39E-01	8.27E-02	4.07E-01	-3.39E-02	
group_8327	4.10E-01	3.09E-01	3.09E-01	4.15E-01	4.09E-01	-1.70E-01	
group_8315	4.10E-01	2.92E-10	4.09E-11	3.14E+00	5.67E-01	-1.17E+00	
group_8238	4.10E-01	3.72E-09	8.72E-10	2.84E+00	5.34E-01	-1.08E+00	
group_8125	4.10E-01	2.92E-10	4.09E-11	3.14E+00	5.67E-01	-1.17E+00	
group_8111	4.10E-01	2.92E-10	4.09E-11	3.14E+00	5.67E-01	-1.17E+00	
group_8002	4.10E-01	2.92E-10	4.09E-11	3.14E+00	5.67E-01	-1.17E+00	
group_7960	4.10E-01	3.72E-09	8.72E-10	2.84E+00	5.34E-01	-1.08E+00	
group_7925	4.10E-01	2.92E-10	4.09E-11	3.14E+00	5.67E-01	-1.17E+00	
group_7766	4.10E-01	8.39E-01	8.39E-01	-8.27E-02	4.07E-01	3.39E-02	
group_7317	4.10E-01	2.92E-10	4.09E-11	3.14E+00	5.67E-01	-1.17E+00	
group_7316	4.10E-01	1.95E-11	1.40E-12	3.49E+00	6.13E-01	-1.26E+00	
group_7262	4.10E-01	2.92E-10	4.09E-11	3.14E+00	5.67E-01	-1.17E+00	
group_7219	4.10E-01	2.92E-10	4.09E-11	3.14E+00	5.67E-01	-1.17E+00	
group_7202	4.10E-01	2.92E-10	4.09E-11	3.14E+00	5.67E-01	-1.17E+00	
group_7153	4.10E-01	2.92E-10	4.09E-11	3.14E+00	5.67E-01	-1.17E+00	
group_7126	4.10E-01	2.92E-10	4.09E-11	3.14E+00	5.67E-01	-1.17E+00	
group_7065	4.10E-01	2.92E-10	4.09E-11	3.14E+00	5.67E-01	-1.17E+00	
grlR	4.10E-01	2.92E-10	4.09E-11	3.14E+00	5.67E-01	-1.17E+00	
group_6744	4.10E-01	3.72E-09	8.72E-10	2.84E+00	5.34E-01	-1.08E+00	
group_6679	4.10E-01	2.92E-10	4.09E-11	3.14E+00	5.67E-01	-1.17E+00	
group_6676	4.10E-01	3.72E-09	8.72E-10	2.84E+00	5.34E-01	-1.08E+00	
group_6432	4.10E-01	2.92E-10	4.09E-11	3.14E+00	5.67E-01	-1.17E+00	
group_6380	4.10E-01	3.72E-09	8.72E-10	-2.84E+00	5.34E-01	1.08E+00	
group_6215	4.10E-01	2.92E-10	4.09E-11	3.14E+00	5.67E-01	-1.17E+00	
group_6054	4.10E-01	2.92E-10	4.09E-11	3.14E+00	5.67E-01	-1.17E+00	
group_5931	4.10E-01	2.92E-10	4.09E-11	3.14E+00	5.67E-01	-1.17E+00	
group_5661	4.10E-01	3.72E-09	8.72E-10	2.84E+00	5.34E-01	-1.08E+00	
group_5472	4.10E-01	8.39E-01	8.39E-01	-8.27E-02	4.07E-01	3.39E-02	
group_5470	4.10E-01	2.92E-10	4.09E-11	3.14E+00	5.67E-01	-1.17E+00	
group_5420	4.10E-01	3.72E-09	8.72E-10	2.84E+00	5.34E-01	-1.08E+00	
group_4414	4.10E-01	2.92E-10	4.09E-11	3.14E+00	5.67E-01	-1.17E+00	
group_4382	4.10E-01	8.39E-01	8.39E-01	-8.27E-02	4.07E-01	3.39E-02	
group_4291	4.10E-01	5.47E-04	4.69E-04	1.48E+00	4.38E-01	-5.93E-01	
group_4201	4.10E-01	8.39E-01	8.39E-01	-8.27E-02	4.07E-01	3.39E-02	
group_4168	4.10E-01	8.39E-01	8.39E-01	-8.27E-02	4.07E-01	3.39E-02	
group_4038	4.10E-01	2.53E-02	2.46E-02	9.27E-01	4.19E-01	-3.77E-01	
group_4035	4.10E-01	2.53E-02	2.46E-02	9.27E-01	4.19E-01	-3.77E-01	
group_3868	4.10E-01	3.09E-01	3.09E-01	4.15E-01	4.09E-01	-1.70E-01	
group_3782	4.10E-01	3.09E-01	3.09E-01	4.15E-01	4.09E-01	-1.70E-01	
group_2578	4.10E-01	3.09E-01	3.09E-01	-4.15E-01	4.09E-01	1.70E-01	
group_2508	4.10E-01	2.92E-10	4.09E-11	3.14E+00	5.67E-01	-1.17E+00	
group_617	4.10E-01	2.92E-10	4.09E-11	3.14E+00	5.67E-01	-1.17E+00	
ccdB	4.10E-01	8.39E-01	8.39E-01	-8.27E-02	4.07E-01	3.39E-02	
group_65	4.10E-01	3.72E-09	8.72E-10	2.84E+00	5.34E-01	-1.08E+00	
group_8773	4.00E-01	1.09E-03	9.61E-04	1.39E+00	4.37E-01	-5.47E-01	
group_8745	4.00E-01	1.09E-08	2.94E-09	2.75E+00	5.30E-01	-1.01E+00	
group_8143	4.00E-01	1.09E-08	2.94E-09	2.75E+00	5.30E-01	-1.01E+00	
group_7987	4.00E-01	1.09E-08	2.94E-09	2.75E+00	5.30E-01	-1.01E+00	
group_7959	4.00E-01	1.09E-08	2.94E-09	2.75E+00	5.30E-01	-1.01E+00	
group_7450	4.00E-01	7.10E-06	4.46E-06	-2.01E+00	4.69E-01	7.69E-01	
group_7344	4.00E-01	1.09E-08	2.94E-09	2.75E+00	5.30E-01	-1.01E+00	
group_7197	4.00E-01	1.09E-08	2.94E-09	2.75E+00	5.30E-01	-1.01E+00	
group_7089	4.00E-01	1.09E-08	2.94E-09	2.75E+00	5.30E-01	-1.01E+00	
group_7088	4.00E-01	1.09E-08	2.94E-09	2.75E+00	5.30E-01	-1.01E+00	
group_6321	4.00E-01	6.49E-11	5.70E-12	3.39E+00	6.09E-01	-1.19E+00	
group_6208	4.00E-01	6.49E-11	5.70E-12	3.39E+00	6.09E-01	-1.19E+00	
group_5736	4.00E-01	6.49E-11	5.70E-12	3.39E+00	6.09E-01	-1.19E+00	
group_5471	4.00E-01	6.49E-11	5.70E-12	3.39E+00	6.09E-01	-1.19E+00	
group_5445	4.00E-01	1.09E-08	2.94E-09	2.75E+00	5.30E-01	-1.01E+00	
group_5292	4.00E-01	1.09E-08	2.94E-09	2.75E+00	5.30E-01	-1.01E+00	
group_5096	4.00E-01	6.49E-11	5.70E-12	3.39E+00	6.09E-01	-1.19E+00	
group_4754	4.00E-01	1.09E-08	2.94E-09	2.75E+00	5.30E-01	-1.01E+00	
group_4087	4.00E-01	1.00E+00	1.00E+00	0.00E+00	4.08E-01	0.00E+00	
group_4045	4.00E-01	4.27E-03	3.96E-03	1.21E+00	4.29E-01	-4.75E-01	
group_3964	4.00E-01	1.00E+00	1.00E+00	0.00E+00	4.08E-01	0.00E+00	
group_3793	4.00E-01	2.21E-01	2.20E-01	5.03E-01	4.12E-01	-2.01E-01	
group_3323	4.00E-01	4.14E-01	4.14E-01	3.34E-01	4.10E-01	-1.34E-01	
group_3125	4.00E-01	6.49E-11	5.70E-12	3.39E+00	6.09E-01	-1.19E+00	
group_2891	4.00E-01	1.43E-02	1.37E-02	1.02E+00	4.23E-01	-4.05E-01	
finO	4.00E-01	4.14E-01	4.14E-01	3.34E-01	4.10E-01	-1.34E-01	
group_2189	4.00E-01	9.14E-10	1.52E-10	3.04E+00	5.63E-01	-1.10E+00	
traD~~~traM	4.00E-01	7.10E-06	4.46E-06	-2.01E+00	4.69E-01	7.69E-01	
yubL	4.00E-01	6.83E-01	6.83E-01	-1.67E-01	4.09E-01	6.67E-02	
group_1732	4.00E-01	9.14E-10	1.52E-10	3.04E+00	5.63E-01	-1.10E+00	
group_980	4.00E-01	4.46E-05	3.26E-05	1.79E+00	4.56E-01	-6.93E-01	
group_977	4.00E-01	1.09E-08	2.94E-09	2.75E+00	5.30E-01	-1.01E+00	
group_941	4.00E-01	1.43E-02	1.37E-02	1.02E+00	4.23E-01	-4.05E-01	
group_131	4.00E-01	1.09E-08	2.94E-09	2.75E+00	5.30E-01	-1.01E+00	
group_81	4.00E-01	9.14E-10	1.52E-10	3.04E+00	5.63E-01	-1.10E+00	
group_8464	3.90E-01	2.75E-09	5.32E-10	2.95E+00	5.60E-01	-1.03E+00	
group_7263	3.90E-01	2.97E-07	1.27E-07	-2.39E+00	5.03E-01	8.71E-01	
group_7154	3.90E-01	2.75E-09	5.32E-10	2.95E+00	5.60E-01	-1.03E+00	
group_6950	3.90E-01	2.97E-07	1.27E-07	-2.39E+00	5.03E-01	8.71E-01	
pilS	3.90E-01	2.07E-10	2.20E-11	3.29E+00	6.06E-01	-1.12E+00	
group_5942	3.90E-01	2.75E-09	5.32E-10	2.95E+00	5.60E-01	-1.03E+00	
group_4750	3.90E-01	2.07E-10	2.20E-11	3.29E+00	6.06E-01	-1.12E+00	
group_4378	3.90E-01	2.41E-06	1.33E-06	2.15E+00	4.83E-01	-7.93E-01	
group_4294	3.90E-01	8.38E-01	8.38E-01	8.41E-02	4.10E-01	-3.28E-02	
group_3624	3.90E-01	5.39E-01	5.38E-01	2.53E-01	4.11E-01	-9.84E-02	
group_3354	3.90E-01	7.69E-03	7.25E-03	1.13E+00	4.29E-01	-4.33E-01	
group_3186	3.90E-01	8.38E-01	8.38E-01	-8.41E-02	4.10E-01	3.28E-02	
group_2513	3.90E-01	7.69E-03	7.25E-03	1.13E+00	4.29E-01	-4.33E-01	
group_768	3.90E-01	1.67E-05	1.11E-05	-1.92E+00	4.68E-01	7.18E-01	
group_169	3.90E-01	1.67E-05	1.11E-05	-1.92E+00	4.68E-01	7.18E-01	
group_7760	3.80E-01	7.99E-09	1.78E-09	2.86E+00	5.58E-01	-9.73E-01	
group_7543	3.80E-01	2.09E-04	1.66E-04	1.63E+00	4.54E-01	-5.98E-01	
group_6817	3.80E-01	3.92E-03	3.61E-03	1.23E+00	4.36E-01	-4.60E-01	
tipJ	3.80E-01	4.10E-01	4.10E-01	-3.41E-01	4.14E-01	1.29E-01	
tnp~~~tnpA	3.80E-01	2.16E-01	2.16E-01	5.13E-01	4.16E-01	-1.94E-01	
group_3756	3.80E-01	7.99E-09	1.78E-09	-2.86E+00	5.58E-01	9.73E-01	
group_3700	3.80E-01	4.10E-01	4.10E-01	-3.41E-01	4.14E-01	1.29E-01	
group_3667	3.80E-01	1.34E-02	1.28E-02	1.05E+00	4.29E-01	-3.92E-01	
ydaY	3.80E-01	4.10E-01	4.10E-01	-3.41E-01	4.14E-01	1.29E-01	
group_3394	3.80E-01	1.34E-02	1.28E-02	1.05E+00	4.29E-01	-3.92E-01	
group_3387	3.80E-01	9.93E-02	9.84E-02	-6.87E-01	4.19E-01	2.60E-01	
group_3258	3.80E-01	2.16E-01	2.16E-01	5.13E-01	4.16E-01	-1.94E-01	
group_2624	3.80E-01	1.34E-02	1.28E-02	1.05E+00	4.29E-01	-3.92E-01	
group_2082	3.80E-01	3.78E-05	2.66E-05	-1.84E+00	4.66E-01	6.69E-01	
group_2009	3.80E-01	6.80E-01	6.80E-01	1.70E-01	4.12E-01	-6.45E-02	
sul2	3.70E-01	7.09E-03	6.64E-03	1.15E+00	4.35E-01	-4.19E-01	
group_4412	3.70E-01	2.24E-07	8.48E-08	2.48E+00	5.24E-01	-8.40E-01	
group_4281	3.70E-01	8.36E-01	8.36E-01	-8.58E-02	4.14E-01	3.17E-02	
group_4228	3.70E-01	8.36E-01	8.36E-01	8.58E-02	4.14E-01	-3.17E-02	
group_4225	3.70E-01	1.47E-01	1.46E-01	-6.06E-01	4.20E-01	2.23E-01	
mobC	3.70E-01	1.47E-01	1.46E-01	-6.06E-01	4.20E-01	2.23E-01	
virD4	3.70E-01	1.47E-01	1.46E-01	-6.06E-01	4.20E-01	2.23E-01	
group_3773	3.70E-01	1.90E-06	9.67E-07	2.22E+00	4.99E-01	-7.65E-01	
group_3569	3.70E-01	2.24E-08	5.68E-09	-2.77E+00	5.56E-01	9.16E-01	
group_3340	3.70E-01	5.34E-01	5.34E-01	-2.58E-01	4.15E-01	9.53E-02	
group_3304	3.70E-01	2.24E-08	5.68E-09	-2.77E+00	5.56E-01	9.16E-01	
group_3115	3.70E-01	2.24E-08	5.68E-09	-2.77E+00	5.56E-01	9.16E-01	
group_3114	3.70E-01	2.24E-08	5.68E-09	-2.77E+00	5.56E-01	9.16E-01	
group_2589	3.70E-01	1.90E-06	9.67E-07	-2.22E+00	4.99E-01	7.65E-01	
group_2485	3.70E-01	5.34E-01	5.34E-01	-2.58E-01	4.15E-01	9.53E-02	
group_2463	3.70E-01	1.90E-06	9.67E-07	-2.22E+00	4.99E-01	7.65E-01	
group_1863	3.70E-01	2.24E-08	5.68E-09	-2.77E+00	5.56E-01	9.16E-01	
yqaJ	3.70E-01	2.24E-07	8.48E-08	2.48E+00	5.24E-01	-8.40E-01	
cshB	3.70E-01	1.89E-03	1.68E-03	1.35E+00	4.43E-01	-4.86E-01	
traC	3.70E-01	7.09E-03	6.64E-03	1.15E+00	4.35E-01	-4.19E-01	
group_8696	3.60E-01	1.77E-04	1.36E-04	1.68E+00	4.65E-01	-5.78E-01	
group_8397	3.60E-01	2.11E-01	2.10E-01	5.25E-01	4.21E-01	-1.88E-01	
group_8373	3.60E-01	3.54E-03	3.22E-03	1.27E+00	4.43E-01	-4.45E-01	
group_8085	3.60E-01	5.73E-07	2.39E-07	2.40E+00	5.22E-01	-7.88E-01	
group_7682	3.60E-01	9.56E-02	9.45E-02	-7.03E-01	4.25E-01	2.51E-01	
group_7380	3.60E-01	4.05E-01	4.04E-01	3.48E-01	4.19E-01	-1.25E-01	
group_7207	3.60E-01	3.54E-03	3.22E-03	-1.27E+00	4.43E-01	4.45E-01	
group_7080	3.60E-01	1.00E+00	1.00E+00	0.00E+00	4.17E-01	0.00E+00	
group_4833	3.60E-01	1.00E+00	1.00E+00	0.00E+00	4.17E-01	0.00E+00	
group_4485	3.60E-01	4.05E-01	4.04E-01	3.48E-01	4.19E-01	-1.25E-01	
padR	3.60E-01	4.05E-01	4.04E-01	3.48E-01	4.19E-01	-1.25E-01	
group_4360	3.60E-01	4.05E-01	4.04E-01	-3.48E-01	4.19E-01	1.25E-01	
group_4067	3.60E-01	2.11E-01	2.10E-01	5.25E-01	4.21E-01	-1.88E-01	
group_3555	3.60E-01	1.77E-04	1.36E-04	-1.68E+00	4.65E-01	5.78E-01	
group_3386	3.60E-01	6.77E-01	6.77E-01	-1.74E-01	4.17E-01	6.25E-02	
group_3193	3.60E-01	6.77E-01	6.77E-01	-1.74E-01	4.17E-01	6.25E-02	
group_2483	3.60E-01	6.07E-08	1.74E-08	2.69E+00	5.54E-01	-8.62E-01	
group_1284	3.60E-01	1.00E+00	1.00E+00	0.00E+00	4.17E-01	0.00E+00	
group_350	3.60E-01	1.77E-04	1.36E-04	1.68E+00	4.65E-01	-5.78E-01	
group_8629	3.50E-01	1.59E-07	5.10E-08	-2.60E+00	5.53E-01	8.11E-01	
group_6937	3.50E-01	8.34E-01	8.34E-01	8.79E-02	4.19E-01	-3.08E-02	
group_6779	3.50E-01	8.34E-01	8.34E-01	8.79E-02	4.19E-01	-3.08E-02	
group_6523	3.50E-01	8.34E-01	8.34E-01	8.79E-02	4.19E-01	-3.08E-02	
group_4396	3.50E-01	1.42E-01	1.41E-01	-6.22E-01	4.26E-01	2.16E-01	
group_4351	3.50E-01	8.34E-01	8.34E-01	-8.79E-02	4.19E-01	3.08E-02	
group_4335	3.50E-01	1.42E-01	1.41E-01	-6.22E-01	4.26E-01	2.16E-01	
group_4331	3.50E-01	1.42E-01	1.41E-01	-6.22E-01	4.26E-01	2.16E-01	
group_4312	3.50E-01	5.92E-02	5.81E-02	8.05E-01	4.30E-01	-2.79E-01	
group_4282	3.50E-01	8.34E-01	8.34E-01	-8.79E-02	4.19E-01	3.08E-02	
group_3261	3.50E-01	2.95E-01	2.94E-01	4.42E-01	4.23E-01	-1.54E-01	
group_3150	3.50E-01	8.34E-01	8.34E-01	8.79E-02	4.19E-01	-3.08E-02	
group_3107	3.50E-01	1.59E-07	5.10E-08	2.60E+00	5.53E-01	-8.11E-01	
group_3084	3.50E-01	2.11E-02	2.03E-02	9.92E-01	4.36E-01	-3.42E-01	
group_2580	3.50E-01	8.34E-01	8.34E-01	8.79E-02	4.19E-01	-3.08E-02	
group_2529	3.50E-01	2.95E-01	2.94E-01	4.42E-01	4.23E-01	-1.54E-01	
group_1956	3.50E-01	8.34E-01	8.34E-01	8.79E-02	4.19E-01	-3.08E-02	
group_1919	3.50E-01	8.34E-01	8.34E-01	8.79E-02	4.19E-01	-3.08E-02	
rfbK2	3.50E-01	1.07E-05	6.28E-06	-2.06E+00	4.97E-01	6.70E-01	
group_651	3.50E-01	6.42E-03	5.96E-03	-1.19E+00	4.43E-01	4.05E-01	
group_216	3.50E-01	1.42E-01	1.41E-01	6.22E-01	4.26E-01	-2.16E-01	
group_7958	3.40E-01	4.05E-08	9.08E-09	2.85E+00	5.96E-01	-8.33E-01	
group_5984	3.40E-01	3.98E-01	3.98E-01	3.58E-01	4.24E-01	-1.21E-01	
mphA	3.40E-01	3.98E-01	3.98E-01	3.58E-01	4.24E-01	-1.21E-01	
group_4325	3.40E-01	9.13E-02	9.01E-02	-7.23E-01	4.31E-01	2.44E-01	
group_4248	3.40E-01	2.05E-01	2.04E-01	5.39E-01	4.27E-01	-1.82E-01	
group_4160	3.40E-01	2.05E-01	2.04E-01	5.39E-01	4.27E-01	-1.82E-01	
group_4144	3.40E-01	1.00E+00	1.00E+00	0.00E+00	4.22E-01	0.00E+00	
group_3855	3.40E-01	2.05E-01	2.04E-01	5.39E-01	4.27E-01	-1.82E-01	
group_3623	3.40E-01	6.73E-01	6.73E-01	-1.78E-01	4.23E-01	6.06E-02	
mrxA	3.40E-01	3.98E-01	3.98E-01	3.58E-01	4.24E-01	-1.21E-01	
group_126	3.40E-01	1.00E+00	1.00E+00	0.00E+00	4.22E-01	0.00E+00	
group_8326	3.30E-01	1.93E-02	1.85E-02	1.02E+00	4.45E-01	-3.31E-01	
group_8104	3.30E-01	2.88E-01	2.87E-01	4.55E-01	4.29E-01	-1.50E-01	
group_7454	3.30E-01	1.42E-03	1.22E-03	1.44E+00	4.64E-01	-4.55E-01	
group_6815	3.30E-01	5.23E-01	5.23E-01	-2.72E-01	4.27E-01	8.96E-02	
group_4979	3.30E-01	1.37E-01	1.35E-01	6.41E-01	4.33E-01	-2.10E-01	
group_4406	3.30E-01	3.00E-04	2.32E-04	1.66E+00	4.78E-01	-5.19E-01	
group_4395	3.30E-01	5.56E-02	5.45E-02	8.30E-01	4.38E-01	-2.70E-01	
dqlB	3.30E-01	9.35E-09	1.28E-09	3.16E+00	6.62E-01	-8.54E-01	
group_4251	3.30E-01	9.35E-09	1.28E-09	3.16E+00	6.62E-01	-8.54E-01	
group_4250	3.30E-01	9.35E-09	1.28E-09	3.16E+00	6.62E-01	-8.54E-01	
group_4206	3.30E-01	9.35E-09	1.28E-09	3.16E+00	6.62E-01	-8.54E-01	
group_4205	3.30E-01	9.35E-09	1.28E-09	3.16E+00	6.62E-01	-8.54E-01	
group_4128	3.30E-01	9.35E-09	1.28E-09	3.16E+00	6.62E-01	-8.54E-01	
group_3942	3.30E-01	1.00E-06	3.92E-07	-2.44E+00	5.51E-01	7.16E-01	
group_3925	3.30E-01	1.00E-06	3.92E-07	-2.44E+00	5.51E-01	7.16E-01	
ydaT	3.30E-01	5.23E-01	5.23E-01	-2.72E-01	4.27E-01	8.96E-02	
group_3573	3.30E-01	5.23E-01	5.23E-01	-2.72E-01	4.27E-01	8.96E-02	
traQ	3.30E-01	5.23E-01	5.23E-01	2.72E-01	4.27E-01	-8.96E-02	
group_2484	3.30E-01	5.23E-01	5.23E-01	-2.72E-01	4.27E-01	8.96E-02	
group_2479	3.30E-01	5.23E-01	5.23E-01	-2.72E-01	4.27E-01	8.96E-02	
group_2190	3.30E-01	5.23E-01	5.23E-01	-2.72E-01	4.27E-01	8.96E-02	
group_1927	3.30E-01	5.23E-01	5.23E-01	-2.72E-01	4.27E-01	8.96E-02	
ykgJ	3.30E-01	3.00E-04	2.32E-04	-1.66E+00	4.78E-01	5.19E-01	
group_1020	3.30E-01	5.23E-01	5.23E-01	-2.72E-01	4.27E-01	8.96E-02	
group_90	3.30E-01	5.23E-01	5.23E-01	-2.72E-01	4.27E-01	8.96E-02	
group_8882	3.20E-01	2.40E-06	1.03E-06	2.36E+00	5.50E-01	-6.71E-01	
group_8602	3.20E-01	2.40E-06	1.03E-06	2.36E+00	5.50E-01	-6.71E-01	
group_8500	3.20E-01	2.49E-08	3.95E-09	-3.07E+00	6.61E-01	8.06E-01	
group_8495	3.20E-01	8.63E-02	8.51E-02	-7.47E-01	4.39E-01	2.36E-01	
group_8421	3.20E-01	6.68E-01	6.68E-01	-1.84E-01	4.29E-01	5.88E-02	
group_8369	3.20E-01	2.69E-03	2.37E-03	1.36E+00	4.65E-01	-4.18E-01	
group_8110	3.20E-01	2.40E-06	1.03E-06	2.36E+00	5.50E-01	-6.71E-01	
group_7015	3.20E-01	1.14E-04	7.98E-05	1.82E+00	4.96E-01	-5.42E-01	
group_6547	3.20E-01	2.49E-08	3.95E-09	3.07E+00	6.61E-01	-8.06E-01	
group_5665	3.20E-01	2.49E-08	3.95E-09	3.07E+00	6.61E-01	-8.06E-01	
group_4996	3.20E-01	8.63E-02	8.51E-02	-7.47E-01	4.39E-01	2.36E-01	
group_4995	3.20E-01	2.49E-08	3.95E-09	3.07E+00	6.61E-01	-8.06E-01	
group_4435	3.20E-01	3.21E-02	3.10E-02	9.43E-01	4.46E-01	-2.96E-01	
group_4354	3.20E-01	1.01E-02	9.42E-03	1.15E+00	4.54E-01	-3.57E-01	
group_4089	3.20E-01	6.68E-01	6.68E-01	-1.84E-01	4.29E-01	5.88E-02	
group_3963	3.20E-01	2.69E-03	2.37E-03	1.36E+00	4.65E-01	-4.18E-01	
group_3701	3.20E-01	6.68E-01	6.68E-01	-1.84E-01	4.29E-01	5.88E-02	
group_3625	3.20E-01	3.91E-01	3.91E-01	3.69E-01	4.31E-01	-1.18E-01	
group_3385	3.20E-01	3.91E-01	3.91E-01	-3.69E-01	4.31E-01	1.18E-01	
group_3207	3.20E-01	2.68E-07	7.61E-08	-2.68E+00	5.94E-01	7.38E-01	
group_3122	3.20E-01	6.68E-01	6.68E-01	-1.84E-01	4.29E-01	5.88E-02	
group_2931	3.20E-01	2.49E-08	3.95E-09	3.07E+00	6.61E-01	-8.06E-01	
group_2890	3.20E-01	2.49E-08	3.95E-09	3.07E+00	6.61E-01	-8.06E-01	
intE	3.20E-01	3.91E-01	3.91E-01	-3.69E-01	4.31E-01	1.18E-01	
virB3	3.20E-01	2.49E-08	3.95E-09	3.07E+00	6.61E-01	-8.06E-01	
virB1	3.20E-01	2.49E-08	3.95E-09	3.07E+00	6.61E-01	-8.06E-01	
group_2106	3.20E-01	2.40E-06	1.03E-06	-2.36E+00	5.50E-01	6.71E-01	
group_1872	3.20E-01	2.49E-08	3.95E-09	3.07E+00	6.61E-01	-8.06E-01	
copG	3.20E-01	2.49E-08	3.95E-09	3.07E+00	6.61E-01	-8.06E-01	
parF	3.20E-01	2.49E-08	3.95E-09	3.07E+00	6.61E-01	-8.06E-01	
group_1364	3.20E-01	2.49E-08	3.95E-09	3.07E+00	6.61E-01	-8.06E-01	
group_1363	3.20E-01	8.63E-02	8.51E-02	-7.47E-01	4.39E-01	2.36E-01	
group_1261	3.20E-01	2.49E-08	3.95E-09	3.07E+00	6.61E-01	-8.06E-01	
group_809	3.20E-01	2.49E-08	3.95E-09	3.07E+00	6.61E-01	-8.06E-01	
group_494	3.20E-01	2.49E-08	3.95E-09	3.07E+00	6.61E-01	-8.06E-01	
trbC	3.20E-01	2.49E-08	3.95E-09	3.07E+00	6.61E-01	-8.06E-01	
group_219	3.20E-01	2.40E-06	1.03E-06	2.36E+00	5.50E-01	-6.71E-01	
aadA2	3.20E-01	6.04E-04	4.85E-04	1.58E+00	4.78E-01	-4.80E-01	
group_8639	3.10E-01	6.46E-08	1.17E-08	2.99E+00	6.60E-01	-7.59E-01	
group_8599	3.10E-01	2.37E-04	1.74E-04	1.74E+00	4.96E-01	-5.03E-01	
group_8451	3.10E-01	2.37E-04	1.74E-04	-1.74E+00	4.96E-01	5.03E-01	
group_8036	3.10E-01	1.30E-01	1.29E-01	6.63E-01	4.41E-01	-2.04E-01	
group_7887	3.10E-01	2.37E-04	1.74E-04	1.74E+00	4.96E-01	-5.03E-01	
group_7647	3.10E-01	3.99E-05	2.44E-05	-1.99E+00	5.19E-01	5.65E-01	
group_7608	3.10E-01	6.46E-08	1.17E-08	2.99E+00	6.60E-01	-7.59E-01	
group_7248	3.10E-01	2.37E-04	1.74E-04	1.74E+00	4.96E-01	-5.03E-01	
group_6992	3.10E-01	6.46E-08	1.17E-08	2.99E+00	6.60E-01	-7.59E-01	
group_6990	3.10E-01	5.17E-02	5.04E-02	8.60E-01	4.47E-01	-2.62E-01	
group_6820	3.10E-01	2.37E-04	1.74E-04	1.74E+00	4.96E-01	-5.03E-01	
group_6758	3.10E-01	3.99E-05	2.44E-05	-1.99E+00	5.19E-01	5.65E-01	
group_6581	3.10E-01	6.46E-08	1.17E-08	-2.99E+00	6.60E-01	7.59E-01	
group_6459	3.10E-01	3.99E-05	2.44E-05	-1.99E+00	5.19E-01	5.65E-01	
dfrA12	3.10E-01	2.37E-04	1.74E-04	1.74E+00	4.96E-01	-5.03E-01	
group_5887	3.10E-01	2.37E-04	1.74E-04	1.74E+00	4.96E-01	-5.03E-01	
group_5024	3.10E-01	6.46E-08	1.17E-08	-2.99E+00	6.60E-01	7.59E-01	
group_4797	3.10E-01	6.46E-08	1.17E-08	2.99E+00	6.60E-01	-7.59E-01	
group_4537	3.10E-01	2.37E-04	1.74E-04	1.74E+00	4.96E-01	-5.03E-01	
group_4330	3.10E-01	1.30E-01	1.29E-01	-6.63E-01	4.41E-01	2.04E-01	
group_4295	3.10E-01	1.74E-02	1.65E-02	1.06E+00	4.55E-01	-3.22E-01	
group_4277	3.10E-01	2.37E-04	1.74E-04	1.74E+00	4.96E-01	-5.03E-01	
group_3990	3.10E-01	5.29E-09	4.25E-10	-3.50E+00	7.76E-01	8.27E-01	
group_3260	3.10E-01	1.74E-02	1.65E-02	-1.06E+00	4.55E-01	3.22E-01	
group_3167	3.10E-01	5.17E-01	5.16E-01	2.81E-01	4.34E-01	-8.70E-02	
group_2810	3.10E-01	6.46E-08	1.17E-08	2.99E+00	6.60E-01	-7.59E-01	
arsR	3.10E-01	1.30E-01	1.29E-01	-6.63E-01	4.41E-01	2.04E-01	
group_2602	3.10E-01	2.37E-04	1.74E-04	1.74E+00	4.96E-01	-5.03E-01	
group_2540	3.10E-01	6.46E-08	1.17E-08	2.99E+00	6.60E-01	-7.59E-01	
group_2369	3.10E-01	6.46E-08	1.17E-08	2.99E+00	6.60E-01	-7.59E-01	
group_2240	3.10E-01	5.17E-02	5.04E-02	8.60E-01	4.47E-01	-2.62E-01	
traB	3.10E-01	2.80E-01	2.79E-01	4.71E-01	4.37E-01	-1.45E-01	
group_1693	3.10E-01	2.37E-04	1.74E-04	1.74E+00	4.96E-01	-5.03E-01	
group_1652	3.10E-01	6.46E-08	1.17E-08	2.99E+00	6.60E-01	-7.59E-01	
group_1085	3.10E-01	6.46E-08	1.17E-08	-2.99E+00	6.60E-01	7.59E-01	
group_1046	3.10E-01	2.37E-04	1.74E-04	1.74E+00	4.96E-01	-5.03E-01	
group_990	3.10E-01	6.46E-08	1.17E-08	2.99E+00	6.60E-01	-7.59E-01	
rfaH	3.10E-01	6.46E-08	1.17E-08	2.99E+00	6.60E-01	-7.59E-01	
group_853	3.10E-01	5.17E-02	5.04E-02	8.60E-01	4.47E-01	-2.62E-01	
group_503	3.10E-01	2.37E-04	1.74E-04	1.74E+00	4.96E-01	-5.03E-01	
group_310	3.10E-01	2.37E-04	1.74E-04	1.74E+00	4.96E-01	-5.03E-01	
group_116	3.10E-01	5.17E-02	5.04E-02	8.60E-01	4.47E-01	-2.62E-01	
group_41	3.10E-01	6.46E-08	1.17E-08	2.99E+00	6.60E-01	-7.59E-01	
group_8521	3.00E-01	3.83E-01	3.82E-01	3.83E-01	4.39E-01	-1.14E-01	
group_7351	3.00E-01	1.63E-07	3.37E-08	2.91E+00	6.60E-01	-7.15E-01	
group_7321	3.00E-01	2.91E-02	2.79E-02	9.81E-01	4.56E-01	-2.88E-01	
group_7222	3.00E-01	1.63E-07	3.37E-08	2.91E+00	6.60E-01	-7.15E-01	
group_6782	3.00E-01	2.91E-02	2.79E-02	9.81E-01	4.56E-01	-2.88E-01	
aph3Ib	3.00E-01	2.25E-03	1.93E-03	1.42E+00	4.80E-01	-4.05E-01	
group_4644	3.00E-01	3.83E-01	3.82E-01	3.83E-01	4.39E-01	-1.14E-01	
group_4495	3.00E-01	8.57E-05	5.56E-05	-1.91E+00	5.19E-01	5.26E-01	
group_4283	3.00E-01	1.00E+00	1.00E+00	0.00E+00	4.36E-01	0.00E+00	
group_4275	3.00E-01	2.91E-02	2.79E-02	9.81E-01	4.56E-01	-2.88E-01	
group_3984	3.00E-01	8.57E-05	5.56E-05	1.91E+00	5.19E-01	-5.26E-01	
group_3663	3.00E-01	1.00E+00	1.00E+00	0.00E+00	4.36E-01	0.00E+00	
group_2892	3.00E-01	3.83E-01	3.82E-01	3.83E-01	4.39E-01	-1.14E-01	
group_2034	3.00E-01	4.80E-04	3.69E-04	1.65E+00	4.97E-01	-4.65E-01	
group_1674	3.00E-01	3.83E-01	3.82E-01	3.83E-01	4.39E-01	-1.14E-01	
group_1655	3.00E-01	2.91E-02	2.79E-02	-9.81E-01	4.56E-01	2.88E-01	
group_443	3.00E-01	1.90E-01	1.89E-01	5.77E-01	4.43E-01	-1.72E-01	
rfbN	3.00E-01	1.58E-06	5.55E-07	2.52E+00	5.93E-01	-6.51E-01	
aph6Id	3.00E-01	2.25E-03	1.93E-03	1.42E+00	4.80E-01	-4.05E-01	
group_8395	2.90E-01	3.60E-08	3.96E-09	3.34E+00	7.75E-01	-7.36E-01	
group_8130	2.90E-01	4.73E-02	4.59E-02	8.97E-01	4.58E-01	-2.55E-01	
group_4715	2.90E-01	2.82E-05	1.54E-05	-2.12E+00	5.50E-01	5.49E-01	
group_4524	2.90E-01	2.82E-05	1.54E-05	-2.12E+00	5.50E-01	5.49E-01	
group_4422	2.90E-01	1.23E-01	1.22E-01	6.90E-01	4.51E-01	-1.98E-01	
orfB~~~tnp	2.90E-01	9.47E-04	7.58E-04	-1.57E+00	4.97E-01	4.29E-01	
group_4285	2.90E-01	1.23E-01	1.22E-01	6.90E-01	4.51E-01	-1.98E-01	
ydeA	2.90E-01	9.47E-04	7.58E-04	-1.57E+00	4.97E-01	4.29E-01	
group_3339	2.90E-01	2.71E-01	2.70E-01	-4.89E-01	4.46E-01	1.41E-01	
group_3213	2.90E-01	2.71E-01	2.70E-01	4.89E-01	4.46E-01	-1.41E-01	
group_2994	2.90E-01	4.73E-02	4.59E-02	-8.97E-01	4.58E-01	2.55E-01	
group_2135	2.90E-01	2.71E-01	2.70E-01	4.89E-01	4.46E-01	-1.41E-01	
group_1226	2.90E-01	2.82E-05	1.54E-05	-2.12E+00	5.50E-01	5.49E-01	
group_1148	2.90E-01	2.82E-05	1.54E-05	-2.12E+00	5.50E-01	5.49E-01	
group_1147	2.90E-01	2.82E-05	1.54E-05	-2.12E+00	5.50E-01	5.49E-01	
group_1071	2.90E-01	2.82E-05	1.54E-05	-2.12E+00	5.50E-01	5.49E-01	
group_180	2.90E-01	1.79E-04	1.23E-04	1.83E+00	5.20E-01	-4.88E-01	
group_178	2.90E-01	4.73E-02	4.59E-02	8.97E-01	4.58E-01	-2.55E-01	
group_8701	2.80E-01	9.59E-07	2.53E-07	2.75E+00	6.59E-01	-6.31E-01	
group_8698	2.80E-01	1.82E-03	1.51E-03	1.49E+00	4.98E-01	-3.94E-01	
group_8610	2.80E-01	9.59E-07	2.53E-07	2.75E+00	6.59E-01	-6.31E-01	
clbH	2.80E-01	1.82E-03	1.51E-03	1.49E+00	4.98E-01	-3.94E-01	
clbJ	2.80E-01	1.82E-03	1.51E-03	1.49E+00	4.98E-01	-3.94E-01	
group_8437	2.80E-01	1.82E-03	1.51E-03	-1.49E+00	4.98E-01	3.94E-01	
clbE	2.80E-01	1.82E-03	1.51E-03	1.49E+00	4.98E-01	-3.94E-01	
group_7174	2.80E-01	1.82E-03	1.51E-03	1.49E+00	4.98E-01	-3.94E-01	
group_7075	2.80E-01	3.66E-04	2.65E-04	1.75E+00	5.20E-01	-4.52E-01	
orfA	2.80E-01	7.48E-02	7.33E-02	8.11E-01	4.60E-01	-2.23E-01	
clbS	2.80E-01	1.82E-03	1.51E-03	1.49E+00	4.98E-01	-3.94E-01	
group_5367	2.80E-01	9.59E-07	2.53E-07	2.75E+00	6.59E-01	-6.31E-01	
group_5355	2.80E-01	1.82E-03	1.51E-03	1.49E+00	4.98E-01	-3.94E-01	
group_4585	2.80E-01	9.59E-07	2.53E-07	2.75E+00	6.59E-01	-6.31E-01	
group_4457	2.80E-01	3.73E-01	3.72E-01	-3.99E-01	4.49E-01	1.11E-01	
frmA	2.80E-01	6.10E-05	3.57E-05	2.04E+00	5.50E-01	-5.11E-01	
group_4339	2.80E-01	7.48E-02	7.33E-02	8.11E-01	4.60E-01	-2.23E-01	
group_4321	2.80E-01	7.48E-02	7.33E-02	-8.11E-01	4.60E-01	2.23E-01	
group_4238	2.80E-01	3.66E-04	2.65E-04	1.75E+00	5.20E-01	-4.52E-01	
group_4093	2.80E-01	3.66E-04	2.65E-04	1.75E+00	5.20E-01	-4.52E-01	
group_3981	2.80E-01	6.56E-01	6.56E-01	1.99E-01	4.46E-01	-5.56E-02	
group_3969	2.80E-01	1.82E-03	1.51E-03	1.49E+00	4.98E-01	-3.94E-01	
clbF	2.80E-01	1.82E-03	1.51E-03	1.49E+00	4.98E-01	-3.94E-01	
group_2857	2.80E-01	1.82E-03	1.51E-03	-1.49E+00	4.98E-01	3.94E-01	
clbG	2.80E-01	1.82E-03	1.51E-03	1.49E+00	4.98E-01	-3.94E-01	
group_2257	2.80E-01	7.48E-02	7.33E-02	8.11E-01	4.60E-01	-2.23E-01	
group_2245	2.80E-01	2.59E-02	2.47E-02	1.03E+00	4.69E-01	-2.80E-01	
clbQ	2.80E-01	1.82E-03	1.51E-03	1.49E+00	4.98E-01	-3.94E-01	
clbM	2.80E-01	1.82E-03	1.51E-03	1.49E+00	4.98E-01	-3.94E-01	
clbL	2.80E-01	1.82E-03	1.51E-03	1.49E+00	4.98E-01	-3.94E-01	
clbP	2.80E-01	1.82E-03	1.51E-03	1.49E+00	4.98E-01	-3.94E-01	
clbO	2.80E-01	1.82E-03	1.51E-03	1.49E+00	4.98E-01	-3.94E-01	
clbD	2.80E-01	1.82E-03	1.51E-03	1.49E+00	4.98E-01	-3.94E-01	
clbI	2.80E-01	1.82E-03	1.51E-03	1.49E+00	4.98E-01	-3.94E-01	
clbN	2.80E-01	1.82E-03	1.51E-03	1.49E+00	4.98E-01	-3.94E-01	
group_8611	2.70E-01	2.24E-06	6.63E-07	2.67E+00	6.59E-01	-5.92E-01	
group_8352	2.70E-01	1.15E-01	1.13E-01	7.23E-01	4.63E-01	-1.92E-01	
group_8073	2.70E-01	2.24E-06	6.63E-07	2.67E+00	6.59E-01	-5.92E-01	
group_7625	2.70E-01	2.24E-06	6.63E-07	2.67E+00	6.59E-01	-5.92E-01	
group_6625	2.70E-01	1.15E-01	1.13E-01	-7.23E-01	4.63E-01	1.92E-01	
group_6285	2.70E-01	2.24E-06	6.63E-07	2.67E+00	6.59E-01	-5.92E-01	
group_5067	2.70E-01	3.41E-03	2.92E-03	1.41E+00	4.99E-01	-3.60E-01	
group_4504	2.70E-01	1.32E-02	1.22E-02	1.17E+00	4.83E-01	-3.04E-01	
group_4491	2.70E-01	1.32E-02	1.22E-02	1.17E+00	4.83E-01	-3.04E-01	
group_4451	2.70E-01	7.28E-04	5.52E-04	1.67E+00	5.21E-01	-4.17E-01	
wcaJ	2.70E-01	8.22E-01	8.22E-01	1.02E-01	4.51E-01	-2.74E-02	
group_4423	2.70E-01	1.87E-05	8.69E-06	2.28E+00	5.94E-01	-5.33E-01	
group_4421	2.70E-01	1.87E-05	8.69E-06	2.28E+00	5.94E-01	-5.33E-01	
group_4409	2.70E-01	1.87E-05	8.69E-06	2.28E+00	5.94E-01	-5.33E-01	
group_4334	2.70E-01	3.41E-03	2.92E-03	-1.41E+00	4.99E-01	3.60E-01	
group_3971	2.70E-01	1.32E-02	1.22E-02	1.17E+00	4.83E-01	-3.04E-01	
group_3210	2.70E-01	2.24E-06	6.63E-07	2.67E+00	6.59E-01	-5.92E-01	
group_2608	2.70E-01	2.60E-01	2.59E-01	5.12E-01	4.57E-01	-1.37E-01	
group_2209	2.70E-01	2.24E-06	6.63E-07	2.67E+00	6.59E-01	-5.92E-01	
group_2208	2.70E-01	2.24E-06	6.63E-07	2.67E+00	6.59E-01	-5.92E-01	
group_2125	2.70E-01	2.24E-06	6.63E-07	2.67E+00	6.59E-01	-5.92E-01	
group_1823	2.70E-01	7.28E-04	5.52E-04	1.67E+00	5.21E-01	-4.17E-01	
group_969	2.70E-01	1.15E-01	1.13E-01	-7.23E-01	4.63E-01	1.92E-01	
group_8798	2.60E-01	6.22E-03	5.50E-03	-1.33E+00	5.01E-01	3.27E-01	
group_8672	2.60E-01	2.26E-02	2.13E-02	1.08E+00	4.85E-01	-2.72E-01	
yajA	2.60E-01	5.12E-06	1.69E-06	2.59E+00	6.60E-01	-5.54E-01	
group_7461	2.60E-01	6.22E-03	5.50E-03	1.33E+00	5.01E-01	-3.27E-01	
group_7108	2.60E-01	1.71E-01	1.70E-01	6.33E-01	4.66E-01	-1.63E-01	
group_6781	2.60E-01	3.62E-01	3.61E-01	4.18E-01	4.60E-01	-1.08E-01	
group_6774	2.60E-01	6.22E-03	5.50E-03	1.33E+00	5.01E-01	-3.27E-01	
group_6641	2.60E-01	1.71E-01	1.70E-01	6.33E-01	4.66E-01	-1.63E-01	
group_6443	2.60E-01	6.22E-03	5.50E-03	1.33E+00	5.01E-01	-3.27E-01	
group_5597	2.60E-01	6.22E-03	5.50E-03	1.33E+00	5.01E-01	-3.27E-01	
group_5596	2.60E-01	6.22E-03	5.50E-03	1.33E+00	5.01E-01	-3.27E-01	
clbA	2.60E-01	6.22E-03	5.50E-03	1.33E+00	5.01E-01	-3.27E-01	
insB	2.60E-01	2.26E-02	2.13E-02	1.08E+00	4.85E-01	-2.72E-01	
group_4503	2.60E-01	6.22E-03	5.50E-03	1.33E+00	5.01E-01	-3.27E-01	
group_4433	2.60E-01	6.22E-03	5.50E-03	1.33E+00	5.01E-01	-3.27E-01	
group_4367	2.60E-01	5.12E-06	1.69E-06	2.59E+00	6.60E-01	-5.54E-01	
group_4320	2.60E-01	3.62E-01	3.61E-01	-4.18E-01	4.60E-01	1.08E-01	
group_4297	2.60E-01	4.07E-05	2.05E-05	2.20E+00	5.94E-01	-4.96E-01	
group_4202	2.60E-01	2.26E-02	2.13E-02	1.08E+00	4.85E-01	-2.72E-01	
group_3993	2.60E-01	1.71E-01	1.70E-01	6.33E-01	4.66E-01	-1.63E-01	
group_3306	2.60E-01	5.12E-06	1.69E-06	-2.59E+00	6.60E-01	5.54E-01	
dnaT	2.60E-01	3.62E-01	3.61E-01	-4.18E-01	4.60E-01	1.08E-01	
group_2482	2.60E-01	1.71E-01	1.70E-01	6.33E-01	4.66E-01	-1.63E-01	
group_2453	2.60E-01	2.65E-04	1.76E-04	1.87E+00	5.52E-01	-4.39E-01	
group_1912	2.60E-01	1.71E-01	1.70E-01	-6.33E-01	4.66E-01	1.63E-01	
group_1783	2.60E-01	1.41E-03	1.12E-03	1.59E+00	5.22E-01	-3.83E-01	
group_890	2.60E-01	1.71E-01	1.70E-01	6.33E-01	4.66E-01	-1.63E-01	
group_347	2.60E-01	2.26E-02	2.13E-02	1.08E+00	4.85E-01	-2.72E-01	
clbC	2.60E-01	6.22E-03	5.50E-03	1.33E+00	5.01E-01	-3.27E-01	
clbB	2.60E-01	6.22E-03	5.50E-03	1.33E+00	5.01E-01	-3.27E-01	
group_8708	2.50E-01	1.11E-02	1.00E-02	-1.24E+00	5.03E-01	2.95E-01	
group_8677	2.50E-01	5.32E-04	3.74E-04	1.79E+00	5.53E-01	-4.05E-01	
group_8651	2.50E-01	8.17E-01	8.17E-01	-1.07E-01	4.62E-01	2.67E-02	
group_8644	2.50E-01	5.32E-04	3.74E-04	1.79E+00	5.53E-01	-4.05E-01	
group_8428	2.50E-01	1.14E-05	4.19E-06	2.51E+00	6.60E-01	-5.18E-01	
group_8340	2.50E-01	8.17E-01	8.17E-01	-1.07E-01	4.62E-01	2.67E-02	
group_8338	2.50E-01	8.17E-01	8.17E-01	-1.07E-01	4.62E-01	2.67E-02	
group_8080	2.50E-01	5.32E-04	3.74E-04	1.79E+00	5.53E-01	-4.05E-01	
group_7879	2.50E-01	5.32E-04	3.74E-04	1.79E+00	5.53E-01	-4.05E-01	
group_7817	2.50E-01	2.68E-03	2.21E-03	1.50E+00	5.24E-01	-3.50E-01	
group_7794	2.50E-01	5.32E-04	3.74E-04	1.79E+00	5.53E-01	-4.05E-01	
group_7598	2.50E-01	2.68E-03	2.21E-03	1.50E+00	5.24E-01	-3.50E-01	
group_7544	2.50E-01	1.06E-01	1.04E-01	7.63E-01	4.77E-01	-1.87E-01	
group_7109	2.50E-01	1.06E-01	1.04E-01	7.63E-01	4.77E-01	-1.87E-01	
group_6983	2.50E-01	5.32E-04	3.74E-04	1.79E+00	5.53E-01	-4.05E-01	
group_6949	2.50E-01	5.32E-04	3.74E-04	1.79E+00	5.53E-01	-4.05E-01	
group_6862	2.50E-01	5.32E-04	3.74E-04	1.79E+00	5.53E-01	-4.05E-01	
group_6796	2.50E-01	2.68E-03	2.21E-03	1.50E+00	5.24E-01	-3.50E-01	
group_6699	2.50E-01	5.32E-04	3.74E-04	1.79E+00	5.53E-01	-4.05E-01	
group_6658	2.50E-01	5.32E-04	3.74E-04	1.79E+00	5.53E-01	-4.05E-01	
ridA	2.50E-01	1.14E-05	4.19E-06	-2.51E+00	6.60E-01	5.18E-01	
group_6579	2.50E-01	5.32E-04	3.74E-04	1.79E+00	5.53E-01	-4.05E-01	
group_6514	2.50E-01	5.32E-04	3.74E-04	1.79E+00	5.53E-01	-4.05E-01	
group_6405	2.50E-01	5.32E-04	3.74E-04	1.79E+00	5.53E-01	-4.05E-01	
group_6306	2.50E-01	5.32E-04	3.74E-04	1.79E+00	5.53E-01	-4.05E-01	
group_6301	2.50E-01	2.68E-03	2.21E-03	1.50E+00	5.24E-01	-3.50E-01	
group_6284	2.50E-01	2.68E-03	2.21E-03	1.50E+00	5.24E-01	-3.50E-01	
group_5842	2.50E-01	5.32E-04	3.74E-04	1.79E+00	5.53E-01	-4.05E-01	
group_5718	2.50E-01	5.32E-04	3.74E-04	1.79E+00	5.53E-01	-4.05E-01	
group_5609	2.50E-01	5.32E-04	3.74E-04	1.79E+00	5.53E-01	-4.05E-01	
group_5473	2.50E-01	1.14E-05	4.19E-06	-2.51E+00	6.60E-01	5.18E-01	
group_5456	2.50E-01	1.14E-05	4.19E-06	2.51E+00	6.60E-01	-5.18E-01	
group_5121	2.50E-01	5.32E-04	3.74E-04	1.79E+00	5.53E-01	-4.05E-01	
group_5050	2.50E-01	1.14E-05	4.19E-06	2.51E+00	6.60E-01	-5.18E-01	
group_4877	2.50E-01	5.32E-04	3.74E-04	1.79E+00	5.53E-01	-4.05E-01	
group_4856	2.50E-01	1.14E-05	4.19E-06	-2.51E+00	6.60E-01	5.18E-01	
aztC	2.50E-01	1.14E-05	4.19E-06	2.51E+00	6.60E-01	-5.18E-01	
group_4586	2.50E-01	1.24E-06	2.40E-07	-3.02E+00	7.75E-01	5.75E-01	
group_4558	2.50E-01	5.32E-04	3.74E-04	1.79E+00	5.53E-01	-4.05E-01	
group_4456	2.50E-01	1.11E-02	1.00E-02	1.24E+00	5.03E-01	-2.95E-01	
group_4107	2.50E-01	5.32E-04	3.74E-04	1.79E+00	5.53E-01	-4.05E-01	
group_4096	2.50E-01	4.88E-01	4.88E-01	-3.21E-01	4.64E-01	8.00E-02	
group_3857	2.50E-01	1.09E-07	8.36E-09	-3.42E+00	1.17E+00	6.25E-01	bad-chisq
group_3768	2.50E-01	1.09E-07	8.36E-09	-3.42E+00	1.17E+00	6.25E-01	bad-chisq
group_3757	2.50E-01	5.32E-04	3.74E-04	1.79E+00	5.53E-01	-4.05E-01	
group_3574	2.50E-01	1.14E-05	4.19E-06	-2.51E+00	6.60E-01	5.18E-01	
group_3557	2.50E-01	5.32E-04	3.74E-04	1.79E+00	5.53E-01	-4.05E-01	
group_3553	2.50E-01	1.24E-06	2.40E-07	3.02E+00	7.75E-01	-5.75E-01	
group_3552	2.50E-01	1.24E-06	2.40E-07	3.02E+00	7.75E-01	-5.75E-01	
group_3262	2.50E-01	2.68E-03	2.21E-03	-1.50E+00	5.24E-01	3.50E-01	
group_3256	2.50E-01	8.17E-01	8.17E-01	-1.07E-01	4.62E-01	2.67E-02	
group_3255	2.50E-01	8.17E-01	8.17E-01	-1.07E-01	4.62E-01	2.67E-02	
group_3220	2.50E-01	1.24E-06	2.40E-07	3.02E+00	7.75E-01	-5.75E-01	
group_3123	2.50E-01	1.14E-05	4.19E-06	-2.51E+00	6.60E-01	5.18E-01	
group_3085	2.50E-01	1.24E-06	2.40E-07	3.02E+00	7.75E-01	-5.75E-01	
htxA	2.50E-01	1.14E-05	4.19E-06	-2.51E+00	6.60E-01	5.18E-01	
aztD	2.50E-01	1.14E-05	4.19E-06	2.51E+00	6.60E-01	-5.18E-01	
group_2493	2.50E-01	1.06E-01	1.04E-01	-7.63E-01	4.77E-01	1.87E-01	
group_2278	2.50E-01	8.17E-01	8.17E-01	1.07E-01	4.62E-01	-2.67E-02	
group_2239	2.50E-01	8.17E-01	8.17E-01	-1.07E-01	4.62E-01	2.67E-02	
group_2212	2.50E-01	3.77E-02	3.60E-02	-9.95E-01	4.88E-01	2.41E-01	
group_2115	2.50E-01	2.68E-03	2.21E-03	1.50E+00	5.24E-01	-3.50E-01	
group_1891	2.50E-01	1.14E-05	4.19E-06	-2.51E+00	6.60E-01	5.18E-01	
group_1782	2.50E-01	2.68E-03	2.21E-03	1.50E+00	5.24E-01	-3.50E-01	
group_1643	2.50E-01	8.17E-01	8.17E-01	-1.07E-01	4.62E-01	2.67E-02	
group_1602	2.50E-01	5.32E-04	3.74E-04	1.79E+00	5.53E-01	-4.05E-01	
group_1548	2.50E-01	1.14E-05	4.19E-06	-2.51E+00	6.60E-01	5.18E-01	
group_1296	2.50E-01	1.14E-05	4.19E-06	-2.51E+00	6.60E-01	5.18E-01	
czcO	2.50E-01	1.14E-05	4.19E-06	-2.51E+00	6.60E-01	5.18E-01	
group_1283	2.50E-01	1.06E-01	1.04E-01	-7.63E-01	4.77E-01	1.87E-01	
group_928	2.50E-01	5.32E-04	3.74E-04	1.79E+00	5.53E-01	-4.05E-01	
cotH	2.50E-01	5.32E-04	3.74E-04	1.79E+00	5.53E-01	-4.05E-01	
group_666	2.50E-01	1.14E-05	4.19E-06	2.51E+00	6.60E-01	-5.18E-01	
lysR	2.50E-01	1.24E-06	2.40E-07	-3.02E+00	7.75E-01	5.75E-01	
group_351	2.50E-01	1.11E-02	1.00E-02	-1.24E+00	5.03E-01	2.95E-01	
group_170	2.50E-01	1.09E-07	8.36E-09	3.42E+00	1.17E+00	-6.25E-01	bad-chisq
group_108	2.50E-01	5.32E-04	3.74E-04	1.79E+00	5.53E-01	-4.05E-01	
traW	2.50E-01	2.48E-01	2.47E-01	5.39E-01	4.69E-01	-1.34E-01	
group_38	2.50E-01	1.09E-07	8.36E-09	-3.42E+00	1.17E+00	6.25E-01	bad-chisq
group_19	2.50E-01	5.32E-04	3.74E-04	1.79E+00	5.53E-01	-4.05E-01	
group_8755	2.40E-01	2.50E-05	1.01E-05	-2.43E+00	6.61E-01	4.83E-01	
group_7967	2.40E-01	2.59E-07	2.33E-08	-3.34E+00	1.16E+00	5.88E-01	bad-chisq
merE	2.40E-01	1.92E-02	1.78E-02	1.15E+00	5.05E-01	-2.65E-01	
pemI	2.40E-01	1.91E-08	4.51E-10	-4.54E+00	6.86E-01	6.45E-01	bad-chisq
group_7106	2.40E-01	1.91E-08	4.51E-10	-4.54E+00	6.86E-01	6.45E-01	bad-chisq
group_7098	2.40E-01	2.50E-05	1.01E-05	2.43E+00	6.61E-01	-4.83E-01	
group_6954	2.40E-01	1.92E-02	1.78E-02	1.15E+00	5.05E-01	-2.65E-01	
group_6644	2.40E-01	4.96E-03	4.23E-03	1.42E+00	5.26E-01	-3.18E-01	
group_6474	2.40E-01	4.96E-03	4.23E-03	-1.42E+00	5.26E-01	3.18E-01	
group_6257	2.40E-01	1.05E-03	7.75E-04	1.71E+00	5.54E-01	-3.73E-01	
group_6065	2.40E-01	1.05E-03	7.75E-04	1.71E+00	5.54E-01	-3.73E-01	
group_5886	2.40E-01	1.05E-03	7.75E-04	1.71E+00	5.54E-01	-3.73E-01	
group_5542	2.40E-01	1.92E-02	1.78E-02	1.15E+00	5.05E-01	-2.65E-01	
group_5506	2.40E-01	4.96E-03	4.23E-03	1.42E+00	5.26E-01	-3.18E-01	
group_5256	2.40E-01	2.50E-05	1.01E-05	2.43E+00	6.61E-01	-4.83E-01	
sitB	2.40E-01	2.50E-05	1.01E-05	2.43E+00	6.61E-01	-4.83E-01	
group_5145	2.40E-01	2.50E-05	1.01E-05	2.43E+00	6.61E-01	-4.83E-01	
sitC	2.40E-01	2.50E-05	1.01E-05	2.43E+00	6.61E-01	-4.83E-01	
group_5015	2.40E-01	1.79E-04	1.05E-04	2.04E+00	5.96E-01	-4.27E-01	
group_4897	2.40E-01	2.50E-05	1.01E-05	2.43E+00	6.61E-01	-4.83E-01	
sitA	2.40E-01	2.50E-05	1.01E-05	2.43E+00	6.61E-01	-4.83E-01	
group_4707	2.40E-01	2.50E-05	1.01E-05	2.43E+00	6.61E-01	-4.83E-01	
group_4492	2.40E-01	6.10E-02	5.91E-02	9.04E-01	4.91E-01	-2.11E-01	
group_4426	2.40E-01	2.50E-05	1.01E-05	2.43E+00	6.61E-01	-4.83E-01	
group_4306	2.40E-01	1.05E-03	7.75E-04	-1.71E+00	5.54E-01	3.73E-01	
group_4099	2.40E-01	3.49E-01	3.48E-01	4.42E-01	4.74E-01	-1.05E-01	
group_4066	2.40E-01	4.96E-03	4.23E-03	-1.42E+00	5.26E-01	3.18E-01	
gamL	2.40E-01	3.49E-01	3.48E-01	4.42E-01	4.74E-01	-1.05E-01	
group_3378	2.40E-01	2.50E-05	1.01E-05	-2.43E+00	6.61E-01	4.83E-01	
group_3053	2.40E-01	2.50E-05	1.01E-05	2.43E+00	6.61E-01	-4.83E-01	
group_2243	2.40E-01	1.60E-01	1.58E-01	6.69E-01	4.80E-01	-1.58E-01	
group_2124	2.40E-01	2.50E-05	1.01E-05	2.43E+00	6.61E-01	-4.83E-01	
group_1965	2.40E-01	4.96E-03	4.23E-03	-1.42E+00	5.26E-01	3.18E-01	
group_1470	2.40E-01	2.50E-05	1.01E-05	2.43E+00	6.61E-01	-4.83E-01	
group_696	2.40E-01	2.50E-05	1.01E-05	2.43E+00	6.61E-01	-4.83E-01	
group_455	2.40E-01	1.05E-03	7.75E-04	1.71E+00	5.54E-01	-3.73E-01	
group_454	2.40E-01	1.05E-03	7.75E-04	1.71E+00	5.54E-01	-3.73E-01	
merA	2.40E-01	1.92E-02	1.78E-02	1.15E+00	5.05E-01	-2.65E-01	
group_176	2.40E-01	1.91E-08	4.51E-10	-4.54E+00	6.86E-01	6.45E-01	bad-chisq
group_96	2.40E-01	1.05E-03	7.75E-04	1.71E+00	5.54E-01	-3.73E-01	
group_8778	2.30E-01	4.62E-08	1.32E-09	-4.46E+00	6.85E-01	6.08E-01	bad-chisq
ant2Ia	2.30E-01	4.62E-08	1.32E-09	-4.46E+00	6.85E-01	6.08E-01	bad-chisq
group_8440	2.30E-01	8.95E-03	7.89E-03	1.33E+00	5.28E-01	-2.88E-01	
group_8366	2.30E-01	2.01E-03	1.56E-03	-1.62E+00	5.56E-01	3.41E-01	
group_7893	2.30E-01	3.65E-04	2.30E-04	1.95E+00	5.97E-01	-3.95E-01	
group_7857	2.30E-01	8.95E-03	7.89E-03	1.33E+00	5.28E-01	-2.88E-01	
group_7834	2.30E-01	4.62E-08	1.32E-09	-4.46E+00	6.85E-01	6.08E-01	bad-chisq
group_7768	2.30E-01	4.62E-08	1.32E-09	-4.46E+00	6.85E-01	6.08E-01	bad-chisq
group_7559	2.30E-01	4.62E-08	1.32E-09	-4.46E+00	6.85E-01	6.08E-01	bad-chisq
group_7150	2.30E-01	8.95E-03	7.89E-03	1.33E+00	5.28E-01	-2.88E-01	
group_7063	2.30E-01	8.95E-03	7.89E-03	1.33E+00	5.28E-01	-2.88E-01	
group_6984	2.30E-01	8.12E-01	8.12E-01	-1.13E-01	4.76E-01	2.60E-02	
group_6627	2.30E-01	4.62E-08	1.32E-09	-4.46E+00	6.85E-01	6.08E-01	bad-chisq
group_6611	2.30E-01	8.95E-03	7.89E-03	1.33E+00	5.28E-01	-2.88E-01	
group_6436	2.30E-01	4.62E-08	1.32E-09	-4.46E+00	6.85E-01	6.08E-01	bad-chisq
group_6063	2.30E-01	4.62E-08	1.32E-09	-4.46E+00	6.85E-01	6.08E-01	bad-chisq
group_5969	2.30E-01	4.62E-08	1.32E-09	-4.46E+00	6.85E-01	6.08E-01	bad-chisq
group_5909	2.30E-01	8.95E-03	7.89E-03	1.33E+00	5.28E-01	-2.88E-01	
tgtA5	2.30E-01	4.62E-08	1.32E-09	-4.46E+00	6.85E-01	6.08E-01	bad-chisq
group_5441	2.30E-01	4.62E-08	1.32E-09	-4.46E+00	6.85E-01	6.08E-01	bad-chisq
group_4642	2.30E-01	4.62E-08	1.32E-09	-4.46E+00	6.85E-01	6.08E-01	bad-chisq
group_4599	2.30E-01	8.95E-03	7.89E-03	1.33E+00	5.28E-01	-2.88E-01	
group_4532	2.30E-01	8.95E-03	7.89E-03	-1.33E+00	5.28E-01	2.88E-01	
group_4349	2.30E-01	8.95E-03	7.89E-03	1.33E+00	5.28E-01	-2.88E-01	
group_4043	2.30E-01	4.62E-08	1.32E-09	-4.46E+00	6.85E-01	6.08E-01	bad-chisq
group_3966	2.30E-01	2.01E-03	1.56E-03	1.62E+00	5.56E-01	-3.41E-01	
group_3744	2.30E-01	2.01E-03	1.56E-03	-1.62E+00	5.56E-01	3.41E-01	
group_3534	2.30E-01	2.01E-03	1.56E-03	-1.62E+00	5.56E-01	3.41E-01	
group_3529	2.30E-01	4.62E-08	1.32E-09	-4.46E+00	6.85E-01	6.08E-01	bad-chisq
group_3050	2.30E-01	2.01E-03	1.56E-03	1.62E+00	5.56E-01	-3.41E-01	
relB	2.30E-01	4.62E-08	1.32E-09	-4.46E+00	6.85E-01	6.08E-01	bad-chisq
group_2618	2.30E-01	8.95E-03	7.89E-03	1.33E+00	5.28E-01	-2.88E-01	
group_2575	2.30E-01	2.01E-03	1.56E-03	-1.62E+00	5.56E-01	3.41E-01	
group_2525	2.30E-01	4.76E-01	4.75E-01	-3.40E-01	4.78E-01	7.80E-02	
group_2511	2.30E-01	4.62E-08	1.32E-09	-4.46E+00	6.85E-01	6.08E-01	bad-chisq
group_2426	2.30E-01	6.03E-07	6.33E-08	-3.26E+00	1.16E+00	5.52E-01	bad-chisq
group_2254	2.30E-01	2.01E-03	1.56E-03	-1.62E+00	5.56E-01	3.41E-01	
group_2211	2.30E-01	9.62E-02	9.42E-02	-8.11E-01	4.94E-01	1.82E-01	
group_1758	2.30E-01	2.01E-03	1.56E-03	-1.62E+00	5.56E-01	3.41E-01	
group_1719	2.30E-01	4.62E-08	1.32E-09	-4.46E+00	6.85E-01	6.08E-01	bad-chisq
group_1696	2.30E-01	8.95E-03	7.89E-03	1.33E+00	5.28E-01	-2.88E-01	
group_1608	2.30E-01	4.62E-08	1.32E-09	-4.46E+00	6.85E-01	6.08E-01	bad-chisq
group_1541	2.30E-01	4.62E-08	1.32E-09	-4.46E+00	6.85E-01	6.08E-01	bad-chisq
group_1190	2.30E-01	4.62E-08	1.32E-09	-4.46E+00	6.85E-01	6.08E-01	bad-chisq
group_1180	2.30E-01	8.95E-03	7.89E-03	1.33E+00	5.28E-01	-2.88E-01	
group_1038	2.30E-01	8.95E-03	7.89E-03	1.33E+00	5.28E-01	-2.88E-01	
group_619	2.30E-01	8.95E-03	7.89E-03	1.33E+00	5.28E-01	-2.88E-01	
group_498	2.30E-01	8.95E-03	7.89E-03	1.33E+00	5.28E-01	-2.88E-01	
group_477	2.30E-01	5.35E-05	2.38E-05	2.35E+00	6.62E-01	-4.49E-01	
group_440	2.30E-01	8.12E-01	8.12E-01	-1.13E-01	4.76E-01	2.60E-02	
umuC	2.30E-01	4.62E-08	1.32E-09	-4.46E+00	6.85E-01	6.08E-01	bad-chisq
group_179	2.30E-01	4.62E-08	1.32E-09	-4.46E+00	6.85E-01	6.08E-01	bad-chisq
group_26	2.30E-01	4.62E-08	1.32E-09	-4.46E+00	6.85E-01	6.08E-01	bad-chisq
group_8806	2.20E-01	7.26E-04	4.88E-04	1.87E+00	5.99E-01	-3.63E-01	
group_8762	2.20E-01	1.38E-06	1.68E-07	-3.18E+00	1.16E+00	5.18E-01	bad-chisq
group_8752	2.20E-01	1.48E-01	1.45E-01	7.14E-01	4.98E-01	-1.54E-01	
group_8737	2.20E-01	1.09E-07	3.78E-09	-4.38E+00	6.84E-01	5.72E-01	bad-chisq
group_8620	2.20E-01	6.29E-01	6.29E-01	-2.34E-01	4.84E-01	5.13E-02	
group_8527	2.20E-01	3.77E-03	3.06E-03	1.53E+00	5.58E-01	-3.10E-01	
group_8416	2.20E-01	1.09E-07	3.78E-09	-4.38E+00	6.84E-01	5.72E-01	bad-chisq
group_8415	2.20E-01	1.12E-04	5.47E-05	2.26E+00	6.63E-01	-4.16E-01	
group_8184	2.20E-01	6.29E-01	6.29E-01	-2.34E-01	4.84E-01	5.13E-02	
group_7971	2.20E-01	1.58E-02	1.43E-02	1.24E+00	5.30E-01	-2.58E-01	
group_7690	2.20E-01	1.39E-05	3.96E-06	2.77E+00	7.77E-01	-4.70E-01	
group_7680	2.20E-01	1.48E-01	1.45E-01	7.14E-01	4.98E-01	-1.54E-01	
group_7514	2.20E-01	1.58E-02	1.43E-02	1.24E+00	5.30E-01	-2.58E-01	
group_7495	2.20E-01	1.58E-02	1.43E-02	1.24E+00	5.30E-01	-2.58E-01	
group_7452	2.20E-01	1.09E-07	3.78E-09	-4.38E+00	6.84E-01	5.72E-01	bad-chisq
group_6835	2.20E-01	6.29E-01	6.29E-01	-2.34E-01	4.84E-01	5.13E-02	
group_5737	2.20E-01	1.38E-06	1.68E-07	-3.18E+00	1.16E+00	5.18E-01	bad-chisq
group_5196	2.20E-01	6.29E-01	6.29E-01	-2.34E-01	4.84E-01	5.13E-02	
group_4463	2.20E-01	1.38E-06	1.68E-07	-3.18E+00	1.16E+00	5.18E-01	bad-chisq
group_4416	2.20E-01	1.38E-06	1.68E-07	-3.18E+00	1.16E+00	5.18E-01	bad-chisq
group_4401	2.20E-01	1.38E-06	1.68E-07	-3.18E+00	1.16E+00	5.18E-01	bad-chisq
group_4369	2.20E-01	5.35E-02	5.13E-02	-9.68E-01	5.11E-01	2.06E-01	
group_4329	2.20E-01	1.58E-02	1.43E-02	-1.24E+00	5.30E-01	2.58E-01	
group_4073	2.20E-01	1.38E-06	1.68E-07	-3.18E+00	1.16E+00	5.18E-01	bad-chisq
group_3977	2.20E-01	1.12E-04	5.47E-05	2.26E+00	6.63E-01	-4.16E-01	
group_3221	2.20E-01	1.39E-05	3.96E-06	2.77E+00	7.77E-01	-4.70E-01	
group_3118	2.20E-01	6.29E-01	6.29E-01	2.34E-01	4.84E-01	-5.13E-02	
group_3046	2.20E-01	3.77E-03	3.06E-03	-1.53E+00	5.58E-01	3.10E-01	
group_2986	2.20E-01	3.77E-03	3.06E-03	-1.53E+00	5.58E-01	3.10E-01	
xylH	2.20E-01	6.29E-01	6.29E-01	-2.34E-01	4.84E-01	5.13E-02	
group_2197	2.20E-01	1.58E-02	1.43E-02	1.24E+00	5.30E-01	-2.58E-01	
group_2147	2.20E-01	1.39E-05	3.96E-06	2.77E+00	7.77E-01	-4.70E-01	
group_2146	2.20E-01	1.39E-05	3.96E-06	2.77E+00	7.77E-01	-4.70E-01	
group_2083	2.20E-01	1.09E-07	3.78E-09	-4.38E+00	6.84E-01	5.72E-01	bad-chisq
group_1593	2.20E-01	7.26E-04	4.88E-04	-1.87E+00	5.99E-01	3.63E-01	
yadA	2.20E-01	1.38E-06	1.68E-07	-3.18E+00	1.16E+00	5.18E-01	bad-chisq
group_435	2.20E-01	6.29E-01	6.29E-01	-2.34E-01	4.84E-01	5.13E-02	
group_374	2.20E-01	1.12E-04	5.47E-05	2.26E+00	6.63E-01	-4.16E-01	
traU	2.20E-01	5.35E-02	5.13E-02	9.68E-01	5.11E-01	-2.06E-01	
group_200	2.20E-01	1.58E-02	1.43E-02	1.24E+00	5.30E-01	-2.58E-01	
mafI	2.20E-01	1.12E-04	5.47E-05	2.26E+00	6.63E-01	-4.16E-01	
group_8772	2.10E-01	2.31E-04	1.23E-04	-2.18E+00	6.64E-01	3.84E-01	
group_8734	2.10E-01	2.31E-04	1.23E-04	-2.18E+00	6.64E-01	3.84E-01	
group_8703	2.10E-01	2.53E-07	1.06E-08	-4.30E+00	6.83E-01	5.38E-01	bad-chisq
group_8688	2.10E-01	2.53E-07	1.06E-08	-4.30E+00	6.83E-01	5.38E-01	bad-chisq
group_8577	2.10E-01	2.53E-07	1.06E-08	-4.30E+00	6.83E-01	5.38E-01	bad-chisq
group_8566	2.10E-01	2.53E-07	1.06E-08	-4.30E+00	6.83E-01	5.38E-01	bad-chisq
group_8544	2.10E-01	2.53E-07	1.06E-08	-4.30E+00	6.83E-01	5.38E-01	bad-chisq
group_8537	2.10E-01	2.53E-07	1.06E-08	-4.30E+00	6.83E-01	5.38E-01	bad-chisq
group_8365	2.10E-01	6.92E-03	5.85E-03	-1.44E+00	5.60E-01	2.80E-01	
group_7480	2.10E-01	2.53E-07	1.06E-08	-4.30E+00	6.83E-01	5.38E-01	bad-chisq
group_7435	2.10E-01	2.71E-02	2.52E-02	1.15E+00	5.34E-01	-2.29E-01	
group_7225	2.10E-01	2.53E-07	1.06E-08	4.30E+00	6.83E-01	-5.38E-01	bad-chisq
group_7016	2.10E-01	2.20E-01	2.18E-01	-6.12E-01	5.03E-01	1.27E-01	
group_6951	2.10E-01	2.53E-07	1.06E-08	-4.30E+00	6.83E-01	5.38E-01	bad-chisq
terB	2.10E-01	2.53E-07	1.06E-08	-4.30E+00	6.83E-01	5.38E-01	bad-chisq
terW	2.10E-01	2.53E-07	1.06E-08	-4.30E+00	6.83E-01	5.38E-01	bad-chisq
terE	2.10E-01	2.53E-07	1.06E-08	-4.30E+00	6.83E-01	5.38E-01	bad-chisq
terD	2.10E-01	2.53E-07	1.06E-08	-4.30E+00	6.83E-01	5.38E-01	bad-chisq
terY2	2.10E-01	2.53E-07	1.06E-08	-4.30E+00	6.83E-01	5.38E-01	bad-chisq
group_5780	2.10E-01	2.53E-07	1.06E-08	-4.30E+00	6.83E-01	5.38E-01	bad-chisq
terX	2.10E-01	2.53E-07	1.06E-08	-4.30E+00	6.83E-01	5.38E-01	bad-chisq
group_5324	2.10E-01	2.53E-07	1.06E-08	-4.30E+00	6.83E-01	5.38E-01	bad-chisq
group_4703	2.10E-01	2.53E-07	1.06E-08	-4.30E+00	6.83E-01	5.38E-01	bad-chisq
group_4465	2.10E-01	3.09E-06	4.37E-07	-3.10E+00	1.16E+00	4.84E-01	bad-chisq
group_4344	2.10E-01	2.20E-01	2.18E-01	-6.12E-01	5.03E-01	1.27E-01	
group_4216	2.10E-01	2.53E-07	1.06E-08	-4.30E+00	6.83E-01	5.38E-01	bad-chisq
group_4211	2.10E-01	2.53E-07	1.06E-08	-4.30E+00	6.83E-01	5.38E-01	bad-chisq
group_4122	2.10E-01	2.20E-01	2.18E-01	-6.12E-01	5.03E-01	1.27E-01	
group_4075	2.10E-01	3.00E-05	9.59E-06	-2.69E+00	7.78E-01	4.37E-01	
group_4005	2.10E-01	2.20E-01	2.18E-01	6.12E-01	5.03E-01	-1.27E-01	
group_3986	2.10E-01	2.31E-04	1.23E-04	2.18E+00	6.64E-01	-3.84E-01	
stiP	2.10E-01	2.53E-07	1.06E-08	-4.30E+00	6.83E-01	5.38E-01	bad-chisq
group_3844	2.10E-01	8.06E-01	8.06E-01	1.21E-01	4.91E-01	-2.53E-02	
group_3536	2.10E-01	8.57E-02	8.33E-02	-8.71E-01	5.15E-01	1.78E-01	
iucB	2.10E-01	3.00E-05	9.59E-06	-2.69E+00	7.78E-01	4.37E-01	
group_3251	2.10E-01	8.57E-02	8.33E-02	8.71E-01	5.15E-01	-1.78E-01	
group_2861	2.10E-01	2.71E-02	2.52E-02	-1.15E+00	5.34E-01	2.29E-01	
group_2785	2.10E-01	1.41E-03	1.01E-03	-1.78E+00	6.01E-01	3.32E-01	
group_2646	2.10E-01	2.53E-07	1.06E-08	-4.30E+00	6.83E-01	5.38E-01	bad-chisq
iucC	2.10E-01	3.00E-05	9.59E-06	-2.69E+00	7.78E-01	4.37E-01	
group_2338	2.10E-01	2.53E-07	1.06E-08	-4.30E+00	6.83E-01	5.38E-01	bad-chisq
terZ	2.10E-01	2.53E-07	1.06E-08	-4.30E+00	6.83E-01	5.38E-01	bad-chisq
group_2195	2.10E-01	2.53E-07	1.06E-08	-4.30E+00	6.83E-01	5.38E-01	bad-chisq
group_1930	2.10E-01	2.71E-02	2.52E-02	-1.15E+00	5.34E-01	2.29E-01	
terA	2.10E-01	2.53E-07	1.06E-08	-4.30E+00	6.83E-01	5.38E-01	bad-chisq
group_1741	2.10E-01	3.09E-06	4.37E-07	3.10E+00	1.16E+00	-4.84E-01	bad-chisq
group_1691	2.10E-01	2.31E-04	1.23E-04	-2.18E+00	6.64E-01	3.84E-01	
group_1439	2.10E-01	4.61E-01	4.61E-01	-3.64E-01	4.95E-01	7.60E-02	
group_1221	2.10E-01	2.53E-07	1.06E-08	-4.30E+00	6.83E-01	5.38E-01	bad-chisq
iucD	2.10E-01	3.00E-05	9.59E-06	-2.69E+00	7.78E-01	4.37E-01	
iutA	2.10E-01	3.00E-05	9.59E-06	-2.69E+00	7.78E-01	4.37E-01	
group_352	2.10E-01	2.53E-07	1.06E-08	-4.30E+00	6.83E-01	5.38E-01	bad-chisq
group_318	2.10E-01	2.53E-07	1.06E-08	-4.30E+00	6.83E-01	5.38E-01	bad-chisq
traL	2.10E-01	4.61E-01	4.61E-01	3.64E-01	4.95E-01	-7.60E-02	
group_8371	2.00E-01	1.24E-02	1.09E-02	1.35E+00	5.63E-01	-2.51E-01	
group_8363	2.00E-01	1.24E-02	1.09E-02	-1.35E+00	5.63E-01	2.51E-01	
group_7533	2.00E-01	6.80E-06	1.11E-06	3.02E+00	1.15E+00	-4.52E-01	bad-chisq
group_7513	2.00E-01	3.17E-01	3.16E-01	-5.06E-01	5.08E-01	1.00E-01	
group_7214	2.00E-01	4.65E-04	2.68E-04	2.09E+00	6.66E-01	-3.54E-01	
group_5552	2.00E-01	6.80E-06	1.11E-06	3.02E+00	1.15E+00	-4.52E-01	bad-chisq
group_5423	2.00E-01	3.17E-01	3.16E-01	-5.06E-01	5.08E-01	1.00E-01	
group_5194	2.00E-01	3.17E-01	3.16E-01	-5.06E-01	5.08E-01	1.00E-01	
group_5016	2.00E-01	3.17E-01	3.16E-01	-5.06E-01	5.08E-01	1.00E-01	
group_4905	2.00E-01	6.33E-05	2.27E-05	-2.60E+00	7.80E-01	4.05E-01	
group_4695	2.00E-01	5.73E-07	2.92E-08	-4.22E+00	6.82E-01	5.04E-01	bad-chisq
group_4410	2.00E-01	6.17E-01	6.17E-01	-2.51E-01	5.02E-01	5.00E-02	
group_4361	2.00E-01	4.55E-02	4.31E-02	-1.05E+00	5.37E-01	2.01E-01	
group_4289	2.00E-01	4.55E-02	4.31E-02	-1.05E+00	5.37E-01	2.01E-01	
group_4213	2.00E-01	4.65E-04	2.68E-04	-2.09E+00	6.66E-01	3.54E-01	
group_4100	2.00E-01	6.17E-01	6.17E-01	2.51E-01	5.02E-01	-5.00E-02	
group_4017	2.00E-01	1.00E+00	1.00E+00	0.00E+00	5.00E-01	0.00E+00	
group_3992	2.00E-01	2.70E-03	2.04E-03	-1.69E+00	6.03E-01	3.02E-01	
group_3905	2.00E-01	6.33E-05	2.27E-05	2.60E+00	7.80E-01	-4.05E-01	
group_3865	2.00E-01	6.33E-05	2.27E-05	2.60E+00	7.80E-01	-4.05E-01	
group_3780	2.00E-01	6.33E-05	2.27E-05	2.60E+00	7.80E-01	-4.05E-01	
group_3779	2.00E-01	6.33E-05	2.27E-05	2.60E+00	7.80E-01	-4.05E-01	
group_3774	2.00E-01	6.33E-05	2.27E-05	2.60E+00	7.80E-01	-4.05E-01	
group_3619	2.00E-01	6.33E-05	2.27E-05	2.60E+00	7.80E-01	-4.05E-01	
group_3618	2.00E-01	6.33E-05	2.27E-05	2.60E+00	7.80E-01	-4.05E-01	
group_3609	2.00E-01	6.33E-05	2.27E-05	2.60E+00	7.80E-01	-4.05E-01	
group_3273	2.00E-01	4.55E-02	4.31E-02	-1.05E+00	5.37E-01	2.01E-01	
yubI	2.00E-01	6.33E-05	2.27E-05	2.60E+00	7.80E-01	-4.05E-01	
group_2881	2.00E-01	6.33E-05	2.27E-05	-2.60E+00	7.80E-01	4.05E-01	
group_2460	2.00E-01	5.73E-07	2.92E-08	-4.22E+00	6.82E-01	5.04E-01	bad-chisq
group_2418	2.00E-01	6.33E-05	2.27E-05	-2.60E+00	7.80E-01	4.05E-01	
group_2258	2.00E-01	1.24E-02	1.09E-02	1.35E+00	5.63E-01	-2.51E-01	
trbE	2.00E-01	1.24E-02	1.09E-02	1.35E+00	5.63E-01	-2.51E-01	
group_2228	2.00E-01	4.55E-02	4.31E-02	1.05E+00	5.37E-01	-2.01E-01	
group_1471	2.00E-01	5.73E-07	2.92E-08	-4.22E+00	6.82E-01	5.04E-01	bad-chisq
group_1325	2.00E-01	6.33E-05	2.27E-05	-2.60E+00	7.80E-01	4.05E-01	
group_1324	2.00E-01	6.33E-05	2.27E-05	-2.60E+00	7.80E-01	4.05E-01	
group_1243	2.00E-01	6.33E-05	2.27E-05	-2.60E+00	7.80E-01	4.05E-01	
deoR	2.00E-01	6.33E-05	2.27E-05	2.60E+00	7.80E-01	-4.05E-01	
group_362	2.00E-01	3.17E-01	3.16E-01	5.06E-01	5.08E-01	-1.00E-01	
group_268	2.00E-01	6.17E-01	6.17E-01	-2.51E-01	5.02E-01	5.00E-02	
group_250	2.00E-01	6.17E-01	6.17E-01	-2.51E-01	5.02E-01	5.00E-02	
group_194	2.00E-01	1.24E-02	1.09E-02	1.35E+00	5.63E-01	-2.51E-01	
group_33	2.00E-01	5.73E-07	2.92E-08	-4.22E+00	6.82E-01	5.04E-01	bad-chisq
aph3Ia	1.90E-01	2.02E-01	2.00E-01	6.63E-01	5.25E-01	-1.24E-01	
group_8776	1.90E-01	1.32E-04	5.27E-05	-2.51E+00	7.81E-01	3.75E-01	
group_8732	1.90E-01	1.28E-06	7.86E-08	-4.14E+00	6.81E-01	4.72E-01	bad-chisq
group_8721	1.90E-01	1.28E-06	7.86E-08	-4.14E+00	6.81E-01	4.72E-01	bad-chisq
group_8618	1.90E-01	1.28E-06	7.86E-08	-4.14E+00	6.81E-01	4.72E-01	bad-chisq
group_8603	1.90E-01	1.32E-04	5.27E-05	2.51E+00	7.81E-01	-3.75E-01	
group_8588	1.90E-01	1.28E-06	7.86E-08	-4.14E+00	6.81E-01	4.72E-01	bad-chisq
group_8578	1.90E-01	1.28E-06	7.86E-08	-4.14E+00	6.81E-01	4.72E-01	bad-chisq
group_8384	1.90E-01	1.32E-04	5.27E-05	2.51E+00	7.81E-01	-3.75E-01	
group_8353	1.90E-01	1.28E-06	7.86E-08	-4.14E+00	6.81E-01	4.72E-01	bad-chisq
group_8351	1.90E-01	1.28E-06	7.86E-08	-4.14E+00	6.81E-01	4.72E-01	bad-chisq
group_8210	1.90E-01	1.28E-06	7.86E-08	4.14E+00	6.81E-01	-4.72E-01	bad-chisq
group_8181	1.90E-01	1.28E-06	7.86E-08	-4.14E+00	6.81E-01	4.72E-01	bad-chisq
group_8127	1.90E-01	1.28E-06	7.86E-08	-4.14E+00	6.81E-01	4.72E-01	bad-chisq
group_8009	1.90E-01	1.28E-06	7.86E-08	-4.14E+00	6.81E-01	4.72E-01	bad-chisq
group_7975	1.90E-01	1.47E-05	2.77E-06	2.93E+00	1.15E+00	-4.21E-01	bad-chisq
group_7911	1.90E-01	1.28E-06	7.86E-08	4.14E+00	6.81E-01	-4.72E-01	bad-chisq
group_7906	1.90E-01	1.32E-04	5.27E-05	-2.51E+00	7.81E-01	3.75E-01	
group_7860	1.90E-01	1.28E-06	7.86E-08	-4.14E+00	6.81E-01	4.72E-01	bad-chisq
group_7681	1.90E-01	1.32E-04	5.27E-05	-2.51E+00	7.81E-01	3.75E-01	
group_7607	1.90E-01	1.28E-06	7.86E-08	-4.14E+00	6.81E-01	4.72E-01	bad-chisq
group_7584	1.90E-01	1.28E-06	7.86E-08	4.14E+00	6.81E-01	-4.72E-01	bad-chisq
group_7493	1.90E-01	1.28E-06	7.86E-08	-4.14E+00	6.81E-01	4.72E-01	bad-chisq
group_7463	1.90E-01	1.47E-05	2.77E-06	2.93E+00	1.15E+00	-4.21E-01	bad-chisq
group_7449	1.90E-01	1.28E-06	7.86E-08	-4.14E+00	6.81E-01	4.72E-01	bad-chisq
ncrB	1.90E-01	1.47E-05	2.77E-06	2.93E+00	1.15E+00	-4.21E-01	bad-chisq
group_7397	1.90E-01	1.28E-06	7.86E-08	-4.14E+00	6.81E-01	4.72E-01	bad-chisq
group_7319	1.90E-01	1.28E-06	7.86E-08	-4.14E+00	6.81E-01	4.72E-01	bad-chisq
korC	1.90E-01	1.28E-06	7.86E-08	-4.14E+00	6.81E-01	4.72E-01	bad-chisq
group_7220	1.90E-01	1.28E-06	7.86E-08	-4.14E+00	6.81E-01	4.72E-01	bad-chisq
group_7185	1.90E-01	1.32E-04	5.27E-05	-2.51E+00	7.81E-01	3.75E-01	
group_7184	1.90E-01	1.28E-06	7.86E-08	-4.14E+00	6.81E-01	4.72E-01	bad-chisq
group_7141	1.90E-01	1.47E-05	2.77E-06	2.93E+00	1.15E+00	-4.21E-01	bad-chisq
group_7094	1.90E-01	1.28E-06	7.86E-08	-4.14E+00	6.81E-01	4.72E-01	bad-chisq
group_7036	1.90E-01	1.28E-06	7.86E-08	-4.14E+00	6.81E-01	4.72E-01	bad-chisq
group_6987	1.90E-01	1.28E-06	7.86E-08	-4.14E+00	6.81E-01	4.72E-01	bad-chisq
group_6908	1.90E-01	1.47E-05	2.77E-06	2.93E+00	1.15E+00	-4.21E-01	bad-chisq
group_6877	1.90E-01	1.28E-06	7.86E-08	-4.14E+00	6.81E-01	4.72E-01	bad-chisq
group_6851	1.90E-01	1.28E-06	7.86E-08	-4.14E+00	6.81E-01	4.72E-01	bad-chisq
group_6794	1.90E-01	1.28E-06	7.86E-08	-4.14E+00	6.81E-01	4.72E-01	bad-chisq
group_6780	1.90E-01	1.28E-06	7.86E-08	-4.14E+00	6.81E-01	4.72E-01	bad-chisq
group_6761	1.90E-01	1.28E-06	7.86E-08	-4.14E+00	6.81E-01	4.72E-01	bad-chisq
ncrY	1.90E-01	1.47E-05	2.77E-06	2.93E+00	1.15E+00	-4.21E-01	bad-chisq
group_6701	1.90E-01	1.28E-06	7.86E-08	-4.14E+00	6.81E-01	4.72E-01	bad-chisq
group_6665	1.90E-01	1.47E-05	2.77E-06	2.93E+00	1.15E+00	-4.21E-01	bad-chisq
group_6661	1.90E-01	1.28E-06	7.86E-08	-4.14E+00	6.81E-01	4.72E-01	bad-chisq
group_6647	1.90E-01	1.47E-05	2.77E-06	2.93E+00	1.15E+00	-4.21E-01	bad-chisq
samA	1.90E-01	1.28E-06	7.86E-08	4.14E+00	6.81E-01	-4.72E-01	bad-chisq
group_6525	1.90E-01	1.28E-06	7.86E-08	-4.14E+00	6.81E-01	4.72E-01	bad-chisq
group_6434	1.90E-01	1.28E-06	7.86E-08	-4.14E+00	6.81E-01	4.72E-01	bad-chisq
group_6406	1.90E-01	1.28E-06	7.86E-08	-4.14E+00	6.81E-01	4.72E-01	bad-chisq
group_6381	1.90E-01	1.28E-06	7.86E-08	-4.14E+00	6.81E-01	4.72E-01	bad-chisq
group_6349	1.90E-01	1.28E-06	7.86E-08	-4.14E+00	6.81E-01	4.72E-01	bad-chisq
group_6329	1.90E-01	1.47E-05	2.77E-06	2.93E+00	1.15E+00	-4.21E-01	bad-chisq
group_6311	1.90E-01	1.28E-06	7.86E-08	-4.14E+00	6.81E-01	4.72E-01	bad-chisq
group_6286	1.90E-01	1.32E-04	5.27E-05	-2.51E+00	7.81E-01	3.75E-01	
group_6272	1.90E-01	1.28E-06	7.86E-08	4.14E+00	6.81E-01	-4.72E-01	bad-chisq
group_6229	1.90E-01	1.28E-06	7.86E-08	-4.14E+00	6.81E-01	4.72E-01	bad-chisq
group_6099	1.90E-01	1.28E-06	7.86E-08	-4.14E+00	6.81E-01	4.72E-01	bad-chisq
group_6080	1.90E-01	1.28E-06	7.86E-08	-4.14E+00	6.81E-01	4.72E-01	bad-chisq
group_6079	1.90E-01	1.28E-06	7.86E-08	-4.14E+00	6.81E-01	4.72E-01	bad-chisq
group_6042	1.90E-01	1.28E-06	7.86E-08	-4.14E+00	6.81E-01	4.72E-01	bad-chisq
group_5872	1.90E-01	1.28E-06	7.86E-08	-4.14E+00	6.81E-01	4.72E-01	bad-chisq
group_5795	1.90E-01	1.28E-06	7.86E-08	4.14E+00	6.81E-01	-4.72E-01	bad-chisq
group_5708	1.90E-01	1.28E-06	7.86E-08	-4.14E+00	6.81E-01	4.72E-01	bad-chisq
group_5643	1.90E-01	1.28E-06	7.86E-08	-4.14E+00	6.81E-01	4.72E-01	bad-chisq
group_5642	1.90E-01	1.28E-06	7.86E-08	-4.14E+00	6.81E-01	4.72E-01	bad-chisq
group_5529	1.90E-01	1.28E-06	7.86E-08	-4.14E+00	6.81E-01	4.72E-01	bad-chisq
group_5483	1.90E-01	1.28E-06	7.86E-08	-4.14E+00	6.81E-01	4.72E-01	bad-chisq
group_5376	1.90E-01	1.47E-05	2.77E-06	2.93E+00	1.15E+00	-4.21E-01	bad-chisq
group_5323	1.90E-01	1.28E-06	7.86E-08	-4.14E+00	6.81E-01	4.72E-01	bad-chisq
group_5263	1.90E-01	1.28E-06	7.86E-08	-4.14E+00	6.81E-01	4.72E-01	bad-chisq
group_5225	1.90E-01	1.28E-06	7.86E-08	4.14E+00	6.81E-01	-4.72E-01	bad-chisq
group_5192	1.90E-01	1.28E-06	7.86E-08	-4.14E+00	6.81E-01	4.72E-01	bad-chisq
group_5153	1.90E-01	1.28E-06	7.86E-08	-4.14E+00	6.81E-01	4.72E-01	bad-chisq
blaOXA1	1.90E-01	2.02E-01	2.00E-01	-6.63E-01	5.25E-01	1.24E-01	
group_5122	1.90E-01	1.28E-06	7.86E-08	-4.14E+00	6.81E-01	4.72E-01	bad-chisq
group_5109	1.90E-01	1.28E-06	7.86E-08	-4.14E+00	6.81E-01	4.72E-01	bad-chisq
group_5072	1.90E-01	1.28E-06	7.86E-08	-4.14E+00	6.81E-01	4.72E-01	bad-chisq
group_5034	1.90E-01	1.28E-06	7.86E-08	-4.14E+00	6.81E-01	4.72E-01	bad-chisq
group_4957	1.90E-01	1.28E-06	7.86E-08	-4.14E+00	6.81E-01	4.72E-01	bad-chisq
yuaY	1.90E-01	1.28E-06	7.86E-08	-4.14E+00	6.81E-01	4.72E-01	bad-chisq
group_4891	1.90E-01	1.28E-06	7.86E-08	4.14E+00	6.81E-01	-4.72E-01	bad-chisq
group_4839	1.90E-01	1.47E-05	2.77E-06	2.93E+00	1.15E+00	-4.21E-01	bad-chisq
group_4835	1.90E-01	1.28E-06	7.86E-08	-4.14E+00	6.81E-01	4.72E-01	bad-chisq
group_4759	1.90E-01	1.47E-05	2.77E-06	-2.93E+00	1.15E+00	4.21E-01	bad-chisq
pagO	1.90E-01	1.28E-06	7.86E-08	-4.14E+00	6.81E-01	4.72E-01	bad-chisq
group_4732	1.90E-01	1.47E-05	2.77E-06	-2.93E+00	1.15E+00	4.21E-01	bad-chisq
group_4702	1.90E-01	1.28E-06	7.86E-08	-4.14E+00	6.81E-01	4.72E-01	bad-chisq
group_4576	1.90E-01	1.47E-05	2.77E-06	-2.93E+00	1.15E+00	4.21E-01	bad-chisq
group_4575	1.90E-01	1.28E-06	7.86E-08	-4.14E+00	6.81E-01	4.72E-01	bad-chisq
group_4559	1.90E-01	1.28E-06	7.86E-08	-4.14E+00	6.81E-01	4.72E-01	bad-chisq
group_4513	1.90E-01	1.28E-06	7.86E-08	-4.14E+00	6.81E-01	4.72E-01	bad-chisq
group_4470	1.90E-01	7.99E-01	7.99E-01	1.30E-01	5.10E-01	-2.47E-02	
group_4415	1.90E-01	1.28E-06	7.86E-08	-4.14E+00	6.81E-01	4.72E-01	bad-chisq
group_4368	1.90E-01	2.18E-02	1.97E-02	1.25E+00	5.67E-01	-2.23E-01	
group_4340	1.90E-01	2.18E-02	1.97E-02	-1.25E+00	5.67E-01	2.23E-01	
group_4313	1.90E-01	9.20E-04	5.73E-04	-2.00E+00	6.68E-01	3.24E-01	
group_4296	1.90E-01	9.20E-04	5.73E-04	2.00E+00	6.68E-01	-3.24E-01	
group_4274	1.90E-01	7.99E-01	7.99E-01	1.30E-01	5.10E-01	-2.47E-02	
group_4242	1.90E-01	1.28E-06	7.86E-08	-4.14E+00	6.81E-01	4.72E-01	bad-chisq
group_4059	1.90E-01	2.02E-01	2.00E-01	6.63E-01	5.25E-01	-1.24E-01	
group_3967	1.90E-01	1.47E-05	2.77E-06	-2.93E+00	1.15E+00	4.21E-01	bad-chisq
ant3	1.90E-01	4.44E-01	4.44E-01	3.93E-01	5.15E-01	-7.41E-02	
group_3799	1.90E-01	1.47E-05	2.77E-06	-2.93E+00	1.15E+00	4.21E-01	bad-chisq
group_3762	1.90E-01	1.32E-04	5.27E-05	-2.51E+00	7.81E-01	3.75E-01	
group_3730	1.90E-01	1.28E-06	7.86E-08	-4.14E+00	6.81E-01	4.72E-01	bad-chisq
group_3587	1.90E-01	1.32E-04	5.27E-05	-2.51E+00	7.81E-01	3.75E-01	
group_3545	1.90E-01	1.32E-04	5.27E-05	-2.51E+00	7.81E-01	3.75E-01	
group_3540	1.90E-01	2.02E-01	2.00E-01	6.63E-01	5.25E-01	-1.24E-01	
ncrC	1.90E-01	1.47E-05	2.77E-06	2.93E+00	1.15E+00	-4.21E-01	bad-chisq
group_3464	1.90E-01	1.28E-06	7.86E-08	-4.14E+00	6.81E-01	4.72E-01	bad-chisq
group_3441	1.90E-01	1.28E-06	7.86E-08	-4.14E+00	6.81E-01	4.72E-01	bad-chisq
group_3407	1.90E-01	1.32E-04	5.27E-05	-2.51E+00	7.81E-01	3.75E-01	
group_3237	1.90E-01	1.32E-04	5.27E-05	-2.51E+00	7.81E-01	3.75E-01	
group_3170	1.90E-01	1.32E-04	5.27E-05	-2.51E+00	7.81E-01	3.75E-01	
group_3156	1.90E-01	1.32E-04	5.27E-05	-2.51E+00	7.81E-01	3.75E-01	
group_3155	1.90E-01	1.32E-04	5.27E-05	-2.51E+00	7.81E-01	3.75E-01	
group_3142	1.90E-01	1.32E-04	5.27E-05	-2.51E+00	7.81E-01	3.75E-01	
group_3095	1.90E-01	1.28E-06	7.86E-08	4.14E+00	6.81E-01	-4.72E-01	bad-chisq
group_3060	1.90E-01	1.32E-04	5.27E-05	-2.51E+00	7.81E-01	3.75E-01	
group_2846	1.90E-01	1.32E-04	5.27E-05	-2.51E+00	7.81E-01	3.75E-01	
group_2657	1.90E-01	1.32E-04	5.27E-05	-2.51E+00	7.81E-01	3.75E-01	
group_2632	1.90E-01	1.28E-06	7.86E-08	-4.14E+00	6.81E-01	4.72E-01	bad-chisq
group_2462	1.90E-01	1.28E-06	7.86E-08	4.14E+00	6.81E-01	-4.72E-01	bad-chisq
group_2438	1.90E-01	1.32E-04	5.27E-05	-2.51E+00	7.81E-01	3.75E-01	
ncrA	1.90E-01	1.47E-05	2.77E-06	2.93E+00	1.15E+00	-4.21E-01	bad-chisq
group_2277	1.90E-01	4.44E-01	4.44E-01	-3.93E-01	5.15E-01	7.41E-02	
group_2250	1.90E-01	5.05E-03	4.01E-03	-1.60E+00	6.06E-01	2.73E-01	
group_2188	1.90E-01	1.32E-04	5.27E-05	-2.51E+00	7.81E-01	3.75E-01	
group_2187	1.90E-01	1.32E-04	5.27E-05	-2.51E+00	7.81E-01	3.75E-01	
group_2144	1.90E-01	1.32E-04	5.27E-05	-2.51E+00	7.81E-01	3.75E-01	
group_2143	1.90E-01	1.32E-04	5.27E-05	-2.51E+00	7.81E-01	3.75E-01	
group_2075	1.90E-01	1.28E-06	7.86E-08	-4.14E+00	6.81E-01	4.72E-01	bad-chisq
group_2032	1.90E-01	1.28E-06	7.86E-08	-4.14E+00	6.81E-01	4.72E-01	bad-chisq
group_2021	1.90E-01	1.32E-04	5.27E-05	-2.51E+00	7.81E-01	3.75E-01	
group_1969	1.90E-01	1.32E-04	5.27E-05	-2.51E+00	7.81E-01	3.75E-01	
group_1946	1.90E-01	1.28E-06	7.86E-08	-4.14E+00	6.81E-01	4.72E-01	bad-chisq
group_1945	1.90E-01	1.32E-04	5.27E-05	-2.51E+00	7.81E-01	3.75E-01	
group_1887	1.90E-01	5.05E-03	4.01E-03	-1.60E+00	6.06E-01	2.73E-01	
group_1791	1.90E-01	1.47E-05	2.77E-06	-2.93E+00	1.15E+00	4.21E-01	bad-chisq
group_1786	1.90E-01	1.32E-04	5.27E-05	-2.51E+00	7.81E-01	3.75E-01	
pinR	1.90E-01	1.28E-06	7.86E-08	4.14E+00	6.81E-01	-4.72E-01	bad-chisq
group_1668	1.90E-01	1.32E-04	5.27E-05	-2.51E+00	7.81E-01	3.75E-01	
group_1411	1.90E-01	1.28E-06	7.86E-08	-4.14E+00	6.81E-01	4.72E-01	bad-chisq
group_1410	1.90E-01	1.47E-05	2.77E-06	-2.93E+00	1.15E+00	4.21E-01	bad-chisq
catB3	1.90E-01	7.44E-02	7.16E-02	-9.46E-01	5.42E-01	1.73E-01	
group_1230	1.90E-01	1.47E-05	2.77E-06	-2.93E+00	1.15E+00	4.21E-01	bad-chisq
group_1166	1.90E-01	1.47E-05	2.77E-06	-2.93E+00	1.15E+00	4.21E-01	bad-chisq
group_1134	1.90E-01	1.32E-04	5.27E-05	-2.51E+00	7.81E-01	3.75E-01	
group_1061	1.90E-01	1.47E-05	2.77E-06	-2.93E+00	1.15E+00	4.21E-01	bad-chisq
group_1010	1.90E-01	1.32E-04	5.27E-05	-2.51E+00	7.81E-01	3.75E-01	
group_963	1.90E-01	1.32E-04	5.27E-05	-2.51E+00	7.81E-01	3.75E-01	
group_889	1.90E-01	1.28E-06	7.86E-08	-4.14E+00	6.81E-01	4.72E-01	bad-chisq
iucA	1.90E-01	1.28E-06	7.86E-08	-4.14E+00	6.81E-01	4.72E-01	bad-chisq
group_815	1.90E-01	1.28E-06	7.86E-08	-4.14E+00	6.81E-01	4.72E-01	bad-chisq
group_756	1.90E-01	1.47E-05	2.77E-06	-2.93E+00	1.15E+00	4.21E-01	bad-chisq
group_755	1.90E-01	1.47E-05	2.77E-06	-2.93E+00	1.15E+00	4.21E-01	bad-chisq
group_689	1.90E-01	1.47E-05	2.77E-06	-2.93E+00	1.15E+00	4.21E-01	bad-chisq
group_624	1.90E-01	1.47E-05	2.77E-06	2.93E+00	1.15E+00	-4.21E-01	bad-chisq
group_599	1.90E-01	1.32E-04	5.27E-05	-2.51E+00	7.81E-01	3.75E-01	
group_598	1.90E-01	1.32E-04	5.27E-05	-2.51E+00	7.81E-01	3.75E-01	
group_537	1.90E-01	1.28E-06	7.86E-08	-4.14E+00	6.81E-01	4.72E-01	bad-chisq
fxsA	1.90E-01	1.28E-06	7.86E-08	-4.14E+00	6.81E-01	4.72E-01	bad-chisq
group_492	1.90E-01	1.28E-06	7.86E-08	-4.14E+00	6.81E-01	4.72E-01	bad-chisq
group_357	1.90E-01	1.28E-06	7.86E-08	-4.14E+00	6.81E-01	4.72E-01	bad-chisq
group_333	1.90E-01	1.28E-06	7.86E-08	-4.14E+00	6.81E-01	4.72E-01	bad-chisq
group_252	1.90E-01	1.32E-04	5.27E-05	2.51E+00	7.81E-01	-3.75E-01	
group_214	1.90E-01	1.28E-06	7.86E-08	-4.14E+00	6.81E-01	4.72E-01	bad-chisq
group_182	1.90E-01	1.28E-06	7.86E-08	-4.14E+00	6.81E-01	4.72E-01	bad-chisq
group_162	1.90E-01	1.28E-06	7.86E-08	-4.14E+00	6.81E-01	4.72E-01	bad-chisq
group_135	1.90E-01	1.47E-05	2.77E-06	2.93E+00	1.15E+00	-4.21E-01	bad-chisq
group_118	1.90E-01	1.28E-06	7.86E-08	-4.14E+00	6.81E-01	4.72E-01	bad-chisq
group_104	1.90E-01	1.28E-06	7.86E-08	-4.14E+00	6.81E-01	4.72E-01	bad-chisq
group_74	1.90E-01	1.28E-06	7.86E-08	-4.14E+00	6.81E-01	4.72E-01	bad-chisq
group_6	1.90E-01	1.28E-06	7.86E-08	-4.14E+00	6.81E-01	4.72E-01	bad-chisq
group_0	1.90E-01	1.28E-06	7.86E-08	4.14E+00	6.81E-01	-4.72E-01	bad-chisq
group_9073	1.80E-01	2.80E-06	2.08E-07	4.05E+00	6.79E-01	-4.41E-01	bad-chisq
group_9072	1.80E-01	2.80E-06	2.08E-07	4.05E+00	6.79E-01	-4.41E-01	bad-chisq
trhU	1.80E-01	2.80E-06	2.08E-07	-4.05E+00	6.79E-01	4.41E-01	bad-chisq
group_8719	1.80E-01	9.24E-03	7.68E-03	-1.50E+00	6.09E-01	2.45E-01	
group_8697	1.80E-01	2.80E-06	2.08E-07	-4.05E+00	6.79E-01	4.41E-01	bad-chisq
group_8676	1.80E-01	2.80E-06	2.08E-07	-4.05E+00	6.79E-01	4.41E-01	bad-chisq
group_8665	1.80E-01	1.79E-03	1.20E-03	-1.90E+00	6.71E-01	2.95E-01	
group_8656	1.80E-01	1.00E+00	1.00E+00	0.00E+00	5.21E-01	0.00E+00	
group_8648	1.80E-01	2.80E-06	2.08E-07	4.05E+00	6.79E-01	-4.41E-01	bad-chisq
group_8621	1.80E-01	1.00E+00	1.00E+00	0.00E+00	5.21E-01	0.00E+00	
lamB	1.80E-01	1.00E+00	1.00E+00	0.00E+00	5.21E-01	0.00E+00	
group_8598	1.80E-01	2.80E-06	2.08E-07	-4.05E+00	6.79E-01	4.41E-01	bad-chisq
group_8592	1.80E-01	1.00E+00	1.00E+00	0.00E+00	5.21E-01	0.00E+00	
group_8515	1.80E-01	2.80E-06	2.08E-07	-4.05E+00	6.79E-01	4.41E-01	bad-chisq
group_8414	1.80E-01	2.80E-06	2.08E-07	-4.05E+00	6.79E-01	4.41E-01	bad-chisq
group_8391	1.80E-01	2.68E-04	1.20E-04	2.42E+00	7.83E-01	-3.45E-01	
group_8324	1.80E-01	2.80E-06	2.08E-07	-4.05E+00	6.79E-01	4.41E-01	bad-chisq
group_8316	1.80E-01	9.24E-03	7.68E-03	1.50E+00	6.09E-01	-2.45E-01	
group_8239	1.80E-01	2.80E-06	2.08E-07	-4.05E+00	6.79E-01	4.41E-01	bad-chisq
group_8174	1.80E-01	2.80E-06	2.08E-07	4.05E+00	6.79E-01	-4.41E-01	bad-chisq
group_8159	1.80E-01	2.80E-06	2.08E-07	-4.05E+00	6.79E-01	4.41E-01	bad-chisq
group_8033	1.80E-01	2.80E-06	2.08E-07	-4.05E+00	6.79E-01	4.41E-01	bad-chisq
group_8025	1.80E-01	2.80E-06	2.08E-07	4.05E+00	6.79E-01	-4.41E-01	bad-chisq
group_7712	1.80E-01	2.80E-06	2.08E-07	4.05E+00	6.79E-01	-4.41E-01	bad-chisq
group_7667	1.80E-01	2.80E-06	2.08E-07	4.05E+00	6.79E-01	-4.41E-01	bad-chisq
group_7658	1.80E-01	2.80E-06	2.08E-07	-4.05E+00	6.79E-01	4.41E-01	bad-chisq
group_7558	1.80E-01	2.80E-06	2.08E-07	-4.05E+00	6.79E-01	4.41E-01	bad-chisq
group_7557	1.80E-01	2.80E-06	2.08E-07	-4.05E+00	6.79E-01	4.41E-01	bad-chisq
group_7499	1.80E-01	2.80E-06	2.08E-07	4.05E+00	6.79E-01	-4.41E-01	bad-chisq
group_7451	1.80E-01	2.80E-06	2.08E-07	-4.05E+00	6.79E-01	4.41E-01	bad-chisq
group_7385	1.80E-01	2.68E-04	1.20E-04	-2.42E+00	7.83E-01	3.45E-01	
group_7348	1.80E-01	2.80E-06	2.08E-07	-4.05E+00	6.79E-01	4.41E-01	bad-chisq
group_7347	1.80E-01	2.68E-04	1.20E-04	-2.42E+00	7.83E-01	3.45E-01	
group_7235	1.80E-01	2.80E-06	2.08E-07	-4.05E+00	6.79E-01	4.41E-01	bad-chisq
group_7205	1.80E-01	2.80E-06	2.08E-07	-4.05E+00	6.79E-01	4.41E-01	bad-chisq
group_7183	1.80E-01	2.80E-06	2.08E-07	-4.05E+00	6.79E-01	4.41E-01	bad-chisq
group_7175	1.80E-01	2.80E-06	2.08E-07	4.05E+00	6.79E-01	-4.41E-01	bad-chisq
group_7128	1.80E-01	2.80E-06	2.08E-07	-4.05E+00	6.79E-01	4.41E-01	bad-chisq
group_7127	1.80E-01	2.68E-04	1.20E-04	-2.42E+00	7.83E-01	3.45E-01	
group_7004	1.80E-01	2.80E-06	2.08E-07	-4.05E+00	6.79E-01	4.41E-01	bad-chisq
group_7002	1.80E-01	2.80E-06	2.08E-07	-4.05E+00	6.79E-01	4.41E-01	bad-chisq
group_6966	1.80E-01	2.80E-06	2.08E-07	-4.05E+00	6.79E-01	4.41E-01	bad-chisq
trhA	1.80E-01	2.80E-06	2.08E-07	-4.05E+00	6.79E-01	4.41E-01	bad-chisq
chrB	1.80E-01	2.80E-06	2.08E-07	4.05E+00	6.79E-01	-4.41E-01	bad-chisq
group_6716	1.80E-01	2.80E-06	2.08E-07	-4.05E+00	6.79E-01	4.41E-01	bad-chisq
group_6626	1.80E-01	2.80E-06	2.08E-07	-4.05E+00	6.79E-01	4.41E-01	bad-chisq
group_6590	1.80E-01	2.80E-06	2.08E-07	-4.05E+00	6.79E-01	4.41E-01	bad-chisq
group_6524	1.80E-01	2.80E-06	2.08E-07	-4.05E+00	6.79E-01	4.41E-01	bad-chisq
group_6515	1.80E-01	2.80E-06	2.08E-07	-4.05E+00	6.79E-01	4.41E-01	bad-chisq
group_6447	1.80E-01	2.68E-04	1.20E-04	-2.42E+00	7.83E-01	3.45E-01	
group_6350	1.80E-01	2.80E-06	2.08E-07	-4.05E+00	6.79E-01	4.41E-01	bad-chisq
group_6326	1.80E-01	2.80E-06	2.08E-07	-4.05E+00	6.79E-01	4.41E-01	bad-chisq
group_6310	1.80E-01	2.80E-06	2.08E-07	-4.05E+00	6.79E-01	4.41E-01	bad-chisq
group_6267	1.80E-01	2.80E-06	2.08E-07	-4.05E+00	6.79E-01	4.41E-01	bad-chisq
group_6238	1.80E-01	2.80E-06	2.08E-07	-4.05E+00	6.79E-01	4.41E-01	bad-chisq
group_6180	1.80E-01	2.80E-06	2.08E-07	-4.05E+00	6.79E-01	4.41E-01	bad-chisq
group_6163	1.80E-01	2.80E-06	2.08E-07	-4.05E+00	6.79E-01	4.41E-01	bad-chisq
group_6055	1.80E-01	2.80E-06	2.08E-07	-4.05E+00	6.79E-01	4.41E-01	bad-chisq
group_5995	1.80E-01	2.80E-06	2.08E-07	-4.05E+00	6.79E-01	4.41E-01	bad-chisq
mtrR	1.80E-01	2.68E-04	1.20E-04	-2.42E+00	7.83E-01	3.45E-01	
group_5934	1.80E-01	1.18E-01	1.15E-01	-8.40E-01	5.47E-01	1.47E-01	
group_5783	1.80E-01	9.24E-03	7.68E-03	1.50E+00	6.09E-01	-2.45E-01	
group_5634	1.80E-01	2.80E-06	2.08E-07	-4.05E+00	6.79E-01	4.41E-01	bad-chisq
group_5520	1.80E-01	2.80E-06	2.08E-07	-4.05E+00	6.79E-01	4.41E-01	bad-chisq
group_5451	1.80E-01	2.80E-06	2.08E-07	-4.05E+00	6.79E-01	4.41E-01	bad-chisq
group_5353	1.80E-01	2.80E-06	2.08E-07	-4.05E+00	6.79E-01	4.41E-01	bad-chisq
group_5218	1.80E-01	2.80E-06	2.08E-07	-4.05E+00	6.79E-01	4.41E-01	bad-chisq
group_5159	1.80E-01	2.80E-06	2.08E-07	-4.05E+00	6.79E-01	4.41E-01	bad-chisq
group_5080	1.80E-01	2.80E-06	2.08E-07	-4.05E+00	6.79E-01	4.41E-01	bad-chisq
group_5033	1.80E-01	2.80E-06	2.08E-07	-4.05E+00	6.79E-01	4.41E-01	bad-chisq
group_4789	1.80E-01	2.80E-06	2.08E-07	4.05E+00	6.79E-01	-4.41E-01	bad-chisq
group_4782	1.80E-01	2.68E-04	1.20E-04	-2.42E+00	7.83E-01	3.45E-01	
group_4737	1.80E-01	2.68E-04	1.20E-04	-2.42E+00	7.83E-01	3.45E-01	
group_4675	1.80E-01	1.00E+00	1.00E+00	0.00E+00	5.21E-01	0.00E+00	
group_4602	1.80E-01	2.80E-06	2.08E-07	-4.05E+00	6.79E-01	4.41E-01	bad-chisq
group_4523	1.80E-01	2.80E-06	2.08E-07	-4.05E+00	6.79E-01	4.41E-01	bad-chisq
group_4327	1.80E-01	6.03E-01	6.02E-01	2.72E-01	5.23E-01	-4.88E-02	
group_4109	1.80E-01	2.80E-06	2.08E-07	-4.05E+00	6.79E-01	4.41E-01	bad-chisq
group_4092	1.80E-01	9.24E-03	7.68E-03	-1.50E+00	6.09E-01	2.45E-01	
group_4029	1.80E-01	9.24E-03	7.68E-03	1.50E+00	6.09E-01	-2.45E-01	
group_3906	1.80E-01	1.18E-01	1.15E-01	-8.40E-01	5.47E-01	1.47E-01	
group_3893	1.80E-01	2.80E-06	2.08E-07	-4.05E+00	6.79E-01	4.41E-01	bad-chisq
group_3859	1.80E-01	2.68E-04	1.20E-04	2.42E+00	7.83E-01	-3.45E-01	
group_3608	1.80E-01	2.68E-04	1.20E-04	2.42E+00	7.83E-01	-3.45E-01	
group_3216	1.80E-01	2.68E-04	1.20E-04	2.42E+00	7.83E-01	-3.45E-01	
group_3169	1.80E-01	2.80E-06	2.08E-07	-4.05E+00	6.79E-01	4.41E-01	bad-chisq
group_3072	1.80E-01	2.68E-04	1.20E-04	-2.42E+00	7.83E-01	3.45E-01	
group_3061	1.80E-01	2.68E-04	1.20E-04	-2.42E+00	7.83E-01	3.45E-01	
group_3041	1.80E-01	2.68E-04	1.20E-04	-2.42E+00	7.83E-01	3.45E-01	
group_2920	1.80E-01	2.80E-06	2.08E-07	-4.05E+00	6.79E-01	4.41E-01	bad-chisq
group_2878	1.80E-01	2.68E-04	1.20E-04	-2.42E+00	7.83E-01	3.45E-01	
group_2737	1.80E-01	2.80E-06	2.08E-07	-4.05E+00	6.79E-01	4.41E-01	bad-chisq
group_2674	1.80E-01	1.18E-01	1.15E-01	-8.40E-01	5.47E-01	1.47E-01	
group_2631	1.80E-01	2.80E-06	2.08E-07	-4.05E+00	6.79E-01	4.41E-01	bad-chisq
group_2614	1.80E-01	2.80E-06	2.08E-07	-4.05E+00	6.79E-01	4.41E-01	bad-chisq
trbJ	1.80E-01	9.24E-03	7.68E-03	-1.50E+00	6.09E-01	2.45E-01	
cafA	1.80E-01	2.80E-06	2.08E-07	-4.05E+00	6.79E-01	4.41E-01	bad-chisq
group_2060	1.80E-01	2.68E-04	1.20E-04	-2.42E+00	7.83E-01	3.45E-01	
group_2040	1.80E-01	2.80E-06	2.08E-07	-4.05E+00	6.79E-01	4.41E-01	bad-chisq
group_2024	1.80E-01	9.24E-03	7.68E-03	-1.50E+00	6.09E-01	2.45E-01	
group_1995	1.80E-01	2.80E-06	2.08E-07	-4.05E+00	6.79E-01	4.41E-01	bad-chisq
group_1808	1.80E-01	2.80E-06	2.08E-07	-4.05E+00	6.79E-01	4.41E-01	bad-chisq
group_1802	1.80E-01	2.80E-06	2.08E-07	-4.05E+00	6.79E-01	4.41E-01	bad-chisq
cadC	1.80E-01	2.68E-04	1.20E-04	-2.42E+00	7.83E-01	3.45E-01	
group_1701	1.80E-01	1.18E-01	1.15E-01	-8.40E-01	5.47E-01	1.47E-01	
group_1622	1.80E-01	2.68E-04	1.20E-04	-2.42E+00	7.83E-01	3.45E-01	
yoaA	1.80E-01	2.80E-06	2.08E-07	-4.05E+00	6.79E-01	4.41E-01	bad-chisq
group_1510	1.80E-01	2.80E-06	2.08E-07	-4.05E+00	6.79E-01	4.41E-01	bad-chisq
group_1234	1.80E-01	2.68E-04	1.20E-04	-2.42E+00	7.83E-01	3.45E-01	
group_923	1.80E-01	1.18E-01	1.15E-01	-8.40E-01	5.47E-01	1.47E-01	
group_849	1.80E-01	2.80E-06	2.08E-07	-4.05E+00	6.79E-01	4.41E-01	bad-chisq
yajD	1.80E-01	6.03E-01	6.02E-01	-2.72E-01	5.23E-01	4.88E-02	
pduQ	1.80E-01	2.68E-04	1.20E-04	-2.42E+00	7.83E-01	3.45E-01	
group_392	1.80E-01	3.12E-05	6.78E-06	-2.85E+00	1.14E+00	3.90E-01	bad-chisq
group_390	1.80E-01	3.12E-05	6.78E-06	-2.85E+00	1.14E+00	3.90E-01	bad-chisq
group_345	1.80E-01	2.80E-06	2.08E-07	-4.05E+00	6.79E-01	4.41E-01	bad-chisq
group_344	1.80E-01	2.80E-06	2.08E-07	-4.05E+00	6.79E-01	4.41E-01	bad-chisq
group_331	1.80E-01	2.80E-06	2.08E-07	-4.05E+00	6.79E-01	4.41E-01	bad-chisq
group_189	1.80E-01	2.80E-06	2.08E-07	4.05E+00	6.79E-01	-4.41E-01	bad-chisq
traN	1.80E-01	2.80E-06	2.08E-07	-4.05E+00	6.79E-01	4.41E-01	bad-chisq
group_102	1.80E-01	9.24E-03	7.68E-03	-1.50E+00	6.09E-01	2.45E-01	
group_98	1.80E-01	2.68E-04	1.20E-04	-2.42E+00	7.83E-01	3.45E-01	
group_73	1.80E-01	1.79E-03	1.20E-03	-1.90E+00	6.71E-01	2.95E-01	
group_63	1.80E-01	3.12E-05	6.78E-06	2.85E+00	1.14E+00	-3.90E-01	bad-chisq
htdT	1.80E-01	2.80E-06	2.08E-07	-4.05E+00	6.79E-01	4.41E-01	bad-chisq
group_34	1.80E-01	2.80E-06	2.08E-07	-4.05E+00	6.79E-01	4.41E-01	bad-chisq
group_9	1.80E-01	2.80E-06	2.08E-07	-4.05E+00	6.79E-01	4.41E-01	bad-chisq
group_8736	1.70E-01	6.02E-06	5.42E-07	-3.97E+00	6.78E-01	4.10E-01	bad-chisq
group_8694	1.70E-01	6.02E-06	5.42E-07	-3.97E+00	6.78E-01	4.10E-01	bad-chisq
group_8632	1.70E-01	7.90E-01	7.90E-01	-1.42E-01	5.33E-01	2.41E-02	
group_8438	1.70E-01	6.24E-02	5.92E-02	-1.04E+00	5.76E-01	1.69E-01	
group_8396	1.70E-01	6.02E-06	5.42E-07	3.97E+00	6.78E-01	-4.10E-01	bad-chisq
group_8372	1.70E-01	3.41E-03	2.44E-03	1.81E+00	6.74E-01	-2.67E-01	
group_8128	1.70E-01	6.02E-06	5.42E-07	-3.97E+00	6.78E-01	4.10E-01	bad-chisq
group_8081	1.70E-01	6.24E-02	5.92E-02	-1.04E+00	5.76E-01	1.69E-01	
group_8074	1.70E-01	6.02E-06	5.42E-07	-3.97E+00	6.78E-01	4.10E-01	bad-chisq
group_8032	1.70E-01	7.90E-01	7.90E-01	1.42E-01	5.33E-01	-2.41E-02	
group_8010	1.70E-01	6.02E-06	5.42E-07	-3.97E+00	6.78E-01	4.10E-01	bad-chisq
group_7921	1.70E-01	4.24E-01	4.23E-01	-4.29E-01	5.40E-01	7.23E-02	
group_7769	1.70E-01	6.02E-06	5.42E-07	-3.97E+00	6.78E-01	4.10E-01	bad-chisq
group_7767	1.70E-01	6.02E-06	5.42E-07	-3.97E+00	6.78E-01	4.10E-01	bad-chisq
group_7737	1.70E-01	6.02E-06	5.42E-07	3.97E+00	6.78E-01	-4.10E-01	bad-chisq
group_7594	1.70E-01	6.02E-06	5.42E-07	-3.97E+00	6.78E-01	4.10E-01	bad-chisq
group_7516	1.70E-01	6.02E-06	5.42E-07	3.97E+00	6.78E-01	-4.10E-01	bad-chisq
group_7204	1.70E-01	6.02E-06	5.42E-07	-3.97E+00	6.78E-01	4.10E-01	bad-chisq
group_7171	1.70E-01	4.24E-01	4.23E-01	-4.29E-01	5.40E-01	7.23E-02	
group_6852	1.70E-01	1.83E-01	1.80E-01	-7.27E-01	5.53E-01	1.21E-01	
group_6772	1.70E-01	6.02E-06	5.42E-07	-3.97E+00	6.78E-01	4.10E-01	bad-chisq
group_6760	1.70E-01	6.02E-06	5.42E-07	-3.97E+00	6.78E-01	4.10E-01	bad-chisq
group_6721	1.70E-01	6.02E-06	5.42E-07	3.97E+00	6.78E-01	-4.10E-01	bad-chisq
group_6666	1.70E-01	6.02E-06	5.42E-07	3.97E+00	6.78E-01	-4.10E-01	bad-chisq
group_6437	1.70E-01	6.02E-06	5.42E-07	-3.97E+00	6.78E-01	4.10E-01	bad-chisq
group_6360	1.70E-01	6.02E-06	5.42E-07	-3.97E+00	6.78E-01	4.10E-01	bad-chisq
group_6337	1.70E-01	7.90E-01	7.90E-01	1.42E-01	5.33E-01	-2.41E-02	
group_6221	1.70E-01	3.41E-03	2.44E-03	1.81E+00	6.74E-01	-2.67E-01	
group_5904	1.70E-01	6.02E-06	5.42E-07	-3.97E+00	6.78E-01	4.10E-01	bad-chisq
group_5903	1.70E-01	6.02E-06	5.42E-07	-3.97E+00	6.78E-01	4.10E-01	bad-chisq
group_5746	1.70E-01	6.02E-06	5.42E-07	-3.97E+00	6.78E-01	4.10E-01	bad-chisq
group_5541	1.70E-01	6.02E-06	5.42E-07	-3.97E+00	6.78E-01	4.10E-01	bad-chisq
group_5346	1.70E-01	6.02E-06	5.42E-07	3.97E+00	6.78E-01	-4.10E-01	bad-chisq
group_5343	1.70E-01	4.24E-01	4.23E-01	-4.29E-01	5.40E-01	7.23E-02	
group_5342	1.70E-01	6.02E-06	5.42E-07	-3.97E+00	6.78E-01	4.10E-01	bad-chisq
group_5252	1.70E-01	6.02E-06	5.42E-07	-3.97E+00	6.78E-01	4.10E-01	bad-chisq
ydaV	1.70E-01	1.83E-01	1.80E-01	-7.27E-01	5.53E-01	1.21E-01	
group_4322	1.70E-01	6.24E-02	5.92E-02	-1.04E+00	5.76E-01	1.69E-01	
group_4301	1.70E-01	6.02E-06	5.42E-07	-3.97E+00	6.78E-01	4.10E-01	bad-chisq
group_4125	1.70E-01	3.41E-03	2.44E-03	1.81E+00	6.74E-01	-2.67E-01	
group_4020	1.70E-01	4.24E-01	4.23E-01	4.29E-01	5.40E-01	-7.23E-02	
group_3797	1.70E-01	1.66E-02	1.43E-02	-1.40E+00	6.13E-01	2.18E-01	
group_3772	1.70E-01	1.66E-02	1.43E-02	-1.40E+00	6.13E-01	2.18E-01	
group_3648	1.70E-01	1.66E-02	1.43E-02	-1.40E+00	6.13E-01	2.18E-01	
group_3647	1.70E-01	1.66E-02	1.43E-02	-1.40E+00	6.13E-01	2.18E-01	
group_3604	1.70E-01	1.66E-02	1.43E-02	-1.40E+00	6.13E-01	2.18E-01	
group_3375	1.70E-01	1.66E-02	1.43E-02	-1.40E+00	6.13E-01	2.18E-01	
group_3345	1.70E-01	1.66E-02	1.43E-02	-1.40E+00	6.13E-01	2.18E-01	
group_3212	1.70E-01	1.66E-02	1.43E-02	-1.40E+00	6.13E-01	2.18E-01	
group_2993	1.70E-01	4.24E-01	4.23E-01	-4.29E-01	5.40E-01	7.23E-02	
group_2840	1.70E-01	6.24E-02	5.92E-02	-1.04E+00	5.76E-01	1.69E-01	
group_2713	1.70E-01	4.24E-01	4.23E-01	-4.29E-01	5.40E-01	7.23E-02	
group_2647	1.70E-01	6.02E-06	5.42E-07	-3.97E+00	6.78E-01	4.10E-01	bad-chisq
group_2210	1.70E-01	6.24E-02	5.92E-02	-1.04E+00	5.76E-01	1.69E-01	
group_2061	1.70E-01	5.39E-04	2.66E-04	-2.33E+00	7.85E-01	3.16E-01	
pflD	1.70E-01	4.24E-01	4.23E-01	-4.29E-01	5.40E-01	7.23E-02	
group_2016	1.70E-01	4.24E-01	4.23E-01	-4.29E-01	5.40E-01	7.23E-02	
group_1914	1.70E-01	6.02E-06	5.42E-07	-3.97E+00	6.78E-01	4.10E-01	bad-chisq
group_1913	1.70E-01	6.02E-06	5.42E-07	-3.97E+00	6.78E-01	4.10E-01	bad-chisq
group_1653	1.70E-01	6.02E-06	5.42E-07	-3.97E+00	6.78E-01	4.10E-01	bad-chisq
group_1650	1.70E-01	5.39E-04	2.66E-04	2.33E+00	7.85E-01	-3.16E-01	
group_1509	1.70E-01	4.24E-01	4.23E-01	-4.29E-01	5.40E-01	7.23E-02	
group_1508	1.70E-01	4.24E-01	4.23E-01	-4.29E-01	5.40E-01	7.23E-02	
group_1467	1.70E-01	6.02E-06	5.42E-07	-3.97E+00	6.78E-01	4.10E-01	bad-chisq
group_346	1.70E-01	5.39E-04	2.66E-04	-2.33E+00	7.85E-01	3.16E-01	
group_114	1.70E-01	6.02E-06	5.42E-07	-3.97E+00	6.78E-01	4.10E-01	bad-chisq
tetA	1.60E-01	1.02E-01	9.82E-02	9.32E-01	5.82E-01	-1.43E-01	
group_8359	1.60E-01	5.85E-01	5.85E-01	-2.99E-01	5.49E-01	4.76E-02	
group_8350	1.60E-01	1.27E-05	1.39E-06	-3.88E+00	6.76E-01	3.81E-01	bad-chisq
group_8229	1.60E-01	1.27E-05	1.39E-06	-3.88E+00	6.76E-01	3.81E-01	bad-chisq
group_8209	1.60E-01	1.27E-05	1.39E-06	-3.88E+00	6.76E-01	3.81E-01	bad-chisq
group_8201	1.60E-01	1.27E-05	1.39E-06	-3.88E+00	6.76E-01	3.81E-01	bad-chisq
group_8034	1.60E-01	1.27E-05	1.39E-06	-3.88E+00	6.76E-01	3.81E-01	bad-chisq
group_7926	1.60E-01	1.27E-05	1.39E-06	-3.88E+00	6.76E-01	3.81E-01	bad-chisq
group_7689	1.60E-01	1.27E-05	1.39E-06	3.88E+00	6.76E-01	-3.81E-01	bad-chisq
group_7583	1.60E-01	1.27E-05	1.39E-06	3.88E+00	6.76E-01	-3.81E-01	bad-chisq
group_7541	1.60E-01	1.27E-05	1.39E-06	-3.88E+00	6.76E-01	3.81E-01	bad-chisq
group_7534	1.60E-01	1.06E-03	5.78E-04	2.23E+00	7.87E-01	-2.88E-01	
group_7418	1.60E-01	1.27E-05	1.39E-06	-3.88E+00	6.76E-01	3.81E-01	bad-chisq
group_7333	1.60E-01	1.27E-05	1.39E-06	-3.88E+00	6.76E-01	3.81E-01	bad-chisq
group_7318	1.60E-01	1.27E-05	1.39E-06	-3.88E+00	6.76E-01	3.81E-01	bad-chisq
group_7167	1.60E-01	1.27E-05	1.39E-06	-3.88E+00	6.76E-01	3.81E-01	bad-chisq
group_6759	1.60E-01	1.02E-01	9.82E-02	-9.32E-01	5.82E-01	1.43E-01	
group_6573	1.60E-01	1.02E-01	9.82E-02	-9.32E-01	5.82E-01	1.43E-01	
group_6087	1.60E-01	1.06E-03	5.78E-04	2.23E+00	7.87E-01	-2.88E-01	
group_5836	1.60E-01	1.27E-05	1.39E-06	3.88E+00	6.76E-01	-3.81E-01	bad-chisq
group_5682	1.60E-01	1.34E-04	3.84E-05	-2.67E+00	1.13E+00	3.32E-01	bad-chisq
group_5644	1.60E-01	1.27E-05	1.39E-06	-3.88E+00	6.76E-01	3.81E-01	bad-chisq
blaOXA48	1.60E-01	1.27E-05	1.39E-06	-3.88E+00	6.76E-01	3.81E-01	bad-chisq
group_5006	1.60E-01	1.27E-05	1.39E-06	-3.88E+00	6.76E-01	3.81E-01	bad-chisq
group_4866	1.60E-01	1.27E-05	1.39E-06	-3.88E+00	6.76E-01	3.81E-01	bad-chisq
group_4837	1.60E-01	1.34E-04	3.84E-05	-2.67E+00	1.13E+00	3.32E-01	bad-chisq
group_4751	1.60E-01	1.00E+00	1.00E+00	0.00E+00	5.46E-01	0.00E+00	
group_4663	1.60E-01	1.27E-05	1.39E-06	-3.88E+00	6.76E-01	3.81E-01	bad-chisq
ebgR	1.60E-01	1.02E-01	9.82E-02	-9.32E-01	5.82E-01	1.43E-01	
group_4430	1.60E-01	1.02E-01	9.82E-02	-9.32E-01	5.82E-01	1.43E-01	
group_4212	1.60E-01	1.34E-04	3.84E-05	-2.67E+00	1.13E+00	3.32E-01	bad-chisq
group_4086	1.60E-01	5.85E-01	5.85E-01	-2.99E-01	5.49E-01	4.76E-02	
group_4068	1.60E-01	2.91E-02	2.61E-02	-1.29E+00	6.18E-01	1.91E-01	
recT	1.60E-01	1.02E-01	9.82E-02	-9.32E-01	5.82E-01	1.43E-01	
ygjJ	1.60E-01	1.02E-01	9.82E-02	-9.32E-01	5.82E-01	1.43E-01	
group_4037	1.60E-01	2.91E-02	2.61E-02	-1.29E+00	6.18E-01	1.91E-01	
group_4028	1.60E-01	5.85E-01	5.85E-01	-2.99E-01	5.49E-01	4.76E-02	
group_4007	1.60E-01	5.85E-01	5.85E-01	-2.99E-01	5.49E-01	4.76E-02	
group_3670	1.60E-01	1.06E-03	5.78E-04	-2.23E+00	7.87E-01	2.88E-01	
group_3584	1.60E-01	5.85E-01	5.85E-01	-2.99E-01	5.49E-01	4.76E-02	
group_3580	1.60E-01	2.75E-01	2.73E-01	6.06E-01	5.61E-01	-9.53E-02	
group_3558	1.60E-01	2.75E-01	2.73E-01	6.06E-01	5.61E-01	-9.53E-02	
group_3491	1.60E-01	6.38E-03	4.86E-03	-1.71E+00	6.77E-01	2.39E-01	
hcnC	1.60E-01	1.34E-04	3.84E-05	-2.67E+00	1.13E+00	3.32E-01	bad-chisq
group_3401	1.60E-01	1.06E-03	5.78E-04	-2.23E+00	7.87E-01	2.88E-01	
group_3336	1.60E-01	2.75E-01	2.73E-01	6.06E-01	5.61E-01	-9.53E-02	
group_3147	1.60E-01	5.85E-01	5.85E-01	-2.99E-01	5.49E-01	4.76E-02	
group_3133	1.60E-01	2.75E-01	2.73E-01	6.06E-01	5.61E-01	-9.53E-02	
group_3130	1.60E-01	1.06E-03	5.78E-04	-2.23E+00	7.87E-01	2.88E-01	
group_3127	1.60E-01	1.34E-04	3.84E-05	-2.67E+00	1.13E+00	3.32E-01	bad-chisq
group_3092	1.60E-01	2.75E-01	2.73E-01	-6.06E-01	5.61E-01	9.53E-02	
group_2897	1.60E-01	1.34E-04	3.84E-05	-2.67E+00	1.13E+00	3.32E-01	bad-chisq
group_2858	1.60E-01	1.27E-05	1.39E-06	-3.88E+00	6.76E-01	3.81E-01	bad-chisq
group_2653	1.60E-01	1.06E-03	5.78E-04	-2.23E+00	7.87E-01	2.88E-01	
group_2566	1.60E-01	2.91E-02	2.61E-02	-1.29E+00	6.18E-01	1.91E-01	
group_2507	1.60E-01	5.85E-01	5.85E-01	2.99E-01	5.49E-01	-4.76E-02	
tetRA	1.60E-01	1.02E-01	9.82E-02	9.32E-01	5.82E-01	-1.43E-01	
group_2340	1.60E-01	5.85E-01	5.85E-01	-2.99E-01	5.49E-01	4.76E-02	
blaCTXM14~~~blaCTXM15	1.60E-01	2.91E-02	2.61E-02	-1.29E+00	6.18E-01	1.91E-01	
group_2111	1.60E-01	1.27E-05	1.39E-06	3.88E+00	6.76E-01	-3.81E-01	bad-chisq
group_2013	1.60E-01	1.27E-05	1.39E-06	-3.88E+00	6.76E-01	3.81E-01	bad-chisq
group_1953	1.60E-01	5.85E-01	5.85E-01	-2.99E-01	5.49E-01	4.76E-02	
ygjI	1.60E-01	1.02E-01	9.82E-02	-9.32E-01	5.82E-01	1.43E-01	
group_1713	1.60E-01	1.02E-01	9.82E-02	-9.32E-01	5.82E-01	1.43E-01	
group_1271	1.60E-01	5.85E-01	5.85E-01	-2.99E-01	5.49E-01	4.76E-02	
group_1222	1.60E-01	1.34E-04	3.84E-05	-2.67E+00	1.13E+00	3.32E-01	bad-chisq
ygjH	1.60E-01	1.02E-01	9.82E-02	-9.32E-01	5.82E-01	1.43E-01	
group_737	1.60E-01	1.06E-03	5.78E-04	2.23E+00	7.87E-01	-2.88E-01	
group_685	1.60E-01	5.85E-01	5.85E-01	-2.99E-01	5.49E-01	4.76E-02	
fbpC	1.60E-01	5.85E-01	5.85E-01	-2.99E-01	5.49E-01	4.76E-02	
group_665	1.60E-01	1.34E-04	3.84E-05	-2.67E+00	1.13E+00	3.32E-01	bad-chisq
group_376	1.60E-01	2.91E-02	2.61E-02	-1.29E+00	6.18E-01	1.91E-01	
group_365	1.60E-01	1.02E-01	9.82E-02	-9.32E-01	5.82E-01	1.43E-01	
group_198	1.60E-01	1.06E-03	5.78E-04	2.23E+00	7.87E-01	-2.88E-01	
group_197	1.60E-01	1.27E-05	1.39E-06	3.88E+00	6.76E-01	-3.81E-01	bad-chisq
group_147	1.60E-01	1.02E-01	9.82E-02	-9.32E-01	5.82E-01	1.43E-01	
group_9069	1.50E-01	2.66E-05	3.50E-06	3.79E+00	6.74E-01	-3.52E-01	bad-chisq
group_9068	1.50E-01	2.66E-05	3.50E-06	3.79E+00	6.74E-01	-3.52E-01	bad-chisq
group_9018	1.50E-01	2.07E-03	1.23E-03	2.13E+00	7.90E-01	-2.60E-01	
group_8895	1.50E-01	2.66E-05	3.50E-06	-3.79E+00	6.74E-01	3.52E-01	bad-chisq
group_8894	1.50E-01	2.66E-05	3.50E-06	-3.79E+00	6.74E-01	3.52E-01	bad-chisq
group_8722	1.50E-01	1.17E-02	9.44E-03	-1.60E+00	6.81E-01	2.13E-01	
yjiT	1.50E-01	2.72E-04	8.90E-05	-2.57E+00	1.13E+00	3.05E-01	bad-chisq
group_8424	1.50E-01	1.61E-01	1.58E-01	-8.11E-01	5.89E-01	1.18E-01	
group_8133	1.50E-01	2.66E-05	3.50E-06	3.79E+00	6.74E-01	-3.52E-01	bad-chisq
group_8088	1.50E-01	2.66E-05	3.50E-06	-3.79E+00	6.74E-01	3.52E-01	bad-chisq
group_7968	1.50E-01	2.66E-05	3.50E-06	-3.79E+00	6.74E-01	3.52E-01	bad-chisq
group_7702	1.50E-01	1.17E-02	9.44E-03	-1.60E+00	6.81E-01	2.13E-01	
group_7170	1.50E-01	1.17E-02	9.44E-03	-1.60E+00	6.81E-01	2.13E-01	
group_7003	1.50E-01	2.66E-05	3.50E-06	-3.79E+00	6.74E-01	3.52E-01	bad-chisq
group_6153	1.50E-01	2.66E-05	3.50E-06	3.79E+00	6.74E-01	-3.52E-01	bad-chisq
qnrS1	1.50E-01	2.66E-05	3.50E-06	-3.79E+00	6.74E-01	3.52E-01	bad-chisq
group_5559	1.50E-01	2.66E-05	3.50E-06	3.79E+00	6.74E-01	-3.52E-01	bad-chisq
group_4372	1.50E-01	7.79E-01	7.79E-01	1.57E-01	5.61E-01	-2.35E-02	
group_4328	1.50E-01	2.07E-03	1.23E-03	-2.13E+00	7.90E-01	2.60E-01	
group_4326	1.50E-01	7.79E-01	7.79E-01	1.57E-01	5.61E-01	-2.35E-02	
group_4305	1.50E-01	1.61E-01	1.58E-01	8.11E-01	5.89E-01	-1.18E-01	
group_4153	1.50E-01	4.01E-01	3.99E-01	4.76E-01	5.70E-01	-7.06E-02	
group_4133	1.50E-01	1.61E-01	1.58E-01	-8.11E-01	5.89E-01	1.18E-01	
group_3719	1.50E-01	4.01E-01	3.99E-01	-4.76E-01	5.70E-01	7.06E-02	
group_3416	1.50E-01	7.79E-01	7.79E-01	-1.57E-01	5.61E-01	2.35E-02	
group_3215	1.50E-01	4.01E-01	3.99E-01	-4.76E-01	5.70E-01	7.06E-02	
group_3185	1.50E-01	4.01E-01	3.99E-01	-4.76E-01	5.70E-01	7.06E-02	
group_3174	1.50E-01	2.72E-04	8.90E-05	-2.57E+00	1.13E+00	3.05E-01	bad-chisq
group_3111	1.50E-01	7.79E-01	7.79E-01	-1.57E-01	5.61E-01	2.35E-02	
group_3045	1.50E-01	7.79E-01	7.79E-01	-1.57E-01	5.61E-01	2.35E-02	
group_2288	1.50E-01	2.66E-05	3.50E-06	-3.79E+00	6.74E-01	3.52E-01	bad-chisq
group_2279	1.50E-01	1.61E-01	1.58E-01	-8.11E-01	5.89E-01	1.18E-01	
rhlE	1.50E-01	2.72E-04	8.90E-05	-2.57E+00	1.13E+00	3.05E-01	bad-chisq
group_1875	1.50E-01	2.07E-03	1.23E-03	-2.13E+00	7.90E-01	2.60E-01	
group_1388	1.50E-01	1.61E-01	1.58E-01	-8.11E-01	5.89E-01	1.18E-01	
hsdM	1.50E-01	2.72E-04	8.90E-05	-2.57E+00	1.13E+00	3.05E-01	bad-chisq
group_423	1.50E-01	2.07E-03	1.23E-03	2.13E+00	7.90E-01	-2.60E-01	
group_79	1.50E-01	2.72E-04	8.90E-05	-2.57E+00	1.13E+00	3.05E-01	bad-chisq
group_8893	1.40E-01	5.47E-05	8.71E-06	-3.69E+00	6.72E-01	3.25E-01	bad-chisq
casC	1.40E-01	5.64E-01	5.64E-01	-3.34E-01	5.82E-01	4.65E-02	
group_8552	1.40E-01	5.64E-01	5.64E-01	-3.34E-01	5.82E-01	4.65E-02	
group_8517	1.40E-01	3.95E-03	2.57E-03	-2.03E+00	7.94E-01	2.34E-01	
group_8498	1.40E-01	5.64E-01	5.64E-01	3.34E-01	5.82E-01	-4.65E-02	
group_8497	1.40E-01	5.64E-01	5.64E-01	3.34E-01	5.82E-01	-4.65E-02	
group_8383	1.40E-01	5.47E-05	8.71E-06	3.69E+00	6.72E-01	-3.25E-01	bad-chisq
group_8329	1.40E-01	5.47E-05	8.71E-06	3.69E+00	6.72E-01	-3.25E-01	bad-chisq
group_8191	1.40E-01	5.47E-05	8.71E-06	3.69E+00	6.72E-01	-3.25E-01	bad-chisq
group_8144	1.40E-01	5.64E-01	5.64E-01	-3.34E-01	5.82E-01	4.65E-02	
group_8092	1.40E-01	5.47E-05	8.71E-06	3.69E+00	6.72E-01	-3.25E-01	bad-chisq
group_8063	1.40E-01	5.47E-05	8.71E-06	-3.69E+00	6.72E-01	3.25E-01	bad-chisq
group_7892	1.40E-01	5.47E-05	8.71E-06	3.69E+00	6.72E-01	-3.25E-01	bad-chisq
group_7832	1.40E-01	3.95E-03	2.57E-03	-2.03E+00	7.94E-01	2.34E-01	
group_7611	1.40E-01	5.47E-05	8.71E-06	3.69E+00	6.72E-01	-3.25E-01	bad-chisq
group_7479	1.40E-01	2.11E-02	1.79E-02	-1.49E+00	6.86E-01	1.87E-01	
group_7462	1.40E-01	5.47E-05	8.71E-06	3.69E+00	6.72E-01	-3.25E-01	bad-chisq
group_7285	1.40E-01	5.47E-05	8.71E-06	3.69E+00	6.72E-01	-3.25E-01	bad-chisq
group_7189	1.40E-01	5.64E-01	5.64E-01	3.34E-01	5.82E-01	-4.65E-02	
group_6740	1.40E-01	5.47E-05	8.71E-06	3.69E+00	6.72E-01	-3.25E-01	bad-chisq
group_6631	1.40E-01	5.47E-05	8.71E-06	3.69E+00	6.72E-01	-3.25E-01	bad-chisq
group_6183	1.40E-01	5.64E-01	5.64E-01	3.34E-01	5.82E-01	-4.65E-02	
group_6070	1.40E-01	5.47E-05	8.71E-06	3.69E+00	6.72E-01	-3.25E-01	bad-chisq
group_6058	1.40E-01	5.47E-05	8.71E-06	3.69E+00	6.72E-01	-3.25E-01	bad-chisq
group_6056	1.40E-01	5.64E-01	5.64E-01	-3.34E-01	5.82E-01	4.65E-02	
group_6020	1.40E-01	5.47E-05	8.71E-06	3.69E+00	6.72E-01	-3.25E-01	bad-chisq
group_5958	1.40E-01	5.47E-05	8.71E-06	3.69E+00	6.72E-01	-3.25E-01	bad-chisq
group_5846	1.40E-01	5.47E-05	8.71E-06	3.69E+00	6.72E-01	-3.25E-01	bad-chisq
group_5738	1.40E-01	5.64E-01	5.64E-01	-3.34E-01	5.82E-01	4.65E-02	
group_5616	1.40E-01	5.64E-01	5.64E-01	-3.34E-01	5.82E-01	4.65E-02	
casD	1.40E-01	5.64E-01	5.64E-01	-3.34E-01	5.82E-01	4.65E-02	
group_5464	1.40E-01	5.64E-01	5.64E-01	3.34E-01	5.82E-01	-4.65E-02	
group_5440	1.40E-01	5.47E-05	8.71E-06	3.69E+00	6.72E-01	-3.25E-01	bad-chisq
group_5398	1.40E-01	5.47E-05	8.71E-06	3.69E+00	6.72E-01	-3.25E-01	bad-chisq
group_5374	1.40E-01	5.64E-01	5.64E-01	3.34E-01	5.82E-01	-4.65E-02	
group_4983	1.40E-01	3.95E-03	2.57E-03	-2.03E+00	7.94E-01	2.34E-01	
group_4500	1.40E-01	1.00E+00	1.00E+00	0.00E+00	5.76E-01	0.00E+00	
insH	1.40E-01	5.64E-01	5.64E-01	-3.34E-01	5.82E-01	4.65E-02	
group_4431	1.40E-01	1.00E+00	1.00E+00	0.00E+00	5.76E-01	0.00E+00	
group_4429	1.40E-01	1.00E+00	1.00E+00	0.00E+00	5.76E-01	0.00E+00	
group_4232	1.40E-01	8.38E-02	7.95E-02	-1.06E+00	6.30E-01	1.40E-01	
group_4230	1.40E-01	8.38E-02	7.95E-02	-1.06E+00	6.30E-01	1.40E-01	
group_4200	1.40E-01	1.00E+00	1.00E+00	0.00E+00	5.76E-01	0.00E+00	
group_4117	1.40E-01	1.00E+00	1.00E+00	0.00E+00	5.76E-01	0.00E+00	
group_4049	1.40E-01	2.11E-02	1.79E-02	-1.49E+00	6.86E-01	1.87E-01	
group_3595	1.40E-01	5.64E-01	5.64E-01	-3.34E-01	5.82E-01	4.65E-02	
group_3488	1.40E-01	5.64E-01	5.64E-01	-3.34E-01	5.82E-01	4.65E-02	
cheY	1.40E-01	5.64E-01	5.64E-01	-3.34E-01	5.82E-01	4.65E-02	
group_2958	1.40E-01	2.49E-01	2.46E-01	6.81E-01	5.98E-01	-9.31E-02	
group_2934	1.40E-01	5.64E-01	5.64E-01	-3.34E-01	5.82E-01	4.65E-02	
group_2911	1.40E-01	2.49E-01	2.46E-01	-6.81E-01	5.98E-01	9.31E-02	
group_2843	1.40E-01	2.49E-01	2.46E-01	6.81E-01	5.98E-01	-9.31E-02	
group_2686	1.40E-01	5.64E-01	5.64E-01	-3.34E-01	5.82E-01	4.65E-02	
group_2648	1.40E-01	5.64E-01	5.64E-01	-3.34E-01	5.82E-01	4.65E-02	
group_2251	1.40E-01	2.11E-02	1.79E-02	-1.49E+00	6.86E-01	1.87E-01	
group_2206	1.40E-01	5.47E-05	8.71E-06	-3.69E+00	6.72E-01	3.25E-01	bad-chisq
stbD	1.40E-01	5.64E-01	5.64E-01	3.34E-01	5.82E-01	-4.65E-02	
group_2028	1.40E-01	2.49E-01	2.46E-01	6.81E-01	5.98E-01	-9.31E-02	
group_1937	1.40E-01	2.49E-01	2.46E-01	-6.81E-01	5.98E-01	9.31E-02	
group_1848	1.40E-01	2.49E-01	2.46E-01	6.81E-01	5.98E-01	-9.31E-02	
group_1773	1.40E-01	5.47E-05	8.71E-06	3.69E+00	6.72E-01	-3.25E-01	bad-chisq
group_1715	1.40E-01	2.11E-02	1.79E-02	-1.49E+00	6.86E-01	1.87E-01	
group_1705	1.40E-01	3.95E-03	2.57E-03	-2.03E+00	7.94E-01	2.34E-01	
group_1500	1.40E-01	5.64E-01	5.64E-01	3.34E-01	5.82E-01	-4.65E-02	
group_1368	1.40E-01	5.64E-01	5.64E-01	-3.34E-01	5.82E-01	4.65E-02	
group_1343	1.40E-01	5.64E-01	5.64E-01	-3.34E-01	5.82E-01	4.65E-02	
group_1305	1.40E-01	5.64E-01	5.64E-01	3.34E-01	5.82E-01	-4.65E-02	
group_1297	1.40E-01	2.11E-02	1.79E-02	-1.49E+00	6.86E-01	1.87E-01	
group_1059	1.40E-01	2.11E-02	1.79E-02	-1.49E+00	6.86E-01	1.87E-01	
group_877	1.40E-01	2.11E-02	1.79E-02	-1.49E+00	6.86E-01	1.87E-01	
group_826	1.40E-01	5.64E-01	5.64E-01	-3.34E-01	5.82E-01	4.65E-02	
bapA	1.40E-01	3.95E-03	2.57E-03	-2.03E+00	7.94E-01	2.34E-01	
group_679	1.40E-01	5.64E-01	5.64E-01	-3.34E-01	5.82E-01	4.65E-02	
opgC	1.40E-01	5.64E-01	5.64E-01	-3.34E-01	5.82E-01	4.65E-02	
group_579	1.40E-01	5.64E-01	5.64E-01	-3.34E-01	5.82E-01	4.65E-02	
group_315	1.40E-01	5.64E-01	5.64E-01	-3.34E-01	5.82E-01	4.65E-02	
group_247	1.40E-01	5.44E-04	2.03E-04	-2.47E+00	1.12E+00	2.78E-01	bad-chisq
group_143	1.40E-01	5.64E-01	5.64E-01	3.34E-01	5.82E-01	-4.65E-02	
group_132	1.40E-01	3.95E-03	2.57E-03	-2.03E+00	7.94E-01	2.34E-01	
group_94	1.40E-01	3.95E-03	2.57E-03	-2.03E+00	7.94E-01	2.34E-01	
aac3IIe	1.30E-01	3.72E-01	3.70E-01	-5.39E-01	6.09E-01	6.90E-02	
group_8910	1.30E-01	3.72E-01	3.70E-01	-5.39E-01	6.09E-01	6.90E-02	
group_8716	1.30E-01	7.66E-01	7.66E-01	1.77E-01	5.96E-01	-2.30E-02	
group_8683	1.30E-01	1.07E-03	4.55E-04	-2.37E+00	1.12E+00	2.51E-01	bad-chisq
group_8593	1.30E-01	7.45E-03	5.25E-03	-1.91E+00	7.98E-01	2.08E-01	
group_8513	1.30E-01	7.66E-01	7.66E-01	-1.77E-01	5.96E-01	2.30E-02	
group_8403	1.30E-01	1.07E-03	4.55E-04	-2.37E+00	1.12E+00	2.51E-01	bad-chisq
group_8204	1.30E-01	7.66E-01	7.66E-01	1.77E-01	5.96E-01	-2.30E-02	
group_8180	1.30E-01	1.07E-03	4.55E-04	-2.37E+00	1.12E+00	2.51E-01	bad-chisq
group_8102	1.30E-01	1.37E-01	1.33E-01	-9.26E-01	6.38E-01	1.15E-01	
group_7657	1.30E-01	1.07E-03	4.55E-04	-2.37E+00	1.12E+00	2.51E-01	bad-chisq
group_7641	1.30E-01	1.37E-01	1.33E-01	-9.26E-01	6.38E-01	1.15E-01	
group_7542	1.30E-01	1.37E-01	1.33E-01	-9.26E-01	6.38E-01	1.15E-01	
group_7494	1.30E-01	1.37E-01	1.33E-01	-9.26E-01	6.38E-01	1.15E-01	
ydfA	1.30E-01	1.11E-04	2.14E-05	-3.59E+00	6.69E-01	2.98E-01	bad-chisq
group_7434	1.30E-01	1.07E-03	4.55E-04	-2.37E+00	1.12E+00	2.51E-01	bad-chisq
group_7391	1.30E-01	1.11E-04	2.14E-05	-3.59E+00	6.69E-01	2.98E-01	bad-chisq
group_7169	1.30E-01	1.07E-03	4.55E-04	-2.37E+00	1.12E+00	2.51E-01	bad-chisq
group_7155	1.30E-01	1.11E-04	2.14E-05	-3.59E+00	6.69E-01	2.98E-01	bad-chisq
group_6957	1.30E-01	7.66E-01	7.66E-01	1.77E-01	5.96E-01	-2.30E-02	
group_6938	1.30E-01	7.66E-01	7.66E-01	1.77E-01	5.96E-01	-2.30E-02	
group_6836	1.30E-01	1.07E-03	4.55E-04	-2.37E+00	1.12E+00	2.51E-01	bad-chisq
group_6808	1.30E-01	7.66E-01	7.66E-01	1.77E-01	5.96E-01	-2.30E-02	
group_6460	1.30E-01	1.37E-01	1.33E-01	-9.26E-01	6.38E-01	1.15E-01	
group_6374	1.30E-01	1.37E-01	1.33E-01	-9.26E-01	6.38E-01	1.15E-01	
stfE	1.30E-01	1.07E-03	4.55E-04	-2.37E+00	1.12E+00	2.51E-01	bad-chisq
group_6271	1.30E-01	7.66E-01	7.66E-01	1.77E-01	5.96E-01	-2.30E-02	
group_6184	1.30E-01	7.66E-01	7.66E-01	1.77E-01	5.96E-01	-2.30E-02	
group_6125	1.30E-01	1.07E-03	4.55E-04	-2.37E+00	1.12E+00	2.51E-01	bad-chisq
group_5667	1.30E-01	1.07E-03	4.55E-04	-2.37E+00	1.12E+00	2.51E-01	bad-chisq
group_5566	1.30E-01	7.66E-01	7.66E-01	1.77E-01	5.96E-01	-2.30E-02	
group_5558	1.30E-01	1.11E-04	2.14E-05	-3.59E+00	6.69E-01	2.98E-01	bad-chisq
group_5286	1.30E-01	1.07E-03	4.55E-04	-2.37E+00	1.12E+00	2.51E-01	bad-chisq
group_5276	1.30E-01	1.07E-03	4.55E-04	-2.37E+00	1.12E+00	2.51E-01	bad-chisq
group_5234	1.30E-01	1.07E-03	4.55E-04	-2.37E+00	1.12E+00	2.51E-01	bad-chisq
group_4936	1.30E-01	1.07E-03	4.55E-04	-2.37E+00	1.12E+00	2.51E-01	bad-chisq
group_4577	1.30E-01	1.37E-01	1.33E-01	-9.26E-01	6.38E-01	1.15E-01	
group_4539	1.30E-01	7.66E-01	7.66E-01	1.77E-01	5.96E-01	-2.30E-02	
group_4468	1.30E-01	7.45E-03	5.25E-03	-1.91E+00	7.98E-01	2.08E-01	
group_4454	1.30E-01	1.37E-01	1.33E-01	-9.26E-01	6.38E-01	1.15E-01	
group_4386	1.30E-01	1.07E-03	4.55E-04	-2.37E+00	1.12E+00	2.51E-01	bad-chisq
group_4374	1.30E-01	3.74E-02	3.31E-02	-1.37E+00	6.93E-01	1.61E-01	
group_4284	1.30E-01	1.11E-04	2.14E-05	-3.59E+00	6.69E-01	2.98E-01	bad-chisq
group_4161	1.30E-01	1.07E-03	4.55E-04	-2.37E+00	1.12E+00	2.51E-01	bad-chisq
group_4139	1.30E-01	1.37E-01	1.33E-01	-9.26E-01	6.38E-01	1.15E-01	
group_3801	1.30E-01	1.37E-01	1.33E-01	-9.26E-01	6.38E-01	1.15E-01	
group_3659	1.30E-01	7.45E-03	5.25E-03	-1.91E+00	7.98E-01	2.08E-01	
group_3223	1.30E-01	1.11E-04	2.14E-05	-3.59E+00	6.69E-01	2.98E-01	bad-chisq
group_3198	1.30E-01	7.66E-01	7.66E-01	1.77E-01	5.96E-01	-2.30E-02	
group_3136	1.30E-01	1.37E-01	1.33E-01	9.26E-01	6.38E-01	-1.15E-01	
group_2622	1.30E-01	3.72E-01	3.70E-01	-5.39E-01	6.09E-01	6.90E-02	
group_2521	1.30E-01	1.37E-01	1.33E-01	-9.26E-01	6.38E-01	1.15E-01	
group_2520	1.30E-01	1.37E-01	1.33E-01	-9.26E-01	6.38E-01	1.15E-01	
group_2478	1.30E-01	7.66E-01	7.66E-01	1.77E-01	5.96E-01	-2.30E-02	
group_2375	1.30E-01	7.45E-03	5.25E-03	1.91E+00	7.98E-01	-2.08E-01	
group_2129	1.30E-01	1.37E-01	1.33E-01	-9.26E-01	6.38E-01	1.15E-01	
group_1918	1.30E-01	7.66E-01	7.66E-01	1.77E-01	5.96E-01	-2.30E-02	
group_1484	1.30E-01	1.07E-03	4.55E-04	-2.37E+00	1.12E+00	2.51E-01	bad-chisq
group_883	1.30E-01	7.45E-03	5.25E-03	1.91E+00	7.98E-01	-2.08E-01	
recN	1.30E-01	1.37E-01	1.33E-01	-9.26E-01	6.38E-01	1.15E-01	
group_506	1.30E-01	3.74E-02	3.31E-02	-1.37E+00	6.93E-01	1.61E-01	
group_500	1.30E-01	7.66E-01	7.66E-01	1.77E-01	5.96E-01	-2.30E-02	
group_307	1.30E-01	7.66E-01	7.66E-01	1.77E-01	5.96E-01	-2.30E-02	
group_284	1.30E-01	1.07E-03	4.55E-04	-2.37E+00	1.12E+00	2.51E-01	bad-chisq
group_220	1.30E-01	1.37E-01	1.33E-01	-9.26E-01	6.38E-01	1.15E-01	
group_177	1.30E-01	1.37E-01	1.33E-01	-9.26E-01	6.38E-01	1.15E-01	
group_141	1.30E-01	1.37E-01	1.33E-01	9.26E-01	6.38E-01	-1.15E-01	
group_88	1.30E-01	7.66E-01	7.66E-01	1.77E-01	5.96E-01	-2.30E-02	
group_57	1.30E-01	1.37E-01	1.33E-01	-9.26E-01	6.38E-01	1.15E-01	
group_8908	1.20E-01	5.38E-01	5.37E-01	-3.82E-01	6.23E-01	4.55E-02	
group_8905	1.20E-01	5.38E-01	5.37E-01	-3.82E-01	6.23E-01	4.55E-02	
group_8881	1.20E-01	6.48E-02	5.96E-02	1.24E+00	7.00E-01	-1.37E-01	
group_8582	1.20E-01	2.18E-01	2.14E-01	-7.84E-01	6.48E-01	9.10E-02	
group_8179	1.20E-01	6.48E-02	5.96E-02	1.24E+00	7.00E-01	-1.37E-01	
group_8138	1.20E-01	1.38E-02	1.05E-02	1.79E+00	8.04E-01	-1.82E-01	
group_8137	1.20E-01	1.38E-02	1.05E-02	1.79E+00	8.04E-01	-1.82E-01	
group_7990	1.20E-01	1.38E-02	1.05E-02	1.79E+00	8.04E-01	-1.82E-01	
group_7946	1.20E-01	6.48E-02	5.96E-02	1.24E+00	7.00E-01	-1.37E-01	
group_7943	1.20E-01	1.38E-02	1.05E-02	1.79E+00	8.04E-01	-1.82E-01	
group_7838	1.20E-01	2.18E-01	2.14E-01	-7.84E-01	6.48E-01	9.10E-02	
group_7775	1.20E-01	5.38E-01	5.37E-01	-3.82E-01	6.23E-01	4.55E-02	
group_7679	1.20E-01	1.38E-02	1.05E-02	1.79E+00	8.04E-01	-1.82E-01	
group_7627	1.20E-01	5.38E-01	5.37E-01	-3.82E-01	6.23E-01	4.55E-02	
group_7415	1.20E-01	1.38E-02	1.05E-02	1.79E+00	8.04E-01	-1.82E-01	
group_7414	1.20E-01	1.38E-02	1.05E-02	1.79E+00	8.04E-01	-1.82E-01	
group_7403	1.20E-01	2.18E-01	2.14E-01	-7.84E-01	6.48E-01	9.10E-02	
group_7398	1.20E-01	2.09E-03	1.00E-03	-2.26E+00	1.11E+00	2.26E-01	bad-chisq
group_7370	1.20E-01	2.09E-03	1.00E-03	-2.26E+00	1.11E+00	2.26E-01	bad-chisq
group_7367	1.20E-01	1.38E-02	1.05E-02	1.79E+00	8.04E-01	-1.82E-01	
group_7366	1.20E-01	1.38E-02	1.05E-02	1.79E+00	8.04E-01	-1.82E-01	
group_7352	1.20E-01	5.38E-01	5.37E-01	3.82E-01	6.23E-01	-4.55E-02	
group_7260	1.20E-01	1.38E-02	1.05E-02	1.79E+00	8.04E-01	-1.82E-01	
group_7217	1.20E-01	1.38E-02	1.05E-02	1.79E+00	8.04E-01	-1.82E-01	
group_7216	1.20E-01	1.38E-02	1.05E-02	1.79E+00	8.04E-01	-1.82E-01	
group_7040	1.20E-01	2.09E-03	1.00E-03	-2.26E+00	1.11E+00	2.26E-01	bad-chisq
group_7014	1.20E-01	1.38E-02	1.05E-02	1.79E+00	8.04E-01	-1.82E-01	
group_6965	1.20E-01	1.38E-02	1.05E-02	1.79E+00	8.04E-01	-1.82E-01	
merT	1.20E-01	2.18E-01	2.14E-01	-7.84E-01	6.48E-01	9.10E-02	
group_6933	1.20E-01	1.38E-02	1.05E-02	1.79E+00	8.04E-01	-1.82E-01	
group_6903	1.20E-01	1.38E-02	1.05E-02	1.79E+00	8.04E-01	-1.82E-01	
group_6805	1.20E-01	2.09E-03	1.00E-03	-2.26E+00	1.11E+00	2.26E-01	bad-chisq
merC	1.20E-01	2.18E-01	2.14E-01	-7.84E-01	6.48E-01	9.10E-02	
group_6659	1.20E-01	1.38E-02	1.05E-02	1.79E+00	8.04E-01	-1.82E-01	
group_6580	1.20E-01	1.38E-02	1.05E-02	1.79E+00	8.04E-01	-1.82E-01	
group_6578	1.20E-01	1.38E-02	1.05E-02	1.79E+00	8.04E-01	-1.82E-01	
group_6549	1.20E-01	2.18E-01	2.14E-01	-7.84E-01	6.48E-01	9.10E-02	
group_6489	1.20E-01	1.38E-02	1.05E-02	1.79E+00	8.04E-01	-1.82E-01	
group_6415	1.20E-01	2.09E-03	1.00E-03	-2.26E+00	1.11E+00	2.26E-01	bad-chisq
group_6348	1.20E-01	1.38E-02	1.05E-02	1.79E+00	8.04E-01	-1.82E-01	
group_6327	1.20E-01	2.09E-03	1.00E-03	-2.26E+00	1.11E+00	2.26E-01	bad-chisq
group_6324	1.20E-01	1.38E-02	1.05E-02	1.79E+00	8.04E-01	-1.82E-01	
group_6288	1.20E-01	2.09E-03	1.00E-03	-2.26E+00	1.11E+00	2.26E-01	bad-chisq
group_6266	1.20E-01	1.38E-02	1.05E-02	1.79E+00	8.04E-01	-1.82E-01	
group_6147	1.20E-01	2.09E-03	1.00E-03	-2.26E+00	1.11E+00	2.26E-01	bad-chisq
group_6140	1.20E-01	2.22E-04	5.19E-05	-3.49E+00	6.66E-01	2.71E-01	bad-chisq
group_6135	1.20E-01	1.38E-02	1.05E-02	1.79E+00	8.04E-01	-1.82E-01	
group_6122	1.20E-01	1.38E-02	1.05E-02	1.79E+00	8.04E-01	-1.82E-01	
ydaA	1.20E-01	2.22E-04	5.19E-05	-3.49E+00	6.66E-01	2.71E-01	bad-chisq
group_5932	1.20E-01	6.48E-02	5.96E-02	1.24E+00	7.00E-01	-1.37E-01	
group_5918	1.20E-01	1.00E+00	1.00E+00	0.00E+00	6.15E-01	0.00E+00	
group_5865	1.20E-01	1.38E-02	1.05E-02	1.79E+00	8.04E-01	-1.82E-01	
group_5864	1.20E-01	1.38E-02	1.05E-02	1.79E+00	8.04E-01	-1.82E-01	
group_5854	1.20E-01	5.38E-01	5.37E-01	-3.82E-01	6.23E-01	4.55E-02	
group_5832	1.20E-01	1.38E-02	1.05E-02	1.79E+00	8.04E-01	-1.82E-01	
group_5824	1.20E-01	1.38E-02	1.05E-02	1.79E+00	8.04E-01	-1.82E-01	
group_5680	1.20E-01	6.48E-02	5.96E-02	1.24E+00	7.00E-01	-1.37E-01	
group_5641	1.20E-01	1.38E-02	1.05E-02	1.79E+00	8.04E-01	-1.82E-01	
group_5469	1.20E-01	6.48E-02	5.96E-02	1.24E+00	7.00E-01	-1.37E-01	
group_5410	1.20E-01	2.22E-04	5.19E-05	-3.49E+00	6.66E-01	2.71E-01	bad-chisq
group_5273	1.20E-01	1.38E-02	1.05E-02	1.79E+00	8.04E-01	-1.82E-01	
group_5089	1.20E-01	2.09E-03	1.00E-03	-2.26E+00	1.11E+00	2.26E-01	bad-chisq
group_5060	1.20E-01	2.09E-03	1.00E-03	-2.26E+00	1.11E+00	2.26E-01	bad-chisq
group_5052	1.20E-01	5.38E-01	5.37E-01	-3.82E-01	6.23E-01	4.55E-02	
group_5047	1.20E-01	1.38E-02	1.05E-02	1.79E+00	8.04E-01	-1.82E-01	
group_5032	1.20E-01	1.38E-02	1.05E-02	1.79E+00	8.04E-01	-1.82E-01	
group_4956	1.20E-01	2.09E-03	1.00E-03	-2.26E+00	1.11E+00	2.26E-01	bad-chisq
group_4903	1.20E-01	6.48E-02	5.96E-02	1.24E+00	7.00E-01	-1.37E-01	
group_4807	1.20E-01	2.09E-03	1.00E-03	-2.26E+00	1.11E+00	2.26E-01	bad-chisq
sppA	1.20E-01	1.38E-02	1.05E-02	1.79E+00	8.04E-01	-1.82E-01	
group_4632	1.20E-01	2.22E-04	5.19E-05	-3.49E+00	6.66E-01	2.71E-01	bad-chisq
group_4343	1.20E-01	6.48E-02	5.96E-02	1.24E+00	7.00E-01	-1.37E-01	
stdB	1.20E-01	2.18E-01	2.14E-01	7.84E-01	6.48E-01	-9.10E-02	
group_4267	1.20E-01	1.00E+00	1.00E+00	0.00E+00	6.15E-01	0.00E+00	
group_4266	1.20E-01	1.00E+00	1.00E+00	0.00E+00	6.15E-01	0.00E+00	
group_4221	1.20E-01	1.00E+00	1.00E+00	0.00E+00	6.15E-01	0.00E+00	
group_4208	1.20E-01	5.38E-01	5.37E-01	-3.82E-01	6.23E-01	4.55E-02	
group_4106	1.20E-01	5.38E-01	5.37E-01	-3.82E-01	6.23E-01	4.55E-02	
group_4053	1.20E-01	2.09E-03	1.00E-03	-2.26E+00	1.11E+00	2.26E-01	bad-chisq
group_3898	1.20E-01	2.09E-03	1.00E-03	-2.26E+00	1.11E+00	2.26E-01	bad-chisq
group_3891	1.20E-01	6.48E-02	5.96E-02	1.24E+00	7.00E-01	-1.37E-01	
group_3848	1.20E-01	2.09E-03	1.00E-03	-2.26E+00	1.11E+00	2.26E-01	bad-chisq
lysB	1.20E-01	2.09E-03	1.00E-03	-2.26E+00	1.11E+00	2.26E-01	bad-chisq
group_3600	1.20E-01	2.09E-03	1.00E-03	-2.26E+00	1.11E+00	2.26E-01	bad-chisq
group_3564	1.20E-01	2.09E-03	1.00E-03	-2.26E+00	1.11E+00	2.26E-01	bad-chisq
group_3392	1.20E-01	6.48E-02	5.96E-02	-1.24E+00	7.00E-01	1.37E-01	
relE	1.20E-01	2.18E-01	2.14E-01	-7.84E-01	6.48E-01	9.10E-02	
group_3264	1.20E-01	1.38E-02	1.05E-02	-1.79E+00	8.04E-01	1.82E-01	
group_3191	1.20E-01	2.09E-03	1.00E-03	-2.26E+00	1.11E+00	2.26E-01	bad-chisq
group_3098	1.20E-01	2.09E-03	1.00E-03	-2.26E+00	1.11E+00	2.26E-01	bad-chisq
group_3069	1.20E-01	1.38E-02	1.05E-02	1.79E+00	8.04E-01	-1.82E-01	
group_2910	1.20E-01	2.09E-03	1.00E-03	-2.26E+00	1.11E+00	2.26E-01	bad-chisq
wbdC	1.20E-01	1.38E-02	1.05E-02	-1.79E+00	8.04E-01	1.82E-01	
group_2671	1.20E-01	1.38E-02	1.05E-02	-1.79E+00	8.04E-01	1.82E-01	
group_2506	1.20E-01	2.18E-01	2.14E-01	-7.84E-01	6.48E-01	9.10E-02	
group_2477	1.20E-01	2.09E-03	1.00E-03	-2.26E+00	1.11E+00	2.26E-01	bad-chisq
group_2408	1.20E-01	1.38E-02	1.05E-02	-1.79E+00	8.04E-01	1.82E-01	
group_2256	1.20E-01	1.38E-02	1.05E-02	-1.79E+00	8.04E-01	1.82E-01	
group_2255	1.20E-01	2.09E-03	1.00E-03	-2.26E+00	1.11E+00	2.26E-01	bad-chisq
group_2166	1.20E-01	2.22E-04	5.19E-05	-3.49E+00	6.66E-01	2.71E-01	bad-chisq
group_2122	1.20E-01	6.48E-02	5.96E-02	-1.24E+00	7.00E-01	1.37E-01	
group_2067	1.20E-01	2.09E-03	1.00E-03	-2.26E+00	1.11E+00	2.26E-01	bad-chisq
group_2025	1.20E-01	1.38E-02	1.05E-02	1.79E+00	8.04E-01	-1.82E-01	
group_1902	1.20E-01	2.22E-04	5.19E-05	-3.49E+00	6.66E-01	2.71E-01	bad-chisq
group_1799	1.20E-01	2.09E-03	1.00E-03	-2.26E+00	1.11E+00	2.26E-01	bad-chisq
group_1740	1.20E-01	1.38E-02	1.05E-02	1.79E+00	8.04E-01	-1.82E-01	
group_1708	1.20E-01	2.09E-03	1.00E-03	-2.26E+00	1.11E+00	2.26E-01	bad-chisq
group_1678	1.20E-01	2.22E-04	5.19E-05	-3.49E+00	6.66E-01	2.71E-01	bad-chisq
traK	1.20E-01	1.38E-02	1.05E-02	1.79E+00	8.04E-01	-1.82E-01	
group_1465	1.20E-01	1.38E-02	1.05E-02	-1.79E+00	8.04E-01	1.82E-01	
casA	1.20E-01	2.18E-01	2.14E-01	-7.84E-01	6.48E-01	9.10E-02	
group_1089	1.20E-01	2.09E-03	1.00E-03	-2.26E+00	1.11E+00	2.26E-01	bad-chisq
group_899	1.20E-01	2.09E-03	1.00E-03	-2.26E+00	1.11E+00	2.26E-01	bad-chisq
group_773	1.20E-01	1.38E-02	1.05E-02	1.79E+00	8.04E-01	-1.82E-01	
group_745	1.20E-01	1.38E-02	1.05E-02	1.79E+00	8.04E-01	-1.82E-01	
group_730	1.20E-01	2.18E-01	2.14E-01	-7.84E-01	6.48E-01	9.10E-02	
group_694	1.20E-01	1.38E-02	1.05E-02	-1.79E+00	8.04E-01	1.82E-01	
group_583	1.20E-01	2.09E-03	1.00E-03	-2.26E+00	1.11E+00	2.26E-01	bad-chisq
group_572	1.20E-01	1.38E-02	1.05E-02	1.79E+00	8.04E-01	-1.82E-01	
group_527	1.20E-01	1.38E-02	1.05E-02	1.79E+00	8.04E-01	-1.82E-01	
group_442	1.20E-01	1.38E-02	1.05E-02	1.79E+00	8.04E-01	-1.82E-01	
group_265	1.20E-01	2.18E-01	2.14E-01	-7.84E-01	6.48E-01	9.10E-02	
group_225	1.20E-01	6.48E-02	5.96E-02	1.24E+00	7.00E-01	-1.37E-01	
group_222	1.20E-01	1.38E-02	1.05E-02	1.79E+00	8.04E-01	-1.82E-01	
group_165	1.20E-01	1.38E-02	1.05E-02	1.79E+00	8.04E-01	-1.82E-01	
group_164	1.20E-01	1.38E-02	1.05E-02	1.79E+00	8.04E-01	-1.82E-01	
group_119	1.20E-01	2.09E-03	1.00E-03	-2.26E+00	1.11E+00	2.26E-01	bad-chisq
group_47	1.20E-01	1.38E-02	1.05E-02	1.79E+00	8.04E-01	-1.82E-01	
group_1	1.20E-01	2.09E-03	1.00E-03	-2.26E+00	1.11E+00	2.26E-01	bad-chisq
group_9592	1.10E-01	2.53E-02	2.05E-02	1.66E+00	8.10E-01	-1.58E-01	
group_8838	1.10E-01	2.53E-02	2.05E-02	-1.66E+00	8.10E-01	1.58E-01	
group_8746	1.10E-01	4.02E-03	2.18E-03	2.15E+00	1.10E+00	-2.01E-01	bad-chisq
group_8725	1.10E-01	1.10E-01	1.04E-01	-1.09E+00	7.10E-01	1.12E-01	
group_8714	1.10E-01	4.02E-03	2.18E-03	2.15E+00	1.10E+00	-2.01E-01	bad-chisq
group_8523	1.10E-01	7.49E-01	7.49E-01	2.05E-01	6.42E-01	-2.25E-02	
group_8520	1.10E-01	1.10E-01	1.04E-01	-1.09E+00	7.10E-01	1.12E-01	
group_8499	1.10E-01	4.39E-04	1.25E-04	-3.38E+00	6.63E-01	2.46E-01	bad-chisq
group_8393	1.10E-01	1.10E-01	1.04E-01	-1.09E+00	7.10E-01	1.12E-01	
group_8241	1.10E-01	7.49E-01	7.49E-01	2.05E-01	6.42E-01	-2.25E-02	
group_8240	1.10E-01	4.39E-04	1.25E-04	3.38E+00	6.63E-01	-2.46E-01	bad-chisq
group_8123	1.10E-01	1.10E-01	1.04E-01	1.09E+00	7.10E-01	-1.12E-01	
group_7889	1.10E-01	4.02E-03	2.18E-03	2.15E+00	1.10E+00	-2.01E-01	bad-chisq
group_7774	1.10E-01	4.02E-03	2.18E-03	2.15E+00	1.10E+00	-2.01E-01	bad-chisq
group_7735	1.10E-01	4.02E-03	2.18E-03	2.15E+00	1.10E+00	-2.01E-01	bad-chisq
group_7733	1.10E-01	4.39E-04	1.25E-04	-3.38E+00	6.63E-01	2.46E-01	bad-chisq
group_7701	1.10E-01	1.10E-01	1.04E-01	1.09E+00	7.10E-01	-1.12E-01	
group_7684	1.10E-01	4.02E-03	2.18E-03	2.15E+00	1.10E+00	-2.01E-01	bad-chisq
group_7662	1.10E-01	4.02E-03	2.18E-03	2.15E+00	1.10E+00	-2.01E-01	bad-chisq
group_7520	1.10E-01	4.39E-04	1.25E-04	-3.38E+00	6.63E-01	2.46E-01	bad-chisq
group_7497	1.10E-01	7.49E-01	7.49E-01	2.05E-01	6.42E-01	-2.25E-02	
group_7353	1.10E-01	4.02E-03	2.18E-03	2.15E+00	1.10E+00	-2.01E-01	bad-chisq
group_7334	1.10E-01	4.02E-03	2.18E-03	2.15E+00	1.10E+00	-2.01E-01	bad-chisq
group_7303	1.10E-01	4.39E-04	1.25E-04	-3.38E+00	6.63E-01	2.46E-01	bad-chisq
group_7237	1.10E-01	4.02E-03	2.18E-03	2.15E+00	1.10E+00	-2.01E-01	bad-chisq
group_7223	1.10E-01	4.02E-03	2.18E-03	2.15E+00	1.10E+00	-2.01E-01	bad-chisq
group_7210	1.10E-01	1.10E-01	1.04E-01	1.09E+00	7.10E-01	-1.12E-01	
group_7206	1.10E-01	1.10E-01	1.04E-01	-1.09E+00	7.10E-01	1.12E-01	
group_7157	1.10E-01	7.49E-01	7.49E-01	2.05E-01	6.42E-01	-2.25E-02	
group_7111	1.10E-01	1.10E-01	1.04E-01	-1.09E+00	7.10E-01	1.12E-01	
group_7044	1.10E-01	4.39E-04	1.25E-04	3.38E+00	6.63E-01	-2.46E-01	bad-chisq
group_6958	1.10E-01	1.10E-01	1.04E-01	-1.09E+00	7.10E-01	1.12E-01	
group_6879	1.10E-01	7.49E-01	7.49E-01	-2.05E-01	6.42E-01	2.25E-02	
madL	1.10E-01	1.10E-01	1.04E-01	-1.09E+00	7.10E-01	1.12E-01	
traA	1.10E-01	2.53E-02	2.05E-02	1.66E+00	8.10E-01	-1.58E-01	
group_6706	1.10E-01	4.02E-03	2.18E-03	2.15E+00	1.10E+00	-2.01E-01	bad-chisq
group_6684	1.10E-01	7.49E-01	7.49E-01	2.05E-01	6.42E-01	-2.25E-02	
group_6646	1.10E-01	4.02E-03	2.18E-03	2.15E+00	1.10E+00	-2.01E-01	bad-chisq
group_6645	1.10E-01	1.10E-01	1.04E-01	-1.09E+00	7.10E-01	1.12E-01	
group_6462	1.10E-01	4.02E-03	2.18E-03	2.15E+00	1.10E+00	-2.01E-01	bad-chisq
group_6149	1.10E-01	4.39E-04	1.25E-04	-3.38E+00	6.63E-01	2.46E-01	bad-chisq
group_6004	1.10E-01	2.53E-02	2.05E-02	1.66E+00	8.10E-01	-1.58E-01	
group_5809	1.10E-01	4.02E-03	2.18E-03	-2.15E+00	1.10E+00	2.01E-01	bad-chisq
casE	1.10E-01	4.39E-04	1.25E-04	-3.38E+00	6.63E-01	2.46E-01	bad-chisq
group_5565	1.10E-01	7.49E-01	7.49E-01	2.05E-01	6.42E-01	-2.25E-02	
group_5551	1.10E-01	1.10E-01	1.04E-01	-1.09E+00	7.10E-01	1.12E-01	
group_5549	1.10E-01	4.39E-04	1.25E-04	-3.38E+00	6.63E-01	2.46E-01	bad-chisq
group_5455	1.10E-01	4.02E-03	2.18E-03	2.15E+00	1.10E+00	-2.01E-01	bad-chisq
group_5412	1.10E-01	4.39E-04	1.25E-04	-3.38E+00	6.63E-01	2.46E-01	bad-chisq
surE	1.10E-01	7.49E-01	7.49E-01	2.05E-01	6.42E-01	-2.25E-02	
group_5308	1.10E-01	1.10E-01	1.04E-01	-1.09E+00	7.10E-01	1.12E-01	
group_5290	1.10E-01	7.49E-01	7.49E-01	2.05E-01	6.42E-01	-2.25E-02	
group_5214	1.10E-01	1.10E-01	1.04E-01	-1.09E+00	7.10E-01	1.12E-01	
group_5163	1.10E-01	4.02E-03	2.18E-03	2.15E+00	1.10E+00	-2.01E-01	bad-chisq
group_5142	1.10E-01	4.02E-03	2.18E-03	2.15E+00	1.10E+00	-2.01E-01	bad-chisq
group_4975	1.10E-01	1.10E-01	1.04E-01	-1.09E+00	7.10E-01	1.12E-01	
group_4966	1.10E-01	7.49E-01	7.49E-01	2.05E-01	6.42E-01	-2.25E-02	
group_4964	1.10E-01	1.10E-01	1.04E-01	-1.09E+00	7.10E-01	1.12E-01	
group_4836	1.10E-01	4.39E-04	1.25E-04	-3.38E+00	6.63E-01	2.46E-01	bad-chisq
group_4810	1.10E-01	7.49E-01	7.49E-01	2.05E-01	6.42E-01	-2.25E-02	
group_4798	1.10E-01	1.10E-01	1.04E-01	-1.09E+00	7.10E-01	1.12E-01	
group_4761	1.10E-01	1.10E-01	1.04E-01	-1.09E+00	7.10E-01	1.12E-01	
group_4716	1.10E-01	7.49E-01	7.49E-01	2.05E-01	6.42E-01	-2.25E-02	
group_4664	1.10E-01	4.39E-04	1.25E-04	-3.38E+00	6.63E-01	2.46E-01	bad-chisq
group_4448	1.10E-01	3.38E-01	3.35E-01	6.27E-01	6.62E-01	-6.74E-02	
umuD	1.10E-01	2.53E-02	2.05E-02	-1.66E+00	8.10E-01	1.58E-01	
group_4358	1.10E-01	4.02E-03	2.18E-03	-2.15E+00	1.10E+00	2.01E-01	bad-chisq
group_4341	1.10E-01	1.10E-01	1.04E-01	-1.09E+00	7.10E-01	1.12E-01	
stbA	1.10E-01	7.49E-01	7.49E-01	2.05E-01	6.42E-01	-2.25E-02	
group_4260	1.10E-01	7.49E-01	7.49E-01	2.05E-01	6.42E-01	-2.25E-02	
group_4247	1.10E-01	4.02E-03	2.18E-03	-2.15E+00	1.10E+00	2.01E-01	bad-chisq
group_4235	1.10E-01	7.49E-01	7.49E-01	2.05E-01	6.42E-01	-2.25E-02	
group_4214	1.10E-01	7.49E-01	7.49E-01	2.05E-01	6.42E-01	-2.25E-02	
group_4197	1.10E-01	4.02E-03	2.18E-03	-2.15E+00	1.10E+00	2.01E-01	bad-chisq
group_4135	1.10E-01	7.49E-01	7.49E-01	2.05E-01	6.42E-01	-2.25E-02	
group_4105	1.10E-01	7.49E-01	7.49E-01	-2.05E-01	6.42E-01	2.25E-02	
group_4054	1.10E-01	1.10E-01	1.04E-01	-1.09E+00	7.10E-01	1.12E-01	
group_4051	1.10E-01	7.49E-01	7.49E-01	2.05E-01	6.42E-01	-2.25E-02	
group_4046	1.10E-01	7.49E-01	7.49E-01	-2.05E-01	6.42E-01	2.25E-02	
group_4034	1.10E-01	4.02E-03	2.18E-03	2.15E+00	1.10E+00	-2.01E-01	bad-chisq
group_3860	1.10E-01	4.39E-04	1.25E-04	-3.38E+00	6.63E-01	2.46E-01	bad-chisq
yeeU	1.10E-01	7.49E-01	7.49E-01	2.05E-01	6.42E-01	-2.25E-02	
group_3769	1.10E-01	7.49E-01	7.49E-01	2.05E-01	6.42E-01	-2.25E-02	
group_3689	1.10E-01	1.10E-01	1.04E-01	-1.09E+00	7.10E-01	1.12E-01	
group_3641	1.10E-01	4.02E-03	2.18E-03	2.15E+00	1.10E+00	-2.01E-01	bad-chisq
group_3628	1.10E-01	7.49E-01	7.49E-01	-2.05E-01	6.42E-01	2.25E-02	
group_3622	1.10E-01	3.38E-01	3.35E-01	-6.27E-01	6.62E-01	6.74E-02	
group_3611	1.10E-01	4.39E-04	1.25E-04	-3.38E+00	6.63E-01	2.46E-01	bad-chisq
yfjX	1.10E-01	7.49E-01	7.49E-01	2.05E-01	6.42E-01	-2.25E-02	
group_3397	1.10E-01	3.38E-01	3.35E-01	-6.27E-01	6.62E-01	6.74E-02	
group_3320	1.10E-01	4.02E-03	2.18E-03	2.15E+00	1.10E+00	-2.01E-01	bad-chisq
symE	1.10E-01	4.39E-04	1.25E-04	-3.38E+00	6.63E-01	2.46E-01	bad-chisq
group_3228	1.10E-01	4.39E-04	1.25E-04	-3.38E+00	6.63E-01	2.46E-01	bad-chisq
group_3226	1.10E-01	4.39E-04	1.25E-04	-3.38E+00	6.63E-01	2.46E-01	bad-chisq
group_3225	1.10E-01	4.02E-03	2.18E-03	2.15E+00	1.10E+00	-2.01E-01	bad-chisq
group_3199	1.10E-01	7.49E-01	7.49E-01	2.05E-01	6.42E-01	-2.25E-02	
group_3176	1.10E-01	7.49E-01	7.49E-01	2.05E-01	6.42E-01	-2.25E-02	
group_3163	1.10E-01	4.39E-04	1.25E-04	-3.38E+00	6.63E-01	2.46E-01	bad-chisq
group_3161	1.10E-01	4.39E-04	1.25E-04	-3.38E+00	6.63E-01	2.46E-01	bad-chisq
group_3149	1.10E-01	7.49E-01	7.49E-01	2.05E-01	6.42E-01	-2.25E-02	
group_3145	1.10E-01	3.38E-01	3.35E-01	-6.27E-01	6.62E-01	6.74E-02	
group_3033	1.10E-01	4.39E-04	1.25E-04	-3.38E+00	6.63E-01	2.46E-01	bad-chisq
group_3016	1.10E-01	4.02E-03	2.18E-03	2.15E+00	1.10E+00	-2.01E-01	bad-chisq
group_2872	1.10E-01	1.10E-01	1.04E-01	-1.09E+00	7.10E-01	1.12E-01	
group_2739	1.10E-01	4.02E-03	2.18E-03	-2.15E+00	1.10E+00	2.01E-01	bad-chisq
group_2704	1.10E-01	7.49E-01	7.49E-01	2.05E-01	6.42E-01	-2.25E-02	
group_2654	1.10E-01	4.39E-04	1.25E-04	-3.38E+00	6.63E-01	2.46E-01	bad-chisq
group_2473	1.10E-01	1.10E-01	1.04E-01	-1.09E+00	7.10E-01	1.12E-01	
group_2457	1.10E-01	7.49E-01	7.49E-01	-2.05E-01	6.42E-01	2.25E-02	
group_2456	1.10E-01	4.02E-03	2.18E-03	-2.15E+00	1.10E+00	2.01E-01	bad-chisq
group_2452	1.10E-01	1.10E-01	1.04E-01	-1.09E+00	7.10E-01	1.12E-01	
group_2422	1.10E-01	4.02E-03	2.18E-03	2.15E+00	1.10E+00	-2.01E-01	bad-chisq
group_2409	1.10E-01	4.02E-03	2.18E-03	2.15E+00	1.10E+00	-2.01E-01	bad-chisq
group_2387	1.10E-01	1.10E-01	1.04E-01	1.09E+00	7.10E-01	-1.12E-01	
cusB	1.10E-01	1.10E-01	1.04E-01	-1.09E+00	7.10E-01	1.12E-01	
group_2274	1.10E-01	1.10E-01	1.04E-01	-1.09E+00	7.10E-01	1.12E-01	
group_2241	1.10E-01	2.53E-02	2.05E-02	1.66E+00	8.10E-01	-1.58E-01	
group_2153	1.10E-01	4.39E-04	1.25E-04	-3.38E+00	6.63E-01	2.46E-01	bad-chisq
group_2148	1.10E-01	1.10E-01	1.04E-01	1.09E+00	7.10E-01	-1.12E-01	
group_2113	1.10E-01	4.02E-03	2.18E-03	2.15E+00	1.10E+00	-2.01E-01	bad-chisq
group_2092	1.10E-01	7.49E-01	7.49E-01	2.05E-01	6.42E-01	-2.25E-02	
group_2089	1.10E-01	2.53E-02	2.05E-02	-1.66E+00	8.10E-01	1.58E-01	
group_2002	1.10E-01	4.39E-04	1.25E-04	-3.38E+00	6.63E-01	2.46E-01	bad-chisq
group_1974	1.10E-01	4.39E-04	1.25E-04	3.38E+00	6.63E-01	-2.46E-01	bad-chisq
group_1950	1.10E-01	3.38E-01	3.35E-01	-6.27E-01	6.62E-01	6.74E-02	
group_1878	1.10E-01	4.39E-04	1.25E-04	-3.38E+00	6.63E-01	2.46E-01	bad-chisq
group_1842	1.10E-01	4.02E-03	2.18E-03	2.15E+00	1.10E+00	-2.01E-01	bad-chisq
group_1768	1.10E-01	4.39E-04	1.25E-04	-3.38E+00	6.63E-01	2.46E-01	bad-chisq
group_1763	1.10E-01	4.02E-03	2.18E-03	-2.15E+00	1.10E+00	2.01E-01	bad-chisq
group_1744	1.10E-01	4.39E-04	1.25E-04	-3.38E+00	6.63E-01	2.46E-01	bad-chisq
group_1638	1.10E-01	2.53E-02	2.05E-02	-1.66E+00	8.10E-01	1.58E-01	
group_1612	1.10E-01	4.02E-03	2.18E-03	2.15E+00	1.10E+00	-2.01E-01	bad-chisq
group_1599	1.10E-01	4.39E-04	1.25E-04	-3.38E+00	6.63E-01	2.46E-01	bad-chisq
group_1543	1.10E-01	4.02E-03	2.18E-03	2.15E+00	1.10E+00	-2.01E-01	bad-chisq
group_1489	1.10E-01	1.10E-01	1.04E-01	-1.09E+00	7.10E-01	1.12E-01	
group_1474	1.10E-01	7.49E-01	7.49E-01	2.05E-01	6.42E-01	-2.25E-02	
group_1000	1.10E-01	4.02E-03	2.18E-03	2.15E+00	1.10E+00	-2.01E-01	bad-chisq
group_986	1.10E-01	4.02E-03	2.18E-03	2.15E+00	1.10E+00	-2.01E-01	bad-chisq
group_984	1.10E-01	7.49E-01	7.49E-01	-2.05E-01	6.42E-01	2.25E-02	
group_777	1.10E-01	4.39E-04	1.25E-04	-3.38E+00	6.63E-01	2.46E-01	bad-chisq
group_772	1.10E-01	4.02E-03	2.18E-03	-2.15E+00	1.10E+00	2.01E-01	bad-chisq
group_753	1.10E-01	4.39E-04	1.25E-04	-3.38E+00	6.63E-01	2.46E-01	bad-chisq
group_678	1.10E-01	4.02E-03	2.18E-03	-2.15E+00	1.10E+00	2.01E-01	bad-chisq
group_593	1.10E-01	4.39E-04	1.25E-04	-3.38E+00	6.63E-01	2.46E-01	bad-chisq
group_592	1.10E-01	4.39E-04	1.25E-04	-3.38E+00	6.63E-01	2.46E-01	bad-chisq
group_540	1.10E-01	1.10E-01	1.04E-01	-1.09E+00	7.10E-01	1.12E-01	
cvaB	1.10E-01	1.10E-01	1.04E-01	-1.09E+00	7.10E-01	1.12E-01	
group_371	1.10E-01	3.38E-01	3.35E-01	-6.27E-01	6.62E-01	6.74E-02	
group_369	1.10E-01	4.02E-03	2.18E-03	-2.15E+00	1.10E+00	2.01E-01	bad-chisq
group_337	1.10E-01	4.39E-04	1.25E-04	-3.38E+00	6.63E-01	2.46E-01	bad-chisq
group_292	1.10E-01	4.39E-04	1.25E-04	-3.38E+00	6.63E-01	2.46E-01	bad-chisq
group_249	1.10E-01	4.39E-04	1.25E-04	-3.38E+00	6.63E-01	2.46E-01	bad-chisq
group_151	1.10E-01	7.49E-01	7.49E-01	2.05E-01	6.42E-01	-2.25E-02	
group_101	1.10E-01	1.10E-01	1.04E-01	-1.09E+00	7.10E-01	1.12E-01	
group_21	1.10E-01	7.49E-01	7.49E-01	-2.05E-01	6.42E-01	2.25E-02	
group_8874	1.00E-01	5.05E-01	5.04E-01	-4.50E-01	6.79E-01	4.45E-02	
group_8858	1.00E-01	5.05E-01	5.04E-01	-4.50E-01	6.79E-01	4.45E-02	
aslB	1.00E-01	5.05E-01	5.04E-01	-4.50E-01	6.79E-01	4.45E-02	
group_8849	1.00E-01	5.05E-01	5.04E-01	-4.50E-01	6.79E-01	4.45E-02	
yidG	1.00E-01	5.05E-01	5.04E-01	-4.50E-01	6.79E-01	4.45E-02	
group_8824	1.00E-01	5.05E-01	5.04E-01	-4.50E-01	6.79E-01	4.45E-02	
group_8765	1.00E-01	8.58E-04	2.96E-04	-3.27E+00	6.59E-01	2.21E-01	bad-chisq
group_8764	1.00E-01	8.58E-04	2.96E-04	-3.27E+00	6.59E-01	2.21E-01	bad-chisq
group_8759	1.00E-01	4.55E-02	3.91E-02	1.52E+00	8.18E-01	-1.34E-01	
group_8747	1.00E-01	4.55E-02	3.91E-02	-1.52E+00	8.18E-01	1.34E-01	
group_8743	1.00E-01	4.55E-02	3.91E-02	1.52E+00	8.18E-01	-1.34E-01	
papC	1.00E-01	8.58E-04	2.96E-04	-3.27E+00	6.59E-01	2.21E-01	bad-chisq
group_8709	1.00E-01	8.58E-04	2.96E-04	-3.27E+00	6.59E-01	2.21E-01	bad-chisq
group_8669	1.00E-01	4.55E-02	3.91E-02	1.52E+00	8.18E-01	-1.34E-01	
group_8668	1.00E-01	4.55E-02	3.91E-02	1.52E+00	8.18E-01	-1.34E-01	
group_8641	1.00E-01	7.66E-03	4.67E-03	-2.02E+00	1.09E+00	1.76E-01	bad-chisq
group_8617	1.00E-01	8.58E-04	2.96E-04	-3.27E+00	6.59E-01	2.21E-01	bad-chisq
pilT~~~vapC	1.00E-01	8.58E-04	2.96E-04	-3.27E+00	6.59E-01	2.21E-01	bad-chisq
group_8532	1.00E-01	8.58E-04	2.96E-04	-3.27E+00	6.59E-01	2.21E-01	bad-chisq
group_8524	1.00E-01	4.55E-02	3.91E-02	1.52E+00	8.18E-01	-1.34E-01	
group_8462	1.00E-01	7.66E-03	4.67E-03	-2.02E+00	1.09E+00	1.76E-01	bad-chisq
group_8382	1.00E-01	1.00E+00	3.68E-01	0.00E+00	1.58E+00	0.00E+00	bad-chisq
group_8354	1.00E-01	8.58E-04	2.96E-04	-3.27E+00	6.59E-01	2.21E-01	bad-chisq
group_8225	1.00E-01	8.58E-04	2.96E-04	-3.27E+00	6.59E-01	2.21E-01	bad-chisq
group_8182	1.00E-01	8.58E-04	2.96E-04	3.27E+00	6.59E-01	-2.21E-01	bad-chisq
group_8129	1.00E-01	8.58E-04	2.96E-04	-3.27E+00	6.59E-01	2.21E-01	bad-chisq
group_8120	1.00E-01	8.58E-04	2.96E-04	-3.27E+00	6.59E-01	2.21E-01	bad-chisq
group_8103	1.00E-01	8.58E-04	2.96E-04	-3.27E+00	6.59E-01	2.21E-01	bad-chisq
group_8058	1.00E-01	5.05E-01	5.04E-01	-4.50E-01	6.79E-01	4.45E-02	
group_8035	1.00E-01	8.58E-04	2.96E-04	-3.27E+00	6.59E-01	2.21E-01	bad-chisq
group_8026	1.00E-01	1.00E+00	3.68E-01	0.00E+00	1.58E+00	0.00E+00	bad-chisq
group_7948	1.00E-01	7.66E-03	4.67E-03	-2.02E+00	1.09E+00	1.76E-01	bad-chisq
group_7947	1.00E-01	8.58E-04	2.96E-04	-3.27E+00	6.59E-01	2.21E-01	bad-chisq
group_7935	1.00E-01	4.55E-02	3.91E-02	-1.52E+00	8.18E-01	1.34E-01	
group_7883	1.00E-01	8.58E-04	2.96E-04	-3.27E+00	6.59E-01	2.21E-01	bad-chisq
group_7882	1.00E-01	8.58E-04	2.96E-04	-3.27E+00	6.59E-01	2.21E-01	bad-chisq
group_7880	1.00E-01	4.55E-02	3.91E-02	1.52E+00	8.18E-01	-1.34E-01	
group_7835	1.00E-01	8.58E-04	2.96E-04	-3.27E+00	6.59E-01	2.21E-01	bad-chisq
group_7771	1.00E-01	8.58E-04	2.96E-04	-3.27E+00	6.59E-01	2.21E-01	bad-chisq
group_7770	1.00E-01	8.58E-04	2.96E-04	-3.27E+00	6.59E-01	2.21E-01	bad-chisq
group_7597	1.00E-01	8.58E-04	2.96E-04	-3.27E+00	6.59E-01	2.21E-01	bad-chisq
group_7580	1.00E-01	8.58E-04	2.96E-04	3.27E+00	6.59E-01	-2.21E-01	bad-chisq
group_7575	1.00E-01	4.55E-02	3.91E-02	1.52E+00	8.18E-01	-1.34E-01	
group_7560	1.00E-01	8.58E-04	2.96E-04	-3.27E+00	6.59E-01	2.21E-01	bad-chisq
group_7481	1.00E-01	8.58E-04	2.96E-04	-3.27E+00	6.59E-01	2.21E-01	bad-chisq
group_7416	1.00E-01	4.55E-02	3.91E-02	1.52E+00	8.18E-01	-1.34E-01	
group_7400	1.00E-01	1.00E+00	3.68E-01	0.00E+00	1.58E+00	0.00E+00	bad-chisq
group_7371	1.00E-01	1.82E-01	1.77E-01	-9.36E-01	7.22E-01	8.89E-02	
group_7332	1.00E-01	4.55E-02	3.91E-02	1.52E+00	8.18E-01	-1.34E-01	
group_7264	1.00E-01	8.58E-04	2.96E-04	-3.27E+00	6.59E-01	2.21E-01	bad-chisq
group_7201	1.00E-01	4.55E-02	3.91E-02	1.52E+00	8.18E-01	-1.34E-01	
group_7139	1.00E-01	8.58E-04	2.96E-04	-3.27E+00	6.59E-01	2.21E-01	bad-chisq
group_7107	1.00E-01	8.58E-04	2.96E-04	-3.27E+00	6.59E-01	2.21E-01	bad-chisq
group_7093	1.00E-01	4.55E-02	3.91E-02	1.52E+00	8.18E-01	-1.34E-01	
group_6967	1.00E-01	8.58E-04	2.96E-04	-3.27E+00	6.59E-01	2.21E-01	bad-chisq
group_6917	1.00E-01	7.66E-03	4.67E-03	-2.02E+00	1.09E+00	1.76E-01	bad-chisq
group_6762	1.00E-01	8.58E-04	2.96E-04	-3.27E+00	6.59E-01	2.21E-01	bad-chisq
group_6713	1.00E-01	4.55E-02	3.91E-02	1.52E+00	8.18E-01	-1.34E-01	
group_6702	1.00E-01	8.58E-04	2.96E-04	-3.27E+00	6.59E-01	2.21E-01	bad-chisq
group_6623	1.00E-01	4.55E-02	3.91E-02	1.52E+00	8.18E-01	-1.34E-01	
group_6472	1.00E-01	4.55E-02	3.91E-02	1.52E+00	8.18E-01	-1.34E-01	
group_6438	1.00E-01	8.58E-04	2.96E-04	-3.27E+00	6.59E-01	2.21E-01	bad-chisq
group_6397	1.00E-01	4.55E-02	3.91E-02	1.52E+00	8.18E-01	-1.34E-01	
group_6385	1.00E-01	1.82E-01	1.77E-01	9.36E-01	7.22E-01	-8.89E-02	
group_6384	1.00E-01	4.55E-02	3.91E-02	1.52E+00	8.18E-01	-1.34E-01	
group_6383	1.00E-01	8.58E-04	2.96E-04	-3.27E+00	6.59E-01	2.21E-01	bad-chisq
group_6357	1.00E-01	4.55E-02	3.91E-02	1.52E+00	8.18E-01	-1.34E-01	
group_6312	1.00E-01	8.58E-04	2.96E-04	-3.27E+00	6.59E-01	2.21E-01	bad-chisq
group_6309	1.00E-01	8.58E-04	2.96E-04	-3.27E+00	6.59E-01	2.21E-01	bad-chisq
group_6290	1.00E-01	7.66E-03	4.67E-03	-2.02E+00	1.09E+00	1.76E-01	bad-chisq
group_6252	1.00E-01	4.55E-02	3.91E-02	1.52E+00	8.18E-01	-1.34E-01	
group_6251	1.00E-01	4.55E-02	3.91E-02	1.52E+00	8.18E-01	-1.34E-01	
group_6195	1.00E-01	4.55E-02	3.91E-02	1.52E+00	8.18E-01	-1.34E-01	
group_6161	1.00E-01	4.55E-02	3.91E-02	1.52E+00	8.18E-01	-1.34E-01	
group_6141	1.00E-01	8.58E-04	2.96E-04	-3.27E+00	6.59E-01	2.21E-01	bad-chisq
group_6138	1.00E-01	8.58E-04	2.96E-04	-3.27E+00	6.59E-01	2.21E-01	bad-chisq
group_6111	1.00E-01	4.55E-02	3.91E-02	1.52E+00	8.18E-01	-1.34E-01	
group_6064	1.00E-01	8.58E-04	2.96E-04	-3.27E+00	6.59E-01	2.21E-01	bad-chisq
group_6043	1.00E-01	8.58E-04	2.96E-04	-3.27E+00	6.59E-01	2.21E-01	bad-chisq
group_6032	1.00E-01	8.58E-04	2.96E-04	-3.27E+00	6.59E-01	2.21E-01	bad-chisq
group_6016	1.00E-01	8.58E-04	2.96E-04	-3.27E+00	6.59E-01	2.21E-01	bad-chisq
group_6008	1.00E-01	8.58E-04	2.96E-04	-3.27E+00	6.59E-01	2.21E-01	bad-chisq
group_5944	1.00E-01	8.58E-04	2.96E-04	-3.27E+00	6.59E-01	2.21E-01	bad-chisq
group_5933	1.00E-01	8.58E-04	2.96E-04	-3.27E+00	6.59E-01	2.21E-01	bad-chisq
group_5902	1.00E-01	4.55E-02	3.91E-02	1.52E+00	8.18E-01	-1.34E-01	
group_5901	1.00E-01	4.55E-02	3.91E-02	1.52E+00	8.18E-01	-1.34E-01	
thsB	1.00E-01	4.55E-02	3.91E-02	1.52E+00	8.18E-01	-1.34E-01	
group_5813	1.00E-01	8.58E-04	2.96E-04	-3.27E+00	6.59E-01	2.21E-01	bad-chisq
group_5811	1.00E-01	8.58E-04	2.96E-04	-3.27E+00	6.59E-01	2.21E-01	bad-chisq
group_5810	1.00E-01	8.58E-04	2.96E-04	-3.27E+00	6.59E-01	2.21E-01	bad-chisq
qnrB1	1.00E-01	4.55E-02	3.91E-02	-1.52E+00	8.18E-01	1.34E-01	
group_5698	1.00E-01	4.55E-02	3.91E-02	-1.52E+00	8.18E-01	1.34E-01	
group_5696	1.00E-01	8.58E-04	2.96E-04	3.27E+00	6.59E-01	-2.21E-01	bad-chisq
group_5681	1.00E-01	8.58E-04	2.96E-04	-3.27E+00	6.59E-01	2.21E-01	bad-chisq
group_5484	1.00E-01	8.58E-04	2.96E-04	-3.27E+00	6.59E-01	2.21E-01	bad-chisq
group_5453	1.00E-01	8.58E-04	2.96E-04	-3.27E+00	6.59E-01	2.21E-01	bad-chisq
yfcS	1.00E-01	8.58E-04	2.96E-04	-3.27E+00	6.59E-01	2.21E-01	bad-chisq
group_5438	1.00E-01	8.58E-04	2.96E-04	-3.27E+00	6.59E-01	2.21E-01	bad-chisq
group_5422	1.00E-01	8.58E-04	2.96E-04	-3.27E+00	6.59E-01	2.21E-01	bad-chisq
group_5402	1.00E-01	8.58E-04	2.96E-04	-3.27E+00	6.59E-01	2.21E-01	bad-chisq
group_5233	1.00E-01	7.66E-03	4.67E-03	-2.02E+00	1.09E+00	1.76E-01	bad-chisq
group_5209	1.00E-01	8.58E-04	2.96E-04	-3.27E+00	6.59E-01	2.21E-01	bad-chisq
group_5193	1.00E-01	8.58E-04	2.96E-04	-3.27E+00	6.59E-01	2.21E-01	bad-chisq
group_5174	1.00E-01	8.58E-04	2.96E-04	-3.27E+00	6.59E-01	2.21E-01	bad-chisq
group_5173	1.00E-01	8.58E-04	2.96E-04	-3.27E+00	6.59E-01	2.21E-01	bad-chisq
group_5162	1.00E-01	4.55E-02	3.91E-02	1.52E+00	8.18E-01	-1.34E-01	
group_5115	1.00E-01	7.66E-03	4.67E-03	-2.02E+00	1.09E+00	1.76E-01	bad-chisq
group_5110	1.00E-01	7.66E-03	4.67E-03	-2.02E+00	1.09E+00	1.76E-01	bad-chisq
group_4980	1.00E-01	8.58E-04	2.96E-04	-3.27E+00	6.59E-01	2.21E-01	bad-chisq
group_4954	1.00E-01	8.58E-04	2.96E-04	-3.27E+00	6.59E-01	2.21E-01	bad-chisq
group_4923	1.00E-01	8.58E-04	2.96E-04	3.27E+00	6.59E-01	-2.21E-01	bad-chisq
group_4867	1.00E-01	8.58E-04	2.96E-04	-3.27E+00	6.59E-01	2.21E-01	bad-chisq
group_4808	1.00E-01	7.66E-03	4.67E-03	-2.02E+00	1.09E+00	1.76E-01	bad-chisq
group_4788	1.00E-01	8.58E-04	2.96E-04	3.27E+00	6.59E-01	-2.21E-01	bad-chisq
group_4769	1.00E-01	8.58E-04	2.96E-04	-3.27E+00	6.59E-01	2.21E-01	bad-chisq
group_4731	1.00E-01	8.58E-04	2.96E-04	-3.27E+00	6.59E-01	2.21E-01	bad-chisq
group_4674	1.00E-01	8.58E-04	2.96E-04	-3.27E+00	6.59E-01	2.21E-01	bad-chisq
group_4622	1.00E-01	8.58E-04	2.96E-04	-3.27E+00	6.59E-01	2.21E-01	bad-chisq
group_4612	1.00E-01	4.55E-02	3.91E-02	1.52E+00	8.18E-01	-1.34E-01	
group_4549	1.00E-01	8.58E-04	2.96E-04	-3.27E+00	6.59E-01	2.21E-01	bad-chisq
group_4498	1.00E-01	4.55E-02	3.91E-02	-1.52E+00	8.18E-01	1.34E-01	
group_4497	1.00E-01	5.05E-01	5.04E-01	-4.50E-01	6.79E-01	4.45E-02	
group_4490	1.00E-01	1.82E-01	1.77E-01	-9.36E-01	7.22E-01	8.89E-02	
tnp~~~insN	1.00E-01	4.55E-02	3.91E-02	-1.52E+00	8.18E-01	1.34E-01	
group_4193	1.00E-01	8.58E-04	2.96E-04	-3.27E+00	6.59E-01	2.21E-01	bad-chisq
repA	1.00E-01	8.58E-04	2.96E-04	-3.27E+00	6.59E-01	2.21E-01	bad-chisq
group_4176	1.00E-01	1.00E+00	3.68E-01	0.00E+00	1.58E+00	0.00E+00	bad-chisq
group_4090	1.00E-01	1.00E+00	3.68E-01	0.00E+00	1.58E+00	0.00E+00	bad-chisq
group_4000	1.00E-01	8.58E-04	2.96E-04	-3.27E+00	6.59E-01	2.21E-01	bad-chisq
group_3994	1.00E-01	4.55E-02	3.91E-02	1.52E+00	8.18E-01	-1.34E-01	
group_3902	1.00E-01	5.05E-01	5.04E-01	4.50E-01	6.79E-01	-4.45E-02	
group_3900	1.00E-01	8.58E-04	2.96E-04	3.27E+00	6.59E-01	-2.21E-01	bad-chisq
group_3883	1.00E-01	8.58E-04	2.96E-04	-3.27E+00	6.59E-01	2.21E-01	bad-chisq
group_3872	1.00E-01	8.58E-04	2.96E-04	-3.27E+00	6.59E-01	2.21E-01	bad-chisq
group_3841	1.00E-01	1.00E+00	3.68E-01	0.00E+00	1.58E+00	0.00E+00	bad-chisq
group_3829	1.00E-01	4.55E-02	3.91E-02	1.52E+00	8.18E-01	-1.34E-01	
group_3822	1.00E-01	8.58E-04	2.96E-04	-3.27E+00	6.59E-01	2.21E-01	bad-chisq
group_3758	1.00E-01	8.58E-04	2.96E-04	-3.27E+00	6.59E-01	2.21E-01	bad-chisq
group_3735	1.00E-01	1.00E+00	3.68E-01	0.00E+00	1.58E+00	0.00E+00	bad-chisq
group_3704	1.00E-01	4.55E-02	3.91E-02	-1.52E+00	8.18E-01	1.34E-01	
group_3696	1.00E-01	8.58E-04	2.96E-04	-3.27E+00	6.59E-01	2.21E-01	bad-chisq
group_3645	1.00E-01	1.00E+00	3.68E-01	0.00E+00	1.58E+00	0.00E+00	bad-chisq
group_3583	1.00E-01	8.58E-04	2.96E-04	-3.27E+00	6.59E-01	2.21E-01	bad-chisq
group_3561	1.00E-01	4.55E-02	3.91E-02	-1.52E+00	8.18E-01	1.34E-01	
group_3410	1.00E-01	8.58E-04	2.96E-04	-3.27E+00	6.59E-01	2.21E-01	bad-chisq
group_3393	1.00E-01	7.66E-03	4.67E-03	-2.02E+00	1.09E+00	1.76E-01	bad-chisq
group_3372	1.00E-01	8.58E-04	2.96E-04	-3.27E+00	6.59E-01	2.21E-01	bad-chisq
group_3361	1.00E-01	8.58E-04	2.96E-04	3.27E+00	6.59E-01	-2.21E-01	bad-chisq
group_3356	1.00E-01	7.66E-03	4.67E-03	-2.02E+00	1.09E+00	1.76E-01	bad-chisq
group_3276	1.00E-01	7.66E-03	4.67E-03	-2.02E+00	1.09E+00	1.76E-01	bad-chisq
group_3188	1.00E-01	8.58E-04	2.96E-04	-3.27E+00	6.59E-01	2.21E-01	bad-chisq
group_3001	1.00E-01	4.55E-02	3.91E-02	1.52E+00	8.18E-01	-1.34E-01	
group_2995	1.00E-01	1.00E+00	3.68E-01	0.00E+00	1.58E+00	0.00E+00	bad-chisq
group_2963	1.00E-01	4.55E-02	3.91E-02	-1.52E+00	8.18E-01	1.34E-01	
group_2945	1.00E-01	7.66E-03	4.67E-03	-2.02E+00	1.09E+00	1.76E-01	bad-chisq
group_2940	1.00E-01	1.82E-01	1.77E-01	-9.36E-01	7.22E-01	8.89E-02	
group_2729	1.00E-01	1.00E+00	3.68E-01	0.00E+00	1.58E+00	0.00E+00	bad-chisq
group_2623	1.00E-01	7.66E-03	4.67E-03	-2.02E+00	1.09E+00	1.76E-01	bad-chisq
group_2576	1.00E-01	4.55E-02	3.91E-02	-1.52E+00	8.18E-01	1.34E-01	
prtN	1.00E-01	4.55E-02	3.91E-02	-1.52E+00	8.18E-01	1.34E-01	
group_2480	1.00E-01	8.58E-04	2.96E-04	-3.27E+00	6.59E-01	2.21E-01	bad-chisq
group_2458	1.00E-01	4.55E-02	3.91E-02	1.52E+00	8.18E-01	-1.34E-01	
group_2181	1.00E-01	4.55E-02	3.91E-02	1.52E+00	8.18E-01	-1.34E-01	
group_2131	1.00E-01	5.05E-01	5.04E-01	-4.50E-01	6.79E-01	4.45E-02	
group_2110	1.00E-01	8.58E-04	2.96E-04	3.27E+00	6.59E-01	-2.21E-01	bad-chisq
group_2093	1.00E-01	5.05E-01	5.04E-01	4.50E-01	6.79E-01	-4.45E-02	
group_2055	1.00E-01	8.58E-04	2.96E-04	-3.27E+00	6.59E-01	2.21E-01	bad-chisq
rrrD	1.00E-01	1.82E-01	1.77E-01	-9.36E-01	7.22E-01	8.89E-02	
group_1901	1.00E-01	8.58E-04	2.96E-04	-3.27E+00	6.59E-01	2.21E-01	bad-chisq
traH	1.00E-01	4.55E-02	3.91E-02	1.52E+00	8.18E-01	-1.34E-01	
alpA	1.00E-01	8.58E-04	2.96E-04	-3.27E+00	6.59E-01	2.21E-01	bad-chisq
group_1348	1.00E-01	8.58E-04	2.96E-04	-3.27E+00	6.59E-01	2.21E-01	bad-chisq
group_1276	1.00E-01	8.58E-04	2.96E-04	-3.27E+00	6.59E-01	2.21E-01	bad-chisq
group_1268	1.00E-01	7.66E-03	4.67E-03	-2.02E+00	1.09E+00	1.76E-01	bad-chisq
group_1206	1.00E-01	8.58E-04	2.96E-04	-3.27E+00	6.59E-01	2.21E-01	bad-chisq
cdiI	1.00E-01	8.58E-04	2.96E-04	-3.27E+00	6.59E-01	2.21E-01	bad-chisq
group_419	1.00E-01	8.58E-04	2.96E-04	-3.27E+00	6.59E-01	2.21E-01	bad-chisq
group_366	1.00E-01	8.58E-04	2.96E-04	-3.27E+00	6.59E-01	2.21E-01	bad-chisq
group_358	1.00E-01	4.55E-02	3.91E-02	1.52E+00	8.18E-01	-1.34E-01	
group_356	1.00E-01	8.58E-04	2.96E-04	-3.27E+00	6.59E-01	2.21E-01	bad-chisq
group_349	1.00E-01	4.55E-02	3.91E-02	-1.52E+00	8.18E-01	1.34E-01	
group_282	1.00E-01	7.66E-03	4.67E-03	-2.02E+00	1.09E+00	1.76E-01	bad-chisq
dagR	1.00E-01	8.58E-04	2.96E-04	-3.27E+00	6.59E-01	2.21E-01	bad-chisq
group_217	1.00E-01	8.58E-04	2.96E-04	-3.27E+00	6.59E-01	2.21E-01	bad-chisq
traG	1.00E-01	4.55E-02	3.91E-02	1.52E+00	8.18E-01	-1.34E-01	
group_56	1.00E-01	4.55E-02	3.91E-02	1.52E+00	8.18E-01	-1.34E-01	
group_27	1.00E-01	8.58E-04	2.96E-04	-3.27E+00	6.59E-01	2.21E-01	bad-chisq
group_14	1.00E-01	4.55E-02	3.91E-02	1.52E+00	8.18E-01	-1.34E-01	
group_13	1.00E-01	4.55E-02	3.91E-02	1.52E+00	8.18E-01	-1.34E-01	
group_8770	9.00E-02	1.66E-03	6.99E-04	3.14E+00	6.54E-01	-1.96E-01	bad-chisq
group_8769	9.00E-02	8.06E-02	7.29E-02	-1.36E+00	8.29E-01	1.10E-01	
group_8768	9.00E-02	8.06E-02	7.29E-02	-1.36E+00	8.29E-01	1.10E-01	
group_8750	9.00E-02	7.27E-01	3.63E-01	-2.22E-01	1.49E+00	2.17E-02	bad-chisq
dfrA50	9.00E-02	8.06E-02	7.29E-02	-1.36E+00	8.29E-01	1.10E-01	
group_8748	9.00E-02	8.06E-02	7.29E-02	-1.36E+00	8.29E-01	1.10E-01	
group_8733	9.00E-02	8.06E-02	7.29E-02	-1.36E+00	8.29E-01	1.10E-01	
group_8682	9.00E-02	1.66E-03	6.99E-04	-3.14E+00	6.54E-01	1.96E-01	bad-chisq
group_8664	9.00E-02	8.06E-02	7.29E-02	-1.36E+00	8.29E-01	1.10E-01	
group_8654	9.00E-02	2.95E-01	2.90E-01	-7.59E-01	7.38E-01	6.60E-02	
group_8584	9.00E-02	1.66E-03	6.99E-04	-3.14E+00	6.54E-01	1.96E-01	bad-chisq
group_8580	9.00E-02	1.44E-02	9.87E-03	1.89E+00	1.07E+00	-1.52E-01	bad-chisq
group_8556	9.00E-02	8.06E-02	7.29E-02	-1.36E+00	8.29E-01	1.10E-01	
group_8489	9.00E-02	2.95E-01	2.90E-01	-7.59E-01	7.38E-01	6.60E-02	
group_8418	9.00E-02	8.06E-02	7.29E-02	-1.36E+00	8.29E-01	1.10E-01	
group_8417	9.00E-02	8.06E-02	7.29E-02	-1.36E+00	8.29E-01	1.10E-01	
group_8375	9.00E-02	8.06E-02	7.29E-02	-1.36E+00	8.29E-01	1.10E-01	
group_8360	9.00E-02	7.27E-01	3.63E-01	2.22E-01	1.49E+00	-2.17E-02	bad-chisq
group_8246	9.00E-02	7.27E-01	3.63E-01	2.22E-01	1.49E+00	-2.17E-02	bad-chisq
group_8207	9.00E-02	1.66E-03	6.99E-04	-3.14E+00	6.54E-01	1.96E-01	bad-chisq
group_8131	9.00E-02	1.44E-02	9.87E-03	1.89E+00	1.07E+00	-1.52E-01	bad-chisq
group_8011	9.00E-02	7.27E-01	3.63E-01	2.22E-01	1.49E+00	-2.17E-02	bad-chisq
group_7813	9.00E-02	8.06E-02	7.29E-02	-1.36E+00	8.29E-01	1.10E-01	
group_7778	9.00E-02	7.27E-01	3.63E-01	2.22E-01	1.49E+00	-2.17E-02	bad-chisq
group_7640	9.00E-02	8.06E-02	7.29E-02	-1.36E+00	8.29E-01	1.10E-01	
group_7530	9.00E-02	1.66E-03	6.99E-04	-3.14E+00	6.54E-01	1.96E-01	bad-chisq
group_7515	9.00E-02	2.95E-01	2.90E-01	7.59E-01	7.38E-01	-6.60E-02	
group_7456	9.00E-02	8.06E-02	7.29E-02	-1.36E+00	8.29E-01	1.10E-01	
group_7455	9.00E-02	8.06E-02	7.29E-02	-1.36E+00	8.29E-01	1.10E-01	
group_7284	9.00E-02	1.44E-02	9.87E-03	1.89E+00	1.07E+00	-1.52E-01	bad-chisq
group_7255	9.00E-02	1.66E-03	6.99E-04	-3.14E+00	6.54E-01	1.96E-01	bad-chisq
group_7187	9.00E-02	8.06E-02	7.29E-02	-1.36E+00	8.29E-01	1.10E-01	
xhlA	9.00E-02	8.06E-02	7.29E-02	-1.36E+00	8.29E-01	1.10E-01	
group_7112	9.00E-02	2.95E-01	2.90E-01	7.59E-01	7.38E-01	-6.60E-02	
group_7095	9.00E-02	8.06E-02	7.29E-02	-1.36E+00	8.29E-01	1.10E-01	
yagA	9.00E-02	1.66E-03	6.99E-04	-3.14E+00	6.54E-01	1.96E-01	bad-chisq
group_7053	9.00E-02	8.06E-02	7.29E-02	-1.36E+00	8.29E-01	1.10E-01	
group_7045	9.00E-02	1.66E-03	6.99E-04	3.14E+00	6.54E-01	-1.96E-01	bad-chisq
group_6952	9.00E-02	8.06E-02	7.29E-02	-1.36E+00	8.29E-01	1.10E-01	
group_6870	9.00E-02	8.06E-02	7.29E-02	-1.36E+00	8.29E-01	1.10E-01	
group_6750	9.00E-02	1.66E-03	6.99E-04	-3.14E+00	6.54E-01	1.96E-01	bad-chisq
group_6717	9.00E-02	8.06E-02	7.29E-02	-1.36E+00	8.29E-01	1.10E-01	
group_6663	9.00E-02	2.95E-01	2.90E-01	-7.59E-01	7.38E-01	6.60E-02	
group_6662	9.00E-02	1.66E-03	6.99E-04	-3.14E+00	6.54E-01	1.96E-01	bad-chisq
group_6613	9.00E-02	1.66E-03	6.99E-04	-3.14E+00	6.54E-01	1.96E-01	bad-chisq
klcA	9.00E-02	1.66E-03	6.99E-04	-3.14E+00	6.54E-01	1.96E-01	bad-chisq
group_6574	9.00E-02	7.27E-01	3.63E-01	-2.22E-01	1.49E+00	2.17E-02	bad-chisq
group_6548	9.00E-02	1.66E-03	6.99E-04	-3.14E+00	6.54E-01	1.96E-01	bad-chisq
group_6498	9.00E-02	8.06E-02	7.29E-02	-1.36E+00	8.29E-01	1.10E-01	
group_6475	9.00E-02	8.06E-02	7.29E-02	-1.36E+00	8.29E-01	1.10E-01	
group_6439	9.00E-02	1.66E-03	6.99E-04	-3.14E+00	6.54E-01	1.96E-01	bad-chisq
group_6435	9.00E-02	1.66E-03	6.99E-04	-3.14E+00	6.54E-01	1.96E-01	bad-chisq
group_6414	9.00E-02	8.06E-02	7.29E-02	-1.36E+00	8.29E-01	1.10E-01	
group_6045	9.00E-02	8.06E-02	7.29E-02	-1.36E+00	8.29E-01	1.10E-01	
group_5956	9.00E-02	1.66E-03	6.99E-04	3.14E+00	6.54E-01	-1.96E-01	bad-chisq
group_5943	9.00E-02	2.95E-01	2.90E-01	-7.59E-01	7.38E-01	6.60E-02	
group_5919	9.00E-02	1.66E-03	6.99E-04	-3.14E+00	6.54E-01	1.96E-01	bad-chisq
ybiA	9.00E-02	1.66E-03	6.99E-04	-3.14E+00	6.54E-01	1.96E-01	bad-chisq
group_5905	9.00E-02	1.66E-03	6.99E-04	-3.14E+00	6.54E-01	1.96E-01	bad-chisq
group_5771	9.00E-02	7.27E-01	3.63E-01	-2.22E-01	1.49E+00	2.17E-02	bad-chisq
group_5766	9.00E-02	8.06E-02	7.29E-02	-1.36E+00	8.29E-01	1.10E-01	
group_5764	9.00E-02	8.06E-02	7.29E-02	-1.36E+00	8.29E-01	1.10E-01	
group_5748	9.00E-02	8.06E-02	7.29E-02	-1.36E+00	8.29E-01	1.10E-01	
group_5747	9.00E-02	8.06E-02	7.29E-02	-1.36E+00	8.29E-01	1.10E-01	
group_5729	9.00E-02	8.06E-02	7.29E-02	-1.36E+00	8.29E-01	1.10E-01	
group_5722	9.00E-02	2.95E-01	2.90E-01	7.59E-01	7.38E-01	-6.60E-02	
group_5671	9.00E-02	1.44E-02	9.87E-03	-1.89E+00	1.07E+00	1.52E-01	bad-chisq
group_5668	9.00E-02	8.06E-02	7.29E-02	-1.36E+00	8.29E-01	1.10E-01	
group_5591	9.00E-02	1.44E-02	9.87E-03	-1.89E+00	1.07E+00	1.52E-01	bad-chisq
group_5583	9.00E-02	8.06E-02	7.29E-02	-1.36E+00	8.29E-01	1.10E-01	
group_5577	9.00E-02	1.66E-03	6.99E-04	-3.14E+00	6.54E-01	1.96E-01	bad-chisq
group_5563	9.00E-02	8.06E-02	7.29E-02	-1.36E+00	8.29E-01	1.10E-01	
group_5550	9.00E-02	8.06E-02	7.29E-02	-1.36E+00	8.29E-01	1.10E-01	
group_5540	9.00E-02	1.66E-03	6.99E-04	-3.14E+00	6.54E-01	1.96E-01	bad-chisq
group_5486	9.00E-02	1.66E-03	6.99E-04	3.14E+00	6.54E-01	-1.96E-01	bad-chisq
group_5450	9.00E-02	1.66E-03	6.99E-04	-3.14E+00	6.54E-01	1.96E-01	bad-chisq
group_5414	9.00E-02	8.06E-02	7.29E-02	-1.36E+00	8.29E-01	1.10E-01	
group_5403	9.00E-02	1.44E-02	9.87E-03	1.89E+00	1.07E+00	-1.52E-01	bad-chisq
group_5395	9.00E-02	1.66E-03	6.99E-04	-3.14E+00	6.54E-01	1.96E-01	bad-chisq
group_5368	9.00E-02	1.66E-03	6.99E-04	-3.14E+00	6.54E-01	1.96E-01	bad-chisq
group_5333	9.00E-02	1.66E-03	6.99E-04	-3.14E+00	6.54E-01	1.96E-01	bad-chisq
group_5278	9.00E-02	8.06E-02	7.29E-02	-1.36E+00	8.29E-01	1.10E-01	
group_5248	9.00E-02	7.27E-01	3.63E-01	-2.22E-01	1.49E+00	2.17E-02	bad-chisq
group_5235	9.00E-02	8.06E-02	7.29E-02	-1.36E+00	8.29E-01	1.10E-01	
group_5224	9.00E-02	1.66E-03	6.99E-04	-3.14E+00	6.54E-01	1.96E-01	bad-chisq
group_5108	9.00E-02	1.66E-03	6.99E-04	-3.14E+00	6.54E-01	1.96E-01	bad-chisq
group_4981	9.00E-02	8.06E-02	7.29E-02	-1.36E+00	8.29E-01	1.10E-01	
group_4973	9.00E-02	8.06E-02	7.29E-02	-1.36E+00	8.29E-01	1.10E-01	
group_4937	9.00E-02	8.06E-02	7.29E-02	-1.36E+00	8.29E-01	1.10E-01	
group_4907	9.00E-02	8.06E-02	7.29E-02	-1.36E+00	8.29E-01	1.10E-01	
group_4834	9.00E-02	1.66E-03	6.99E-04	-3.14E+00	6.54E-01	1.96E-01	bad-chisq
group_4821	9.00E-02	1.66E-03	6.99E-04	-3.14E+00	6.54E-01	1.96E-01	bad-chisq
group_4747	9.00E-02	8.06E-02	7.29E-02	-1.36E+00	8.29E-01	1.10E-01	
group_4631	9.00E-02	1.66E-03	6.99E-04	-3.14E+00	6.54E-01	1.96E-01	bad-chisq
group_4601	9.00E-02	1.66E-03	6.99E-04	-3.14E+00	6.54E-01	1.96E-01	bad-chisq
group_4536	9.00E-02	1.66E-03	6.99E-04	3.14E+00	6.54E-01	-1.96E-01	bad-chisq
group_4534	9.00E-02	8.06E-02	7.29E-02	-1.36E+00	8.29E-01	1.10E-01	
group_4466	9.00E-02	8.06E-02	7.29E-02	-1.36E+00	8.29E-01	1.10E-01	
group_4418	9.00E-02	1.66E-03	6.99E-04	-3.14E+00	6.54E-01	1.96E-01	bad-chisq
group_4381	9.00E-02	2.95E-01	2.90E-01	-7.59E-01	7.38E-01	6.60E-02	
group_4380	9.00E-02	1.66E-03	6.99E-04	-3.14E+00	6.54E-01	1.96E-01	bad-chisq
group_4371	9.00E-02	7.27E-01	3.63E-01	2.22E-01	1.49E+00	-2.17E-02	bad-chisq
group_4310	9.00E-02	1.66E-03	6.99E-04	-3.14E+00	6.54E-01	1.96E-01	bad-chisq
group_4308	9.00E-02	1.44E-02	9.87E-03	1.89E+00	1.07E+00	-1.52E-01	bad-chisq
group_4245	9.00E-02	8.06E-02	7.29E-02	-1.36E+00	8.29E-01	1.10E-01	
group_4183	9.00E-02	1.44E-02	9.87E-03	-1.89E+00	1.07E+00	1.52E-01	bad-chisq
group_4162	9.00E-02	7.27E-01	3.63E-01	-2.22E-01	1.49E+00	2.17E-02	bad-chisq
group_4141	9.00E-02	1.44E-02	9.87E-03	1.89E+00	1.07E+00	-1.52E-01	bad-chisq
group_4091	9.00E-02	8.06E-02	7.29E-02	-1.36E+00	8.29E-01	1.10E-01	
group_4071	9.00E-02	2.95E-01	2.90E-01	-7.59E-01	7.38E-01	6.60E-02	
group_4008	9.00E-02	8.06E-02	7.29E-02	-1.36E+00	8.29E-01	1.10E-01	
group_3901	9.00E-02	1.44E-02	9.87E-03	-1.89E+00	1.07E+00	1.52E-01	bad-chisq
group_3827	9.00E-02	8.06E-02	7.29E-02	-1.36E+00	8.29E-01	1.10E-01	
group_3731	9.00E-02	8.06E-02	7.29E-02	-1.36E+00	8.29E-01	1.10E-01	
group_3683	9.00E-02	8.06E-02	7.29E-02	-1.36E+00	8.29E-01	1.10E-01	
group_3629	9.00E-02	1.66E-03	6.99E-04	-3.14E+00	6.54E-01	1.96E-01	bad-chisq
group_3572	9.00E-02	7.27E-01	3.63E-01	-2.22E-01	1.49E+00	2.17E-02	bad-chisq
group_3565	9.00E-02	8.06E-02	7.29E-02	-1.36E+00	8.29E-01	1.10E-01	
group_3446	9.00E-02	1.66E-03	6.99E-04	-3.14E+00	6.54E-01	1.96E-01	bad-chisq
group_3388	9.00E-02	8.06E-02	7.29E-02	-1.36E+00	8.29E-01	1.10E-01	
group_3321	9.00E-02	8.06E-02	7.29E-02	-1.36E+00	8.29E-01	1.10E-01	
group_3266	9.00E-02	1.66E-03	6.99E-04	-3.14E+00	6.54E-01	1.96E-01	bad-chisq
group_3259	9.00E-02	1.44E-02	9.87E-03	-1.89E+00	1.07E+00	1.52E-01	bad-chisq
group_3171	9.00E-02	8.06E-02	7.29E-02	-1.36E+00	8.29E-01	1.10E-01	
group_3121	9.00E-02	7.27E-01	3.63E-01	-2.22E-01	1.49E+00	2.17E-02	bad-chisq
group_3108	9.00E-02	8.06E-02	7.29E-02	-1.36E+00	8.29E-01	1.10E-01	
group_2974	9.00E-02	8.06E-02	7.29E-02	-1.36E+00	8.29E-01	1.10E-01	
group_2916	9.00E-02	1.66E-03	6.99E-04	-3.14E+00	6.54E-01	1.96E-01	bad-chisq
group_2915	9.00E-02	1.66E-03	6.99E-04	-3.14E+00	6.54E-01	1.96E-01	bad-chisq
group_2874	9.00E-02	8.06E-02	7.29E-02	-1.36E+00	8.29E-01	1.10E-01	
group_2797	9.00E-02	1.66E-03	6.99E-04	-3.14E+00	6.54E-01	1.96E-01	bad-chisq
group_2718	9.00E-02	7.27E-01	3.63E-01	2.22E-01	1.49E+00	-2.17E-02	bad-chisq
group_2665	9.00E-02	8.06E-02	7.29E-02	-1.36E+00	8.29E-01	1.10E-01	
group_2581	9.00E-02	8.06E-02	7.29E-02	-1.36E+00	8.29E-01	1.10E-01	
group_2505	9.00E-02	7.27E-01	3.63E-01	2.22E-01	1.49E+00	-2.17E-02	bad-chisq
group_2496	9.00E-02	1.44E-02	9.87E-03	-1.89E+00	1.07E+00	1.52E-01	bad-chisq
group_2474	9.00E-02	7.27E-01	3.63E-01	-2.22E-01	1.49E+00	2.17E-02	bad-chisq
group_2454	9.00E-02	1.66E-03	6.99E-04	-3.14E+00	6.54E-01	1.96E-01	bad-chisq
group_2432	9.00E-02	8.06E-02	7.29E-02	-1.36E+00	8.29E-01	1.10E-01	
group_2431	9.00E-02	8.06E-02	7.29E-02	-1.36E+00	8.29E-01	1.10E-01	
group_2430	9.00E-02	8.06E-02	7.29E-02	-1.36E+00	8.29E-01	1.10E-01	
group_2417	9.00E-02	8.06E-02	7.29E-02	-1.36E+00	8.29E-01	1.10E-01	
group_2287	9.00E-02	8.06E-02	7.29E-02	-1.36E+00	8.29E-01	1.10E-01	
cobT	9.00E-02	8.06E-02	7.29E-02	-1.36E+00	8.29E-01	1.10E-01	
group_2276	9.00E-02	8.06E-02	7.29E-02	-1.36E+00	8.29E-01	1.10E-01	
vapC	9.00E-02	7.27E-01	3.63E-01	-2.22E-01	1.49E+00	2.17E-02	bad-chisq
group_2182	9.00E-02	8.06E-02	7.29E-02	-1.36E+00	8.29E-01	1.10E-01	
group_2167	9.00E-02	8.06E-02	7.29E-02	-1.36E+00	8.29E-01	1.10E-01	
group_2161	9.00E-02	8.06E-02	7.29E-02	-1.36E+00	8.29E-01	1.10E-01	
group_2151	9.00E-02	8.06E-02	7.29E-02	-1.36E+00	8.29E-01	1.10E-01	
group_2118	9.00E-02	1.66E-03	6.99E-04	-3.14E+00	6.54E-01	1.96E-01	bad-chisq
recA	9.00E-02	8.06E-02	7.29E-02	-1.36E+00	8.29E-01	1.10E-01	
group_2084	9.00E-02	1.66E-03	6.99E-04	-3.14E+00	6.54E-01	1.96E-01	bad-chisq
group_2015	9.00E-02	2.95E-01	2.90E-01	-7.59E-01	7.38E-01	6.60E-02	
group_2010	9.00E-02	8.06E-02	7.29E-02	-1.36E+00	8.29E-01	1.10E-01	
group_1990	9.00E-02	8.06E-02	7.29E-02	-1.36E+00	8.29E-01	1.10E-01	
group_1988	9.00E-02	1.66E-03	6.99E-04	-3.14E+00	6.54E-01	1.96E-01	bad-chisq
group_1979	9.00E-02	8.06E-02	7.29E-02	-1.36E+00	8.29E-01	1.10E-01	
group_1963	9.00E-02	8.06E-02	7.29E-02	-1.36E+00	8.29E-01	1.10E-01	
group_1942	9.00E-02	8.06E-02	7.29E-02	-1.36E+00	8.29E-01	1.10E-01	
group_1915	9.00E-02	8.06E-02	7.29E-02	-1.36E+00	8.29E-01	1.10E-01	
group_1899	9.00E-02	2.95E-01	2.90E-01	-7.59E-01	7.38E-01	6.60E-02	
group_1881	9.00E-02	7.27E-01	3.63E-01	-2.22E-01	1.49E+00	2.17E-02	bad-chisq
group_1880	9.00E-02	7.27E-01	3.63E-01	-2.22E-01	1.49E+00	2.17E-02	bad-chisq
group_1859	9.00E-02	8.06E-02	7.29E-02	-1.36E+00	8.29E-01	1.10E-01	
group_1858	9.00E-02	8.06E-02	7.29E-02	-1.36E+00	8.29E-01	1.10E-01	
group_1849	9.00E-02	8.06E-02	7.29E-02	-1.36E+00	8.29E-01	1.10E-01	
group_1830	9.00E-02	8.06E-02	7.29E-02	-1.36E+00	8.29E-01	1.10E-01	
group_1829	9.00E-02	8.06E-02	7.29E-02	-1.36E+00	8.29E-01	1.10E-01	
group_1812	9.00E-02	8.06E-02	7.29E-02	1.36E+00	8.29E-01	-1.10E-01	
group_1714	9.00E-02	1.66E-03	6.99E-04	-3.14E+00	6.54E-01	1.96E-01	bad-chisq
group_1646	9.00E-02	8.06E-02	7.29E-02	-1.36E+00	8.29E-01	1.10E-01	
group_1645	9.00E-02	2.95E-01	2.90E-01	7.59E-01	7.38E-01	-6.60E-02	
group_1578	9.00E-02	8.06E-02	7.29E-02	1.36E+00	8.29E-01	-1.10E-01	
wzt	9.00E-02	8.06E-02	7.29E-02	-1.36E+00	8.29E-01	1.10E-01	
group_1459	9.00E-02	8.06E-02	7.29E-02	-1.36E+00	8.29E-01	1.10E-01	
group_1355	9.00E-02	8.06E-02	7.29E-02	-1.36E+00	8.29E-01	1.10E-01	
group_1311	9.00E-02	8.06E-02	7.29E-02	-1.36E+00	8.29E-01	1.10E-01	
group_1270	9.00E-02	8.06E-02	7.29E-02	-1.36E+00	8.29E-01	1.10E-01	
group_1151	9.00E-02	8.06E-02	7.29E-02	-1.36E+00	8.29E-01	1.10E-01	
wbdA	9.00E-02	8.06E-02	7.29E-02	-1.36E+00	8.29E-01	1.10E-01	
group_947	9.00E-02	1.66E-03	6.99E-04	-3.14E+00	6.54E-01	1.96E-01	bad-chisq
group_836	9.00E-02	8.06E-02	7.29E-02	-1.36E+00	8.29E-01	1.10E-01	
group_742	9.00E-02	1.66E-03	6.99E-04	-3.14E+00	6.54E-01	1.96E-01	bad-chisq
group_729	9.00E-02	8.06E-02	7.29E-02	-1.36E+00	8.29E-01	1.10E-01	
group_675	9.00E-02	8.06E-02	7.29E-02	-1.36E+00	8.29E-01	1.10E-01	
group_567	9.00E-02	8.06E-02	7.29E-02	-1.36E+00	8.29E-01	1.10E-01	
group_425	9.00E-02	1.66E-03	6.99E-04	-3.14E+00	6.54E-01	1.96E-01	bad-chisq
group_409	9.00E-02	7.27E-01	3.63E-01	2.22E-01	1.49E+00	-2.17E-02	bad-chisq
group_389	9.00E-02	8.06E-02	7.29E-02	-1.36E+00	8.29E-01	1.10E-01	
group_388	9.00E-02	1.66E-03	6.99E-04	-3.14E+00	6.54E-01	1.96E-01	bad-chisq
group_199	9.00E-02	8.06E-02	7.29E-02	-1.36E+00	8.29E-01	1.10E-01	
group_173	9.00E-02	1.44E-02	9.87E-03	1.89E+00	1.07E+00	-1.52E-01	bad-chisq
group_156	9.00E-02	7.27E-01	3.63E-01	2.22E-01	1.49E+00	-2.17E-02	bad-chisq
group_128	9.00E-02	1.66E-03	6.99E-04	-3.14E+00	6.54E-01	1.96E-01	bad-chisq
group_83	9.00E-02	7.27E-01	3.63E-01	-2.22E-01	1.49E+00	2.17E-02	bad-chisq
group_52	9.00E-02	1.66E-03	6.99E-04	-3.14E+00	6.54E-01	1.96E-01	bad-chisq
group_5	9.00E-02	1.44E-02	9.87E-03	-1.89E+00	1.07E+00	1.52E-01	bad-chisq
group_8903	8.00E-02	2.70E-02	2.06E-02	-1.74E+00	1.05E+00	1.29E-01	bad-chisq
tetRD	8.00E-02	2.70E-02	2.06E-02	-1.74E+00	1.05E+00	1.29E-01	bad-chisq
group_8891	8.00E-02	2.70E-02	2.06E-02	-1.74E+00	1.05E+00	1.29E-01	bad-chisq
tetD	8.00E-02	2.70E-02	2.06E-02	-1.74E+00	1.05E+00	1.29E-01	bad-chisq
frmB	8.00E-02	2.70E-02	2.06E-02	-1.74E+00	1.05E+00	1.29E-01	bad-chisq
group_8890	8.00E-02	1.40E-01	1.32E-01	-1.19E+00	8.43E-01	8.70E-02	
qnrB	8.00E-02	1.40E-01	1.32E-01	-1.19E+00	8.43E-01	8.70E-02	
group_8889	8.00E-02	1.40E-01	1.32E-01	-1.19E+00	8.43E-01	8.70E-02	
pspD	8.00E-02	1.40E-01	1.32E-01	-1.19E+00	8.43E-01	8.70E-02	
group_8888	8.00E-02	1.40E-01	1.32E-01	-1.19E+00	8.43E-01	8.70E-02	
group_8887	8.00E-02	1.40E-01	1.32E-01	-1.19E+00	8.43E-01	8.70E-02	
group_8886	8.00E-02	1.40E-01	1.32E-01	-1.19E+00	8.43E-01	8.70E-02	
group_8794	8.00E-02	1.40E-01	1.32E-01	-1.19E+00	8.43E-01	8.70E-02	
virB4	8.00E-02	1.40E-01	1.32E-01	1.19E+00	8.43E-01	-8.70E-02	
group_8570	8.00E-02	3.19E-03	1.64E-03	-3.01E+00	6.48E-01	1.72E-01	bad-chisq
group_8486	8.00E-02	1.40E-01	1.32E-01	1.19E+00	8.43E-01	-8.70E-02	
mviN	8.00E-02	3.19E-03	1.64E-03	-3.01E+00	6.48E-01	1.72E-01	bad-chisq
group_8419	8.00E-02	1.00E+00	4.35E-01	0.00E+00	1.41E+00	0.00E+00	bad-chisq
group_8381	8.00E-02	1.40E-01	1.32E-01	-1.19E+00	8.43E-01	8.70E-02	
group_8361	8.00E-02	1.40E-01	1.32E-01	-1.19E+00	8.43E-01	8.70E-02	
group_8355	8.00E-02	1.00E+00	4.35E-01	0.00E+00	1.41E+00	0.00E+00	bad-chisq
group_8244	8.00E-02	1.40E-01	1.32E-01	-1.19E+00	8.43E-01	8.70E-02	
group_8205	8.00E-02	3.19E-03	1.64E-03	3.01E+00	6.48E-01	-1.72E-01	bad-chisq
group_8193	8.00E-02	1.40E-01	1.32E-01	1.19E+00	8.43E-01	-8.70E-02	
group_8149	8.00E-02	3.19E-03	1.64E-03	-3.01E+00	6.48E-01	1.72E-01	bad-chisq
group_8126	8.00E-02	3.19E-03	1.64E-03	-3.01E+00	6.48E-01	1.72E-01	bad-chisq
group_8112	8.00E-02	3.19E-03	1.64E-03	-3.01E+00	6.48E-01	1.72E-01	bad-chisq
group_8098	8.00E-02	3.19E-03	1.64E-03	-3.01E+00	6.48E-01	1.72E-01	bad-chisq
group_8087	8.00E-02	3.19E-03	1.64E-03	-3.01E+00	6.48E-01	1.72E-01	bad-chisq
group_8082	8.00E-02	4.61E-01	2.94E-01	4.95E-01	1.38E+00	-4.30E-02	bad-chisq
group_7973	8.00E-02	1.40E-01	1.32E-01	1.19E+00	8.43E-01	-8.70E-02	
group_7884	8.00E-02	1.40E-01	1.32E-01	-1.19E+00	8.43E-01	8.70E-02	
group_7858	8.00E-02	3.19E-03	1.64E-03	-3.01E+00	6.48E-01	1.72E-01	bad-chisq
group_7745	8.00E-02	3.19E-03	1.64E-03	-3.01E+00	6.48E-01	1.72E-01	bad-chisq
group_7705	8.00E-02	1.00E+00	4.35E-01	0.00E+00	1.41E+00	0.00E+00	bad-chisq
group_7631	8.00E-02	2.70E-02	2.06E-02	-1.74E+00	1.05E+00	1.29E-01	bad-chisq
group_7576	8.00E-02	3.19E-03	1.64E-03	-3.01E+00	6.48E-01	1.72E-01	bad-chisq
group_7545	8.00E-02	1.40E-01	1.32E-01	1.19E+00	8.43E-01	-8.70E-02	
group_7504	8.00E-02	3.19E-03	1.64E-03	-3.01E+00	6.48E-01	1.72E-01	bad-chisq
group_7492	8.00E-02	3.19E-03	1.64E-03	-3.01E+00	6.48E-01	1.72E-01	bad-chisq
group_7369	8.00E-02	3.19E-03	1.64E-03	-3.01E+00	6.48E-01	1.72E-01	bad-chisq
group_7365	8.00E-02	1.40E-01	1.32E-01	1.19E+00	8.43E-01	-8.70E-02	
group_7301	8.00E-02	3.19E-03	1.64E-03	-3.01E+00	6.48E-01	1.72E-01	bad-chisq
group_7279	8.00E-02	3.19E-03	1.64E-03	-3.01E+00	6.48E-01	1.72E-01	bad-chisq
group_7266	8.00E-02	1.00E+00	4.35E-01	0.00E+00	1.41E+00	0.00E+00	bad-chisq
group_7227	8.00E-02	3.19E-03	1.64E-03	-3.01E+00	6.48E-01	1.72E-01	bad-chisq
group_7129	8.00E-02	3.19E-03	1.64E-03	-3.01E+00	6.48E-01	1.72E-01	bad-chisq
group_7105	8.00E-02	3.19E-03	1.64E-03	-3.01E+00	6.48E-01	1.72E-01	bad-chisq
group_7079	8.00E-02	3.19E-03	1.64E-03	-3.01E+00	6.48E-01	1.72E-01	bad-chisq
group_7027	8.00E-02	3.19E-03	1.64E-03	-3.01E+00	6.48E-01	1.72E-01	bad-chisq
group_7006	8.00E-02	1.40E-01	1.32E-01	1.19E+00	8.43E-01	-8.70E-02	
group_6986	8.00E-02	3.19E-03	1.64E-03	-3.01E+00	6.48E-01	1.72E-01	bad-chisq
group_6974	8.00E-02	1.40E-01	1.32E-01	1.19E+00	8.43E-01	-8.70E-02	
group_6944	8.00E-02	3.19E-03	1.64E-03	-3.01E+00	6.48E-01	1.72E-01	bad-chisq
merD	8.00E-02	2.70E-02	2.06E-02	-1.74E+00	1.05E+00	1.29E-01	bad-chisq
group_6920	8.00E-02	1.40E-01	1.32E-01	1.19E+00	8.43E-01	-8.70E-02	
group_6841	8.00E-02	3.19E-03	1.64E-03	-3.01E+00	6.48E-01	1.72E-01	bad-chisq
group_6838	8.00E-02	1.40E-01	1.32E-01	1.19E+00	8.43E-01	-8.70E-02	
group_6809	8.00E-02	3.19E-03	1.64E-03	-3.01E+00	6.48E-01	1.72E-01	bad-chisq
group_6763	8.00E-02	3.19E-03	1.64E-03	-3.01E+00	6.48E-01	1.72E-01	bad-chisq
group_6749	8.00E-02	3.19E-03	1.64E-03	-3.01E+00	6.48E-01	1.72E-01	bad-chisq
group_6682	8.00E-02	1.40E-01	1.32E-01	-1.19E+00	8.43E-01	8.70E-02	
group_6651	8.00E-02	3.19E-03	1.64E-03	-3.01E+00	6.48E-01	1.72E-01	bad-chisq
group_6633	8.00E-02	3.19E-03	1.64E-03	-3.01E+00	6.48E-01	1.72E-01	bad-chisq
group_6593	8.00E-02	1.40E-01	1.32E-01	1.19E+00	8.43E-01	-8.70E-02	
group_6553	8.00E-02	1.40E-01	1.32E-01	1.19E+00	8.43E-01	-8.70E-02	
group_6377	8.00E-02	3.19E-03	1.64E-03	-3.01E+00	6.48E-01	1.72E-01	bad-chisq
group_6356	8.00E-02	3.19E-03	1.64E-03	-3.01E+00	6.48E-01	1.72E-01	bad-chisq
group_6287	8.00E-02	2.70E-02	2.06E-02	-1.74E+00	1.05E+00	1.29E-01	bad-chisq
group_6223	8.00E-02	3.19E-03	1.64E-03	-3.01E+00	6.48E-01	1.72E-01	bad-chisq
group_6200	8.00E-02	1.40E-01	1.32E-01	-1.19E+00	8.43E-01	8.70E-02	
group_6190	8.00E-02	3.19E-03	1.64E-03	-3.01E+00	6.48E-01	1.72E-01	bad-chisq
group_6189	8.00E-02	3.19E-03	1.64E-03	-3.01E+00	6.48E-01	1.72E-01	bad-chisq
group_6177	8.00E-02	1.40E-01	1.32E-01	1.19E+00	8.43E-01	-8.70E-02	
group_6124	8.00E-02	2.70E-02	2.06E-02	-1.74E+00	1.05E+00	1.29E-01	bad-chisq
group_6078	8.00E-02	3.19E-03	1.64E-03	-3.01E+00	6.48E-01	1.72E-01	bad-chisq
group_6012	8.00E-02	1.40E-01	1.32E-01	-1.19E+00	8.43E-01	8.70E-02	
group_6006	8.00E-02	2.70E-02	2.06E-02	-1.74E+00	1.05E+00	1.29E-01	bad-chisq
group_5966	8.00E-02	1.40E-01	1.32E-01	1.19E+00	8.43E-01	-8.70E-02	
group_5916	8.00E-02	1.40E-01	1.32E-01	1.19E+00	8.43E-01	-8.70E-02	
group_5889	8.00E-02	1.40E-01	1.32E-01	1.19E+00	8.43E-01	-8.70E-02	
group_5871	8.00E-02	3.19E-03	1.64E-03	-3.01E+00	6.48E-01	1.72E-01	bad-chisq
group_5733	8.00E-02	3.19E-03	1.64E-03	-3.01E+00	6.48E-01	1.72E-01	bad-chisq
excA	8.00E-02	3.19E-03	1.64E-03	-3.01E+00	6.48E-01	1.72E-01	bad-chisq
deoD	8.00E-02	1.40E-01	1.32E-01	-1.19E+00	8.43E-01	8.70E-02	
group_5625	8.00E-02	2.70E-02	2.06E-02	-1.74E+00	1.05E+00	1.29E-01	bad-chisq
group_5624	8.00E-02	3.19E-03	1.64E-03	-3.01E+00	6.48E-01	1.72E-01	bad-chisq
group_5554	8.00E-02	3.19E-03	1.64E-03	-3.01E+00	6.48E-01	1.72E-01	bad-chisq
group_5532	8.00E-02	3.19E-03	1.64E-03	-3.01E+00	6.48E-01	1.72E-01	bad-chisq
group_5530	8.00E-02	1.40E-01	1.32E-01	1.19E+00	8.43E-01	-8.70E-02	
group_5522	8.00E-02	1.40E-01	1.32E-01	-1.19E+00	8.43E-01	8.70E-02	
group_5498	8.00E-02	1.40E-01	1.32E-01	1.19E+00	8.43E-01	-8.70E-02	
group_5496	8.00E-02	1.40E-01	1.32E-01	1.19E+00	8.43E-01	-8.70E-02	
group_5417	8.00E-02	4.61E-01	2.94E-01	-4.95E-01	1.38E+00	4.30E-02	bad-chisq
group_5384	8.00E-02	3.19E-03	1.64E-03	-3.01E+00	6.48E-01	1.72E-01	bad-chisq
group_5354	8.00E-02	2.70E-02	2.06E-02	-1.74E+00	1.05E+00	1.29E-01	bad-chisq
group_5345	8.00E-02	1.40E-01	1.32E-01	1.19E+00	8.43E-01	-8.70E-02	
group_5325	8.00E-02	2.70E-02	2.06E-02	-1.74E+00	1.05E+00	1.29E-01	bad-chisq
group_5322	8.00E-02	3.19E-03	1.64E-03	-3.01E+00	6.48E-01	1.72E-01	bad-chisq
group_5302	8.00E-02	3.19E-03	1.64E-03	-3.01E+00	6.48E-01	1.72E-01	bad-chisq
group_5264	8.00E-02	3.19E-03	1.64E-03	-3.01E+00	6.48E-01	1.72E-01	bad-chisq
group_5182	8.00E-02	1.40E-01	1.32E-01	1.19E+00	8.43E-01	-8.70E-02	
blaOXA2	8.00E-02	3.19E-03	1.64E-03	-3.01E+00	6.48E-01	1.72E-01	bad-chisq
group_5144	8.00E-02	1.40E-01	1.32E-01	1.19E+00	8.43E-01	-8.70E-02	
group_5125	8.00E-02	1.40E-01	1.32E-01	1.19E+00	8.43E-01	-8.70E-02	
group_4965	8.00E-02	1.40E-01	1.32E-01	-1.19E+00	8.43E-01	8.70E-02	
group_4946	8.00E-02	3.19E-03	1.64E-03	-3.01E+00	6.48E-01	1.72E-01	bad-chisq
group_4909	8.00E-02	1.40E-01	1.32E-01	-1.19E+00	8.43E-01	8.70E-02	
group_4733	8.00E-02	3.19E-03	1.64E-03	-3.01E+00	6.48E-01	1.72E-01	bad-chisq
group_4673	8.00E-02	3.19E-03	1.64E-03	-3.01E+00	6.48E-01	1.72E-01	bad-chisq
group_4520	8.00E-02	1.40E-01	1.32E-01	1.19E+00	8.43E-01	-8.70E-02	
group_4469	8.00E-02	4.61E-01	2.94E-01	-4.95E-01	1.38E+00	4.30E-02	bad-chisq
group_4425	8.00E-02	1.40E-01	1.32E-01	1.19E+00	8.43E-01	-8.70E-02	
group_4424	8.00E-02	2.70E-02	2.06E-02	-1.74E+00	1.05E+00	1.29E-01	bad-chisq
group_4402	8.00E-02	2.70E-02	2.06E-02	-1.74E+00	1.05E+00	1.29E-01	bad-chisq
group_4400	8.00E-02	2.70E-02	2.06E-02	-1.74E+00	1.05E+00	1.29E-01	bad-chisq
group_4377	8.00E-02	1.00E+00	4.35E-01	0.00E+00	1.41E+00	0.00E+00	bad-chisq
group_4365	8.00E-02	3.19E-03	1.64E-03	-3.01E+00	6.48E-01	1.72E-01	bad-chisq
group_4356	8.00E-02	4.61E-01	2.94E-01	-4.95E-01	1.38E+00	4.30E-02	bad-chisq
group_4303	8.00E-02	2.70E-02	2.06E-02	-1.74E+00	1.05E+00	1.29E-01	bad-chisq
group_4184	8.00E-02	1.40E-01	1.32E-01	-1.19E+00	8.43E-01	8.70E-02	
group_4158	8.00E-02	3.19E-03	1.64E-03	-3.01E+00	6.48E-01	1.72E-01	bad-chisq
group_4143	8.00E-02	1.40E-01	1.32E-01	-1.19E+00	8.43E-01	8.70E-02	
group_4115	8.00E-02	2.70E-02	2.06E-02	-1.74E+00	1.05E+00	1.29E-01	bad-chisq
group_4094	8.00E-02	3.19E-03	1.64E-03	-3.01E+00	6.48E-01	1.72E-01	bad-chisq
group_4058	8.00E-02	1.40E-01	1.32E-01	-1.19E+00	8.43E-01	8.70E-02	
group_4016	8.00E-02	1.40E-01	1.32E-01	-1.19E+00	8.43E-01	8.70E-02	
group_4012	8.00E-02	1.40E-01	1.32E-01	-1.19E+00	8.43E-01	8.70E-02	
group_3985	8.00E-02	1.40E-01	1.32E-01	1.19E+00	8.43E-01	-8.70E-02	
group_3884	8.00E-02	4.61E-01	2.94E-01	-4.95E-01	1.38E+00	4.30E-02	bad-chisq
group_3867	8.00E-02	1.40E-01	1.32E-01	-1.19E+00	8.43E-01	8.70E-02	
group_3858	8.00E-02	1.40E-01	1.32E-01	-1.19E+00	8.43E-01	8.70E-02	
group_3843	8.00E-02	4.61E-01	2.94E-01	4.95E-01	1.38E+00	-4.30E-02	bad-chisq
group_3824	8.00E-02	4.61E-01	2.94E-01	-4.95E-01	1.38E+00	4.30E-02	bad-chisq
group_3785	8.00E-02	3.19E-03	1.64E-03	-3.01E+00	6.48E-01	1.72E-01	bad-chisq
group_3783	8.00E-02	1.40E-01	1.32E-01	-1.19E+00	8.43E-01	8.70E-02	
group_3738	8.00E-02	4.61E-01	2.94E-01	4.95E-01	1.38E+00	-4.30E-02	bad-chisq
group_3620	8.00E-02	4.61E-01	2.94E-01	4.95E-01	1.38E+00	-4.30E-02	bad-chisq
group_3570	8.00E-02	2.70E-02	2.06E-02	-1.74E+00	1.05E+00	1.29E-01	bad-chisq
group_3525	8.00E-02	4.61E-01	2.94E-01	4.95E-01	1.38E+00	-4.30E-02	bad-chisq
clpX	8.00E-02	1.40E-01	1.32E-01	-1.19E+00	8.43E-01	8.70E-02	
group_3235	8.00E-02	3.19E-03	1.64E-03	-3.01E+00	6.48E-01	1.72E-01	bad-chisq
group_3192	8.00E-02	3.19E-03	1.64E-03	-3.01E+00	6.48E-01	1.72E-01	bad-chisq
group_3024	8.00E-02	4.61E-01	2.94E-01	4.95E-01	1.38E+00	-4.30E-02	bad-chisq
umnD	8.00E-02	1.40E-01	1.32E-01	-1.19E+00	8.43E-01	8.70E-02	
group_2703	8.00E-02	2.70E-02	2.06E-02	-1.74E+00	1.05E+00	1.29E-01	bad-chisq
group_2693	8.00E-02	3.19E-03	1.64E-03	-3.01E+00	6.48E-01	1.72E-01	bad-chisq
group_2664	8.00E-02	1.40E-01	1.32E-01	-1.19E+00	8.43E-01	8.70E-02	
group_2516	8.00E-02	1.40E-01	1.32E-01	-1.19E+00	8.43E-01	8.70E-02	
trbA	8.00E-02	3.19E-03	1.64E-03	-3.01E+00	6.48E-01	1.72E-01	bad-chisq
group_2198	8.00E-02	1.40E-01	1.32E-01	1.19E+00	8.43E-01	-8.70E-02	
tssK	8.00E-02	1.40E-01	1.32E-01	-1.19E+00	8.43E-01	8.70E-02	
traO	8.00E-02	3.19E-03	1.64E-03	-3.01E+00	6.48E-01	1.72E-01	bad-chisq
group_2103	8.00E-02	1.40E-01	1.32E-01	1.19E+00	8.43E-01	-8.70E-02	
group_1968	8.00E-02	1.40E-01	1.32E-01	1.19E+00	8.43E-01	-8.70E-02	
ccdA	8.00E-02	1.40E-01	1.32E-01	1.19E+00	8.43E-01	-8.70E-02	
dosC	8.00E-02	1.40E-01	1.32E-01	-1.19E+00	8.43E-01	8.70E-02	
group_1825	8.00E-02	1.40E-01	1.32E-01	-1.19E+00	8.43E-01	8.70E-02	
group_1764	8.00E-02	3.19E-03	1.64E-03	-3.01E+00	6.48E-01	1.72E-01	bad-chisq
group_1756	8.00E-02	3.19E-03	1.64E-03	-3.01E+00	6.48E-01	1.72E-01	bad-chisq
group_1716	8.00E-02	1.40E-01	1.32E-01	1.19E+00	8.43E-01	-8.70E-02	
group_1647	8.00E-02	3.19E-03	1.64E-03	-3.01E+00	6.48E-01	1.72E-01	bad-chisq
rhsC	8.00E-02	1.40E-01	1.32E-01	1.19E+00	8.43E-01	-8.70E-02	
group_1532	8.00E-02	4.61E-01	2.94E-01	-4.95E-01	1.38E+00	4.30E-02	bad-chisq
group_1527	8.00E-02	1.40E-01	1.32E-01	-1.19E+00	8.43E-01	8.70E-02	
group_1432	8.00E-02	1.40E-01	1.32E-01	1.19E+00	8.43E-01	-8.70E-02	
triK	8.00E-02	1.40E-01	1.32E-01	1.19E+00	8.43E-01	-8.70E-02	
copB	8.00E-02	3.19E-03	1.64E-03	-3.01E+00	6.48E-01	1.72E-01	bad-chisq
group_1088	8.00E-02	3.19E-03	1.64E-03	-3.01E+00	6.48E-01	1.72E-01	bad-chisq
group_1066	8.00E-02	2.70E-02	2.06E-02	-1.74E+00	1.05E+00	1.29E-01	bad-chisq
group_1013	8.00E-02	4.61E-01	2.94E-01	4.95E-01	1.38E+00	-4.30E-02	bad-chisq
group_1012	8.00E-02	1.40E-01	1.32E-01	-1.19E+00	8.43E-01	8.70E-02	
group_848	8.00E-02	3.19E-03	1.64E-03	-3.01E+00	6.48E-01	1.72E-01	bad-chisq
group_657	8.00E-02	3.19E-03	1.64E-03	-3.01E+00	6.48E-01	1.72E-01	bad-chisq
group_618	8.00E-02	1.40E-01	1.32E-01	-1.19E+00	8.43E-01	8.70E-02	
vgrG1	8.00E-02	1.40E-01	1.32E-01	-1.19E+00	8.43E-01	8.70E-02	
group_529	8.00E-02	3.19E-03	1.64E-03	-3.01E+00	6.48E-01	1.72E-01	bad-chisq
group_450	8.00E-02	3.19E-03	1.64E-03	3.01E+00	6.48E-01	-1.72E-01	bad-chisq
traY	8.00E-02	3.19E-03	1.64E-03	-3.01E+00	6.48E-01	1.72E-01	bad-chisq
group_445	8.00E-02	1.40E-01	1.32E-01	1.19E+00	8.43E-01	-8.70E-02	
group_415	8.00E-02	1.00E+00	4.35E-01	0.00E+00	1.41E+00	0.00E+00	bad-chisq
group_413	8.00E-02	4.61E-01	2.94E-01	4.95E-01	1.38E+00	-4.30E-02	bad-chisq
rusA	8.00E-02	2.70E-02	2.06E-02	-1.74E+00	1.05E+00	1.29E-01	bad-chisq
group_294	8.00E-02	1.40E-01	1.32E-01	1.19E+00	8.43E-01	-8.70E-02	
fimD	8.00E-02	2.70E-02	2.06E-02	-1.74E+00	1.05E+00	1.29E-01	bad-chisq
group_204	8.00E-02	1.40E-01	1.32E-01	-1.19E+00	8.43E-01	8.70E-02	
parA	8.00E-02	1.40E-01	1.32E-01	1.19E+00	8.43E-01	-8.70E-02	
group_31	8.00E-02	3.19E-03	1.64E-03	-3.01E+00	6.48E-01	1.72E-01	bad-chisq
group_9591	7.00E-02	6.95E-01	4.30E-01	2.73E-01	1.31E+00	-2.13E-02	bad-chisq
group_9590	7.00E-02	6.08E-03	3.84E-03	-2.86E+00	6.40E-01	1.49E-01	bad-chisq
group_8885	7.00E-02	6.08E-03	3.84E-03	2.86E+00	6.40E-01	-1.49E-01	bad-chisq
group_8780	7.00E-02	6.95E-01	4.30E-01	-2.73E-01	1.31E+00	2.13E-02	bad-chisq
group_8779	7.00E-02	2.40E-01	1.88E-01	-8.52E-01	1.23E+00	6.39E-02	bad-chisq
group_8718	7.00E-02	6.08E-03	3.84E-03	-2.86E+00	6.40E-01	1.49E-01	bad-chisq
group_8605	7.00E-02	2.40E-01	1.88E-01	-8.52E-01	1.23E+00	6.39E-02	bad-chisq
group_8596	7.00E-02	2.40E-01	1.88E-01	8.52E-01	1.23E+00	-6.39E-02	bad-chisq
group_8587	7.00E-02	2.40E-01	1.88E-01	-8.52E-01	1.23E+00	6.39E-02	bad-chisq
group_8586	7.00E-02	2.40E-01	1.88E-01	-8.52E-01	1.23E+00	6.39E-02	bad-chisq
group_8564	7.00E-02	2.40E-01	1.88E-01	-8.52E-01	1.23E+00	6.39E-02	bad-chisq
group_8526	7.00E-02	6.08E-03	3.84E-03	-2.86E+00	6.40E-01	1.49E-01	bad-chisq
group_8525	7.00E-02	6.08E-03	3.84E-03	-2.86E+00	6.40E-01	1.49E-01	bad-chisq
group_8522	7.00E-02	2.40E-01	1.88E-01	-8.52E-01	1.23E+00	6.39E-02	bad-chisq
group_8510	7.00E-02	2.40E-01	1.88E-01	-8.52E-01	1.23E+00	6.39E-02	bad-chisq
group_8469	7.00E-02	5.00E-02	4.23E-02	1.57E+00	1.03E+00	-1.06E-01	bad-chisq
group_8385	7.00E-02	6.08E-03	3.84E-03	-2.86E+00	6.40E-01	1.49E-01	bad-chisq
group_8220	7.00E-02	2.40E-01	1.88E-01	-8.52E-01	1.23E+00	6.39E-02	bad-chisq
group_8214	7.00E-02	6.08E-03	3.84E-03	-2.86E+00	6.40E-01	1.49E-01	bad-chisq
group_8001	7.00E-02	2.40E-01	1.88E-01	8.52E-01	1.23E+00	-6.39E-02	bad-chisq
group_7963	7.00E-02	2.40E-01	1.88E-01	8.52E-01	1.23E+00	-6.39E-02	bad-chisq
group_7931	7.00E-02	6.95E-01	4.30E-01	-2.73E-01	1.31E+00	2.13E-02	bad-chisq
group_7877	7.00E-02	2.40E-01	1.88E-01	8.52E-01	1.23E+00	-6.39E-02	bad-chisq
group_7824	7.00E-02	6.08E-03	3.84E-03	-2.86E+00	6.40E-01	1.49E-01	bad-chisq
group_7777	7.00E-02	6.95E-01	4.30E-01	-2.73E-01	1.31E+00	2.13E-02	bad-chisq
group_7762	7.00E-02	2.40E-01	1.88E-01	8.52E-01	1.23E+00	-6.39E-02	bad-chisq
group_7700	7.00E-02	2.40E-01	1.88E-01	8.52E-01	1.23E+00	-6.39E-02	bad-chisq
group_7491	7.00E-02	2.40E-01	1.88E-01	8.52E-01	1.23E+00	-6.39E-02	bad-chisq
group_7432	7.00E-02	2.40E-01	1.88E-01	8.52E-01	1.23E+00	-6.39E-02	bad-chisq
group_7382	7.00E-02	5.00E-02	4.23E-02	-1.57E+00	1.03E+00	1.06E-01	bad-chisq
group_7381	7.00E-02	2.40E-01	1.88E-01	8.52E-01	1.23E+00	-6.39E-02	bad-chisq
group_7373	7.00E-02	2.40E-01	1.88E-01	-8.52E-01	1.23E+00	6.39E-02	bad-chisq
group_7259	7.00E-02	2.40E-01	1.88E-01	8.52E-01	1.23E+00	-6.39E-02	bad-chisq
group_7249	7.00E-02	6.08E-03	3.84E-03	2.86E+00	6.40E-01	-1.49E-01	bad-chisq
group_7236	7.00E-02	5.00E-02	4.23E-02	-1.57E+00	1.03E+00	1.06E-01	bad-chisq
group_7224	7.00E-02	5.00E-02	4.23E-02	1.57E+00	1.03E+00	-1.06E-01	bad-chisq
group_7182	7.00E-02	2.40E-01	1.88E-01	8.52E-01	1.23E+00	-6.39E-02	bad-chisq
group_7166	7.00E-02	2.40E-01	1.88E-01	8.52E-01	1.23E+00	-6.39E-02	bad-chisq
group_7092	7.00E-02	2.40E-01	1.88E-01	8.52E-01	1.23E+00	-6.39E-02	bad-chisq
group_7083	7.00E-02	2.40E-01	1.88E-01	-8.52E-01	1.23E+00	6.39E-02	bad-chisq
group_7051	7.00E-02	2.40E-01	1.88E-01	8.52E-01	1.23E+00	-6.39E-02	bad-chisq
group_7019	7.00E-02	6.95E-01	4.30E-01	-2.73E-01	1.31E+00	2.13E-02	bad-chisq
group_6999	7.00E-02	2.40E-01	1.88E-01	8.52E-01	1.23E+00	-6.39E-02	bad-chisq
group_6865	7.00E-02	6.95E-01	4.30E-01	-2.73E-01	1.31E+00	2.13E-02	bad-chisq
group_6849	7.00E-02	2.40E-01	1.88E-01	8.52E-01	1.23E+00	-6.39E-02	bad-chisq
group_6832	7.00E-02	2.40E-01	1.88E-01	8.52E-01	1.23E+00	-6.39E-02	bad-chisq
group_6773	7.00E-02	5.00E-02	4.23E-02	-1.57E+00	1.03E+00	1.06E-01	bad-chisq
group_6640	7.00E-02	2.40E-01	1.88E-01	8.52E-01	1.23E+00	-6.39E-02	bad-chisq
arr3	7.00E-02	6.95E-01	4.30E-01	2.73E-01	1.31E+00	-2.13E-02	bad-chisq
group_6554	7.00E-02	2.40E-01	1.88E-01	8.52E-01	1.23E+00	-6.39E-02	bad-chisq
group_6526	7.00E-02	5.00E-02	4.23E-02	-1.57E+00	1.03E+00	1.06E-01	bad-chisq
group_6461	7.00E-02	6.08E-03	3.84E-03	-2.86E+00	6.40E-01	1.49E-01	bad-chisq
group_6347	7.00E-02	2.40E-01	1.88E-01	8.52E-01	1.23E+00	-6.39E-02	bad-chisq
group_6262	7.00E-02	2.40E-01	1.88E-01	-8.52E-01	1.23E+00	6.39E-02	bad-chisq
group_6245	7.00E-02	2.40E-01	1.88E-01	-8.52E-01	1.23E+00	6.39E-02	bad-chisq
group_6228	7.00E-02	2.40E-01	1.88E-01	8.52E-01	1.23E+00	-6.39E-02	bad-chisq
group_6213	7.00E-02	2.40E-01	1.88E-01	8.52E-01	1.23E+00	-6.39E-02	bad-chisq
group_6181	7.00E-02	5.00E-02	4.23E-02	-1.57E+00	1.03E+00	1.06E-01	bad-chisq
group_6160	7.00E-02	2.40E-01	1.88E-01	8.52E-01	1.23E+00	-6.39E-02	bad-chisq
group_6100	7.00E-02	6.08E-03	3.84E-03	-2.86E+00	6.40E-01	1.49E-01	bad-chisq
group_6097	7.00E-02	2.40E-01	1.88E-01	8.52E-01	1.23E+00	-6.39E-02	bad-chisq
group_6083	7.00E-02	2.40E-01	1.88E-01	8.52E-01	1.23E+00	-6.39E-02	bad-chisq
group_6067	7.00E-02	2.40E-01	1.88E-01	-8.52E-01	1.23E+00	6.39E-02	bad-chisq
group_6066	7.00E-02	2.40E-01	1.88E-01	-8.52E-01	1.23E+00	6.39E-02	bad-chisq
yfbR	7.00E-02	2.40E-01	1.88E-01	8.52E-01	1.23E+00	-6.39E-02	bad-chisq
group_5817	7.00E-02	5.00E-02	4.23E-02	1.57E+00	1.03E+00	-1.06E-01	bad-chisq
group_5797	7.00E-02	6.95E-01	4.30E-01	-2.73E-01	1.31E+00	2.13E-02	bad-chisq
group_5761	7.00E-02	2.40E-01	1.88E-01	8.52E-01	1.23E+00	-6.39E-02	bad-chisq
group_5635	7.00E-02	2.40E-01	1.88E-01	-8.52E-01	1.23E+00	6.39E-02	bad-chisq
group_5539	7.00E-02	2.40E-01	1.88E-01	8.52E-01	1.23E+00	-6.39E-02	bad-chisq
group_5474	7.00E-02	6.08E-03	3.84E-03	-2.86E+00	6.40E-01	1.49E-01	bad-chisq
group_5425	7.00E-02	5.00E-02	4.23E-02	1.57E+00	1.03E+00	-1.06E-01	bad-chisq
ngrC	7.00E-02	2.40E-01	1.88E-01	8.52E-01	1.23E+00	-6.39E-02	bad-chisq
group_5031	7.00E-02	2.40E-01	1.88E-01	8.52E-01	1.23E+00	-6.39E-02	bad-chisq
group_4876	7.00E-02	2.40E-01	1.88E-01	8.52E-01	1.23E+00	-6.39E-02	bad-chisq
group_4870	7.00E-02	2.40E-01	1.88E-01	-8.52E-01	1.23E+00	6.39E-02	bad-chisq
group_4770	7.00E-02	2.40E-01	1.88E-01	-8.52E-01	1.23E+00	6.39E-02	bad-chisq
group_4688	7.00E-02	2.40E-01	1.88E-01	-8.52E-01	1.23E+00	6.39E-02	bad-chisq
cobS	7.00E-02	2.40E-01	1.88E-01	8.52E-01	1.23E+00	-6.39E-02	bad-chisq
group_4588	7.00E-02	5.00E-02	4.23E-02	1.57E+00	1.03E+00	-1.06E-01	bad-chisq
group_4560	7.00E-02	6.08E-03	3.84E-03	-2.86E+00	6.40E-01	1.49E-01	bad-chisq
group_4554	7.00E-02	2.40E-01	1.88E-01	-8.52E-01	1.23E+00	6.39E-02	bad-chisq
group_4529	7.00E-02	2.40E-01	1.88E-01	8.52E-01	1.23E+00	-6.39E-02	bad-chisq
group_4521	7.00E-02	2.40E-01	1.88E-01	8.52E-01	1.23E+00	-6.39E-02	bad-chisq
group_4489	7.00E-02	5.00E-02	4.23E-02	-1.57E+00	1.03E+00	1.06E-01	bad-chisq
group_4398	7.00E-02	2.40E-01	1.88E-01	-8.52E-01	1.23E+00	6.39E-02	bad-chisq
group_4397	7.00E-02	5.00E-02	4.23E-02	-1.57E+00	1.03E+00	1.06E-01	bad-chisq
group_4391	7.00E-02	2.40E-01	1.88E-01	-8.52E-01	1.23E+00	6.39E-02	bad-chisq
group_4383	7.00E-02	6.95E-01	4.30E-01	2.73E-01	1.31E+00	-2.13E-02	bad-chisq
group_4363	7.00E-02	6.95E-01	4.30E-01	-2.73E-01	1.31E+00	2.13E-02	bad-chisq
group_4348	7.00E-02	2.40E-01	1.88E-01	8.52E-01	1.23E+00	-6.39E-02	bad-chisq
group_4342	7.00E-02	5.00E-02	4.23E-02	1.57E+00	1.03E+00	-1.06E-01	bad-chisq
group_4319	7.00E-02	2.40E-01	1.88E-01	8.52E-01	1.23E+00	-6.39E-02	bad-chisq
group_4304	7.00E-02	6.08E-03	3.84E-03	-2.86E+00	6.40E-01	1.49E-01	bad-chisq
group_4290	7.00E-02	2.40E-01	1.88E-01	-8.52E-01	1.23E+00	6.39E-02	bad-chisq
yubD	7.00E-02	5.00E-02	4.23E-02	1.57E+00	1.03E+00	-1.06E-01	bad-chisq
yubE	7.00E-02	5.00E-02	4.23E-02	1.57E+00	1.03E+00	-1.06E-01	bad-chisq
group_4237	7.00E-02	5.00E-02	4.23E-02	1.57E+00	1.03E+00	-1.06E-01	bad-chisq
group_4190	7.00E-02	6.95E-01	4.30E-01	-2.73E-01	1.31E+00	2.13E-02	bad-chisq
group_4189	7.00E-02	5.00E-02	4.23E-02	1.57E+00	1.03E+00	-1.06E-01	bad-chisq
group_4171	7.00E-02	5.00E-02	4.23E-02	1.57E+00	1.03E+00	-1.06E-01	bad-chisq
group_4170	7.00E-02	5.00E-02	4.23E-02	1.57E+00	1.03E+00	-1.06E-01	bad-chisq
group_4116	7.00E-02	6.08E-03	3.84E-03	-2.86E+00	6.40E-01	1.49E-01	bad-chisq
yubG	7.00E-02	5.00E-02	4.23E-02	1.57E+00	1.03E+00	-1.06E-01	bad-chisq
group_4085	7.00E-02	6.95E-01	4.30E-01	2.73E-01	1.31E+00	-2.13E-02	bad-chisq
group_4050	7.00E-02	5.00E-02	4.23E-02	-1.57E+00	1.03E+00	1.06E-01	bad-chisq
group_3970	7.00E-02	5.00E-02	4.23E-02	1.57E+00	1.03E+00	-1.06E-01	bad-chisq
group_3962	7.00E-02	6.08E-03	3.84E-03	-2.86E+00	6.40E-01	1.49E-01	bad-chisq
group_3928	7.00E-02	5.00E-02	4.23E-02	1.57E+00	1.03E+00	-1.06E-01	bad-chisq
group_3908	7.00E-02	5.00E-02	4.23E-02	1.57E+00	1.03E+00	-1.06E-01	bad-chisq
psiA	7.00E-02	5.00E-02	4.23E-02	1.57E+00	1.03E+00	-1.06E-01	bad-chisq
group_3800	7.00E-02	5.00E-02	4.23E-02	1.57E+00	1.03E+00	-1.06E-01	bad-chisq
group_3787	7.00E-02	5.00E-02	4.23E-02	1.57E+00	1.03E+00	-1.06E-01	bad-chisq
yubP	7.00E-02	5.00E-02	4.23E-02	1.57E+00	1.03E+00	-1.06E-01	bad-chisq
group_3651	7.00E-02	5.00E-02	4.23E-02	1.57E+00	1.03E+00	-1.06E-01	bad-chisq
group_3650	7.00E-02	5.00E-02	4.23E-02	1.57E+00	1.03E+00	-1.06E-01	bad-chisq
group_3606	7.00E-02	5.00E-02	4.23E-02	1.57E+00	1.03E+00	-1.06E-01	bad-chisq
group_3511	7.00E-02	2.40E-01	1.88E-01	-8.52E-01	1.23E+00	6.39E-02	bad-chisq
group_3508	7.00E-02	5.00E-02	4.23E-02	1.57E+00	1.03E+00	-1.06E-01	bad-chisq
group_3504	7.00E-02	6.95E-01	4.30E-01	-2.73E-01	1.31E+00	2.13E-02	bad-chisq
group_3475	7.00E-02	6.95E-01	4.30E-01	2.73E-01	1.31E+00	-2.13E-02	bad-chisq
group_3355	7.00E-02	2.40E-01	1.88E-01	-8.52E-01	1.23E+00	6.39E-02	bad-chisq
group_3279	7.00E-02	5.00E-02	4.23E-02	1.57E+00	1.03E+00	-1.06E-01	bad-chisq
group_3214	7.00E-02	5.00E-02	4.23E-02	1.57E+00	1.03E+00	-1.06E-01	bad-chisq
group_3187	7.00E-02	2.40E-01	1.88E-01	-8.52E-01	1.23E+00	6.39E-02	bad-chisq
wsaF	7.00E-02	6.08E-03	3.84E-03	-2.86E+00	6.40E-01	1.49E-01	bad-chisq
group_3011	7.00E-02	5.00E-02	4.23E-02	1.57E+00	1.03E+00	-1.06E-01	bad-chisq
group_2960	7.00E-02	5.00E-02	4.23E-02	1.57E+00	1.03E+00	-1.06E-01	bad-chisq
metC	7.00E-02	2.40E-01	1.88E-01	-8.52E-01	1.23E+00	6.39E-02	bad-chisq
group_2866	7.00E-02	6.95E-01	4.30E-01	2.73E-01	1.31E+00	-2.13E-02	bad-chisq
floR	7.00E-02	6.08E-03	3.84E-03	2.86E+00	6.40E-01	-1.49E-01	bad-chisq
group_2702	7.00E-02	5.00E-02	4.23E-02	-1.57E+00	1.03E+00	1.06E-01	bad-chisq
group_2565	7.00E-02	2.40E-01	1.88E-01	-8.52E-01	1.23E+00	6.39E-02	bad-chisq
group_2562	7.00E-02	2.40E-01	1.88E-01	-8.52E-01	1.23E+00	6.39E-02	bad-chisq
group_2532	7.00E-02	2.40E-01	1.88E-01	-8.52E-01	1.23E+00	6.39E-02	bad-chisq
group_2502	7.00E-02	2.40E-01	1.88E-01	8.52E-01	1.23E+00	-6.39E-02	bad-chisq
group_2420	7.00E-02	2.40E-01	1.88E-01	8.52E-01	1.23E+00	-6.39E-02	bad-chisq
group_2412	7.00E-02	2.40E-01	1.88E-01	-8.52E-01	1.23E+00	6.39E-02	bad-chisq
group_2301	7.00E-02	5.00E-02	4.23E-02	1.57E+00	1.03E+00	-1.06E-01	bad-chisq
group_2264	7.00E-02	5.00E-02	4.23E-02	-1.57E+00	1.03E+00	1.06E-01	bad-chisq
group_2263	7.00E-02	6.08E-03	3.84E-03	-2.86E+00	6.40E-01	1.49E-01	bad-chisq
group_2259	7.00E-02	5.00E-02	4.23E-02	-1.57E+00	1.03E+00	1.06E-01	bad-chisq
group_2196	7.00E-02	6.95E-01	4.30E-01	-2.73E-01	1.31E+00	2.13E-02	bad-chisq
group_2136	7.00E-02	5.00E-02	4.23E-02	1.57E+00	1.03E+00	-1.06E-01	bad-chisq
group_2044	7.00E-02	5.00E-02	4.23E-02	1.57E+00	1.03E+00	-1.06E-01	bad-chisq
group_2030	7.00E-02	5.00E-02	4.23E-02	1.57E+00	1.03E+00	-1.06E-01	bad-chisq
traE	7.00E-02	5.00E-02	4.23E-02	1.57E+00	1.03E+00	-1.06E-01	bad-chisq
trhC	7.00E-02	2.40E-01	1.88E-01	8.52E-01	1.23E+00	-6.39E-02	bad-chisq
group_1954	7.00E-02	2.40E-01	1.88E-01	-8.52E-01	1.23E+00	6.39E-02	bad-chisq
btuD	7.00E-02	6.08E-03	3.84E-03	-2.86E+00	6.40E-01	1.49E-01	bad-chisq
group_1789	7.00E-02	2.40E-01	1.88E-01	-8.52E-01	1.23E+00	6.39E-02	bad-chisq
rdgC	7.00E-02	5.00E-02	4.23E-02	-1.57E+00	1.03E+00	1.06E-01	bad-chisq
group_1161	7.00E-02	2.40E-01	1.88E-01	8.52E-01	1.23E+00	-6.39E-02	bad-chisq
group_976	7.00E-02	6.95E-01	4.30E-01	-2.73E-01	1.31E+00	2.13E-02	bad-chisq
group_962	7.00E-02	2.40E-01	1.88E-01	8.52E-01	1.23E+00	-6.39E-02	bad-chisq
group_934	7.00E-02	6.08E-03	3.84E-03	2.86E+00	6.40E-01	-1.49E-01	bad-chisq
group_914	7.00E-02	6.95E-01	4.30E-01	-2.73E-01	1.31E+00	2.13E-02	bad-chisq
ydiV	7.00E-02	2.40E-01	1.88E-01	8.52E-01	1.23E+00	-6.39E-02	bad-chisq
group_851	7.00E-02	2.40E-01	1.88E-01	8.52E-01	1.23E+00	-6.39E-02	bad-chisq
group_810	7.00E-02	5.00E-02	4.23E-02	1.57E+00	1.03E+00	-1.06E-01	bad-chisq
group_535	7.00E-02	2.40E-01	1.88E-01	-8.52E-01	1.23E+00	6.39E-02	bad-chisq
trbI	7.00E-02	5.00E-02	4.23E-02	1.57E+00	1.03E+00	-1.06E-01	bad-chisq
group_439	7.00E-02	5.00E-02	4.23E-02	-1.57E+00	1.03E+00	1.06E-01	bad-chisq
group_372	7.00E-02	2.40E-01	1.88E-01	-8.52E-01	1.23E+00	6.39E-02	bad-chisq
group_319	7.00E-02	2.40E-01	1.88E-01	8.52E-01	1.23E+00	-6.39E-02	bad-chisq
group_308	7.00E-02	6.08E-03	3.84E-03	-2.86E+00	6.40E-01	1.49E-01	bad-chisq
traT	7.00E-02	5.00E-02	4.23E-02	1.57E+00	1.03E+00	-1.06E-01	bad-chisq
group_259	7.00E-02	5.00E-02	4.23E-02	1.57E+00	1.03E+00	-1.06E-01	bad-chisq
group_205	7.00E-02	2.40E-01	1.88E-01	8.52E-01	1.23E+00	-6.39E-02	bad-chisq
merR	7.00E-02	2.40E-01	1.88E-01	8.52E-01	1.23E+00	-6.39E-02	bad-chisq
group_10	7.00E-02	2.40E-01	1.88E-01	8.52E-01	1.23E+00	-6.39E-02	bad-chisq
group_9600	6.00E-02	9.21E-02	8.63E-02	1.38E+00	1.01E+00	-8.43E-02	bad-chisq
group_9482	6.00E-02	1.15E-02	8.99E-03	-2.69E+00	6.31E-01	1.26E-01	bad-chisq
group_9481	6.00E-02	1.15E-02	8.99E-03	-2.69E+00	6.31E-01	1.26E-01	bad-chisq
group_8896	6.00E-02	1.15E-02	8.99E-03	-2.69E+00	6.31E-01	1.26E-01	bad-chisq
group_8892	6.00E-02	1.15E-02	8.99E-03	-2.69E+00	6.31E-01	1.26E-01	bad-chisq
blaDHA1	6.00E-02	1.15E-02	8.99E-03	-2.69E+00	6.31E-01	1.26E-01	bad-chisq
ampR	6.00E-02	1.15E-02	8.99E-03	-2.69E+00	6.31E-01	1.26E-01	bad-chisq
group_8771	6.00E-02	9.21E-02	8.63E-02	1.38E+00	1.01E+00	-8.43E-02	bad-chisq
group_8744	6.00E-02	9.21E-02	8.63E-02	1.38E+00	1.01E+00	-8.43E-02	bad-chisq
group_8687	6.00E-02	4.00E-01	3.26E-01	6.30E-01	1.17E+00	-4.21E-02	bad-chisq
group_8678	6.00E-02	4.00E-01	3.26E-01	-6.30E-01	1.17E+00	4.21E-02	bad-chisq
group_8663	6.00E-02	1.00E+00	5.58E-01	0.00E+00	1.22E+00	0.00E+00	bad-chisq
group_8642	6.00E-02	4.00E-01	3.26E-01	-6.30E-01	1.17E+00	4.21E-02	bad-chisq
lysR~~~tfdS	6.00E-02	9.21E-02	8.63E-02	-1.38E+00	1.01E+00	8.43E-02	bad-chisq
group_8561	6.00E-02	4.00E-01	3.26E-01	-6.30E-01	1.17E+00	4.21E-02	bad-chisq
group_8558	6.00E-02	1.00E+00	5.58E-01	0.00E+00	1.22E+00	0.00E+00	bad-chisq
group_8394	6.00E-02	4.00E-01	3.26E-01	-6.30E-01	1.17E+00	4.21E-02	bad-chisq
group_8378	6.00E-02	9.21E-02	8.63E-02	1.38E+00	1.01E+00	-8.43E-02	bad-chisq
group_8364	6.00E-02	9.21E-02	8.63E-02	-1.38E+00	1.01E+00	8.43E-02	bad-chisq
group_8247	6.00E-02	9.21E-02	8.63E-02	1.38E+00	1.01E+00	-8.43E-02	bad-chisq
group_8234	6.00E-02	9.21E-02	8.63E-02	1.38E+00	1.01E+00	-8.43E-02	bad-chisq
group_8233	6.00E-02	9.21E-02	8.63E-02	1.38E+00	1.01E+00	-8.43E-02	bad-chisq
group_8194	6.00E-02	1.15E-02	8.99E-03	-2.69E+00	6.31E-01	1.26E-01	bad-chisq
group_8190	6.00E-02	9.21E-02	8.63E-02	1.38E+00	1.01E+00	-8.43E-02	bad-chisq
group_8186	6.00E-02	9.21E-02	8.63E-02	1.38E+00	1.01E+00	-8.43E-02	bad-chisq
group_8169	6.00E-02	1.15E-02	8.99E-03	-2.69E+00	6.31E-01	1.26E-01	bad-chisq
group_8155	6.00E-02	4.00E-01	3.26E-01	-6.30E-01	1.17E+00	4.21E-02	bad-chisq
group_8153	6.00E-02	1.00E+00	5.58E-01	0.00E+00	1.22E+00	0.00E+00	bad-chisq
group_8146	6.00E-02	4.00E-01	3.26E-01	-6.30E-01	1.17E+00	4.21E-02	bad-chisq
group_8122	6.00E-02	1.15E-02	8.99E-03	-2.69E+00	6.31E-01	1.26E-01	bad-chisq
group_8121	6.00E-02	1.15E-02	8.99E-03	-2.69E+00	6.31E-01	1.26E-01	bad-chisq
group_8116	6.00E-02	9.21E-02	8.63E-02	1.38E+00	1.01E+00	-8.43E-02	bad-chisq
group_8105	6.00E-02	4.00E-01	3.26E-01	-6.30E-01	1.17E+00	4.21E-02	bad-chisq
group_8090	6.00E-02	1.15E-02	8.99E-03	-2.69E+00	6.31E-01	1.26E-01	bad-chisq
group_8076	6.00E-02	9.21E-02	8.63E-02	1.38E+00	1.01E+00	-8.43E-02	bad-chisq
group_8067	6.00E-02	4.00E-01	3.26E-01	-6.30E-01	1.17E+00	4.21E-02	bad-chisq
group_8064	6.00E-02	1.15E-02	8.99E-03	2.69E+00	6.31E-01	-1.26E-01	bad-chisq
group_8060	6.00E-02	1.00E+00	5.58E-01	0.00E+00	1.22E+00	0.00E+00	bad-chisq
group_8059	6.00E-02	1.15E-02	8.99E-03	-2.69E+00	6.31E-01	1.26E-01	bad-chisq
group_8004	6.00E-02	9.21E-02	8.63E-02	1.38E+00	1.01E+00	-8.43E-02	bad-chisq
group_7974	6.00E-02	9.21E-02	8.63E-02	1.38E+00	1.01E+00	-8.43E-02	bad-chisq
group_7929	6.00E-02	1.15E-02	8.99E-03	-2.69E+00	6.31E-01	1.26E-01	bad-chisq
group_7928	6.00E-02	1.15E-02	8.99E-03	-2.69E+00	6.31E-01	1.26E-01	bad-chisq
group_7891	6.00E-02	9.21E-02	8.63E-02	1.38E+00	1.01E+00	-8.43E-02	bad-chisq
group_7861	6.00E-02	1.15E-02	8.99E-03	-2.69E+00	6.31E-01	1.26E-01	bad-chisq
group_7840	6.00E-02	9.21E-02	8.63E-02	1.38E+00	1.01E+00	-8.43E-02	bad-chisq
group_7820	6.00E-02	9.21E-02	8.63E-02	1.38E+00	1.01E+00	-8.43E-02	bad-chisq
group_7800	6.00E-02	9.21E-02	8.63E-02	1.38E+00	1.01E+00	-8.43E-02	bad-chisq
group_7780	6.00E-02	4.00E-01	3.26E-01	-6.30E-01	1.17E+00	4.21E-02	bad-chisq
group_7709	6.00E-02	9.21E-02	8.63E-02	1.38E+00	1.01E+00	-8.43E-02	bad-chisq
group_7704	6.00E-02	1.15E-02	8.99E-03	2.69E+00	6.31E-01	-1.26E-01	bad-chisq
group_7694	6.00E-02	9.21E-02	8.63E-02	-1.38E+00	1.01E+00	8.43E-02	bad-chisq
group_7683	6.00E-02	1.00E+00	5.58E-01	0.00E+00	1.22E+00	0.00E+00	bad-chisq
group_7665	6.00E-02	1.15E-02	8.99E-03	2.69E+00	6.31E-01	-1.26E-01	bad-chisq
group_7664	6.00E-02	9.21E-02	8.63E-02	1.38E+00	1.01E+00	-8.43E-02	bad-chisq
group_7643	6.00E-02	9.21E-02	8.63E-02	1.38E+00	1.01E+00	-8.43E-02	bad-chisq
group_7642	6.00E-02	9.21E-02	8.63E-02	1.38E+00	1.01E+00	-8.43E-02	bad-chisq
group_7626	6.00E-02	1.15E-02	8.99E-03	-2.69E+00	6.31E-01	1.26E-01	bad-chisq
group_7600	6.00E-02	1.00E+00	5.58E-01	0.00E+00	1.22E+00	0.00E+00	bad-chisq
group_7599	6.00E-02	9.21E-02	8.63E-02	1.38E+00	1.01E+00	-8.43E-02	bad-chisq
group_7596	6.00E-02	1.15E-02	8.99E-03	-2.69E+00	6.31E-01	1.26E-01	bad-chisq
mazE	6.00E-02	9.21E-02	8.63E-02	1.38E+00	1.01E+00	-8.43E-02	bad-chisq
group_7564	6.00E-02	9.21E-02	8.63E-02	1.38E+00	1.01E+00	-8.43E-02	bad-chisq
group_7531	6.00E-02	9.21E-02	8.63E-02	-1.38E+00	1.01E+00	8.43E-02	bad-chisq
group_7498	6.00E-02	9.21E-02	8.63E-02	1.38E+00	1.01E+00	-8.43E-02	bad-chisq
group_7483	6.00E-02	9.21E-02	8.63E-02	1.38E+00	1.01E+00	-8.43E-02	bad-chisq
group_7460	6.00E-02	9.21E-02	8.63E-02	1.38E+00	1.01E+00	-8.43E-02	bad-chisq
group_7439	6.00E-02	9.21E-02	8.63E-02	1.38E+00	1.01E+00	-8.43E-02	bad-chisq
group_7402	6.00E-02	9.21E-02	8.63E-02	1.38E+00	1.01E+00	-8.43E-02	bad-chisq
group_7401	6.00E-02	9.21E-02	8.63E-02	1.38E+00	1.01E+00	-8.43E-02	bad-chisq
merP	6.00E-02	4.00E-01	3.26E-01	6.30E-01	1.17E+00	-4.21E-02	bad-chisq
group_7354	6.00E-02	9.21E-02	8.63E-02	1.38E+00	1.01E+00	-8.43E-02	bad-chisq
group_7335	6.00E-02	9.21E-02	8.63E-02	1.38E+00	1.01E+00	-8.43E-02	bad-chisq
group_7293	6.00E-02	9.21E-02	8.63E-02	1.38E+00	1.01E+00	-8.43E-02	bad-chisq
group_7250	6.00E-02	9.21E-02	8.63E-02	1.38E+00	1.01E+00	-8.43E-02	bad-chisq
group_7156	6.00E-02	1.15E-02	8.99E-03	-2.69E+00	6.31E-01	1.26E-01	bad-chisq
group_7140	6.00E-02	9.21E-02	8.63E-02	1.38E+00	1.01E+00	-8.43E-02	bad-chisq
group_7068	6.00E-02	9.21E-02	8.63E-02	1.38E+00	1.01E+00	-8.43E-02	bad-chisq
group_7043	6.00E-02	9.21E-02	8.63E-02	1.38E+00	1.01E+00	-8.43E-02	bad-chisq
group_7042	6.00E-02	9.21E-02	8.63E-02	1.38E+00	1.01E+00	-8.43E-02	bad-chisq
group_7018	6.00E-02	4.00E-01	3.26E-01	6.30E-01	1.17E+00	-4.21E-02	bad-chisq
group_6988	6.00E-02	1.15E-02	8.99E-03	-2.69E+00	6.31E-01	1.26E-01	bad-chisq
group_6976	6.00E-02	9.21E-02	8.63E-02	1.38E+00	1.01E+00	-8.43E-02	bad-chisq
group_6971	6.00E-02	1.15E-02	8.99E-03	-2.69E+00	6.31E-01	1.26E-01	bad-chisq
group_6940	6.00E-02	9.21E-02	8.63E-02	1.38E+00	1.01E+00	-8.43E-02	bad-chisq
group_6922	6.00E-02	4.00E-01	3.26E-01	-6.30E-01	1.17E+00	4.21E-02	bad-chisq
group_6894	6.00E-02	1.00E+00	5.58E-01	0.00E+00	1.22E+00	0.00E+00	bad-chisq
group_6880	6.00E-02	9.21E-02	8.63E-02	1.38E+00	1.01E+00	-8.43E-02	bad-chisq
group_6837	6.00E-02	9.21E-02	8.63E-02	1.38E+00	1.01E+00	-8.43E-02	bad-chisq
group_6786	6.00E-02	9.21E-02	8.63E-02	1.38E+00	1.01E+00	-8.43E-02	bad-chisq
group_6785	6.00E-02	9.21E-02	8.63E-02	1.38E+00	1.01E+00	-8.43E-02	bad-chisq
group_6783	6.00E-02	9.21E-02	8.63E-02	1.38E+00	1.01E+00	-8.43E-02	bad-chisq
group_6728	6.00E-02	1.15E-02	8.99E-03	-2.69E+00	6.31E-01	1.26E-01	bad-chisq
group_6707	6.00E-02	9.21E-02	8.63E-02	1.38E+00	1.01E+00	-8.43E-02	bad-chisq
group_6703	6.00E-02	1.15E-02	8.99E-03	-2.69E+00	6.31E-01	1.26E-01	bad-chisq
group_6683	6.00E-02	4.00E-01	3.26E-01	-6.30E-01	1.17E+00	4.21E-02	bad-chisq
group_6680	6.00E-02	9.21E-02	8.63E-02	-1.38E+00	1.01E+00	8.43E-02	bad-chisq
group_6558	6.00E-02	9.21E-02	8.63E-02	1.38E+00	1.01E+00	-8.43E-02	bad-chisq
group_6477	6.00E-02	9.21E-02	8.63E-02	1.38E+00	1.01E+00	-8.43E-02	bad-chisq
group_6417	6.00E-02	9.21E-02	8.63E-02	1.38E+00	1.01E+00	-8.43E-02	bad-chisq
group_6398	6.00E-02	9.21E-02	8.63E-02	1.38E+00	1.01E+00	-8.43E-02	bad-chisq
group_6387	6.00E-02	9.21E-02	8.63E-02	1.38E+00	1.01E+00	-8.43E-02	bad-chisq
group_6376	6.00E-02	9.21E-02	8.63E-02	1.38E+00	1.01E+00	-8.43E-02	bad-chisq
group_6355	6.00E-02	9.21E-02	8.63E-02	-1.38E+00	1.01E+00	8.43E-02	bad-chisq
group_6339	6.00E-02	9.21E-02	8.63E-02	1.38E+00	1.01E+00	-8.43E-02	bad-chisq
group_6258	6.00E-02	9.21E-02	8.63E-02	1.38E+00	1.01E+00	-8.43E-02	bad-chisq
group_6241	6.00E-02	9.21E-02	8.63E-02	1.38E+00	1.01E+00	-8.43E-02	bad-chisq
group_6232	6.00E-02	1.15E-02	8.99E-03	-2.69E+00	6.31E-01	1.26E-01	bad-chisq
group_6220	6.00E-02	9.21E-02	8.63E-02	1.38E+00	1.01E+00	-8.43E-02	bad-chisq
group_6219	6.00E-02	9.21E-02	8.63E-02	1.38E+00	1.01E+00	-8.43E-02	bad-chisq
group_6218	6.00E-02	9.21E-02	8.63E-02	1.38E+00	1.01E+00	-8.43E-02	bad-chisq
group_6202	6.00E-02	9.21E-02	8.63E-02	1.38E+00	1.01E+00	-8.43E-02	bad-chisq
group_6167	6.00E-02	9.21E-02	8.63E-02	1.38E+00	1.01E+00	-8.43E-02	bad-chisq
group_6101	6.00E-02	9.21E-02	8.63E-02	1.38E+00	1.01E+00	-8.43E-02	bad-chisq
group_6091	6.00E-02	9.21E-02	8.63E-02	-1.38E+00	1.01E+00	8.43E-02	bad-chisq
group_6086	6.00E-02	9.21E-02	8.63E-02	1.38E+00	1.01E+00	-8.43E-02	bad-chisq
group_6069	6.00E-02	9.21E-02	8.63E-02	1.38E+00	1.01E+00	-8.43E-02	bad-chisq
group_6057	6.00E-02	9.21E-02	8.63E-02	1.38E+00	1.01E+00	-8.43E-02	bad-chisq
group_6047	6.00E-02	9.21E-02	8.63E-02	1.38E+00	1.01E+00	-8.43E-02	bad-chisq
group_6044	6.00E-02	1.15E-02	8.99E-03	-2.69E+00	6.31E-01	1.26E-01	bad-chisq
group_6019	6.00E-02	9.21E-02	8.63E-02	1.38E+00	1.01E+00	-8.43E-02	bad-chisq
group_6017	6.00E-02	1.15E-02	8.99E-03	-2.69E+00	6.31E-01	1.26E-01	bad-chisq
group_6011	6.00E-02	9.21E-02	8.63E-02	1.38E+00	1.01E+00	-8.43E-02	bad-chisq
group_6010	6.00E-02	4.00E-01	3.26E-01	-6.30E-01	1.17E+00	4.21E-02	bad-chisq
group_6007	6.00E-02	1.15E-02	8.99E-03	-2.69E+00	6.31E-01	1.26E-01	bad-chisq
group_5988	6.00E-02	9.21E-02	8.63E-02	1.38E+00	1.01E+00	-8.43E-02	bad-chisq
group_5975	6.00E-02	4.00E-01	3.26E-01	-6.30E-01	1.17E+00	4.21E-02	bad-chisq
group_5965	6.00E-02	9.21E-02	8.63E-02	1.38E+00	1.01E+00	-8.43E-02	bad-chisq
group_5957	6.00E-02	9.21E-02	8.63E-02	1.38E+00	1.01E+00	-8.43E-02	bad-chisq
brxB	6.00E-02	9.21E-02	8.63E-02	1.38E+00	1.01E+00	-8.43E-02	bad-chisq
group_5921	6.00E-02	4.00E-01	3.26E-01	-6.30E-01	1.17E+00	4.21E-02	bad-chisq
brxA	6.00E-02	9.21E-02	8.63E-02	1.38E+00	1.01E+00	-8.43E-02	bad-chisq
group_5818	6.00E-02	9.21E-02	8.63E-02	1.38E+00	1.01E+00	-8.43E-02	bad-chisq
group_5812	6.00E-02	1.15E-02	8.99E-03	-2.69E+00	6.31E-01	1.26E-01	bad-chisq
group_5769	6.00E-02	9.21E-02	8.63E-02	1.38E+00	1.01E+00	-8.43E-02	bad-chisq
group_5684	6.00E-02	9.21E-02	8.63E-02	1.38E+00	1.01E+00	-8.43E-02	bad-chisq
group_5683	6.00E-02	9.21E-02	8.63E-02	1.38E+00	1.01E+00	-8.43E-02	bad-chisq
group_5656	6.00E-02	9.21E-02	8.63E-02	1.38E+00	1.01E+00	-8.43E-02	bad-chisq
group_5595	6.00E-02	9.21E-02	8.63E-02	-1.38E+00	1.01E+00	8.43E-02	bad-chisq
group_5544	6.00E-02	9.21E-02	8.63E-02	1.38E+00	1.01E+00	-8.43E-02	bad-chisq
hicB	6.00E-02	9.21E-02	8.63E-02	-1.38E+00	1.01E+00	8.43E-02	bad-chisq
kdgM	6.00E-02	4.00E-01	3.26E-01	-6.30E-01	1.17E+00	4.21E-02	bad-chisq
group_5475	6.00E-02	9.21E-02	8.63E-02	1.38E+00	1.01E+00	-8.43E-02	bad-chisq
group_5452	6.00E-02	4.00E-01	3.26E-01	6.30E-01	1.17E+00	-4.21E-02	bad-chisq
group_5426	6.00E-02	9.21E-02	8.63E-02	1.38E+00	1.01E+00	-8.43E-02	bad-chisq
group_5411	6.00E-02	1.15E-02	8.99E-03	-2.69E+00	6.31E-01	1.26E-01	bad-chisq
lptB	6.00E-02	9.21E-02	8.63E-02	-1.38E+00	1.01E+00	8.43E-02	bad-chisq
group_5375	6.00E-02	9.21E-02	8.63E-02	1.38E+00	1.01E+00	-8.43E-02	bad-chisq
group_5357	6.00E-02	4.00E-01	3.26E-01	-6.30E-01	1.17E+00	4.21E-02	bad-chisq
group_5328	6.00E-02	9.21E-02	8.63E-02	1.38E+00	1.01E+00	-8.43E-02	bad-chisq
aphA16	6.00E-02	1.15E-02	8.99E-03	-2.69E+00	6.31E-01	1.26E-01	bad-chisq
group_5267	6.00E-02	9.21E-02	8.63E-02	1.38E+00	1.01E+00	-8.43E-02	bad-chisq
group_5228	6.00E-02	4.00E-01	3.26E-01	-6.30E-01	1.17E+00	4.21E-02	bad-chisq
group_5197	6.00E-02	9.21E-02	8.63E-02	-1.38E+00	1.01E+00	8.43E-02	bad-chisq
group_5160	6.00E-02	9.21E-02	8.63E-02	1.38E+00	1.01E+00	-8.43E-02	bad-chisq
group_5131	6.00E-02	1.15E-02	8.99E-03	-2.69E+00	6.31E-01	1.26E-01	bad-chisq
group_5104	6.00E-02	1.00E+00	5.58E-01	0.00E+00	1.22E+00	0.00E+00	bad-chisq
group_5092	6.00E-02	9.21E-02	8.63E-02	1.38E+00	1.01E+00	-8.43E-02	bad-chisq
group_5073	6.00E-02	9.21E-02	8.63E-02	1.38E+00	1.01E+00	-8.43E-02	bad-chisq
group_5055	6.00E-02	1.15E-02	8.99E-03	-2.69E+00	6.31E-01	1.26E-01	bad-chisq
group_5025	6.00E-02	9.21E-02	8.63E-02	-1.38E+00	1.01E+00	8.43E-02	bad-chisq
group_4984	6.00E-02	4.00E-01	3.26E-01	-6.30E-01	1.17E+00	4.21E-02	bad-chisq
group_4921	6.00E-02	1.15E-02	8.99E-03	-2.69E+00	6.31E-01	1.26E-01	bad-chisq
luxR	6.00E-02	9.21E-02	8.63E-02	-1.38E+00	1.01E+00	8.43E-02	bad-chisq
group_4825	6.00E-02	9.21E-02	8.63E-02	-1.38E+00	1.01E+00	8.43E-02	bad-chisq
group_4814	6.00E-02	4.00E-01	3.26E-01	-6.30E-01	1.17E+00	4.21E-02	bad-chisq
group_4811	6.00E-02	9.21E-02	8.63E-02	1.38E+00	1.01E+00	-8.43E-02	bad-chisq
group_4809	6.00E-02	9.21E-02	8.63E-02	-1.38E+00	1.01E+00	8.43E-02	bad-chisq
group_4752	6.00E-02	9.21E-02	8.63E-02	1.38E+00	1.01E+00	-8.43E-02	bad-chisq
group_4739	6.00E-02	1.15E-02	8.99E-03	-2.69E+00	6.31E-01	1.26E-01	bad-chisq
group_4643	6.00E-02	1.15E-02	8.99E-03	-2.69E+00	6.31E-01	1.26E-01	bad-chisq
group_4634	6.00E-02	9.21E-02	8.63E-02	1.38E+00	1.01E+00	-8.43E-02	bad-chisq
yjhU	6.00E-02	9.21E-02	8.63E-02	1.38E+00	1.01E+00	-8.43E-02	bad-chisq
group_4590	6.00E-02	9.21E-02	8.63E-02	-1.38E+00	1.01E+00	8.43E-02	bad-chisq
group_4579	6.00E-02	9.21E-02	8.63E-02	1.38E+00	1.01E+00	-8.43E-02	bad-chisq
group_4578	6.00E-02	9.21E-02	8.63E-02	1.38E+00	1.01E+00	-8.43E-02	bad-chisq
group_4567	6.00E-02	9.21E-02	8.63E-02	1.38E+00	1.01E+00	-8.43E-02	bad-chisq
group_4551	6.00E-02	9.21E-02	8.63E-02	1.38E+00	1.01E+00	-8.43E-02	bad-chisq
group_4538	6.00E-02	9.21E-02	8.63E-02	-1.38E+00	1.01E+00	8.43E-02	bad-chisq
group_4481	6.00E-02	4.00E-01	3.26E-01	-6.30E-01	1.17E+00	4.21E-02	bad-chisq
group_4476	6.00E-02	1.00E+00	5.58E-01	0.00E+00	1.22E+00	0.00E+00	bad-chisq
group_4455	6.00E-02	1.15E-02	8.99E-03	-2.69E+00	6.31E-01	1.26E-01	bad-chisq
group_4444	6.00E-02	4.00E-01	3.26E-01	-6.30E-01	1.17E+00	4.21E-02	bad-chisq
group_4254	6.00E-02	4.00E-01	3.26E-01	-6.30E-01	1.17E+00	4.21E-02	bad-chisq
group_4231	6.00E-02	1.15E-02	8.99E-03	-2.69E+00	6.31E-01	1.26E-01	bad-chisq
group_4218	6.00E-02	4.00E-01	3.26E-01	-6.30E-01	1.17E+00	4.21E-02	bad-chisq
group_4182	6.00E-02	1.15E-02	8.99E-03	-2.69E+00	6.31E-01	1.26E-01	bad-chisq
group_4132	6.00E-02	9.21E-02	8.63E-02	1.38E+00	1.01E+00	-8.43E-02	bad-chisq
group_4098	6.00E-02	1.15E-02	8.99E-03	-2.69E+00	6.31E-01	1.26E-01	bad-chisq
group_4064	6.00E-02	9.21E-02	8.63E-02	1.38E+00	1.01E+00	-8.43E-02	bad-chisq
group_4044	6.00E-02	9.21E-02	8.63E-02	-1.38E+00	1.01E+00	8.43E-02	bad-chisq
group_4036	6.00E-02	1.15E-02	8.99E-03	-2.69E+00	6.31E-01	1.26E-01	bad-chisq
group_4026	6.00E-02	4.00E-01	3.26E-01	-6.30E-01	1.17E+00	4.21E-02	bad-chisq
group_4023	6.00E-02	9.21E-02	8.63E-02	1.38E+00	1.01E+00	-8.43E-02	bad-chisq
group_4022	6.00E-02	4.00E-01	3.26E-01	6.30E-01	1.17E+00	-4.21E-02	bad-chisq
group_4009	6.00E-02	9.21E-02	8.63E-02	1.38E+00	1.01E+00	-8.43E-02	bad-chisq
group_3999	6.00E-02	9.21E-02	8.63E-02	-1.38E+00	1.01E+00	8.43E-02	bad-chisq
group_3988	6.00E-02	4.00E-01	3.26E-01	-6.30E-01	1.17E+00	4.21E-02	bad-chisq
group_3879	6.00E-02	4.00E-01	3.26E-01	-6.30E-01	1.17E+00	4.21E-02	bad-chisq
group_3759	6.00E-02	1.15E-02	8.99E-03	-2.69E+00	6.31E-01	1.26E-01	bad-chisq
group_3643	6.00E-02	9.21E-02	8.63E-02	-1.38E+00	1.01E+00	8.43E-02	bad-chisq
group_3589	6.00E-02	9.21E-02	8.63E-02	1.38E+00	1.01E+00	-8.43E-02	bad-chisq
group_3586	6.00E-02	9.21E-02	8.63E-02	-1.38E+00	1.01E+00	8.43E-02	bad-chisq
group_3542	6.00E-02	9.21E-02	8.63E-02	1.38E+00	1.01E+00	-8.43E-02	bad-chisq
group_3506	6.00E-02	4.00E-01	3.26E-01	-6.30E-01	1.17E+00	4.21E-02	bad-chisq
group_3435	6.00E-02	9.21E-02	8.63E-02	-1.38E+00	1.01E+00	8.43E-02	bad-chisq
group_3332	6.00E-02	1.15E-02	8.99E-03	-2.69E+00	6.31E-01	1.26E-01	bad-chisq
group_3308	6.00E-02	1.15E-02	8.99E-03	-2.69E+00	6.31E-01	1.26E-01	bad-chisq
group_3271	6.00E-02	9.21E-02	8.63E-02	1.38E+00	1.01E+00	-8.43E-02	bad-chisq
group_3219	6.00E-02	4.00E-01	3.26E-01	-6.30E-01	1.17E+00	4.21E-02	bad-chisq
group_2973	6.00E-02	4.00E-01	3.26E-01	6.30E-01	1.17E+00	-4.21E-02	bad-chisq
group_2845	6.00E-02	1.00E+00	5.58E-01	0.00E+00	1.22E+00	0.00E+00	bad-chisq
ygiK	6.00E-02	9.21E-02	8.63E-02	-1.38E+00	1.01E+00	8.43E-02	bad-chisq
group_2619	6.00E-02	9.21E-02	8.63E-02	1.38E+00	1.01E+00	-8.43E-02	bad-chisq
group_2596	6.00E-02	9.21E-02	8.63E-02	-1.38E+00	1.01E+00	8.43E-02	bad-chisq
group_2583	6.00E-02	9.21E-02	8.63E-02	-1.38E+00	1.01E+00	8.43E-02	bad-chisq
group_2564	6.00E-02	9.21E-02	8.63E-02	-1.38E+00	1.01E+00	8.43E-02	bad-chisq
group_2560	6.00E-02	9.21E-02	8.63E-02	1.38E+00	1.01E+00	-8.43E-02	bad-chisq
group_2538	6.00E-02	1.15E-02	8.99E-03	-2.69E+00	6.31E-01	1.26E-01	bad-chisq
group_2410	6.00E-02	9.21E-02	8.63E-02	-1.38E+00	1.01E+00	8.43E-02	bad-chisq
group_2261	6.00E-02	9.21E-02	8.63E-02	1.38E+00	1.01E+00	-8.43E-02	bad-chisq
group_2221	6.00E-02	1.15E-02	8.99E-03	-2.69E+00	6.31E-01	1.26E-01	bad-chisq
group_2218	6.00E-02	4.00E-01	3.26E-01	-6.30E-01	1.17E+00	4.21E-02	bad-chisq
group_2191	6.00E-02	9.21E-02	8.63E-02	1.38E+00	1.01E+00	-8.43E-02	bad-chisq
group_2168	6.00E-02	4.00E-01	3.26E-01	-6.30E-01	1.17E+00	4.21E-02	bad-chisq
lexA	6.00E-02	4.00E-01	3.26E-01	-6.30E-01	1.17E+00	4.21E-02	bad-chisq
group_2077	6.00E-02	9.21E-02	8.63E-02	1.38E+00	1.01E+00	-8.43E-02	bad-chisq
group_2029	6.00E-02	9.21E-02	8.63E-02	1.38E+00	1.01E+00	-8.43E-02	bad-chisq
group_1916	6.00E-02	9.21E-02	8.63E-02	1.38E+00	1.01E+00	-8.43E-02	bad-chisq
group_1894	6.00E-02	9.21E-02	8.63E-02	1.38E+00	1.01E+00	-8.43E-02	bad-chisq
group_1824	6.00E-02	4.00E-01	3.26E-01	-6.30E-01	1.17E+00	4.21E-02	bad-chisq
group_1809	6.00E-02	9.21E-02	8.63E-02	-1.38E+00	1.01E+00	8.43E-02	bad-chisq
group_1774	6.00E-02	4.00E-01	3.26E-01	-6.30E-01	1.17E+00	4.21E-02	bad-chisq
group_1735	6.00E-02	9.21E-02	8.63E-02	1.38E+00	1.01E+00	-8.43E-02	bad-chisq
group_1720	6.00E-02	4.00E-01	3.26E-01	-6.30E-01	1.17E+00	4.21E-02	bad-chisq
group_1711	6.00E-02	9.21E-02	8.63E-02	1.38E+00	1.01E+00	-8.43E-02	bad-chisq
grxA	6.00E-02	4.00E-01	3.26E-01	-6.30E-01	1.17E+00	4.21E-02	bad-chisq
group_1534	6.00E-02	1.15E-02	8.99E-03	2.69E+00	6.31E-01	-1.26E-01	bad-chisq
group_1490	6.00E-02	9.21E-02	8.63E-02	1.38E+00	1.01E+00	-8.43E-02	bad-chisq
group_1458	6.00E-02	4.00E-01	3.26E-01	6.30E-01	1.17E+00	-4.21E-02	bad-chisq
group_1450	6.00E-02	4.00E-01	3.26E-01	-6.30E-01	1.17E+00	4.21E-02	bad-chisq
group_1386	6.00E-02	1.00E+00	5.58E-01	0.00E+00	1.22E+00	0.00E+00	bad-chisq
group_1191	6.00E-02	1.15E-02	8.99E-03	-2.69E+00	6.31E-01	1.26E-01	bad-chisq
group_1167	6.00E-02	9.21E-02	8.63E-02	1.38E+00	1.01E+00	-8.43E-02	bad-chisq
group_1092	6.00E-02	1.00E+00	5.58E-01	0.00E+00	1.22E+00	0.00E+00	bad-chisq
group_1083	6.00E-02	9.21E-02	8.63E-02	1.38E+00	1.01E+00	-8.43E-02	bad-chisq
group_1006	6.00E-02	9.21E-02	8.63E-02	1.38E+00	1.01E+00	-8.43E-02	bad-chisq
group_989	6.00E-02	1.00E+00	5.58E-01	0.00E+00	1.22E+00	0.00E+00	bad-chisq
group_982	6.00E-02	9.21E-02	8.63E-02	1.38E+00	1.01E+00	-8.43E-02	bad-chisq
group_910	6.00E-02	9.21E-02	8.63E-02	1.38E+00	1.01E+00	-8.43E-02	bad-chisq
group_821	6.00E-02	1.15E-02	8.99E-03	-2.69E+00	6.31E-01	1.26E-01	bad-chisq
group_787	6.00E-02	9.21E-02	8.63E-02	1.38E+00	1.01E+00	-8.43E-02	bad-chisq
group_714	6.00E-02	9.21E-02	8.63E-02	1.38E+00	1.01E+00	-8.43E-02	bad-chisq
group_632	6.00E-02	9.21E-02	8.63E-02	1.38E+00	1.01E+00	-8.43E-02	bad-chisq
group_586	6.00E-02	9.21E-02	8.63E-02	1.38E+00	1.01E+00	-8.43E-02	bad-chisq
group_573	6.00E-02	1.15E-02	8.99E-03	-2.69E+00	6.31E-01	1.26E-01	bad-chisq
brxL	6.00E-02	9.21E-02	8.63E-02	1.38E+00	1.01E+00	-8.43E-02	bad-chisq
group_520	6.00E-02	9.21E-02	8.63E-02	1.38E+00	1.01E+00	-8.43E-02	bad-chisq
group_519	6.00E-02	9.21E-02	8.63E-02	1.38E+00	1.01E+00	-8.43E-02	bad-chisq
group_491	6.00E-02	9.21E-02	8.63E-02	-1.38E+00	1.01E+00	8.43E-02	bad-chisq
traD	6.00E-02	9.21E-02	8.63E-02	1.38E+00	1.01E+00	-8.43E-02	bad-chisq
group_412	6.00E-02	9.21E-02	8.63E-02	1.38E+00	1.01E+00	-8.43E-02	bad-chisq
group_406	6.00E-02	9.21E-02	8.63E-02	-1.38E+00	1.01E+00	8.43E-02	bad-chisq
group_402	6.00E-02	9.21E-02	8.63E-02	1.38E+00	1.01E+00	-8.43E-02	bad-chisq
group_400	6.00E-02	9.21E-02	8.63E-02	1.38E+00	1.01E+00	-8.43E-02	bad-chisq
group_380	6.00E-02	9.21E-02	8.63E-02	-1.38E+00	1.01E+00	8.43E-02	bad-chisq
group_341	6.00E-02	9.21E-02	8.63E-02	-1.38E+00	1.01E+00	8.43E-02	bad-chisq
group_325	6.00E-02	9.21E-02	8.63E-02	-1.38E+00	1.01E+00	8.43E-02	bad-chisq
group_271	6.00E-02	9.21E-02	8.63E-02	1.38E+00	1.01E+00	-8.43E-02	bad-chisq
group_263	6.00E-02	9.21E-02	8.63E-02	1.38E+00	1.01E+00	-8.43E-02	bad-chisq
group_245	6.00E-02	4.00E-01	3.26E-01	6.30E-01	1.17E+00	-4.21E-02	bad-chisq
group_232	6.00E-02	9.21E-02	8.63E-02	1.38E+00	1.01E+00	-8.43E-02	bad-chisq
group_213	6.00E-02	9.21E-02	8.63E-02	1.38E+00	1.01E+00	-8.43E-02	bad-chisq
group_193	6.00E-02	9.21E-02	8.63E-02	1.38E+00	1.01E+00	-8.43E-02	bad-chisq
group_186	6.00E-02	9.21E-02	8.63E-02	-1.38E+00	1.01E+00	8.43E-02	bad-chisq
group_185	6.00E-02	9.21E-02	8.63E-02	1.38E+00	1.01E+00	-8.43E-02	bad-chisq
group_163	6.00E-02	1.15E-02	8.99E-03	-2.69E+00	6.31E-01	1.26E-01	bad-chisq
group_149	6.00E-02	4.00E-01	3.26E-01	-6.30E-01	1.17E+00	4.21E-02	bad-chisq
group_134	6.00E-02	1.15E-02	8.99E-03	-2.69E+00	6.31E-01	1.26E-01	bad-chisq
group_127	6.00E-02	9.21E-02	8.63E-02	1.38E+00	1.01E+00	-8.43E-02	bad-chisq
group_100	6.00E-02	9.21E-02	8.63E-02	-1.38E+00	1.01E+00	8.43E-02	bad-chisq
group_89	6.00E-02	4.00E-01	3.26E-01	6.30E-01	1.17E+00	-4.21E-02	bad-chisq
group_82	6.00E-02	9.21E-02	8.63E-02	1.38E+00	1.01E+00	-8.43E-02	bad-chisq
brxC	6.00E-02	9.21E-02	8.63E-02	1.38E+00	1.01E+00	-8.43E-02	bad-chisq
group_68	6.00E-02	4.00E-01	3.26E-01	-6.30E-01	1.17E+00	4.21E-02	bad-chisq
group_62	6.00E-02	9.21E-02	8.63E-02	1.38E+00	1.01E+00	-8.43E-02	bad-chisq
group_49	6.00E-02	1.15E-02	8.99E-03	-2.69E+00	6.31E-01	1.26E-01	bad-chisq
group_22	6.00E-02	9.21E-02	8.63E-02	1.38E+00	1.01E+00	-8.43E-02	bad-chisq
group_12	6.00E-02	9.21E-02	8.63E-02	1.38E+00	1.01E+00	-8.43E-02	bad-chisq
group_9228	5.00E-02	1.69E-01	1.75E-01	1.16E+00	9.68E-01	-6.25E-02	bad-chisq
group_9071	5.00E-02	6.46E-01	5.54E-01	3.57E-01	1.10E+00	-2.08E-02	bad-chisq
group_9070	5.00E-02	2.18E-02	2.12E-02	2.50E+00	6.18E-01	-1.04E-01	bad-chisq
ynfL	5.00E-02	6.46E-01	5.54E-01	3.57E-01	1.10E+00	-2.08E-02	bad-chisq
group_9060	5.00E-02	6.46E-01	5.54E-01	3.57E-01	1.10E+00	-2.08E-02	bad-chisq
group_9059	5.00E-02	6.46E-01	5.54E-01	3.57E-01	1.10E+00	-2.08E-02	bad-chisq
group_9058	5.00E-02	6.46E-01	5.54E-01	3.57E-01	1.10E+00	-2.08E-02	bad-chisq
group_9056	5.00E-02	6.46E-01	5.54E-01	3.57E-01	1.10E+00	-2.08E-02	bad-chisq
group_9055	5.00E-02	6.46E-01	5.54E-01	3.57E-01	1.10E+00	-2.08E-02	bad-chisq
group_9054	5.00E-02	6.46E-01	5.54E-01	3.57E-01	1.10E+00	-2.08E-02	bad-chisq
group_9053	5.00E-02	6.46E-01	5.54E-01	3.57E-01	1.10E+00	-2.08E-02	bad-chisq
blaNDM1	5.00E-02	2.18E-02	2.12E-02	-2.50E+00	6.18E-01	1.04E-01	bad-chisq
ble	5.00E-02	2.18E-02	2.12E-02	-2.50E+00	6.18E-01	1.04E-01	bad-chisq
group_8920	5.00E-02	2.18E-02	2.12E-02	-2.50E+00	6.18E-01	1.04E-01	bad-chisq
group_8919	5.00E-02	2.18E-02	2.12E-02	-2.50E+00	6.18E-01	1.04E-01	bad-chisq
group_8879	5.00E-02	2.18E-02	2.12E-02	2.50E+00	6.18E-01	-1.04E-01	bad-chisq
group_8878	5.00E-02	2.18E-02	2.12E-02	2.50E+00	6.18E-01	-1.04E-01	bad-chisq
aac3IId	5.00E-02	2.18E-02	2.12E-02	2.50E+00	6.18E-01	-1.04E-01	bad-chisq
group_8877	5.00E-02	2.18E-02	2.12E-02	2.50E+00	6.18E-01	-1.04E-01	bad-chisq
sat2	5.00E-02	1.69E-01	1.75E-01	-1.16E+00	9.68E-01	6.25E-02	bad-chisq
group_8796	5.00E-02	1.69E-01	1.75E-01	1.16E+00	9.68E-01	-6.25E-02	bad-chisq
group_8790	5.00E-02	6.46E-01	5.54E-01	3.57E-01	1.10E+00	-2.08E-02	bad-chisq
group_8787	5.00E-02	6.46E-01	5.54E-01	3.57E-01	1.10E+00	-2.08E-02	bad-chisq
group_8774	5.00E-02	6.46E-01	5.54E-01	3.57E-01	1.10E+00	-2.08E-02	bad-chisq
group_8686	5.00E-02	6.46E-01	5.54E-01	-3.57E-01	1.10E+00	2.08E-02	bad-chisq
group_8685	5.00E-02	1.69E-01	1.75E-01	1.16E+00	9.68E-01	-6.25E-02	bad-chisq
group_8653	5.00E-02	2.18E-02	2.12E-02	2.50E+00	6.18E-01	-1.04E-01	bad-chisq
group_8647	5.00E-02	1.69E-01	1.75E-01	-1.16E+00	9.68E-01	6.25E-02	bad-chisq
group_8614	5.00E-02	6.46E-01	5.54E-01	-3.57E-01	1.10E+00	2.08E-02	bad-chisq
group_8536	5.00E-02	2.18E-02	2.12E-02	-2.50E+00	6.18E-01	1.04E-01	bad-chisq
group_8516	5.00E-02	6.46E-01	5.54E-01	3.57E-01	1.10E+00	-2.08E-02	bad-chisq
group_8501	5.00E-02	6.46E-01	5.54E-01	-3.57E-01	1.10E+00	2.08E-02	bad-chisq
group_8423	5.00E-02	1.69E-01	1.75E-01	-1.16E+00	9.68E-01	6.25E-02	bad-chisq
group_8411	5.00E-02	6.46E-01	5.54E-01	-3.57E-01	1.10E+00	2.08E-02	bad-chisq
group_8410	5.00E-02	6.46E-01	5.54E-01	-3.57E-01	1.10E+00	2.08E-02	bad-chisq
group_8409	5.00E-02	6.46E-01	5.54E-01	-3.57E-01	1.10E+00	2.08E-02	bad-chisq
group_8399	5.00E-02	2.18E-02	2.12E-02	-2.50E+00	6.18E-01	1.04E-01	bad-chisq
group_8390	5.00E-02	1.69E-01	1.75E-01	-1.16E+00	9.68E-01	6.25E-02	bad-chisq
group_8379	5.00E-02	6.46E-01	5.54E-01	3.57E-01	1.10E+00	-2.08E-02	bad-chisq
group_8377	5.00E-02	6.46E-01	5.54E-01	3.57E-01	1.10E+00	-2.08E-02	bad-chisq
group_8376	5.00E-02	1.69E-01	1.75E-01	-1.16E+00	9.68E-01	6.25E-02	bad-chisq
group_8374	5.00E-02	6.46E-01	5.54E-01	-3.57E-01	1.10E+00	2.08E-02	bad-chisq
group_8362	5.00E-02	6.46E-01	5.54E-01	-3.57E-01	1.10E+00	2.08E-02	bad-chisq
group_8317	5.00E-02	2.18E-02	2.12E-02	2.50E+00	6.18E-01	-1.04E-01	bad-chisq
group_8287	5.00E-02	1.69E-01	1.75E-01	-1.16E+00	9.68E-01	6.25E-02	bad-chisq
group_8261	5.00E-02	6.46E-01	5.54E-01	-3.57E-01	1.10E+00	2.08E-02	bad-chisq
group_8147	5.00E-02	6.46E-01	5.54E-01	-3.57E-01	1.10E+00	2.08E-02	bad-chisq
group_8145	5.00E-02	6.46E-01	5.54E-01	3.57E-01	1.10E+00	-2.08E-02	bad-chisq
group_8117	5.00E-02	6.46E-01	5.54E-01	-3.57E-01	1.10E+00	2.08E-02	bad-chisq
group_8094	5.00E-02	1.69E-01	1.75E-01	1.16E+00	9.68E-01	-6.25E-02	bad-chisq
group_8051	5.00E-02	6.46E-01	5.54E-01	-3.57E-01	1.10E+00	2.08E-02	bad-chisq
group_8022	5.00E-02	6.46E-01	5.54E-01	-3.57E-01	1.10E+00	2.08E-02	bad-chisq
group_7982	5.00E-02	1.69E-01	1.75E-01	-1.16E+00	9.68E-01	6.25E-02	bad-chisq
group_7952	5.00E-02	1.69E-01	1.75E-01	1.16E+00	9.68E-01	-6.25E-02	bad-chisq
group_7942	5.00E-02	6.46E-01	5.54E-01	3.57E-01	1.10E+00	-2.08E-02	bad-chisq
group_7934	5.00E-02	6.46E-01	5.54E-01	-3.57E-01	1.10E+00	2.08E-02	bad-chisq
group_7900	5.00E-02	1.69E-01	1.75E-01	-1.16E+00	9.68E-01	6.25E-02	bad-chisq
group_7896	5.00E-02	6.46E-01	5.54E-01	-3.57E-01	1.10E+00	2.08E-02	bad-chisq
group_7895	5.00E-02	6.46E-01	5.54E-01	-3.57E-01	1.10E+00	2.08E-02	bad-chisq
group_7844	5.00E-02	6.46E-01	5.54E-01	-3.57E-01	1.10E+00	2.08E-02	bad-chisq
group_7843	5.00E-02	6.46E-01	5.54E-01	-3.57E-01	1.10E+00	2.08E-02	bad-chisq
group_7803	5.00E-02	6.46E-01	5.54E-01	-3.57E-01	1.10E+00	2.08E-02	bad-chisq
group_7802	5.00E-02	1.69E-01	1.75E-01	1.16E+00	9.68E-01	-6.25E-02	bad-chisq
group_7763	5.00E-02	6.46E-01	5.54E-01	3.57E-01	1.10E+00	-2.08E-02	bad-chisq
group_7740	5.00E-02	6.46E-01	5.54E-01	-3.57E-01	1.10E+00	2.08E-02	bad-chisq
group_7734	5.00E-02	2.18E-02	2.12E-02	-2.50E+00	6.18E-01	1.04E-01	bad-chisq
group_7691	5.00E-02	6.46E-01	5.54E-01	-3.57E-01	1.10E+00	2.08E-02	bad-chisq
group_7648	5.00E-02	2.18E-02	2.12E-02	-2.50E+00	6.18E-01	1.04E-01	bad-chisq
group_7585	5.00E-02	6.46E-01	5.54E-01	-3.57E-01	1.10E+00	2.08E-02	bad-chisq
group_7518	5.00E-02	1.69E-01	1.75E-01	-1.16E+00	9.68E-01	6.25E-02	bad-chisq
group_7502	5.00E-02	1.69E-01	1.75E-01	-1.16E+00	9.68E-01	6.25E-02	bad-chisq
group_7476	5.00E-02	6.46E-01	5.54E-01	3.57E-01	1.10E+00	-2.08E-02	bad-chisq
group_7464	5.00E-02	6.46E-01	5.54E-01	-3.57E-01	1.10E+00	2.08E-02	bad-chisq
group_7404	5.00E-02	1.69E-01	1.75E-01	-1.16E+00	9.68E-01	6.25E-02	bad-chisq
group_7267	5.00E-02	1.69E-01	1.75E-01	-1.16E+00	9.68E-01	6.25E-02	bad-chisq
group_7252	5.00E-02	1.69E-01	1.75E-01	1.16E+00	9.68E-01	-6.25E-02	bad-chisq
group_7239	5.00E-02	6.46E-01	5.54E-01	-3.57E-01	1.10E+00	2.08E-02	bad-chisq
group_7226	5.00E-02	1.69E-01	1.75E-01	1.16E+00	9.68E-01	-6.25E-02	bad-chisq
group_7168	5.00E-02	6.46E-01	5.54E-01	3.57E-01	1.10E+00	-2.08E-02	bad-chisq
group_7143	5.00E-02	6.46E-01	5.54E-01	-3.57E-01	1.10E+00	2.08E-02	bad-chisq
group_7133	5.00E-02	1.69E-01	1.75E-01	-1.16E+00	9.68E-01	6.25E-02	bad-chisq
group_7125	5.00E-02	6.46E-01	5.54E-01	3.57E-01	1.10E+00	-2.08E-02	bad-chisq
group_7115	5.00E-02	1.69E-01	1.75E-01	-1.16E+00	9.68E-01	6.25E-02	bad-chisq
group_7067	5.00E-02	6.46E-01	5.54E-01	3.57E-01	1.10E+00	-2.08E-02	bad-chisq
group_7035	5.00E-02	6.46E-01	5.54E-01	3.57E-01	1.10E+00	-2.08E-02	bad-chisq
group_7017	5.00E-02	1.69E-01	1.75E-01	1.16E+00	9.68E-01	-6.25E-02	bad-chisq
group_7010	5.00E-02	1.69E-01	1.75E-01	-1.16E+00	9.68E-01	6.25E-02	bad-chisq
group_6941	5.00E-02	2.18E-02	2.12E-02	-2.50E+00	6.18E-01	1.04E-01	bad-chisq
group_6896	5.00E-02	1.69E-01	1.75E-01	-1.16E+00	9.68E-01	6.25E-02	bad-chisq
group_6814	5.00E-02	6.46E-01	5.54E-01	3.57E-01	1.10E+00	-2.08E-02	bad-chisq
group_6730	5.00E-02	1.69E-01	1.75E-01	1.16E+00	9.68E-01	-6.25E-02	bad-chisq
group_6705	5.00E-02	2.18E-02	2.12E-02	2.50E+00	6.18E-01	-1.04E-01	bad-chisq
group_6668	5.00E-02	1.69E-01	1.75E-01	-1.16E+00	9.68E-01	6.25E-02	bad-chisq
group_6664	5.00E-02	1.69E-01	1.75E-01	1.16E+00	9.68E-01	-6.25E-02	bad-chisq
group_6628	5.00E-02	2.18E-02	2.12E-02	-2.50E+00	6.18E-01	1.04E-01	bad-chisq
group_6582	5.00E-02	2.18E-02	2.12E-02	-2.50E+00	6.18E-01	1.04E-01	bad-chisq
group_6550	5.00E-02	6.46E-01	5.54E-01	-3.57E-01	1.10E+00	2.08E-02	bad-chisq
group_6540	5.00E-02	6.46E-01	5.54E-01	-3.57E-01	1.10E+00	2.08E-02	bad-chisq
racR	5.00E-02	2.18E-02	2.12E-02	-2.50E+00	6.18E-01	1.04E-01	bad-chisq
group_6407	5.00E-02	6.46E-01	5.54E-01	3.57E-01	1.10E+00	-2.08E-02	bad-chisq
group_6396	5.00E-02	6.46E-01	5.54E-01	3.57E-01	1.10E+00	-2.08E-02	bad-chisq
group_6364	5.00E-02	6.46E-01	5.54E-01	-3.57E-01	1.10E+00	2.08E-02	bad-chisq
group_6363	5.00E-02	1.69E-01	1.75E-01	1.16E+00	9.68E-01	-6.25E-02	bad-chisq
group_6351	5.00E-02	1.69E-01	1.75E-01	1.16E+00	9.68E-01	-6.25E-02	bad-chisq
group_6328	5.00E-02	1.69E-01	1.75E-01	1.16E+00	9.68E-01	-6.25E-02	bad-chisq
group_6291	5.00E-02	6.46E-01	5.54E-01	-3.57E-01	1.10E+00	2.08E-02	bad-chisq
group_6259	5.00E-02	6.46E-01	5.54E-01	-3.57E-01	1.10E+00	2.08E-02	bad-chisq
group_6240	5.00E-02	6.46E-01	5.54E-01	-3.57E-01	1.10E+00	2.08E-02	bad-chisq
group_6236	5.00E-02	6.46E-01	5.54E-01	-3.57E-01	1.10E+00	2.08E-02	bad-chisq
group_6178	5.00E-02	1.69E-01	1.75E-01	-1.16E+00	9.68E-01	6.25E-02	bad-chisq
group_6168	5.00E-02	6.46E-01	5.54E-01	-3.57E-01	1.10E+00	2.08E-02	bad-chisq
group_6166	5.00E-02	6.46E-01	5.54E-01	3.57E-01	1.10E+00	-2.08E-02	bad-chisq
group_6152	5.00E-02	6.46E-01	5.54E-01	3.57E-01	1.10E+00	-2.08E-02	bad-chisq
group_5947	5.00E-02	6.46E-01	5.54E-01	-3.57E-01	1.10E+00	2.08E-02	bad-chisq
group_5945	5.00E-02	1.69E-01	1.75E-01	1.16E+00	9.68E-01	-6.25E-02	bad-chisq
group_5935	5.00E-02	6.46E-01	5.54E-01	-3.57E-01	1.10E+00	2.08E-02	bad-chisq
dfrA17	5.00E-02	2.18E-02	2.12E-02	2.50E+00	6.18E-01	-1.04E-01	bad-chisq
group_5877	5.00E-02	6.46E-01	5.54E-01	-3.57E-01	1.10E+00	2.08E-02	bad-chisq
group_5855	5.00E-02	6.46E-01	5.54E-01	-3.57E-01	1.10E+00	2.08E-02	bad-chisq
group_5847	5.00E-02	1.69E-01	1.75E-01	-1.16E+00	9.68E-01	6.25E-02	bad-chisq
group_5826	5.00E-02	6.46E-01	5.54E-01	-3.57E-01	1.10E+00	2.08E-02	bad-chisq
group_5815	5.00E-02	1.69E-01	1.75E-01	1.16E+00	9.68E-01	-6.25E-02	bad-chisq
group_5773	5.00E-02	6.46E-01	5.54E-01	-3.57E-01	1.10E+00	2.08E-02	bad-chisq
group_5686	5.00E-02	6.46E-01	5.54E-01	-3.57E-01	1.10E+00	2.08E-02	bad-chisq
group_5580	5.00E-02	1.69E-01	1.75E-01	-1.16E+00	9.68E-01	6.25E-02	bad-chisq
group_5477	5.00E-02	6.46E-01	5.54E-01	-3.57E-01	1.10E+00	2.08E-02	bad-chisq
zorB	5.00E-02	1.69E-01	1.75E-01	-1.16E+00	9.68E-01	6.25E-02	bad-chisq
group_5336	5.00E-02	1.69E-01	1.75E-01	-1.16E+00	9.68E-01	6.25E-02	bad-chisq
group_5301	5.00E-02	1.69E-01	1.75E-01	1.16E+00	9.68E-01	-6.25E-02	bad-chisq
aadA5	5.00E-02	2.18E-02	2.12E-02	2.50E+00	6.18E-01	-1.04E-01	bad-chisq
group_5259	5.00E-02	6.46E-01	5.54E-01	-3.57E-01	1.10E+00	2.08E-02	bad-chisq
group_5249	5.00E-02	6.46E-01	5.54E-01	-3.57E-01	1.10E+00	2.08E-02	bad-chisq
group_5227	5.00E-02	6.46E-01	5.54E-01	-3.57E-01	1.10E+00	2.08E-02	bad-chisq
group_5226	5.00E-02	6.46E-01	5.54E-01	-3.57E-01	1.10E+00	2.08E-02	bad-chisq
uspA	5.00E-02	1.69E-01	1.75E-01	-1.16E+00	9.68E-01	6.25E-02	bad-chisq
group_5134	5.00E-02	6.46E-01	5.54E-01	-3.57E-01	1.10E+00	2.08E-02	bad-chisq
group_5130	5.00E-02	6.46E-01	5.54E-01	-3.57E-01	1.10E+00	2.08E-02	bad-chisq
group_4985	5.00E-02	6.46E-01	5.54E-01	-3.57E-01	1.10E+00	2.08E-02	bad-chisq
group_4955	5.00E-02	2.18E-02	2.12E-02	2.50E+00	6.18E-01	-1.04E-01	bad-chisq
group_4949	5.00E-02	1.69E-01	1.75E-01	1.16E+00	9.68E-01	-6.25E-02	bad-chisq
group_4906	5.00E-02	2.18E-02	2.12E-02	-2.50E+00	6.18E-01	1.04E-01	bad-chisq
group_4880	5.00E-02	1.69E-01	1.75E-01	-1.16E+00	9.68E-01	6.25E-02	bad-chisq
group_4762	5.00E-02	1.69E-01	1.75E-01	-1.16E+00	9.68E-01	6.25E-02	bad-chisq
group_4665	5.00E-02	1.69E-01	1.75E-01	1.16E+00	9.68E-01	-6.25E-02	bad-chisq
group_4625	5.00E-02	6.46E-01	5.54E-01	-3.57E-01	1.10E+00	2.08E-02	bad-chisq
group_4606	5.00E-02	6.46E-01	5.54E-01	3.57E-01	1.10E+00	-2.08E-02	bad-chisq
group_4605	5.00E-02	6.46E-01	5.54E-01	-3.57E-01	1.10E+00	2.08E-02	bad-chisq
group_4587	5.00E-02	1.69E-01	1.75E-01	1.16E+00	9.68E-01	-6.25E-02	bad-chisq
group_4580	5.00E-02	1.69E-01	1.75E-01	1.16E+00	9.68E-01	-6.25E-02	bad-chisq
group_4533	5.00E-02	2.18E-02	2.12E-02	-2.50E+00	6.18E-01	1.04E-01	bad-chisq
group_4501	5.00E-02	1.69E-01	1.75E-01	-1.16E+00	9.68E-01	6.25E-02	bad-chisq
group_4494	5.00E-02	1.69E-01	1.75E-01	-1.16E+00	9.68E-01	6.25E-02	bad-chisq
group_4399	5.00E-02	1.69E-01	1.75E-01	-1.16E+00	9.68E-01	6.25E-02	bad-chisq
group_4359	5.00E-02	1.69E-01	1.75E-01	-1.16E+00	9.68E-01	6.25E-02	bad-chisq
group_4357	5.00E-02	1.69E-01	1.75E-01	1.16E+00	9.68E-01	-6.25E-02	bad-chisq
group_4355	5.00E-02	1.69E-01	1.75E-01	1.16E+00	9.68E-01	-6.25E-02	bad-chisq
group_4345	5.00E-02	1.69E-01	1.75E-01	-1.16E+00	9.68E-01	6.25E-02	bad-chisq
group_4244	5.00E-02	6.46E-01	5.54E-01	3.57E-01	1.10E+00	-2.08E-02	bad-chisq
group_4173	5.00E-02	1.69E-01	1.75E-01	-1.16E+00	9.68E-01	6.25E-02	bad-chisq
group_4081	5.00E-02	6.46E-01	5.54E-01	3.57E-01	1.10E+00	-2.08E-02	bad-chisq
group_4061	5.00E-02	1.69E-01	1.75E-01	-1.16E+00	9.68E-01	6.25E-02	bad-chisq
group_4027	5.00E-02	6.46E-01	5.54E-01	3.57E-01	1.10E+00	-2.08E-02	bad-chisq
group_4018	5.00E-02	6.46E-01	5.54E-01	-3.57E-01	1.10E+00	2.08E-02	bad-chisq
group_3852	5.00E-02	6.46E-01	5.54E-01	-3.57E-01	1.10E+00	2.08E-02	bad-chisq
group_3807	5.00E-02	6.46E-01	5.54E-01	3.57E-01	1.10E+00	-2.08E-02	bad-chisq
group_3806	5.00E-02	6.46E-01	5.54E-01	-3.57E-01	1.10E+00	2.08E-02	bad-chisq
group_3765	5.00E-02	6.46E-01	5.54E-01	-3.57E-01	1.10E+00	2.08E-02	bad-chisq
group_3761	5.00E-02	6.46E-01	5.54E-01	-3.57E-01	1.10E+00	2.08E-02	bad-chisq
group_3753	5.00E-02	6.46E-01	5.54E-01	-3.57E-01	1.10E+00	2.08E-02	bad-chisq
group_3741	5.00E-02	6.46E-01	5.54E-01	-3.57E-01	1.10E+00	2.08E-02	bad-chisq
group_3707	5.00E-02	6.46E-01	5.54E-01	3.57E-01	1.10E+00	-2.08E-02	bad-chisq
group_3687	5.00E-02	6.46E-01	5.54E-01	3.57E-01	1.10E+00	-2.08E-02	bad-chisq
group_3639	5.00E-02	1.69E-01	1.75E-01	1.16E+00	9.68E-01	-6.25E-02	bad-chisq
group_3613	5.00E-02	6.46E-01	5.54E-01	3.57E-01	1.10E+00	-2.08E-02	bad-chisq
group_3581	5.00E-02	6.46E-01	5.54E-01	-3.57E-01	1.10E+00	2.08E-02	bad-chisq
group_3571	5.00E-02	6.46E-01	5.54E-01	-3.57E-01	1.10E+00	2.08E-02	bad-chisq
yfdR	5.00E-02	6.46E-01	5.54E-01	-3.57E-01	1.10E+00	2.08E-02	bad-chisq
group_3505	5.00E-02	6.46E-01	5.54E-01	-3.57E-01	1.10E+00	2.08E-02	bad-chisq
group_3480	5.00E-02	2.18E-02	2.12E-02	-2.50E+00	6.18E-01	1.04E-01	bad-chisq
group_3461	5.00E-02	6.46E-01	5.54E-01	3.57E-01	1.10E+00	-2.08E-02	bad-chisq
group_3452	5.00E-02	2.18E-02	2.12E-02	-2.50E+00	6.18E-01	1.04E-01	bad-chisq
group_3423	5.00E-02	6.46E-01	5.54E-01	-3.57E-01	1.10E+00	2.08E-02	bad-chisq
group_3353	5.00E-02	1.69E-01	1.75E-01	1.16E+00	9.68E-01	-6.25E-02	bad-chisq
group_3352	5.00E-02	1.69E-01	1.75E-01	-1.16E+00	9.68E-01	6.25E-02	bad-chisq
group_3316	5.00E-02	1.69E-01	1.75E-01	1.16E+00	9.68E-01	-6.25E-02	bad-chisq
group_3298	5.00E-02	6.46E-01	5.54E-01	-3.57E-01	1.10E+00	2.08E-02	bad-chisq
group_3296	5.00E-02	2.18E-02	2.12E-02	-2.50E+00	6.18E-01	1.04E-01	bad-chisq
group_3263	5.00E-02	2.18E-02	2.12E-02	-2.50E+00	6.18E-01	1.04E-01	bad-chisq
group_3241	5.00E-02	2.18E-02	2.12E-02	2.50E+00	6.18E-01	-1.04E-01	bad-chisq
yubB	5.00E-02	1.69E-01	1.75E-01	1.16E+00	9.68E-01	-6.25E-02	bad-chisq
group_3222	5.00E-02	6.46E-01	5.54E-01	3.57E-01	1.10E+00	-2.08E-02	bad-chisq
group_3175	5.00E-02	2.18E-02	2.12E-02	2.50E+00	6.18E-01	-1.04E-01	bad-chisq
yfdQ	5.00E-02	6.46E-01	5.54E-01	-3.57E-01	1.10E+00	2.08E-02	bad-chisq
group_3116	5.00E-02	6.46E-01	5.54E-01	-3.57E-01	1.10E+00	2.08E-02	bad-chisq
group_3066	5.00E-02	6.46E-01	5.54E-01	-3.57E-01	1.10E+00	2.08E-02	bad-chisq
group_2979	5.00E-02	1.69E-01	1.75E-01	-1.16E+00	9.68E-01	6.25E-02	bad-chisq
group_2820	5.00E-02	6.46E-01	5.54E-01	-3.57E-01	1.10E+00	2.08E-02	bad-chisq
group_2766	5.00E-02	6.46E-01	5.54E-01	-3.57E-01	1.10E+00	2.08E-02	bad-chisq
group_2738	5.00E-02	6.46E-01	5.54E-01	3.57E-01	1.10E+00	-2.08E-02	bad-chisq
group_2717	5.00E-02	2.18E-02	2.12E-02	-2.50E+00	6.18E-01	1.04E-01	bad-chisq
group_2666	5.00E-02	2.18E-02	2.12E-02	-2.50E+00	6.18E-01	1.04E-01	bad-chisq
group_2585	5.00E-02	1.69E-01	1.75E-01	1.16E+00	9.68E-01	-6.25E-02	bad-chisq
group_2545	5.00E-02	6.46E-01	5.54E-01	-3.57E-01	1.10E+00	2.08E-02	bad-chisq
group_2534	5.00E-02	1.69E-01	1.75E-01	1.16E+00	9.68E-01	-6.25E-02	bad-chisq
group_2468	5.00E-02	2.18E-02	2.12E-02	-2.50E+00	6.18E-01	1.04E-01	bad-chisq
group_2448	5.00E-02	1.69E-01	1.75E-01	1.16E+00	9.68E-01	-6.25E-02	bad-chisq
group_2435	5.00E-02	6.46E-01	5.54E-01	3.57E-01	1.10E+00	-2.08E-02	bad-chisq
group_2398	5.00E-02	1.69E-01	1.75E-01	-1.16E+00	9.68E-01	6.25E-02	bad-chisq
group_2361	5.00E-02	6.46E-01	5.54E-01	-3.57E-01	1.10E+00	2.08E-02	bad-chisq
group_2309	5.00E-02	1.69E-01	1.75E-01	-1.16E+00	9.68E-01	6.25E-02	bad-chisq
group_2260	5.00E-02	1.69E-01	1.75E-01	-1.16E+00	9.68E-01	6.25E-02	bad-chisq
group_2252	5.00E-02	6.46E-01	5.54E-01	-3.57E-01	1.10E+00	2.08E-02	bad-chisq
group_2223	5.00E-02	6.46E-01	5.54E-01	-3.57E-01	1.10E+00	2.08E-02	bad-chisq
group_2183	5.00E-02	1.69E-01	1.75E-01	1.16E+00	9.68E-01	-6.25E-02	bad-chisq
group_2172	5.00E-02	6.46E-01	5.54E-01	-3.57E-01	1.10E+00	2.08E-02	bad-chisq
group_2169	5.00E-02	6.46E-01	5.54E-01	-3.57E-01	1.10E+00	2.08E-02	bad-chisq
group_2140	5.00E-02	1.69E-01	1.75E-01	-1.16E+00	9.68E-01	6.25E-02	bad-chisq
group_2138	5.00E-02	6.46E-01	5.54E-01	-3.57E-01	1.10E+00	2.08E-02	bad-chisq
group_2137	5.00E-02	1.69E-01	1.75E-01	1.16E+00	9.68E-01	-6.25E-02	bad-chisq
group_2081	5.00E-02	6.46E-01	5.54E-01	3.57E-01	1.10E+00	-2.08E-02	bad-chisq
group_2072	5.00E-02	2.18E-02	2.12E-02	2.50E+00	6.18E-01	-1.04E-01	bad-chisq
group_2045	5.00E-02	6.46E-01	5.54E-01	3.57E-01	1.10E+00	-2.08E-02	bad-chisq
group_2036	5.00E-02	1.69E-01	1.75E-01	1.16E+00	9.68E-01	-6.25E-02	bad-chisq
group_2035	5.00E-02	1.69E-01	1.75E-01	1.16E+00	9.68E-01	-6.25E-02	bad-chisq
group_2022	5.00E-02	2.18E-02	2.12E-02	-2.50E+00	6.18E-01	1.04E-01	bad-chisq
group_1972	5.00E-02	6.46E-01	5.54E-01	3.57E-01	1.10E+00	-2.08E-02	bad-chisq
group_1958	5.00E-02	2.18E-02	2.12E-02	-2.50E+00	6.18E-01	1.04E-01	bad-chisq
group_1868	5.00E-02	6.46E-01	5.54E-01	-3.57E-01	1.10E+00	2.08E-02	bad-chisq
group_1867	5.00E-02	6.46E-01	5.54E-01	-3.57E-01	1.10E+00	2.08E-02	bad-chisq
group_1777	5.00E-02	6.46E-01	5.54E-01	-3.57E-01	1.10E+00	2.08E-02	bad-chisq
group_1710	5.00E-02	2.18E-02	2.12E-02	2.50E+00	6.18E-01	-1.04E-01	bad-chisq
group_1616	5.00E-02	6.46E-01	5.54E-01	3.57E-01	1.10E+00	-2.08E-02	bad-chisq
group_1570	5.00E-02	1.69E-01	1.75E-01	-1.16E+00	9.68E-01	6.25E-02	bad-chisq
group_1502	5.00E-02	1.69E-01	1.75E-01	-1.16E+00	9.68E-01	6.25E-02	bad-chisq
group_1421	5.00E-02	1.69E-01	1.75E-01	1.16E+00	9.68E-01	-6.25E-02	bad-chisq
group_1345	5.00E-02	1.69E-01	1.75E-01	-1.16E+00	9.68E-01	6.25E-02	bad-chisq
group_1319	5.00E-02	1.69E-01	1.75E-01	1.16E+00	9.68E-01	-6.25E-02	bad-chisq
group_1185	5.00E-02	6.46E-01	5.54E-01	-3.57E-01	1.10E+00	2.08E-02	bad-chisq
zorC	5.00E-02	1.69E-01	1.75E-01	-1.16E+00	9.68E-01	6.25E-02	bad-chisq
group_988	5.00E-02	2.18E-02	2.12E-02	2.50E+00	6.18E-01	-1.04E-01	bad-chisq
group_918	5.00E-02	6.46E-01	5.54E-01	3.57E-01	1.10E+00	-2.08E-02	bad-chisq
group_917	5.00E-02	6.46E-01	5.54E-01	-3.57E-01	1.10E+00	2.08E-02	bad-chisq
group_886	5.00E-02	1.69E-01	1.75E-01	-1.16E+00	9.68E-01	6.25E-02	bad-chisq
group_711	5.00E-02	1.69E-01	1.75E-01	1.16E+00	9.68E-01	-6.25E-02	bad-chisq
group_656	5.00E-02	6.46E-01	5.54E-01	-3.57E-01	1.10E+00	2.08E-02	bad-chisq
group_639	5.00E-02	6.46E-01	5.54E-01	-3.57E-01	1.10E+00	2.08E-02	bad-chisq
group_585	5.00E-02	6.46E-01	5.54E-01	3.57E-01	1.10E+00	-2.08E-02	bad-chisq
group_551	5.00E-02	1.69E-01	1.75E-01	-1.16E+00	9.68E-01	6.25E-02	bad-chisq
group_502	5.00E-02	6.46E-01	5.54E-01	-3.57E-01	1.10E+00	2.08E-02	bad-chisq
group_497	5.00E-02	6.46E-01	5.54E-01	-3.57E-01	1.10E+00	2.08E-02	bad-chisq
group_476	5.00E-02	1.69E-01	1.75E-01	1.16E+00	9.68E-01	-6.25E-02	bad-chisq
group_473	5.00E-02	1.69E-01	1.75E-01	1.16E+00	9.68E-01	-6.25E-02	bad-chisq
group_447	5.00E-02	1.69E-01	1.75E-01	-1.16E+00	9.68E-01	6.25E-02	bad-chisq
group_431	5.00E-02	6.46E-01	5.54E-01	3.57E-01	1.10E+00	-2.08E-02	bad-chisq
trbF	5.00E-02	1.69E-01	1.75E-01	-1.16E+00	9.68E-01	6.25E-02	bad-chisq
group_414	5.00E-02	1.69E-01	1.75E-01	-1.16E+00	9.68E-01	6.25E-02	bad-chisq
group_404	5.00E-02	6.46E-01	5.54E-01	-3.57E-01	1.10E+00	2.08E-02	bad-chisq
group_398	5.00E-02	2.18E-02	2.12E-02	-2.50E+00	6.18E-01	1.04E-01	bad-chisq
group_394	5.00E-02	6.46E-01	5.54E-01	3.57E-01	1.10E+00	-2.08E-02	bad-chisq
group_368	5.00E-02	6.46E-01	5.54E-01	3.57E-01	1.10E+00	-2.08E-02	bad-chisq
group_321	5.00E-02	6.46E-01	5.54E-01	-3.57E-01	1.10E+00	2.08E-02	bad-chisq
group_309	5.00E-02	2.18E-02	2.12E-02	-2.50E+00	6.18E-01	1.04E-01	bad-chisq
group_209	5.00E-02	6.46E-01	5.54E-01	3.57E-01	1.10E+00	-2.08E-02	bad-chisq
group_168	5.00E-02	1.69E-01	1.75E-01	-1.16E+00	9.68E-01	6.25E-02	bad-chisq
arsH	5.00E-02	1.69E-01	1.75E-01	-1.16E+00	9.68E-01	6.25E-02	bad-chisq
group_124	5.00E-02	6.46E-01	5.54E-01	3.57E-01	1.10E+00	-2.08E-02	bad-chisq
group_121	5.00E-02	2.18E-02	2.12E-02	2.50E+00	6.18E-01	-1.04E-01	bad-chisq
zorD	5.00E-02	1.69E-01	1.75E-01	-1.16E+00	9.68E-01	6.25E-02	bad-chisq
group_117	5.00E-02	6.46E-01	5.54E-01	-3.57E-01	1.10E+00	2.08E-02	bad-chisq
group_110	5.00E-02	1.69E-01	1.75E-01	-1.16E+00	9.68E-01	6.25E-02	bad-chisq
group_106	5.00E-02	2.18E-02	2.12E-02	-2.50E+00	6.18E-01	1.04E-01	bad-chisq
group_45	5.00E-02	2.18E-02	2.12E-02	-2.50E+00	6.18E-01	1.04E-01	bad-chisq
group_20	5.00E-02	6.46E-01	5.54E-01	3.57E-01	1.10E+00	-2.08E-02	bad-chisq
group_9598	4.00E-02	3.07E-01	3.64E-01	-8.89E-01	9.17E-01	4.12E-02	bad-chisq
group_9589	4.00E-02	4.12E-02	5.11E-02	-2.28E+00	6.00E-01	8.25E-02	bad-chisq
group_9270	4.00E-02	4.12E-02	5.11E-02	2.28E+00	6.00E-01	-8.25E-02	bad-chisq
group_9269	4.00E-02	4.12E-02	5.11E-02	2.28E+00	6.00E-01	-8.25E-02	bad-chisq
group_9268	4.00E-02	4.12E-02	5.11E-02	2.28E+00	6.00E-01	-8.25E-02	bad-chisq
group_9267	4.00E-02	4.12E-02	5.11E-02	2.28E+00	6.00E-01	-8.25E-02	bad-chisq
group_9265	4.00E-02	4.12E-02	5.11E-02	2.28E+00	6.00E-01	-8.25E-02	bad-chisq
group_9125	4.00E-02	3.07E-01	3.64E-01	-8.89E-01	9.17E-01	4.12E-02	bad-chisq
group_9067	4.00E-02	4.12E-02	5.11E-02	2.28E+00	6.00E-01	-8.25E-02	bad-chisq
group_9066	4.00E-02	4.12E-02	5.11E-02	2.28E+00	6.00E-01	-8.25E-02	bad-chisq
group_9065	4.00E-02	4.12E-02	5.11E-02	2.28E+00	6.00E-01	-8.25E-02	bad-chisq
group_9064	4.00E-02	4.12E-02	5.11E-02	2.28E+00	6.00E-01	-8.25E-02	bad-chisq
group_8712	4.00E-02	3.07E-01	3.64E-01	8.89E-01	9.17E-01	-4.12E-02	bad-chisq
group_8711	4.00E-02	1.00E+00	1.00E+00	0.00E+00	1.00E+00	0.00E+00	bad-chisq
yfdX2	4.00E-02	3.07E-01	3.64E-01	-8.89E-01	9.17E-01	4.12E-02	bad-chisq
shsP	4.00E-02	3.07E-01	3.64E-01	-8.89E-01	9.17E-01	4.12E-02	bad-chisq
group_8579	4.00E-02	4.12E-02	5.11E-02	-2.28E+00	6.00E-01	8.25E-02	bad-chisq
group_8572	4.00E-02	1.00E+00	1.00E+00	0.00E+00	1.00E+00	0.00E+00	bad-chisq
group_8563	4.00E-02	4.12E-02	5.11E-02	2.28E+00	6.00E-01	-8.25E-02	bad-chisq
group_8551	4.00E-02	4.12E-02	5.11E-02	-2.28E+00	6.00E-01	8.25E-02	bad-chisq
group_8538	4.00E-02	3.07E-01	3.64E-01	-8.89E-01	9.17E-01	4.12E-02	bad-chisq
group_8534	4.00E-02	3.07E-01	3.64E-01	8.89E-01	9.17E-01	-4.12E-02	bad-chisq
group_8518	4.00E-02	1.00E+00	1.00E+00	0.00E+00	1.00E+00	0.00E+00	bad-chisq
group_8460	4.00E-02	4.12E-02	5.11E-02	-2.28E+00	6.00E-01	8.25E-02	bad-chisq
psiGI	4.00E-02	3.07E-01	3.64E-01	-8.89E-01	9.17E-01	4.12E-02	bad-chisq
group_8387	4.00E-02	4.12E-02	5.11E-02	-2.28E+00	6.00E-01	8.25E-02	bad-chisq
group_8386	4.00E-02	3.07E-01	3.64E-01	-8.89E-01	9.17E-01	4.12E-02	bad-chisq
group_8380	4.00E-02	3.07E-01	3.64E-01	8.89E-01	9.17E-01	-4.12E-02	bad-chisq
group_8330	4.00E-02	3.07E-01	3.64E-01	8.89E-01	9.17E-01	-4.12E-02	bad-chisq
group_8321	4.00E-02	4.12E-02	5.11E-02	-2.28E+00	6.00E-01	8.25E-02	bad-chisq
parE	4.00E-02	4.12E-02	5.11E-02	-2.28E+00	6.00E-01	8.25E-02	bad-chisq
group_8222	4.00E-02	4.12E-02	5.11E-02	-2.28E+00	6.00E-01	8.25E-02	bad-chisq
group_8218	4.00E-02	4.12E-02	5.11E-02	-2.28E+00	6.00E-01	8.25E-02	bad-chisq
group_8213	4.00E-02	1.00E+00	1.00E+00	0.00E+00	1.00E+00	0.00E+00	bad-chisq
group_8176	4.00E-02	4.12E-02	5.11E-02	-2.28E+00	6.00E-01	8.25E-02	bad-chisq
group_8168	4.00E-02	4.12E-02	5.11E-02	-2.28E+00	6.00E-01	8.25E-02	bad-chisq
group_8151	4.00E-02	4.12E-02	5.11E-02	-2.28E+00	6.00E-01	8.25E-02	bad-chisq
group_8075	4.00E-02	1.00E+00	1.00E+00	0.00E+00	1.00E+00	0.00E+00	bad-chisq
group_8069	4.00E-02	4.12E-02	5.11E-02	-2.28E+00	6.00E-01	8.25E-02	bad-chisq
group_8041	4.00E-02	3.07E-01	3.64E-01	-8.89E-01	9.17E-01	4.12E-02	bad-chisq
group_8031	4.00E-02	4.12E-02	5.11E-02	-2.28E+00	6.00E-01	8.25E-02	bad-chisq
group_8019	4.00E-02	4.12E-02	5.11E-02	-2.28E+00	6.00E-01	8.25E-02	bad-chisq
group_8007	4.00E-02	4.12E-02	5.11E-02	-2.28E+00	6.00E-01	8.25E-02	bad-chisq
group_7984	4.00E-02	4.12E-02	5.11E-02	-2.28E+00	6.00E-01	8.25E-02	bad-chisq
group_7983	4.00E-02	4.12E-02	5.11E-02	-2.28E+00	6.00E-01	8.25E-02	bad-chisq
tumA	4.00E-02	4.12E-02	5.11E-02	-2.28E+00	6.00E-01	8.25E-02	bad-chisq
group_7918	4.00E-02	4.12E-02	5.11E-02	-2.28E+00	6.00E-01	8.25E-02	bad-chisq
group_7862	4.00E-02	4.12E-02	5.11E-02	-2.28E+00	6.00E-01	8.25E-02	bad-chisq
group_7819	4.00E-02	4.12E-02	5.11E-02	2.28E+00	6.00E-01	-8.25E-02	bad-chisq
group_7807	4.00E-02	3.07E-01	3.64E-01	-8.89E-01	9.17E-01	4.12E-02	bad-chisq
group_7801	4.00E-02	1.00E+00	1.00E+00	0.00E+00	1.00E+00	0.00E+00	bad-chisq
group_7776	4.00E-02	3.07E-01	3.64E-01	8.89E-01	9.17E-01	-4.12E-02	bad-chisq
group_7738	4.00E-02	4.12E-02	5.11E-02	2.28E+00	6.00E-01	-8.25E-02	bad-chisq
group_7710	4.00E-02	4.12E-02	5.11E-02	2.28E+00	6.00E-01	-8.25E-02	bad-chisq
group_7698	4.00E-02	4.12E-02	5.11E-02	-2.28E+00	6.00E-01	8.25E-02	bad-chisq
group_7686	4.00E-02	3.07E-01	3.64E-01	8.89E-01	9.17E-01	-4.12E-02	bad-chisq
group_7666	4.00E-02	4.12E-02	5.11E-02	2.28E+00	6.00E-01	-8.25E-02	bad-chisq
group_7650	4.00E-02	4.12E-02	5.11E-02	-2.28E+00	6.00E-01	8.25E-02	bad-chisq
group_7614	4.00E-02	3.07E-01	3.64E-01	-8.89E-01	9.17E-01	4.12E-02	bad-chisq
group_7610	4.00E-02	3.07E-01	3.64E-01	8.89E-01	9.17E-01	-4.12E-02	bad-chisq
group_7582	4.00E-02	4.12E-02	5.11E-02	2.28E+00	6.00E-01	-8.25E-02	bad-chisq
yafQ	4.00E-02	1.00E+00	1.00E+00	0.00E+00	1.00E+00	0.00E+00	bad-chisq
group_7546	4.00E-02	4.12E-02	5.11E-02	2.28E+00	6.00E-01	-8.25E-02	bad-chisq
group_7532	4.00E-02	4.12E-02	5.11E-02	-2.28E+00	6.00E-01	8.25E-02	bad-chisq
group_7501	4.00E-02	4.12E-02	5.11E-02	-2.28E+00	6.00E-01	8.25E-02	bad-chisq
group_7440	4.00E-02	3.07E-01	3.64E-01	8.89E-01	9.17E-01	-4.12E-02	bad-chisq
group_7420	4.00E-02	3.07E-01	3.64E-01	8.89E-01	9.17E-01	-4.12E-02	bad-chisq
group_7408	4.00E-02	4.12E-02	5.11E-02	-2.28E+00	6.00E-01	8.25E-02	bad-chisq
group_7388	4.00E-02	1.00E+00	1.00E+00	0.00E+00	1.00E+00	0.00E+00	bad-chisq
group_7362	4.00E-02	4.12E-02	5.11E-02	-2.28E+00	6.00E-01	8.25E-02	bad-chisq
group_7338	4.00E-02	3.07E-01	3.64E-01	-8.89E-01	9.17E-01	4.12E-02	bad-chisq
group_7305	4.00E-02	4.12E-02	5.11E-02	2.28E+00	6.00E-01	-8.25E-02	bad-chisq
group_7297	4.00E-02	4.12E-02	5.11E-02	-2.28E+00	6.00E-01	8.25E-02	bad-chisq
group_7295	4.00E-02	4.12E-02	5.11E-02	-2.28E+00	6.00E-01	8.25E-02	bad-chisq
group_7289	4.00E-02	4.12E-02	5.11E-02	-2.28E+00	6.00E-01	8.25E-02	bad-chisq
group_7280	4.00E-02	1.00E+00	1.00E+00	0.00E+00	1.00E+00	0.00E+00	bad-chisq
group_7273	4.00E-02	4.12E-02	5.11E-02	-2.28E+00	6.00E-01	8.25E-02	bad-chisq
group_7212	4.00E-02	4.12E-02	5.11E-02	-2.28E+00	6.00E-01	8.25E-02	bad-chisq
kikA	4.00E-02	4.12E-02	5.11E-02	2.28E+00	6.00E-01	-8.25E-02	bad-chisq
group_7190	4.00E-02	4.12E-02	5.11E-02	2.28E+00	6.00E-01	-8.25E-02	bad-chisq
group_7188	4.00E-02	4.12E-02	5.11E-02	2.28E+00	6.00E-01	-8.25E-02	bad-chisq
group_7162	4.00E-02	4.12E-02	5.11E-02	-2.28E+00	6.00E-01	8.25E-02	bad-chisq
group_7146	4.00E-02	4.12E-02	5.11E-02	-2.28E+00	6.00E-01	8.25E-02	bad-chisq
group_7134	4.00E-02	4.12E-02	5.11E-02	-2.28E+00	6.00E-01	8.25E-02	bad-chisq
group_7119	4.00E-02	4.12E-02	5.11E-02	-2.28E+00	6.00E-01	8.25E-02	bad-chisq
group_7113	4.00E-02	3.07E-01	3.64E-01	-8.89E-01	9.17E-01	4.12E-02	bad-chisq
group_7087	4.00E-02	4.12E-02	5.11E-02	-2.28E+00	6.00E-01	8.25E-02	bad-chisq
group_7060	4.00E-02	4.12E-02	5.11E-02	-2.28E+00	6.00E-01	8.25E-02	bad-chisq
group_7021	4.00E-02	3.07E-01	3.64E-01	8.89E-01	9.17E-01	-4.12E-02	bad-chisq
group_6995	4.00E-02	4.12E-02	5.11E-02	-2.28E+00	6.00E-01	8.25E-02	bad-chisq
group_6973	4.00E-02	4.12E-02	5.11E-02	-2.28E+00	6.00E-01	8.25E-02	bad-chisq
group_6968	4.00E-02	4.12E-02	5.11E-02	-2.28E+00	6.00E-01	8.25E-02	bad-chisq
group_6939	4.00E-02	4.12E-02	5.11E-02	2.28E+00	6.00E-01	-8.25E-02	bad-chisq
group_6893	4.00E-02	3.07E-01	3.64E-01	-8.89E-01	9.17E-01	4.12E-02	bad-chisq
group_6892	4.00E-02	4.12E-02	5.11E-02	-2.28E+00	6.00E-01	8.25E-02	bad-chisq
bamE	4.00E-02	4.12E-02	5.11E-02	-2.28E+00	6.00E-01	8.25E-02	bad-chisq
group_6871	4.00E-02	4.12E-02	5.11E-02	-2.28E+00	6.00E-01	8.25E-02	bad-chisq
group_6827	4.00E-02	3.07E-01	3.64E-01	-8.89E-01	9.17E-01	4.12E-02	bad-chisq
group_6784	4.00E-02	4.12E-02	5.11E-02	2.28E+00	6.00E-01	-8.25E-02	bad-chisq
group_6686	4.00E-02	1.00E+00	1.00E+00	0.00E+00	1.00E+00	0.00E+00	bad-chisq
group_6671	4.00E-02	4.12E-02	5.11E-02	-2.28E+00	6.00E-01	8.25E-02	bad-chisq
group_6670	4.00E-02	4.12E-02	5.11E-02	-2.28E+00	6.00E-01	8.25E-02	bad-chisq
group_6648	4.00E-02	4.12E-02	5.11E-02	2.28E+00	6.00E-01	-8.25E-02	bad-chisq
group_6635	4.00E-02	4.12E-02	5.11E-02	-2.28E+00	6.00E-01	8.25E-02	bad-chisq
group_6619	4.00E-02	4.12E-02	5.11E-02	-2.28E+00	6.00E-01	8.25E-02	bad-chisq
trxLHR	4.00E-02	3.07E-01	3.64E-01	-8.89E-01	9.17E-01	4.12E-02	bad-chisq
group_6539	4.00E-02	4.12E-02	5.11E-02	-2.28E+00	6.00E-01	8.25E-02	bad-chisq
group_6504	4.00E-02	1.00E+00	1.00E+00	0.00E+00	1.00E+00	0.00E+00	bad-chisq
group_6428	4.00E-02	4.12E-02	5.11E-02	-2.28E+00	6.00E-01	8.25E-02	bad-chisq
group_6409	4.00E-02	4.12E-02	5.11E-02	-2.28E+00	6.00E-01	8.25E-02	bad-chisq
group_6401	4.00E-02	4.12E-02	5.11E-02	-2.28E+00	6.00E-01	8.25E-02	bad-chisq
group_6382	4.00E-02	1.00E+00	1.00E+00	0.00E+00	1.00E+00	0.00E+00	bad-chisq
group_6362	4.00E-02	3.07E-01	3.64E-01	8.89E-01	9.17E-01	-4.12E-02	bad-chisq
group_6332	4.00E-02	4.12E-02	5.11E-02	-2.28E+00	6.00E-01	8.25E-02	bad-chisq
group_6279	4.00E-02	4.12E-02	5.11E-02	-2.28E+00	6.00E-01	8.25E-02	bad-chisq
group_6278	4.00E-02	4.12E-02	5.11E-02	-2.28E+00	6.00E-01	8.25E-02	bad-chisq
group_6273	4.00E-02	4.12E-02	5.11E-02	2.28E+00	6.00E-01	-8.25E-02	bad-chisq
group_6269	4.00E-02	3.07E-01	3.64E-01	8.89E-01	9.17E-01	-4.12E-02	bad-chisq
group_6261	4.00E-02	1.00E+00	1.00E+00	0.00E+00	1.00E+00	0.00E+00	bad-chisq
group_6260	4.00E-02	4.12E-02	5.11E-02	2.28E+00	6.00E-01	-8.25E-02	bad-chisq
group_6254	4.00E-02	3.07E-01	3.64E-01	-8.89E-01	9.17E-01	4.12E-02	bad-chisq
group_6234	4.00E-02	4.12E-02	5.11E-02	2.28E+00	6.00E-01	-8.25E-02	bad-chisq
group_6198	4.00E-02	4.12E-02	5.11E-02	2.28E+00	6.00E-01	-8.25E-02	bad-chisq
group_6143	4.00E-02	4.12E-02	5.11E-02	2.28E+00	6.00E-01	-8.25E-02	bad-chisq
group_6142	4.00E-02	3.07E-01	3.64E-01	8.89E-01	9.17E-01	-4.12E-02	bad-chisq
group_6127	4.00E-02	3.07E-01	3.64E-01	-8.89E-01	9.17E-01	4.12E-02	bad-chisq
group_6120	4.00E-02	4.12E-02	5.11E-02	-2.28E+00	6.00E-01	8.25E-02	bad-chisq
group_6115	4.00E-02	3.07E-01	3.64E-01	8.89E-01	9.17E-01	-4.12E-02	bad-chisq
group_6103	4.00E-02	4.12E-02	5.11E-02	-2.28E+00	6.00E-01	8.25E-02	bad-chisq
group_6076	4.00E-02	4.12E-02	5.11E-02	-2.28E+00	6.00E-01	8.25E-02	bad-chisq
group_6038	4.00E-02	4.12E-02	5.11E-02	-2.28E+00	6.00E-01	8.25E-02	bad-chisq
group_6002	4.00E-02	4.12E-02	5.11E-02	-2.28E+00	6.00E-01	8.25E-02	bad-chisq
group_5876	4.00E-02	3.07E-01	3.64E-01	-8.89E-01	9.17E-01	4.12E-02	bad-chisq
group_5867	4.00E-02	4.12E-02	5.11E-02	2.28E+00	6.00E-01	-8.25E-02	bad-chisq
group_5845	4.00E-02	3.07E-01	3.64E-01	-8.89E-01	9.17E-01	4.12E-02	bad-chisq
group_5803	4.00E-02	4.12E-02	5.11E-02	-2.28E+00	6.00E-01	8.25E-02	bad-chisq
group_5754	4.00E-02	4.12E-02	5.11E-02	-2.28E+00	6.00E-01	8.25E-02	bad-chisq
group_5743	4.00E-02	4.12E-02	5.11E-02	-2.28E+00	6.00E-01	8.25E-02	bad-chisq
group_5724	4.00E-02	1.00E+00	1.00E+00	0.00E+00	1.00E+00	0.00E+00	bad-chisq
group_5723	4.00E-02	4.12E-02	5.11E-02	2.28E+00	6.00E-01	-8.25E-02	bad-chisq
group_5715	4.00E-02	4.12E-02	5.11E-02	-2.28E+00	6.00E-01	8.25E-02	bad-chisq
group_5711	4.00E-02	4.12E-02	5.11E-02	2.28E+00	6.00E-01	-8.25E-02	bad-chisq
group_5704	4.00E-02	4.12E-02	5.11E-02	-2.28E+00	6.00E-01	8.25E-02	bad-chisq
group_5690	4.00E-02	4.12E-02	5.11E-02	-2.28E+00	6.00E-01	8.25E-02	bad-chisq
group_5658	4.00E-02	4.12E-02	5.11E-02	-2.28E+00	6.00E-01	8.25E-02	bad-chisq
group_5649	4.00E-02	4.12E-02	5.11E-02	-2.28E+00	6.00E-01	8.25E-02	bad-chisq
group_5593	4.00E-02	1.00E+00	1.00E+00	0.00E+00	1.00E+00	0.00E+00	bad-chisq
group_5585	4.00E-02	4.12E-02	5.11E-02	-2.28E+00	6.00E-01	8.25E-02	bad-chisq
group_5582	4.00E-02	4.12E-02	5.11E-02	-2.28E+00	6.00E-01	8.25E-02	bad-chisq
group_5578	4.00E-02	4.12E-02	5.11E-02	-2.28E+00	6.00E-01	8.25E-02	bad-chisq
group_5572	4.00E-02	4.12E-02	5.11E-02	-2.28E+00	6.00E-01	8.25E-02	bad-chisq
group_5555	4.00E-02	4.12E-02	5.11E-02	-2.28E+00	6.00E-01	8.25E-02	bad-chisq
group_5543	4.00E-02	1.00E+00	1.00E+00	0.00E+00	1.00E+00	0.00E+00	bad-chisq
group_5533	4.00E-02	4.12E-02	5.11E-02	-2.28E+00	6.00E-01	8.25E-02	bad-chisq
group_5524	4.00E-02	4.12E-02	5.11E-02	-2.28E+00	6.00E-01	8.25E-02	bad-chisq
group_5502	4.00E-02	4.12E-02	5.11E-02	-2.28E+00	6.00E-01	8.25E-02	bad-chisq
group_5479	4.00E-02	4.12E-02	5.11E-02	-2.28E+00	6.00E-01	8.25E-02	bad-chisq
group_5461	4.00E-02	4.12E-02	5.11E-02	-2.28E+00	6.00E-01	8.25E-02	bad-chisq
group_5442	4.00E-02	4.12E-02	5.11E-02	-2.28E+00	6.00E-01	8.25E-02	bad-chisq
group_5418	4.00E-02	1.00E+00	1.00E+00	0.00E+00	1.00E+00	0.00E+00	bad-chisq
group_5415	4.00E-02	4.12E-02	5.11E-02	-2.28E+00	6.00E-01	8.25E-02	bad-chisq
group_5413	4.00E-02	4.12E-02	5.11E-02	-2.28E+00	6.00E-01	8.25E-02	bad-chisq
group_5407	4.00E-02	3.07E-01	3.64E-01	-8.89E-01	9.17E-01	4.12E-02	bad-chisq
group_5406	4.00E-02	3.07E-01	3.64E-01	-8.89E-01	9.17E-01	4.12E-02	bad-chisq
group_5387	4.00E-02	4.12E-02	5.11E-02	2.28E+00	6.00E-01	-8.25E-02	bad-chisq
group_5307	4.00E-02	4.12E-02	5.11E-02	-2.28E+00	6.00E-01	8.25E-02	bad-chisq
aph3VI	4.00E-02	4.12E-02	5.11E-02	-2.28E+00	6.00E-01	8.25E-02	bad-chisq
group_5270	4.00E-02	4.12E-02	5.11E-02	-2.28E+00	6.00E-01	8.25E-02	bad-chisq
group_5258	4.00E-02	4.12E-02	5.11E-02	2.28E+00	6.00E-01	-8.25E-02	bad-chisq
group_5250	4.00E-02	4.12E-02	5.11E-02	-2.28E+00	6.00E-01	8.25E-02	bad-chisq
blaOXA10	4.00E-02	4.12E-02	5.11E-02	2.28E+00	6.00E-01	-8.25E-02	bad-chisq
group_5198	4.00E-02	4.12E-02	5.11E-02	2.28E+00	6.00E-01	-8.25E-02	bad-chisq
group_5168	4.00E-02	4.12E-02	5.11E-02	-2.28E+00	6.00E-01	8.25E-02	bad-chisq
group_5164	4.00E-02	3.07E-01	3.64E-01	-8.89E-01	9.17E-01	4.12E-02	bad-chisq
group_5161	4.00E-02	4.12E-02	5.11E-02	-2.28E+00	6.00E-01	8.25E-02	bad-chisq
group_5147	4.00E-02	3.07E-01	3.64E-01	-8.89E-01	9.17E-01	4.12E-02	bad-chisq
group_5136	4.00E-02	4.12E-02	5.11E-02	-2.28E+00	6.00E-01	8.25E-02	bad-chisq
group_5118	4.00E-02	4.12E-02	5.11E-02	-2.28E+00	6.00E-01	8.25E-02	bad-chisq
group_5095	4.00E-02	4.12E-02	5.11E-02	-2.28E+00	6.00E-01	8.25E-02	bad-chisq
group_5074	4.00E-02	4.12E-02	5.11E-02	-2.28E+00	6.00E-01	8.25E-02	bad-chisq
group_5065	4.00E-02	4.12E-02	5.11E-02	-2.28E+00	6.00E-01	8.25E-02	bad-chisq
group_5040	4.00E-02	4.12E-02	5.11E-02	-2.28E+00	6.00E-01	8.25E-02	bad-chisq
group_5018	4.00E-02	4.12E-02	5.11E-02	-2.28E+00	6.00E-01	8.25E-02	bad-chisq
group_5009	4.00E-02	1.00E+00	1.00E+00	0.00E+00	1.00E+00	0.00E+00	bad-chisq
group_4988	4.00E-02	4.12E-02	5.11E-02	-2.28E+00	6.00E-01	8.25E-02	bad-chisq
group_4878	4.00E-02	4.12E-02	5.11E-02	-2.28E+00	6.00E-01	8.25E-02	bad-chisq
yfdX1	4.00E-02	3.07E-01	3.64E-01	-8.89E-01	9.17E-01	4.12E-02	bad-chisq
group_4787	4.00E-02	3.07E-01	3.64E-01	-8.89E-01	9.17E-01	4.12E-02	bad-chisq
group_4773	4.00E-02	4.12E-02	5.11E-02	-2.28E+00	6.00E-01	8.25E-02	bad-chisq
group_4689	4.00E-02	3.07E-01	3.64E-01	-8.89E-01	9.17E-01	4.12E-02	bad-chisq
group_4676	4.00E-02	4.12E-02	5.11E-02	2.28E+00	6.00E-01	-8.25E-02	bad-chisq
group_4668	4.00E-02	4.12E-02	5.11E-02	-2.28E+00	6.00E-01	8.25E-02	bad-chisq
group_4660	4.00E-02	4.12E-02	5.11E-02	2.28E+00	6.00E-01	-8.25E-02	bad-chisq
group_4624	4.00E-02	3.07E-01	3.64E-01	8.89E-01	9.17E-01	-4.12E-02	bad-chisq
group_4618	4.00E-02	4.12E-02	5.11E-02	-2.28E+00	6.00E-01	8.25E-02	bad-chisq
group_4603	4.00E-02	4.12E-02	5.11E-02	-2.28E+00	6.00E-01	8.25E-02	bad-chisq
group_4550	4.00E-02	3.07E-01	3.64E-01	-8.89E-01	9.17E-01	4.12E-02	bad-chisq
group_4487	4.00E-02	4.12E-02	5.11E-02	2.28E+00	6.00E-01	-8.25E-02	bad-chisq
group_4478	4.00E-02	4.12E-02	5.11E-02	2.28E+00	6.00E-01	-8.25E-02	bad-chisq
group_4453	4.00E-02	4.12E-02	5.11E-02	2.28E+00	6.00E-01	-8.25E-02	bad-chisq
group_4449	4.00E-02	3.07E-01	3.64E-01	-8.89E-01	9.17E-01	4.12E-02	bad-chisq
group_4443	4.00E-02	1.00E+00	1.00E+00	0.00E+00	1.00E+00	0.00E+00	bad-chisq
group_4436	4.00E-02	3.07E-01	3.64E-01	8.89E-01	9.17E-01	-4.12E-02	bad-chisq
group_4420	4.00E-02	4.12E-02	5.11E-02	2.28E+00	6.00E-01	-8.25E-02	bad-chisq
group_4417	4.00E-02	3.07E-01	3.64E-01	8.89E-01	9.17E-01	-4.12E-02	bad-chisq
group_4404	4.00E-02	4.12E-02	5.11E-02	2.28E+00	6.00E-01	-8.25E-02	bad-chisq
group_4394	4.00E-02	4.12E-02	5.11E-02	2.28E+00	6.00E-01	-8.25E-02	bad-chisq
group_4389	4.00E-02	1.00E+00	1.00E+00	0.00E+00	1.00E+00	0.00E+00	bad-chisq
estP	4.00E-02	3.07E-01	3.64E-01	-8.89E-01	9.17E-01	4.12E-02	bad-chisq
group_4385	4.00E-02	3.07E-01	3.64E-01	-8.89E-01	9.17E-01	4.12E-02	bad-chisq
group_4337	4.00E-02	3.07E-01	3.64E-01	-8.89E-01	9.17E-01	4.12E-02	bad-chisq
group_4333	4.00E-02	4.12E-02	5.11E-02	-2.28E+00	6.00E-01	8.25E-02	bad-chisq
group_4324	4.00E-02	1.00E+00	1.00E+00	0.00E+00	1.00E+00	0.00E+00	bad-chisq
group_4318	4.00E-02	4.12E-02	5.11E-02	2.28E+00	6.00E-01	-8.25E-02	bad-chisq
group_4316	4.00E-02	4.12E-02	5.11E-02	2.28E+00	6.00E-01	-8.25E-02	bad-chisq
group_4311	4.00E-02	3.07E-01	3.64E-01	8.89E-01	9.17E-01	-4.12E-02	bad-chisq
group_4299	4.00E-02	3.07E-01	3.64E-01	-8.89E-01	9.17E-01	4.12E-02	bad-chisq
group_4258	4.00E-02	3.07E-01	3.64E-01	-8.89E-01	9.17E-01	4.12E-02	bad-chisq
group_4257	4.00E-02	3.07E-01	3.64E-01	-8.89E-01	9.17E-01	4.12E-02	bad-chisq
group_4256	4.00E-02	4.12E-02	5.11E-02	-2.28E+00	6.00E-01	8.25E-02	bad-chisq
group_4246	4.00E-02	4.12E-02	5.11E-02	-2.28E+00	6.00E-01	8.25E-02	bad-chisq
group_4240	4.00E-02	3.07E-01	3.64E-01	-8.89E-01	9.17E-01	4.12E-02	bad-chisq
group_4229	4.00E-02	3.07E-01	3.64E-01	8.89E-01	9.17E-01	-4.12E-02	bad-chisq
group_4224	4.00E-02	3.07E-01	3.64E-01	-8.89E-01	9.17E-01	4.12E-02	bad-chisq
group_4223	4.00E-02	3.07E-01	3.64E-01	-8.89E-01	9.17E-01	4.12E-02	bad-chisq
group_4220	4.00E-02	4.12E-02	5.11E-02	-2.28E+00	6.00E-01	8.25E-02	bad-chisq
group_4199	4.00E-02	4.12E-02	5.11E-02	-2.28E+00	6.00E-01	8.25E-02	bad-chisq
group_4175	4.00E-02	3.07E-01	3.64E-01	-8.89E-01	9.17E-01	4.12E-02	bad-chisq
group_4164	4.00E-02	3.07E-01	3.64E-01	-8.89E-01	9.17E-01	4.12E-02	bad-chisq
group_4163	4.00E-02	4.12E-02	5.11E-02	-2.28E+00	6.00E-01	8.25E-02	bad-chisq
group_4159	4.00E-02	4.12E-02	5.11E-02	-2.28E+00	6.00E-01	8.25E-02	bad-chisq
group_4140	4.00E-02	4.12E-02	5.11E-02	-2.28E+00	6.00E-01	8.25E-02	bad-chisq
group_4080	4.00E-02	4.12E-02	5.11E-02	2.28E+00	6.00E-01	-8.25E-02	bad-chisq
group_4074	4.00E-02	4.12E-02	5.11E-02	-2.28E+00	6.00E-01	8.25E-02	bad-chisq
group_4055	4.00E-02	3.07E-01	3.64E-01	-8.89E-01	9.17E-01	4.12E-02	bad-chisq
group_4031	4.00E-02	1.00E+00	1.00E+00	0.00E+00	1.00E+00	0.00E+00	bad-chisq
group_4024	4.00E-02	4.12E-02	5.11E-02	-2.28E+00	6.00E-01	8.25E-02	bad-chisq
group_4019	4.00E-02	4.12E-02	5.11E-02	2.28E+00	6.00E-01	-8.25E-02	bad-chisq
nurA	4.00E-02	4.12E-02	5.11E-02	-2.28E+00	6.00E-01	8.25E-02	bad-chisq
group_4013	4.00E-02	4.12E-02	5.11E-02	-2.28E+00	6.00E-01	8.25E-02	bad-chisq
group_4001	4.00E-02	3.07E-01	3.64E-01	-8.89E-01	9.17E-01	4.12E-02	bad-chisq
group_3996	4.00E-02	3.07E-01	3.64E-01	-8.89E-01	9.17E-01	4.12E-02	bad-chisq
group_3953	4.00E-02	3.07E-01	3.64E-01	-8.89E-01	9.17E-01	4.12E-02	bad-chisq
group_3951	4.00E-02	3.07E-01	3.64E-01	-8.89E-01	9.17E-01	4.12E-02	bad-chisq
group_3947	4.00E-02	3.07E-01	3.64E-01	-8.89E-01	9.17E-01	4.12E-02	bad-chisq
group_3931	4.00E-02	3.07E-01	3.64E-01	-8.89E-01	9.17E-01	4.12E-02	bad-chisq
group_3913	4.00E-02	3.07E-01	3.64E-01	-8.89E-01	9.17E-01	4.12E-02	bad-chisq
group_3875	4.00E-02	3.07E-01	3.64E-01	-8.89E-01	9.17E-01	4.12E-02	bad-chisq
group_3869	4.00E-02	3.07E-01	3.64E-01	-8.89E-01	9.17E-01	4.12E-02	bad-chisq
group_3811	4.00E-02	3.07E-01	3.64E-01	-8.89E-01	9.17E-01	4.12E-02	bad-chisq
group_3790	4.00E-02	3.07E-01	3.64E-01	8.89E-01	9.17E-01	-4.12E-02	bad-chisq
group_3742	4.00E-02	1.00E+00	1.00E+00	0.00E+00	1.00E+00	0.00E+00	bad-chisq
group_3712	4.00E-02	3.07E-01	3.64E-01	-8.89E-01	9.17E-01	4.12E-02	bad-chisq
group_3709	4.00E-02	1.00E+00	1.00E+00	0.00E+00	1.00E+00	0.00E+00	bad-chisq
group_3672	4.00E-02	3.07E-01	3.64E-01	-8.89E-01	9.17E-01	4.12E-02	bad-chisq
group_3646	4.00E-02	1.00E+00	1.00E+00	0.00E+00	1.00E+00	0.00E+00	bad-chisq
trbD	4.00E-02	3.07E-01	3.64E-01	8.89E-01	9.17E-01	-4.12E-02	bad-chisq
group_3563	4.00E-02	1.00E+00	1.00E+00	0.00E+00	1.00E+00	0.00E+00	bad-chisq
group_3530	4.00E-02	4.12E-02	5.11E-02	-2.28E+00	6.00E-01	8.25E-02	bad-chisq
group_3526	4.00E-02	1.00E+00	1.00E+00	0.00E+00	1.00E+00	0.00E+00	bad-chisq
group_3492	4.00E-02	4.12E-02	5.11E-02	2.28E+00	6.00E-01	-8.25E-02	bad-chisq
group_3476	4.00E-02	3.07E-01	3.64E-01	-8.89E-01	9.17E-01	4.12E-02	bad-chisq
cpsD	4.00E-02	1.00E+00	1.00E+00	0.00E+00	1.00E+00	0.00E+00	bad-chisq
group_3403	4.00E-02	3.07E-01	3.64E-01	-8.89E-01	9.17E-01	4.12E-02	bad-chisq
group_3399	4.00E-02	1.00E+00	1.00E+00	0.00E+00	1.00E+00	0.00E+00	bad-chisq
blaCMY16	4.00E-02	4.12E-02	5.11E-02	2.28E+00	6.00E-01	-8.25E-02	bad-chisq
group_3343	4.00E-02	1.00E+00	1.00E+00	0.00E+00	1.00E+00	0.00E+00	bad-chisq
group_3313	4.00E-02	3.07E-01	3.64E-01	8.89E-01	9.17E-01	-4.12E-02	bad-chisq
group_3275	4.00E-02	3.07E-01	3.64E-01	-8.89E-01	9.17E-01	4.12E-02	bad-chisq
group_3265	4.00E-02	4.12E-02	5.11E-02	-2.28E+00	6.00E-01	8.25E-02	bad-chisq
intS	4.00E-02	4.12E-02	5.11E-02	-2.28E+00	6.00E-01	8.25E-02	bad-chisq
group_3247	4.00E-02	1.00E+00	1.00E+00	0.00E+00	1.00E+00	0.00E+00	bad-chisq
group_3243	4.00E-02	3.07E-01	3.64E-01	8.89E-01	9.17E-01	-4.12E-02	bad-chisq
group_3197	4.00E-02	4.12E-02	5.11E-02	2.28E+00	6.00E-01	-8.25E-02	bad-chisq
group_3189	4.00E-02	4.12E-02	5.11E-02	-2.28E+00	6.00E-01	8.25E-02	bad-chisq
group_3182	4.00E-02	4.12E-02	5.11E-02	2.28E+00	6.00E-01	-8.25E-02	bad-chisq
group_3173	4.00E-02	4.12E-02	5.11E-02	2.28E+00	6.00E-01	-8.25E-02	bad-chisq
group_3168	4.00E-02	4.12E-02	5.11E-02	-2.28E+00	6.00E-01	8.25E-02	bad-chisq
group_3135	4.00E-02	1.00E+00	1.00E+00	0.00E+00	1.00E+00	0.00E+00	bad-chisq
group_3094	4.00E-02	1.00E+00	1.00E+00	0.00E+00	1.00E+00	0.00E+00	bad-chisq
group_3075	4.00E-02	4.12E-02	5.11E-02	-2.28E+00	6.00E-01	8.25E-02	bad-chisq
group_2975	4.00E-02	1.00E+00	1.00E+00	0.00E+00	1.00E+00	0.00E+00	bad-chisq
group_2965	4.00E-02	3.07E-01	3.64E-01	-8.89E-01	9.17E-01	4.12E-02	bad-chisq
group_2954	4.00E-02	4.12E-02	5.11E-02	-2.28E+00	6.00E-01	8.25E-02	bad-chisq
group_2867	4.00E-02	3.07E-01	3.64E-01	-8.89E-01	9.17E-01	4.12E-02	bad-chisq
group_2842	4.00E-02	1.00E+00	1.00E+00	0.00E+00	1.00E+00	0.00E+00	bad-chisq
group_2829	4.00E-02	1.00E+00	1.00E+00	0.00E+00	1.00E+00	0.00E+00	bad-chisq
group_2795	4.00E-02	1.00E+00	1.00E+00	0.00E+00	1.00E+00	0.00E+00	bad-chisq
group_2791	4.00E-02	1.00E+00	1.00E+00	0.00E+00	1.00E+00	0.00E+00	bad-chisq
group_2776	4.00E-02	4.12E-02	5.11E-02	-2.28E+00	6.00E-01	8.25E-02	bad-chisq
group_2763	4.00E-02	3.07E-01	3.64E-01	-8.89E-01	9.17E-01	4.12E-02	bad-chisq
group_2754	4.00E-02	3.07E-01	3.64E-01	-8.89E-01	9.17E-01	4.12E-02	bad-chisq
group_2743	4.00E-02	4.12E-02	5.11E-02	2.28E+00	6.00E-01	-8.25E-02	bad-chisq
group_2721	4.00E-02	4.12E-02	5.11E-02	-2.28E+00	6.00E-01	8.25E-02	bad-chisq
group_2658	4.00E-02	3.07E-01	3.64E-01	-8.89E-01	9.17E-01	4.12E-02	bad-chisq
group_2649	4.00E-02	1.00E+00	1.00E+00	0.00E+00	1.00E+00	0.00E+00	bad-chisq
group_2626	4.00E-02	4.12E-02	5.11E-02	-2.28E+00	6.00E-01	8.25E-02	bad-chisq
group_2604	4.00E-02	1.00E+00	1.00E+00	0.00E+00	1.00E+00	0.00E+00	bad-chisq
cmlA5	4.00E-02	4.12E-02	5.11E-02	2.28E+00	6.00E-01	-8.25E-02	bad-chisq
group_2523	4.00E-02	1.00E+00	1.00E+00	0.00E+00	1.00E+00	0.00E+00	bad-chisq
group_2427	4.00E-02	3.07E-01	3.64E-01	-8.89E-01	9.17E-01	4.12E-02	bad-chisq
artA	4.00E-02	3.07E-01	3.64E-01	8.89E-01	9.17E-01	-4.12E-02	bad-chisq
group_2403	4.00E-02	4.12E-02	5.11E-02	-2.28E+00	6.00E-01	8.25E-02	bad-chisq
group_2298	4.00E-02	3.07E-01	3.64E-01	-8.89E-01	9.17E-01	4.12E-02	bad-chisq
group_2268	4.00E-02	4.12E-02	5.11E-02	-2.28E+00	6.00E-01	8.25E-02	bad-chisq
group_2265	4.00E-02	4.12E-02	5.11E-02	-2.28E+00	6.00E-01	8.25E-02	bad-chisq
impA~~~tssA	4.00E-02	1.00E+00	1.00E+00	0.00E+00	1.00E+00	0.00E+00	bad-chisq
vgrG	4.00E-02	1.00E+00	1.00E+00	0.00E+00	1.00E+00	0.00E+00	bad-chisq
group_2199	4.00E-02	4.12E-02	5.11E-02	-2.28E+00	6.00E-01	8.25E-02	bad-chisq
group_2139	4.00E-02	1.00E+00	1.00E+00	0.00E+00	1.00E+00	0.00E+00	bad-chisq
group_2102	4.00E-02	1.00E+00	1.00E+00	0.00E+00	1.00E+00	0.00E+00	bad-chisq
group_2047	4.00E-02	4.12E-02	5.11E-02	2.28E+00	6.00E-01	-8.25E-02	bad-chisq
group_2023	4.00E-02	4.12E-02	5.11E-02	2.28E+00	6.00E-01	-8.25E-02	bad-chisq
group_1949	4.00E-02	3.07E-01	3.64E-01	8.89E-01	9.17E-01	-4.12E-02	bad-chisq
group_1922	4.00E-02	1.00E+00	1.00E+00	0.00E+00	1.00E+00	0.00E+00	bad-chisq
group_1898	4.00E-02	4.12E-02	5.11E-02	-2.28E+00	6.00E-01	8.25E-02	bad-chisq
group_1806	4.00E-02	4.12E-02	5.11E-02	-2.28E+00	6.00E-01	8.25E-02	bad-chisq
group_1805	4.00E-02	4.12E-02	5.11E-02	2.28E+00	6.00E-01	-8.25E-02	bad-chisq
group_1796	4.00E-02	4.12E-02	5.11E-02	-2.28E+00	6.00E-01	8.25E-02	bad-chisq
group_1746	4.00E-02	4.12E-02	5.11E-02	-2.28E+00	6.00E-01	8.25E-02	bad-chisq
group_1657	4.00E-02	3.07E-01	3.64E-01	-8.89E-01	9.17E-01	4.12E-02	bad-chisq
traS	4.00E-02	4.12E-02	5.11E-02	-2.28E+00	6.00E-01	8.25E-02	bad-chisq
group_1492	4.00E-02	3.07E-01	3.64E-01	-8.89E-01	9.17E-01	4.12E-02	bad-chisq
group_1460	4.00E-02	1.00E+00	1.00E+00	0.00E+00	1.00E+00	0.00E+00	bad-chisq
group_1255	4.00E-02	3.07E-01	3.64E-01	-8.89E-01	9.17E-01	4.12E-02	bad-chisq
group_1199	4.00E-02	3.07E-01	3.64E-01	-8.89E-01	9.17E-01	4.12E-02	bad-chisq
group_1197	4.00E-02	4.12E-02	5.11E-02	-2.28E+00	6.00E-01	8.25E-02	bad-chisq
group_1119	4.00E-02	1.00E+00	1.00E+00	0.00E+00	1.00E+00	0.00E+00	bad-chisq
group_1080	4.00E-02	4.12E-02	5.11E-02	2.28E+00	6.00E-01	-8.25E-02	bad-chisq
group_1053	4.00E-02	1.00E+00	1.00E+00	0.00E+00	1.00E+00	0.00E+00	bad-chisq
group_1026	4.00E-02	1.00E+00	1.00E+00	0.00E+00	1.00E+00	0.00E+00	bad-chisq
group_1008	4.00E-02	4.12E-02	5.11E-02	-2.28E+00	6.00E-01	8.25E-02	bad-chisq
kefBGI	4.00E-02	3.07E-01	3.64E-01	-8.89E-01	9.17E-01	4.12E-02	bad-chisq
group_937	4.00E-02	1.00E+00	1.00E+00	0.00E+00	1.00E+00	0.00E+00	bad-chisq
group_933	4.00E-02	4.12E-02	5.11E-02	-2.28E+00	6.00E-01	8.25E-02	bad-chisq
group_912	4.00E-02	4.12E-02	5.11E-02	-2.28E+00	6.00E-01	8.25E-02	bad-chisq
group_909	4.00E-02	4.12E-02	5.11E-02	-2.28E+00	6.00E-01	8.25E-02	bad-chisq
tssF	4.00E-02	1.00E+00	1.00E+00	0.00E+00	1.00E+00	0.00E+00	bad-chisq
group_844	4.00E-02	4.12E-02	5.11E-02	-2.28E+00	6.00E-01	8.25E-02	bad-chisq
group_842	4.00E-02	3.07E-01	3.64E-01	8.89E-01	9.17E-01	-4.12E-02	bad-chisq
group_839	4.00E-02	3.07E-01	3.64E-01	-8.89E-01	9.17E-01	4.12E-02	bad-chisq
herA	4.00E-02	4.12E-02	5.11E-02	-2.28E+00	6.00E-01	8.25E-02	bad-chisq
group_749	4.00E-02	4.12E-02	5.11E-02	-2.28E+00	6.00E-01	8.25E-02	bad-chisq
group_670	4.00E-02	4.12E-02	5.11E-02	2.28E+00	6.00E-01	-8.25E-02	bad-chisq
group_607	4.00E-02	1.00E+00	1.00E+00	0.00E+00	1.00E+00	0.00E+00	bad-chisq
group_603	4.00E-02	3.07E-01	3.64E-01	-8.89E-01	9.17E-01	4.12E-02	bad-chisq
tssG	4.00E-02	1.00E+00	1.00E+00	0.00E+00	1.00E+00	0.00E+00	bad-chisq
group_570	4.00E-02	4.12E-02	5.11E-02	-2.28E+00	6.00E-01	8.25E-02	bad-chisq
group_507	4.00E-02	4.12E-02	5.11E-02	-2.28E+00	6.00E-01	8.25E-02	bad-chisq
group_458	4.00E-02	1.00E+00	1.00E+00	0.00E+00	1.00E+00	0.00E+00	bad-chisq
group_420	4.00E-02	4.12E-02	5.11E-02	-2.28E+00	6.00E-01	8.25E-02	bad-chisq
ftsH	4.00E-02	3.07E-01	3.64E-01	-8.89E-01	9.17E-01	4.12E-02	bad-chisq
hdeDGI	4.00E-02	3.07E-01	3.64E-01	-8.89E-01	9.17E-01	4.12E-02	bad-chisq
group_314	4.00E-02	3.07E-01	3.64E-01	8.89E-01	9.17E-01	-4.12E-02	bad-chisq
group_313	4.00E-02	4.12E-02	5.11E-02	-2.28E+00	6.00E-01	8.25E-02	bad-chisq
pepD	4.00E-02	3.07E-01	3.64E-01	-8.89E-01	9.17E-01	4.12E-02	bad-chisq
group_306	4.00E-02	3.07E-01	3.64E-01	8.89E-01	9.17E-01	-4.12E-02	bad-chisq
group_305	4.00E-02	1.00E+00	1.00E+00	0.00E+00	1.00E+00	0.00E+00	bad-chisq
group_299	4.00E-02	4.12E-02	5.11E-02	-2.28E+00	6.00E-01	8.25E-02	bad-chisq
group_296	4.00E-02	4.12E-02	5.11E-02	-2.28E+00	6.00E-01	8.25E-02	bad-chisq
group_228	4.00E-02	1.00E+00	1.00E+00	0.00E+00	1.00E+00	0.00E+00	bad-chisq
group_221	4.00E-02	4.12E-02	5.11E-02	-2.28E+00	6.00E-01	8.25E-02	bad-chisq
group_215	4.00E-02	3.07E-01	3.64E-01	-8.89E-01	9.17E-01	4.12E-02	bad-chisq
group_115	4.00E-02	3.07E-01	3.64E-01	-8.89E-01	9.17E-01	4.12E-02	bad-chisq
group_95	4.00E-02	4.12E-02	5.11E-02	-2.28E+00	6.00E-01	8.25E-02	bad-chisq
group_75	4.00E-02	3.07E-01	3.64E-01	8.89E-01	9.17E-01	-4.12E-02	bad-chisq
group_59	4.00E-02	4.12E-02	5.11E-02	-2.28E+00	6.00E-01	8.25E-02	bad-chisq
group_51	4.00E-02	3.07E-01	3.64E-01	-8.89E-01	9.17E-01	4.12E-02	bad-chisq
group_29	4.00E-02	4.12E-02	5.11E-02	2.28E+00	6.00E-01	-8.25E-02	bad-chisq
group_9601	3.00E-02	5.58E-01	1.00E+00	-5.31E-01	8.39E-01	2.04E-02	bad-chisq
group_9595	3.00E-02	7.86E-02	1.29E-01	-2.01E+00	5.73E-01	6.12E-02	bad-chisq
group_9408	3.00E-02	7.86E-02	1.29E-01	-2.01E+00	5.73E-01	6.12E-02	bad-chisq
group_9266	3.00E-02	7.86E-02	1.29E-01	2.01E+00	5.73E-01	-6.12E-02	bad-chisq
group_9218	3.00E-02	5.58E-01	1.00E+00	-5.31E-01	8.39E-01	2.04E-02	bad-chisq
group_9217	3.00E-02	5.58E-01	1.00E+00	-5.31E-01	8.39E-01	2.04E-02	bad-chisq
group_9092	3.00E-02	7.86E-02	1.29E-01	2.01E+00	5.73E-01	-6.12E-02	bad-chisq
group_9091	3.00E-02	7.86E-02	1.29E-01	2.01E+00	5.73E-01	-6.12E-02	bad-chisq
group_9090	3.00E-02	7.86E-02	1.29E-01	2.01E+00	5.73E-01	-6.12E-02	bad-chisq
group_9089	3.00E-02	7.86E-02	1.29E-01	2.01E+00	5.73E-01	-6.12E-02	bad-chisq
group_9088	3.00E-02	7.86E-02	1.29E-01	2.01E+00	5.73E-01	-6.12E-02	bad-chisq
group_9087	3.00E-02	7.86E-02	1.29E-01	2.01E+00	5.73E-01	-6.12E-02	bad-chisq
group_9086	3.00E-02	7.86E-02	1.29E-01	2.01E+00	5.73E-01	-6.12E-02	bad-chisq
group_9085	3.00E-02	7.86E-02	1.29E-01	2.01E+00	5.73E-01	-6.12E-02	bad-chisq
relG	3.00E-02	7.86E-02	1.29E-01	2.01E+00	5.73E-01	-6.12E-02	bad-chisq
group_9082	3.00E-02	5.58E-01	1.00E+00	5.31E-01	8.39E-01	-2.04E-02	bad-chisq
group_9079	3.00E-02	5.58E-01	1.00E+00	-5.31E-01	8.39E-01	2.04E-02	bad-chisq
group_9078	3.00E-02	5.58E-01	1.00E+00	-5.31E-01	8.39E-01	2.04E-02	bad-chisq
group_9075	3.00E-02	5.58E-01	1.00E+00	-5.31E-01	8.39E-01	2.04E-02	bad-chisq
group_8799	3.00E-02	5.58E-01	1.00E+00	5.31E-01	8.39E-01	-2.04E-02	bad-chisq
group_8788	3.00E-02	7.86E-02	1.29E-01	2.01E+00	5.73E-01	-6.12E-02	bad-chisq
group_8784	3.00E-02	5.58E-01	1.00E+00	5.31E-01	8.39E-01	-2.04E-02	bad-chisq
group_8783	3.00E-02	7.86E-02	1.29E-01	2.01E+00	5.73E-01	-6.12E-02	bad-chisq
group_8761	3.00E-02	7.86E-02	1.29E-01	-2.01E+00	5.73E-01	6.12E-02	bad-chisq
group_8749	3.00E-02	5.58E-01	1.00E+00	5.31E-01	8.39E-01	-2.04E-02	bad-chisq
group_8739	3.00E-02	7.86E-02	1.29E-01	2.01E+00	5.73E-01	-6.12E-02	bad-chisq
group_8691	3.00E-02	5.58E-01	1.00E+00	5.31E-01	8.39E-01	-2.04E-02	bad-chisq
group_8623	3.00E-02	7.86E-02	1.29E-01	-2.01E+00	5.73E-01	6.12E-02	bad-chisq
group_8612	3.00E-02	5.58E-01	1.00E+00	5.31E-01	8.39E-01	-2.04E-02	bad-chisq
group_8609	3.00E-02	7.86E-02	1.29E-01	-2.01E+00	5.73E-01	6.12E-02	bad-chisq
uvrD	3.00E-02	7.86E-02	1.29E-01	-2.01E+00	5.73E-01	6.12E-02	bad-chisq
group_8583	3.00E-02	5.58E-01	1.00E+00	5.31E-01	8.39E-01	-2.04E-02	bad-chisq
group_8541	3.00E-02	5.58E-01	1.00E+00	5.31E-01	8.39E-01	-2.04E-02	bad-chisq
group_8540	3.00E-02	7.86E-02	1.29E-01	2.01E+00	5.73E-01	-6.12E-02	bad-chisq
group_8400	3.00E-02	5.58E-01	1.00E+00	5.31E-01	8.39E-01	-2.04E-02	bad-chisq
group_8389	3.00E-02	7.86E-02	1.29E-01	-2.01E+00	5.73E-01	6.12E-02	bad-chisq
group_8368	3.00E-02	7.86E-02	1.29E-01	-2.01E+00	5.73E-01	6.12E-02	bad-chisq
group_8348	3.00E-02	5.58E-01	1.00E+00	5.31E-01	8.39E-01	-2.04E-02	bad-chisq
group_8342	3.00E-02	7.86E-02	1.29E-01	-2.01E+00	5.73E-01	6.12E-02	bad-chisq
group_8341	3.00E-02	7.86E-02	1.29E-01	-2.01E+00	5.73E-01	6.12E-02	bad-chisq
group_8339	3.00E-02	7.86E-02	1.29E-01	-2.01E+00	5.73E-01	6.12E-02	bad-chisq
group_8337	3.00E-02	7.86E-02	1.29E-01	-2.01E+00	5.73E-01	6.12E-02	bad-chisq
group_8336	3.00E-02	7.86E-02	1.29E-01	-2.01E+00	5.73E-01	6.12E-02	bad-chisq
group_8335	3.00E-02	7.86E-02	1.29E-01	-2.01E+00	5.73E-01	6.12E-02	bad-chisq
group_8311	3.00E-02	5.58E-01	1.00E+00	-5.31E-01	8.39E-01	2.04E-02	bad-chisq
group_8272	3.00E-02	7.86E-02	1.29E-01	-2.01E+00	5.73E-01	6.12E-02	bad-chisq
group_8226	3.00E-02	5.58E-01	1.00E+00	5.31E-01	8.39E-01	-2.04E-02	bad-chisq
group_8219	3.00E-02	7.86E-02	1.29E-01	2.01E+00	5.73E-01	-6.12E-02	bad-chisq
group_8216	3.00E-02	7.86E-02	1.29E-01	-2.01E+00	5.73E-01	6.12E-02	bad-chisq
group_8206	3.00E-02	7.86E-02	1.29E-01	-2.01E+00	5.73E-01	6.12E-02	bad-chisq
group_8177	3.00E-02	7.86E-02	1.29E-01	-2.01E+00	5.73E-01	6.12E-02	bad-chisq
group_8165	3.00E-02	7.86E-02	1.29E-01	-2.01E+00	5.73E-01	6.12E-02	bad-chisq
group_8157	3.00E-02	7.86E-02	1.29E-01	-2.01E+00	5.73E-01	6.12E-02	bad-chisq
group_8132	3.00E-02	5.58E-01	1.00E+00	-5.31E-01	8.39E-01	2.04E-02	bad-chisq
group_8119	3.00E-02	7.86E-02	1.29E-01	-2.01E+00	5.73E-01	6.12E-02	bad-chisq
group_8099	3.00E-02	7.86E-02	1.29E-01	-2.01E+00	5.73E-01	6.12E-02	bad-chisq
group_8084	3.00E-02	7.86E-02	1.29E-01	-2.01E+00	5.73E-01	6.12E-02	bad-chisq
group_8071	3.00E-02	7.86E-02	1.29E-01	-2.01E+00	5.73E-01	6.12E-02	bad-chisq
group_8066	3.00E-02	5.58E-01	1.00E+00	5.31E-01	8.39E-01	-2.04E-02	bad-chisq
group_8054	3.00E-02	7.86E-02	1.29E-01	-2.01E+00	5.73E-01	6.12E-02	bad-chisq
group_8042	3.00E-02	7.86E-02	1.29E-01	-2.01E+00	5.73E-01	6.12E-02	bad-chisq
group_8024	3.00E-02	7.86E-02	1.29E-01	2.01E+00	5.73E-01	-6.12E-02	bad-chisq
group_8012	3.00E-02	7.86E-02	1.29E-01	2.01E+00	5.73E-01	-6.12E-02	bad-chisq
group_7996	3.00E-02	7.86E-02	1.29E-01	-2.01E+00	5.73E-01	6.12E-02	bad-chisq
group_7951	3.00E-02	7.86E-02	1.29E-01	2.01E+00	5.73E-01	-6.12E-02	bad-chisq
group_7950	3.00E-02	5.58E-01	1.00E+00	5.31E-01	8.39E-01	-2.04E-02	bad-chisq
group_7932	3.00E-02	5.58E-01	1.00E+00	5.31E-01	8.39E-01	-2.04E-02	bad-chisq
group_7910	3.00E-02	7.86E-02	1.29E-01	2.01E+00	5.73E-01	-6.12E-02	bad-chisq
group_7902	3.00E-02	7.86E-02	1.29E-01	-2.01E+00	5.73E-01	6.12E-02	bad-chisq
group_7867	3.00E-02	7.86E-02	1.29E-01	-2.01E+00	5.73E-01	6.12E-02	bad-chisq
group_7864	3.00E-02	7.86E-02	1.29E-01	2.01E+00	5.73E-01	-6.12E-02	bad-chisq
group_7852	3.00E-02	7.86E-02	1.29E-01	-2.01E+00	5.73E-01	6.12E-02	bad-chisq
group_7846	3.00E-02	7.86E-02	1.29E-01	-2.01E+00	5.73E-01	6.12E-02	bad-chisq
group_7841	3.00E-02	5.58E-01	1.00E+00	5.31E-01	8.39E-01	-2.04E-02	bad-chisq
group_7825	3.00E-02	7.86E-02	1.29E-01	-2.01E+00	5.73E-01	6.12E-02	bad-chisq
group_7799	3.00E-02	7.86E-02	1.29E-01	2.01E+00	5.73E-01	-6.12E-02	bad-chisq
group_7787	3.00E-02	7.86E-02	1.29E-01	-2.01E+00	5.73E-01	6.12E-02	bad-chisq
group_7786	3.00E-02	7.86E-02	1.29E-01	-2.01E+00	5.73E-01	6.12E-02	bad-chisq
group_7772	3.00E-02	7.86E-02	1.29E-01	-2.01E+00	5.73E-01	6.12E-02	bad-chisq
group_7750	3.00E-02	7.86E-02	1.29E-01	-2.01E+00	5.73E-01	6.12E-02	bad-chisq
group_7742	3.00E-02	7.86E-02	1.29E-01	-2.01E+00	5.73E-01	6.12E-02	bad-chisq
group_7711	3.00E-02	7.86E-02	1.29E-01	2.01E+00	5.73E-01	-6.12E-02	bad-chisq
group_7688	3.00E-02	7.86E-02	1.29E-01	2.01E+00	5.73E-01	-6.12E-02	bad-chisq
group_7687	3.00E-02	7.86E-02	1.29E-01	2.01E+00	5.73E-01	-6.12E-02	bad-chisq
group_7672	3.00E-02	7.86E-02	1.29E-01	-2.01E+00	5.73E-01	6.12E-02	bad-chisq
group_7668	3.00E-02	5.58E-01	1.00E+00	5.31E-01	8.39E-01	-2.04E-02	bad-chisq
group_7663	3.00E-02	7.86E-02	1.29E-01	2.01E+00	5.73E-01	-6.12E-02	bad-chisq
group_7633	3.00E-02	7.86E-02	1.29E-01	-2.01E+00	5.73E-01	6.12E-02	bad-chisq
group_7628	3.00E-02	7.86E-02	1.29E-01	2.01E+00	5.73E-01	-6.12E-02	bad-chisq
group_7606	3.00E-02	5.58E-01	1.00E+00	-5.31E-01	8.39E-01	2.04E-02	bad-chisq
group_7577	3.00E-02	7.86E-02	1.29E-01	-2.01E+00	5.73E-01	6.12E-02	bad-chisq
group_7568	3.00E-02	7.86E-02	1.29E-01	-2.01E+00	5.73E-01	6.12E-02	bad-chisq
group_7565	3.00E-02	5.58E-01	1.00E+00	5.31E-01	8.39E-01	-2.04E-02	bad-chisq
group_7563	3.00E-02	7.86E-02	1.29E-01	2.01E+00	5.73E-01	-6.12E-02	bad-chisq
group_7562	3.00E-02	7.86E-02	1.29E-01	2.01E+00	5.73E-01	-6.12E-02	bad-chisq
trbG	3.00E-02	5.58E-01	1.00E+00	5.31E-01	8.39E-01	-2.04E-02	bad-chisq
group_7505	3.00E-02	7.86E-02	1.29E-01	-2.01E+00	5.73E-01	6.12E-02	bad-chisq
group_7496	3.00E-02	5.58E-01	1.00E+00	-5.31E-01	8.39E-01	2.04E-02	bad-chisq
group_7486	3.00E-02	7.86E-02	1.29E-01	-2.01E+00	5.73E-01	6.12E-02	bad-chisq
group_7484	3.00E-02	7.86E-02	1.29E-01	2.01E+00	5.73E-01	-6.12E-02	bad-chisq
group_7472	3.00E-02	5.58E-01	1.00E+00	-5.31E-01	8.39E-01	2.04E-02	bad-chisq
group_7453	3.00E-02	7.86E-02	1.29E-01	-2.01E+00	5.73E-01	6.12E-02	bad-chisq
group_7426	3.00E-02	7.86E-02	1.29E-01	-2.01E+00	5.73E-01	6.12E-02	bad-chisq
group_7413	3.00E-02	5.58E-01	1.00E+00	-5.31E-01	8.39E-01	2.04E-02	bad-chisq
group_7375	3.00E-02	7.86E-02	1.29E-01	-2.01E+00	5.73E-01	6.12E-02	bad-chisq
group_7372	3.00E-02	7.86E-02	1.29E-01	2.01E+00	5.73E-01	-6.12E-02	bad-chisq
group_7349	3.00E-02	5.58E-01	1.00E+00	-5.31E-01	8.39E-01	2.04E-02	bad-chisq
group_7341	3.00E-02	7.86E-02	1.29E-01	-2.01E+00	5.73E-01	6.12E-02	bad-chisq
group_7326	3.00E-02	7.86E-02	1.29E-01	-2.01E+00	5.73E-01	6.12E-02	bad-chisq
group_7325	3.00E-02	7.86E-02	1.29E-01	-2.01E+00	5.73E-01	6.12E-02	bad-chisq
group_7304	3.00E-02	7.86E-02	1.29E-01	2.01E+00	5.73E-01	-6.12E-02	bad-chisq
group_7272	3.00E-02	7.86E-02	1.29E-01	-2.01E+00	5.73E-01	6.12E-02	bad-chisq
group_7268	3.00E-02	7.86E-02	1.29E-01	-2.01E+00	5.73E-01	6.12E-02	bad-chisq
group_7253	3.00E-02	7.86E-02	1.29E-01	-2.01E+00	5.73E-01	6.12E-02	bad-chisq
group_7229	3.00E-02	7.86E-02	1.29E-01	-2.01E+00	5.73E-01	6.12E-02	bad-chisq
group_7186	3.00E-02	5.58E-01	1.00E+00	-5.31E-01	8.39E-01	2.04E-02	bad-chisq
group_7160	3.00E-02	7.86E-02	1.29E-01	-2.01E+00	5.73E-01	6.12E-02	bad-chisq
group_7159	3.00E-02	5.58E-01	1.00E+00	5.31E-01	8.39E-01	-2.04E-02	bad-chisq
group_7118	3.00E-02	7.86E-02	1.29E-01	-2.01E+00	5.73E-01	6.12E-02	bad-chisq
group_7071	3.00E-02	7.86E-02	1.29E-01	-2.01E+00	5.73E-01	6.12E-02	bad-chisq
group_7005	3.00E-02	7.86E-02	1.29E-01	2.01E+00	5.73E-01	-6.12E-02	bad-chisq
group_6994	3.00E-02	7.86E-02	1.29E-01	-2.01E+00	5.73E-01	6.12E-02	bad-chisq
group_6930	3.00E-02	7.86E-02	1.29E-01	-2.01E+00	5.73E-01	6.12E-02	bad-chisq
group_6923	3.00E-02	7.86E-02	1.29E-01	-2.01E+00	5.73E-01	6.12E-02	bad-chisq
group_6919	3.00E-02	7.86E-02	1.29E-01	2.01E+00	5.73E-01	-6.12E-02	bad-chisq
group_6918	3.00E-02	7.86E-02	1.29E-01	2.01E+00	5.73E-01	-6.12E-02	bad-chisq
group_6907	3.00E-02	5.58E-01	1.00E+00	-5.31E-01	8.39E-01	2.04E-02	bad-chisq
group_6822	3.00E-02	5.58E-01	1.00E+00	-5.31E-01	8.39E-01	2.04E-02	bad-chisq
group_6821	3.00E-02	7.86E-02	1.29E-01	-2.01E+00	5.73E-01	6.12E-02	bad-chisq
group_6807	3.00E-02	7.86E-02	1.29E-01	2.01E+00	5.73E-01	-6.12E-02	bad-chisq
group_6751	3.00E-02	7.86E-02	1.29E-01	-2.01E+00	5.73E-01	6.12E-02	bad-chisq
group_6747	3.00E-02	7.86E-02	1.29E-01	-2.01E+00	5.73E-01	6.12E-02	bad-chisq
group_6742	3.00E-02	7.86E-02	1.29E-01	-2.01E+00	5.73E-01	6.12E-02	bad-chisq
group_6729	3.00E-02	7.86E-02	1.29E-01	-2.01E+00	5.73E-01	6.12E-02	bad-chisq
group_6689	3.00E-02	7.86E-02	1.29E-01	-2.01E+00	5.73E-01	6.12E-02	bad-chisq
group_6632	3.00E-02	7.86E-02	1.29E-01	-2.01E+00	5.73E-01	6.12E-02	bad-chisq
group_6557	3.00E-02	5.58E-01	1.00E+00	5.31E-01	8.39E-01	-2.04E-02	bad-chisq
group_6541	3.00E-02	7.86E-02	1.29E-01	2.01E+00	5.73E-01	-6.12E-02	bad-chisq
group_6532	3.00E-02	7.86E-02	1.29E-01	-2.01E+00	5.73E-01	6.12E-02	bad-chisq
group_6530	3.00E-02	7.86E-02	1.29E-01	-2.01E+00	5.73E-01	6.12E-02	bad-chisq
group_6527	3.00E-02	7.86E-02	1.29E-01	-2.01E+00	5.73E-01	6.12E-02	bad-chisq
group_6520	3.00E-02	7.86E-02	1.29E-01	-2.01E+00	5.73E-01	6.12E-02	bad-chisq
group_6478	3.00E-02	5.58E-01	1.00E+00	5.31E-01	8.39E-01	-2.04E-02	bad-chisq
group_6451	3.00E-02	7.86E-02	1.29E-01	-2.01E+00	5.73E-01	6.12E-02	bad-chisq
group_6442	3.00E-02	7.86E-02	1.29E-01	2.01E+00	5.73E-01	-6.12E-02	bad-chisq
group_6388	3.00E-02	7.86E-02	1.29E-01	2.01E+00	5.73E-01	-6.12E-02	bad-chisq
group_6375	3.00E-02	7.86E-02	1.29E-01	-2.01E+00	5.73E-01	6.12E-02	bad-chisq
group_6361	3.00E-02	7.86E-02	1.29E-01	2.01E+00	5.73E-01	-6.12E-02	bad-chisq
group_6352	3.00E-02	5.58E-01	1.00E+00	5.31E-01	8.39E-01	-2.04E-02	bad-chisq
group_6330	3.00E-02	7.86E-02	1.29E-01	2.01E+00	5.73E-01	-6.12E-02	bad-chisq
group_6313	3.00E-02	7.86E-02	1.29E-01	2.01E+00	5.73E-01	-6.12E-02	bad-chisq
group_6302	3.00E-02	5.58E-01	1.00E+00	5.31E-01	8.39E-01	-2.04E-02	bad-chisq
group_6294	3.00E-02	7.86E-02	1.29E-01	-2.01E+00	5.73E-01	6.12E-02	bad-chisq
group_6292	3.00E-02	7.86E-02	1.29E-01	-2.01E+00	5.73E-01	6.12E-02	bad-chisq
group_6270	3.00E-02	7.86E-02	1.29E-01	2.01E+00	5.73E-01	-6.12E-02	bad-chisq
group_6243	3.00E-02	5.58E-01	1.00E+00	5.31E-01	8.39E-01	-2.04E-02	bad-chisq
group_6230	3.00E-02	7.86E-02	1.29E-01	-2.01E+00	5.73E-01	6.12E-02	bad-chisq
group_6203	3.00E-02	5.58E-01	1.00E+00	-5.31E-01	8.39E-01	2.04E-02	bad-chisq
group_6194	3.00E-02	7.86E-02	1.29E-01	2.01E+00	5.73E-01	-6.12E-02	bad-chisq
group_6186	3.00E-02	7.86E-02	1.29E-01	-2.01E+00	5.73E-01	6.12E-02	bad-chisq
group_6185	3.00E-02	5.58E-01	1.00E+00	5.31E-01	8.39E-01	-2.04E-02	bad-chisq
group_6169	3.00E-02	7.86E-02	1.29E-01	-2.01E+00	5.73E-01	6.12E-02	bad-chisq
group_6148	3.00E-02	5.58E-01	1.00E+00	-5.31E-01	8.39E-01	2.04E-02	bad-chisq
yafO	3.00E-02	7.86E-02	1.29E-01	2.01E+00	5.73E-01	-6.12E-02	bad-chisq
group_6131	3.00E-02	5.58E-01	1.00E+00	5.31E-01	8.39E-01	-2.04E-02	bad-chisq
group_6129	3.00E-02	7.86E-02	1.29E-01	2.01E+00	5.73E-01	-6.12E-02	bad-chisq
group_6128	3.00E-02	7.86E-02	1.29E-01	2.01E+00	5.73E-01	-6.12E-02	bad-chisq
rmpC	3.00E-02	7.86E-02	1.29E-01	-2.01E+00	5.73E-01	6.12E-02	bad-chisq
group_6116	3.00E-02	7.86E-02	1.29E-01	2.01E+00	5.73E-01	-6.12E-02	bad-chisq
group_6114	3.00E-02	5.58E-01	1.00E+00	-5.31E-01	8.39E-01	2.04E-02	bad-chisq
group_6081	3.00E-02	7.86E-02	1.29E-01	2.01E+00	5.73E-01	-6.12E-02	bad-chisq
group_6072	3.00E-02	5.58E-01	1.00E+00	5.31E-01	8.39E-01	-2.04E-02	bad-chisq
group_6068	3.00E-02	7.86E-02	1.29E-01	2.01E+00	5.73E-01	-6.12E-02	bad-chisq
group_6059	3.00E-02	5.58E-01	1.00E+00	5.31E-01	8.39E-01	-2.04E-02	bad-chisq
group_6048	3.00E-02	7.86E-02	1.29E-01	-2.01E+00	5.73E-01	6.12E-02	bad-chisq
group_6036	3.00E-02	5.58E-01	1.00E+00	-5.31E-01	8.39E-01	2.04E-02	bad-chisq
group_5987	3.00E-02	7.86E-02	1.29E-01	2.01E+00	5.73E-01	-6.12E-02	bad-chisq
rmpA	3.00E-02	7.86E-02	1.29E-01	-2.01E+00	5.73E-01	6.12E-02	bad-chisq
group_5948	3.00E-02	7.86E-02	1.29E-01	-2.01E+00	5.73E-01	6.12E-02	bad-chisq
group_5927	3.00E-02	7.86E-02	1.29E-01	-2.01E+00	5.73E-01	6.12E-02	bad-chisq
group_5920	3.00E-02	7.86E-02	1.29E-01	-2.01E+00	5.73E-01	6.12E-02	bad-chisq
group_5911	3.00E-02	7.86E-02	1.29E-01	2.01E+00	5.73E-01	-6.12E-02	bad-chisq
group_5907	3.00E-02	7.86E-02	1.29E-01	-2.01E+00	5.73E-01	6.12E-02	bad-chisq
group_5895	3.00E-02	7.86E-02	1.29E-01	-2.01E+00	5.73E-01	6.12E-02	bad-chisq
group_5892	3.00E-02	7.86E-02	1.29E-01	-2.01E+00	5.73E-01	6.12E-02	bad-chisq
group_5888	3.00E-02	7.86E-02	1.29E-01	2.01E+00	5.73E-01	-6.12E-02	bad-chisq
group_5835	3.00E-02	7.86E-02	1.29E-01	2.01E+00	5.73E-01	-6.12E-02	bad-chisq
group_5796	3.00E-02	5.58E-01	1.00E+00	5.31E-01	8.39E-01	-2.04E-02	bad-chisq
group_5772	3.00E-02	5.58E-01	1.00E+00	5.31E-01	8.39E-01	-2.04E-02	bad-chisq
group_5768	3.00E-02	7.86E-02	1.29E-01	2.01E+00	5.73E-01	-6.12E-02	bad-chisq
group_5750	3.00E-02	5.58E-01	1.00E+00	5.31E-01	8.39E-01	-2.04E-02	bad-chisq
group_5749	3.00E-02	7.86E-02	1.29E-01	-2.01E+00	5.73E-01	6.12E-02	bad-chisq
group_5727	3.00E-02	7.86E-02	1.29E-01	-2.01E+00	5.73E-01	6.12E-02	bad-chisq
group_5699	3.00E-02	7.86E-02	1.29E-01	-2.01E+00	5.73E-01	6.12E-02	bad-chisq
sgbH	3.00E-02	7.86E-02	1.29E-01	-2.01E+00	5.73E-01	6.12E-02	bad-chisq
group_5673	3.00E-02	7.86E-02	1.29E-01	-2.01E+00	5.73E-01	6.12E-02	bad-chisq
group_5669	3.00E-02	7.86E-02	1.29E-01	-2.01E+00	5.73E-01	6.12E-02	bad-chisq
group_5648	3.00E-02	7.86E-02	1.29E-01	-2.01E+00	5.73E-01	6.12E-02	bad-chisq
group_5599	3.00E-02	7.86E-02	1.29E-01	2.01E+00	5.73E-01	-6.12E-02	bad-chisq
group_5571	3.00E-02	7.86E-02	1.29E-01	-2.01E+00	5.73E-01	6.12E-02	bad-chisq
group_5553	3.00E-02	5.58E-01	1.00E+00	5.31E-01	8.39E-01	-2.04E-02	bad-chisq
group_5545	3.00E-02	7.86E-02	1.29E-01	-2.01E+00	5.73E-01	6.12E-02	bad-chisq
group_5517	3.00E-02	7.86E-02	1.29E-01	2.01E+00	5.73E-01	-6.12E-02	bad-chisq
rloB	3.00E-02	5.58E-01	1.00E+00	5.31E-01	8.39E-01	-2.04E-02	bad-chisq
group_5405	3.00E-02	5.58E-01	1.00E+00	5.31E-01	8.39E-01	-2.04E-02	bad-chisq
group_5377	3.00E-02	7.86E-02	1.29E-01	-2.01E+00	5.73E-01	6.12E-02	bad-chisq
group_5335	3.00E-02	5.58E-01	1.00E+00	5.31E-01	8.39E-01	-2.04E-02	bad-chisq
group_5327	3.00E-02	7.86E-02	1.29E-01	-2.01E+00	5.73E-01	6.12E-02	bad-chisq
group_5255	3.00E-02	7.86E-02	1.29E-01	-2.01E+00	5.73E-01	6.12E-02	bad-chisq
wzm	3.00E-02	7.86E-02	1.29E-01	-2.01E+00	5.73E-01	6.12E-02	bad-chisq
group_5244	3.00E-02	7.86E-02	1.29E-01	-2.01E+00	5.73E-01	6.12E-02	bad-chisq
group_5236	3.00E-02	5.58E-01	1.00E+00	5.31E-01	8.39E-01	-2.04E-02	bad-chisq
group_5219	3.00E-02	5.58E-01	1.00E+00	-5.31E-01	8.39E-01	2.04E-02	bad-chisq
yiaJ	3.00E-02	7.86E-02	1.29E-01	-2.01E+00	5.73E-01	6.12E-02	bad-chisq
group_5148	3.00E-02	7.86E-02	1.29E-01	-2.01E+00	5.73E-01	6.12E-02	bad-chisq
group_5124	3.00E-02	7.86E-02	1.29E-01	2.01E+00	5.73E-01	-6.12E-02	bad-chisq
group_5105	3.00E-02	5.58E-01	1.00E+00	5.31E-01	8.39E-01	-2.04E-02	bad-chisq
group_5082	3.00E-02	7.86E-02	1.29E-01	-2.01E+00	5.73E-01	6.12E-02	bad-chisq
group_5041	3.00E-02	7.86E-02	1.29E-01	-2.01E+00	5.73E-01	6.12E-02	bad-chisq
sgbU	3.00E-02	7.86E-02	1.29E-01	-2.01E+00	5.73E-01	6.12E-02	bad-chisq
group_5036	3.00E-02	7.86E-02	1.29E-01	-2.01E+00	5.73E-01	6.12E-02	bad-chisq
group_4986	3.00E-02	7.86E-02	1.29E-01	-2.01E+00	5.73E-01	6.12E-02	bad-chisq
group_4914	3.00E-02	7.86E-02	1.29E-01	2.01E+00	5.73E-01	-6.12E-02	bad-chisq
group_4908	3.00E-02	7.86E-02	1.29E-01	2.01E+00	5.73E-01	-6.12E-02	bad-chisq
peg344	3.00E-02	7.86E-02	1.29E-01	-2.01E+00	5.73E-01	6.12E-02	bad-chisq
group_4859	3.00E-02	7.86E-02	1.29E-01	2.01E+00	5.73E-01	-6.12E-02	bad-chisq
group_4845	3.00E-02	7.86E-02	1.29E-01	2.01E+00	5.73E-01	-6.12E-02	bad-chisq
group_4826	3.00E-02	5.58E-01	1.00E+00	-5.31E-01	8.39E-01	2.04E-02	bad-chisq
group_4815	3.00E-02	5.58E-01	1.00E+00	5.31E-01	8.39E-01	-2.04E-02	bad-chisq
group_4812	3.00E-02	7.86E-02	1.29E-01	2.01E+00	5.73E-01	-6.12E-02	bad-chisq
yiaX1	3.00E-02	7.86E-02	1.29E-01	-2.01E+00	5.73E-01	6.12E-02	bad-chisq
group_4717	3.00E-02	7.86E-02	1.29E-01	2.01E+00	5.73E-01	-6.12E-02	bad-chisq
group_4709	3.00E-02	7.86E-02	1.29E-01	-2.01E+00	5.73E-01	6.12E-02	bad-chisq
group_4708	3.00E-02	7.86E-02	1.29E-01	-2.01E+00	5.73E-01	6.12E-02	bad-chisq
group_4704	3.00E-02	7.86E-02	1.29E-01	-2.01E+00	5.73E-01	6.12E-02	bad-chisq
group_4687	3.00E-02	5.58E-01	1.00E+00	-5.31E-01	8.39E-01	2.04E-02	bad-chisq
group_4633	3.00E-02	7.86E-02	1.29E-01	2.01E+00	5.73E-01	-6.12E-02	bad-chisq
group_4569	3.00E-02	7.86E-02	1.29E-01	-2.01E+00	5.73E-01	6.12E-02	bad-chisq
group_4556	3.00E-02	7.86E-02	1.29E-01	-2.01E+00	5.73E-01	6.12E-02	bad-chisq
group_4542	3.00E-02	7.86E-02	1.29E-01	-2.01E+00	5.73E-01	6.12E-02	bad-chisq
group_4525	3.00E-02	7.86E-02	1.29E-01	-2.01E+00	5.73E-01	6.12E-02	bad-chisq
group_4514	3.00E-02	7.86E-02	1.29E-01	-2.01E+00	5.73E-01	6.12E-02	bad-chisq
group_4506	3.00E-02	7.86E-02	1.29E-01	2.01E+00	5.73E-01	-6.12E-02	bad-chisq
group_4483	3.00E-02	7.86E-02	1.29E-01	-2.01E+00	5.73E-01	6.12E-02	bad-chisq
group_4482	3.00E-02	7.86E-02	1.29E-01	-2.01E+00	5.73E-01	6.12E-02	bad-chisq
group_4472	3.00E-02	5.58E-01	1.00E+00	5.31E-01	8.39E-01	-2.04E-02	bad-chisq
group_4446	3.00E-02	7.86E-02	1.29E-01	-2.01E+00	5.73E-01	6.12E-02	bad-chisq
group_4445	3.00E-02	5.58E-01	1.00E+00	-5.31E-01	8.39E-01	2.04E-02	bad-chisq
istB	3.00E-02	5.58E-01	1.00E+00	-5.31E-01	8.39E-01	2.04E-02	bad-chisq
group_4442	3.00E-02	5.58E-01	1.00E+00	-5.31E-01	8.39E-01	2.04E-02	bad-chisq
group_4419	3.00E-02	7.86E-02	1.29E-01	-2.01E+00	5.73E-01	6.12E-02	bad-chisq
group_4407	3.00E-02	5.58E-01	1.00E+00	-5.31E-01	8.39E-01	2.04E-02	bad-chisq
group_4376	3.00E-02	7.86E-02	1.29E-01	-2.01E+00	5.73E-01	6.12E-02	bad-chisq
group_4350	3.00E-02	7.86E-02	1.29E-01	-2.01E+00	5.73E-01	6.12E-02	bad-chisq
yfbU	3.00E-02	7.86E-02	1.29E-01	-2.01E+00	5.73E-01	6.12E-02	bad-chisq
group_4309	3.00E-02	5.58E-01	1.00E+00	-5.31E-01	8.39E-01	2.04E-02	bad-chisq
group_4226	3.00E-02	5.58E-01	1.00E+00	-5.31E-01	8.39E-01	2.04E-02	bad-chisq
group_4196	3.00E-02	5.58E-01	1.00E+00	5.31E-01	8.39E-01	-2.04E-02	bad-chisq
group_4195	3.00E-02	7.86E-02	1.29E-01	-2.01E+00	5.73E-01	6.12E-02	bad-chisq
group_4192	3.00E-02	5.58E-01	1.00E+00	-5.31E-01	8.39E-01	2.04E-02	bad-chisq
group_4178	3.00E-02	5.58E-01	1.00E+00	5.31E-01	8.39E-01	-2.04E-02	bad-chisq
group_4172	3.00E-02	7.86E-02	1.29E-01	-2.01E+00	5.73E-01	6.12E-02	bad-chisq
group_4165	3.00E-02	5.58E-01	1.00E+00	-5.31E-01	8.39E-01	2.04E-02	bad-chisq
cohE	3.00E-02	5.58E-01	1.00E+00	5.31E-01	8.39E-01	-2.04E-02	bad-chisq
group_4137	3.00E-02	7.86E-02	1.29E-01	2.01E+00	5.73E-01	-6.12E-02	bad-chisq
dfrA1~~~dfrA5	3.00E-02	7.86E-02	1.29E-01	-2.01E+00	5.73E-01	6.12E-02	bad-chisq
group_4111	3.00E-02	7.86E-02	1.29E-01	-2.01E+00	5.73E-01	6.12E-02	bad-chisq
group_4104	3.00E-02	7.86E-02	1.29E-01	-2.01E+00	5.73E-01	6.12E-02	bad-chisq
group_4097	3.00E-02	7.86E-02	1.29E-01	-2.01E+00	5.73E-01	6.12E-02	bad-chisq
group_4079	3.00E-02	7.86E-02	1.29E-01	-2.01E+00	5.73E-01	6.12E-02	bad-chisq
group_4033	3.00E-02	5.58E-01	1.00E+00	-5.31E-01	8.39E-01	2.04E-02	bad-chisq
group_4002	3.00E-02	7.86E-02	1.29E-01	-2.01E+00	5.73E-01	6.12E-02	bad-chisq
group_3979	3.00E-02	7.86E-02	1.29E-01	2.01E+00	5.73E-01	-6.12E-02	bad-chisq
group_3976	3.00E-02	7.86E-02	1.29E-01	-2.01E+00	5.73E-01	6.12E-02	bad-chisq
group_3957	3.00E-02	5.58E-01	1.00E+00	-5.31E-01	8.39E-01	2.04E-02	bad-chisq
group_3939	3.00E-02	5.58E-01	1.00E+00	-5.31E-01	8.39E-01	2.04E-02	bad-chisq
group_3933	3.00E-02	5.58E-01	1.00E+00	-5.31E-01	8.39E-01	2.04E-02	bad-chisq
group_3930	3.00E-02	7.86E-02	1.29E-01	2.01E+00	5.73E-01	-6.12E-02	bad-chisq
group_3907	3.00E-02	5.58E-01	1.00E+00	5.31E-01	8.39E-01	-2.04E-02	bad-chisq
group_3895	3.00E-02	7.86E-02	1.29E-01	-2.01E+00	5.73E-01	6.12E-02	bad-chisq
group_3880	3.00E-02	7.86E-02	1.29E-01	-2.01E+00	5.73E-01	6.12E-02	bad-chisq
yafA	3.00E-02	5.58E-01	1.00E+00	5.31E-01	8.39E-01	-2.04E-02	bad-chisq
group_3871	3.00E-02	7.86E-02	1.29E-01	2.01E+00	5.73E-01	-6.12E-02	bad-chisq
group_3840	3.00E-02	7.86E-02	1.29E-01	-2.01E+00	5.73E-01	6.12E-02	bad-chisq
group_3763	3.00E-02	7.86E-02	1.29E-01	-2.01E+00	5.73E-01	6.12E-02	bad-chisq
group_3734	3.00E-02	7.86E-02	1.29E-01	-2.01E+00	5.73E-01	6.12E-02	bad-chisq
group_3721	3.00E-02	5.58E-01	1.00E+00	-5.31E-01	8.39E-01	2.04E-02	bad-chisq
group_3711	3.00E-02	5.58E-01	1.00E+00	-5.31E-01	8.39E-01	2.04E-02	bad-chisq
group_3654	3.00E-02	7.86E-02	1.29E-01	-2.01E+00	5.73E-01	6.12E-02	bad-chisq
group_3633	3.00E-02	7.86E-02	1.29E-01	-2.01E+00	5.73E-01	6.12E-02	bad-chisq
group_3627	3.00E-02	7.86E-02	1.29E-01	-2.01E+00	5.73E-01	6.12E-02	bad-chisq
group_3607	3.00E-02	5.58E-01	1.00E+00	5.31E-01	8.39E-01	-2.04E-02	bad-chisq
group_3605	3.00E-02	7.86E-02	1.29E-01	-2.01E+00	5.73E-01	6.12E-02	bad-chisq
group_3528	3.00E-02	7.86E-02	1.29E-01	-2.01E+00	5.73E-01	6.12E-02	bad-chisq
group_3514	3.00E-02	7.86E-02	1.29E-01	-2.01E+00	5.73E-01	6.12E-02	bad-chisq
group_3420	3.00E-02	5.58E-01	1.00E+00	-5.31E-01	8.39E-01	2.04E-02	bad-chisq
group_3381	3.00E-02	5.58E-01	1.00E+00	5.31E-01	8.39E-01	-2.04E-02	bad-chisq
group_3342	3.00E-02	5.58E-01	1.00E+00	5.31E-01	8.39E-01	-2.04E-02	bad-chisq
group_3341	3.00E-02	7.86E-02	1.29E-01	2.01E+00	5.73E-01	-6.12E-02	bad-chisq
group_3314	3.00E-02	5.58E-01	1.00E+00	5.31E-01	8.39E-01	-2.04E-02	bad-chisq
group_3270	3.00E-02	7.86E-02	1.29E-01	-2.01E+00	5.73E-01	6.12E-02	bad-chisq
group_3203	3.00E-02	5.58E-01	1.00E+00	5.31E-01	8.39E-01	-2.04E-02	bad-chisq
group_3202	3.00E-02	7.86E-02	1.29E-01	-2.01E+00	5.73E-01	6.12E-02	bad-chisq
group_3190	3.00E-02	5.58E-01	1.00E+00	-5.31E-01	8.39E-01	2.04E-02	bad-chisq
group_3042	3.00E-02	7.86E-02	1.29E-01	-2.01E+00	5.73E-01	6.12E-02	bad-chisq
group_2989	3.00E-02	5.58E-01	1.00E+00	5.31E-01	8.39E-01	-2.04E-02	bad-chisq
group_2980	3.00E-02	7.86E-02	1.29E-01	-2.01E+00	5.73E-01	6.12E-02	bad-chisq
group_2978	3.00E-02	7.86E-02	1.29E-01	-2.01E+00	5.73E-01	6.12E-02	bad-chisq
group_2949	3.00E-02	5.58E-01	1.00E+00	-5.31E-01	8.39E-01	2.04E-02	bad-chisq
group_2830	3.00E-02	7.86E-02	1.29E-01	-2.01E+00	5.73E-01	6.12E-02	bad-chisq
group_2826	3.00E-02	7.86E-02	1.29E-01	-2.01E+00	5.73E-01	6.12E-02	bad-chisq
group_2823	3.00E-02	7.86E-02	1.29E-01	-2.01E+00	5.73E-01	6.12E-02	bad-chisq
group_2814	3.00E-02	7.86E-02	1.29E-01	-2.01E+00	5.73E-01	6.12E-02	bad-chisq
group_2773	3.00E-02	7.86E-02	1.29E-01	-2.01E+00	5.73E-01	6.12E-02	bad-chisq
group_2742	3.00E-02	5.58E-01	1.00E+00	5.31E-01	8.39E-01	-2.04E-02	bad-chisq
group_2683	3.00E-02	5.58E-01	1.00E+00	-5.31E-01	8.39E-01	2.04E-02	bad-chisq
group_2652	3.00E-02	5.58E-01	1.00E+00	5.31E-01	8.39E-01	-2.04E-02	bad-chisq
group_2627	3.00E-02	7.86E-02	1.29E-01	-2.01E+00	5.73E-01	6.12E-02	bad-chisq
group_2617	3.00E-02	7.86E-02	1.29E-01	-2.01E+00	5.73E-01	6.12E-02	bad-chisq
group_2603	3.00E-02	7.86E-02	1.29E-01	-2.01E+00	5.73E-01	6.12E-02	bad-chisq
group_2544	3.00E-02	7.86E-02	1.29E-01	-2.01E+00	5.73E-01	6.12E-02	bad-chisq
group_2515	3.00E-02	5.58E-01	1.00E+00	5.31E-01	8.39E-01	-2.04E-02	bad-chisq
group_2423	3.00E-02	7.86E-02	1.29E-01	-2.01E+00	5.73E-01	6.12E-02	bad-chisq
group_2399	3.00E-02	5.58E-01	1.00E+00	5.31E-01	8.39E-01	-2.04E-02	bad-chisq
group_2347	3.00E-02	7.86E-02	1.29E-01	-2.01E+00	5.73E-01	6.12E-02	bad-chisq
group_2323	3.00E-02	7.86E-02	1.29E-01	2.01E+00	5.73E-01	-6.12E-02	bad-chisq
group_2267	3.00E-02	7.86E-02	1.29E-01	2.01E+00	5.73E-01	-6.12E-02	bad-chisq
group_2262	3.00E-02	7.86E-02	1.29E-01	-2.01E+00	5.73E-01	6.12E-02	bad-chisq
group_2235	3.00E-02	7.86E-02	1.29E-01	-2.01E+00	5.73E-01	6.12E-02	bad-chisq
group_2216	3.00E-02	5.58E-01	1.00E+00	-5.31E-01	8.39E-01	2.04E-02	bad-chisq
group_2207	3.00E-02	7.86E-02	1.29E-01	-2.01E+00	5.73E-01	6.12E-02	bad-chisq
group_2205	3.00E-02	5.58E-01	1.00E+00	5.31E-01	8.39E-01	-2.04E-02	bad-chisq
group_2175	3.00E-02	7.86E-02	1.29E-01	-2.01E+00	5.73E-01	6.12E-02	bad-chisq
group_2107	3.00E-02	5.58E-01	1.00E+00	5.31E-01	8.39E-01	-2.04E-02	bad-chisq
group_2085	3.00E-02	7.86E-02	1.29E-01	-2.01E+00	5.73E-01	6.12E-02	bad-chisq
korB	3.00E-02	7.86E-02	1.29E-01	2.01E+00	5.73E-01	-6.12E-02	bad-chisq
group_2014	3.00E-02	5.58E-01	1.00E+00	5.31E-01	8.39E-01	-2.04E-02	bad-chisq
group_1862	3.00E-02	7.86E-02	1.29E-01	-2.01E+00	5.73E-01	6.12E-02	bad-chisq
group_1826	3.00E-02	7.86E-02	1.29E-01	-2.01E+00	5.73E-01	6.12E-02	bad-chisq
group_1807	3.00E-02	5.58E-01	1.00E+00	5.31E-01	8.39E-01	-2.04E-02	bad-chisq
group_1772	3.00E-02	7.86E-02	1.29E-01	2.01E+00	5.73E-01	-6.12E-02	bad-chisq
group_1717	3.00E-02	7.86E-02	1.29E-01	-2.01E+00	5.73E-01	6.12E-02	bad-chisq
group_1648	3.00E-02	5.58E-01	1.00E+00	-5.31E-01	8.39E-01	2.04E-02	bad-chisq
group_1624	3.00E-02	7.86E-02	1.29E-01	-2.01E+00	5.73E-01	6.12E-02	bad-chisq
group_1623	3.00E-02	7.86E-02	1.29E-01	-2.01E+00	5.73E-01	6.12E-02	bad-chisq
group_1582	3.00E-02	5.58E-01	1.00E+00	5.31E-01	8.39E-01	-2.04E-02	bad-chisq
group_1501	3.00E-02	5.58E-01	1.00E+00	5.31E-01	8.39E-01	-2.04E-02	bad-chisq
group_1497	3.00E-02	7.86E-02	1.29E-01	-2.01E+00	5.73E-01	6.12E-02	bad-chisq
group_1480	3.00E-02	7.86E-02	1.29E-01	-2.01E+00	5.73E-01	6.12E-02	bad-chisq
group_1469	3.00E-02	7.86E-02	1.29E-01	-2.01E+00	5.73E-01	6.12E-02	bad-chisq
group_1468	3.00E-02	7.86E-02	1.29E-01	-2.01E+00	5.73E-01	6.12E-02	bad-chisq
group_1413	3.00E-02	5.58E-01	1.00E+00	5.31E-01	8.39E-01	-2.04E-02	bad-chisq
group_1269	3.00E-02	5.58E-01	1.00E+00	5.31E-01	8.39E-01	-2.04E-02	bad-chisq
group_1241	3.00E-02	7.86E-02	1.29E-01	-2.01E+00	5.73E-01	6.12E-02	bad-chisq
group_1135	3.00E-02	7.86E-02	1.29E-01	-2.01E+00	5.73E-01	6.12E-02	bad-chisq
group_1133	3.00E-02	7.86E-02	1.29E-01	-2.01E+00	5.73E-01	6.12E-02	bad-chisq
group_1121	3.00E-02	7.86E-02	1.29E-01	-2.01E+00	5.73E-01	6.12E-02	bad-chisq
group_1093	3.00E-02	7.86E-02	1.29E-01	-2.01E+00	5.73E-01	6.12E-02	bad-chisq
group_1082	3.00E-02	7.86E-02	1.29E-01	-2.01E+00	5.73E-01	6.12E-02	bad-chisq
group_1081	3.00E-02	7.86E-02	1.29E-01	-2.01E+00	5.73E-01	6.12E-02	bad-chisq
group_1057	3.00E-02	7.86E-02	1.29E-01	-2.01E+00	5.73E-01	6.12E-02	bad-chisq
group_1047	3.00E-02	5.58E-01	1.00E+00	5.31E-01	8.39E-01	-2.04E-02	bad-chisq
group_1030	3.00E-02	7.86E-02	1.29E-01	-2.01E+00	5.73E-01	6.12E-02	bad-chisq
group_1021	3.00E-02	7.86E-02	1.29E-01	2.01E+00	5.73E-01	-6.12E-02	bad-chisq
group_973	3.00E-02	7.86E-02	1.29E-01	2.01E+00	5.73E-01	-6.12E-02	bad-chisq
group_911	3.00E-02	7.86E-02	1.29E-01	-2.01E+00	5.73E-01	6.12E-02	bad-chisq
group_888	3.00E-02	7.86E-02	1.29E-01	-2.01E+00	5.73E-01	6.12E-02	bad-chisq
group_806	3.00E-02	7.86E-02	1.29E-01	-2.01E+00	5.73E-01	6.12E-02	bad-chisq
group_793	3.00E-02	5.58E-01	1.00E+00	-5.31E-01	8.39E-01	2.04E-02	bad-chisq
group_783	3.00E-02	7.86E-02	1.29E-01	2.01E+00	5.73E-01	-6.12E-02	bad-chisq
group_746	3.00E-02	7.86E-02	1.29E-01	2.01E+00	5.73E-01	-6.12E-02	bad-chisq
group_633	3.00E-02	7.86E-02	1.29E-01	2.01E+00	5.73E-01	-6.12E-02	bad-chisq
hypX	3.00E-02	7.86E-02	1.29E-01	-2.01E+00	5.73E-01	6.12E-02	bad-chisq
group_542	3.00E-02	5.58E-01	1.00E+00	5.31E-01	8.39E-01	-2.04E-02	bad-chisq
group_526	3.00E-02	5.58E-01	1.00E+00	5.31E-01	8.39E-01	-2.04E-02	bad-chisq
group_501	3.00E-02	5.58E-01	1.00E+00	5.31E-01	8.39E-01	-2.04E-02	bad-chisq
group_467	3.00E-02	7.86E-02	1.29E-01	-2.01E+00	5.73E-01	6.12E-02	bad-chisq
group_441	3.00E-02	7.86E-02	1.29E-01	-2.01E+00	5.73E-01	6.12E-02	bad-chisq
repA2	3.00E-02	7.86E-02	1.29E-01	2.01E+00	5.73E-01	-6.12E-02	bad-chisq
group_298	3.00E-02	5.58E-01	1.00E+00	-5.31E-01	8.39E-01	2.04E-02	bad-chisq
group_288	3.00E-02	7.86E-02	1.29E-01	2.01E+00	5.73E-01	-6.12E-02	bad-chisq
group_281	3.00E-02	7.86E-02	1.29E-01	-2.01E+00	5.73E-01	6.12E-02	bad-chisq
group_264	3.00E-02	7.86E-02	1.29E-01	2.01E+00	5.73E-01	-6.12E-02	bad-chisq
group_262	3.00E-02	7.86E-02	1.29E-01	2.01E+00	5.73E-01	-6.12E-02	bad-chisq
group_226	3.00E-02	7.86E-02	1.29E-01	2.01E+00	5.73E-01	-6.12E-02	bad-chisq
group_224	3.00E-02	7.86E-02	1.29E-01	-2.01E+00	5.73E-01	6.12E-02	bad-chisq
vasK	3.00E-02	5.58E-01	1.00E+00	-5.31E-01	8.39E-01	2.04E-02	bad-chisq
group_72	3.00E-02	5.58E-01	1.00E+00	-5.31E-01	8.39E-01	2.04E-02	bad-chisq
group_64	3.00E-02	7.86E-02	1.29E-01	-2.01E+00	5.73E-01	6.12E-02	bad-chisq
group_23	3.00E-02	5.58E-01	1.00E+00	5.31E-01	8.39E-01	-2.04E-02	bad-chisq
group_9599	2.00E-02	1.00E+00	1.00E+00	0.00E+00	7.07E-01	0.00E+00	bad-chisq
group_9597	2.00E-02	1.53E-01	3.76E-01	-1.65E+00	5.27E-01	4.04E-02	bad-chisq
cbiX	2.00E-02	1.53E-01	3.76E-01	1.65E+00	5.27E-01	-4.04E-02	bad-chisq
group_9596	2.00E-02	1.00E+00	1.00E+00	0.00E+00	7.07E-01	0.00E+00	bad-chisq
group_9594	2.00E-02	1.53E-01	3.76E-01	1.65E+00	5.27E-01	-4.04E-02	bad-chisq
group_9593	2.00E-02	1.53E-01	3.76E-01	1.65E+00	5.27E-01	-4.04E-02	bad-chisq
group_9510	2.00E-02	1.53E-01	3.76E-01	-1.65E+00	5.27E-01	4.04E-02	bad-chisq
group_9480	2.00E-02	1.53E-01	3.76E-01	-1.65E+00	5.27E-01	4.04E-02	bad-chisq
group_9424	2.00E-02	1.53E-01	3.76E-01	-1.65E+00	5.27E-01	4.04E-02	bad-chisq
group_9396	2.00E-02	1.00E+00	1.00E+00	0.00E+00	7.07E-01	0.00E+00	bad-chisq
group_9329	2.00E-02	1.53E-01	3.76E-01	-1.65E+00	5.27E-01	4.04E-02	bad-chisq
group_9317	2.00E-02	1.00E+00	1.00E+00	0.00E+00	7.07E-01	0.00E+00	bad-chisq
group_9316	2.00E-02	1.00E+00	1.00E+00	0.00E+00	7.07E-01	0.00E+00	bad-chisq
group_9315	2.00E-02	1.00E+00	1.00E+00	0.00E+00	7.07E-01	0.00E+00	bad-chisq
group_9308	2.00E-02	1.53E-01	3.76E-01	-1.65E+00	5.27E-01	4.04E-02	bad-chisq
group_9307	2.00E-02	1.53E-01	3.76E-01	-1.65E+00	5.27E-01	4.04E-02	bad-chisq
group_9306	2.00E-02	1.53E-01	3.76E-01	-1.65E+00	5.27E-01	4.04E-02	bad-chisq
group_9305	2.00E-02	1.53E-01	3.76E-01	-1.65E+00	5.27E-01	4.04E-02	bad-chisq
group_9304	2.00E-02	1.53E-01	3.76E-01	-1.65E+00	5.27E-01	4.04E-02	bad-chisq
group_9271	2.00E-02	1.53E-01	3.76E-01	-1.65E+00	5.27E-01	4.04E-02	bad-chisq
group_9260	2.00E-02	1.53E-01	3.76E-01	1.65E+00	5.27E-01	-4.04E-02	bad-chisq
group_9221	2.00E-02	1.53E-01	3.76E-01	-1.65E+00	5.27E-01	4.04E-02	bad-chisq
group_9216	2.00E-02	1.00E+00	1.00E+00	0.00E+00	7.07E-01	0.00E+00	bad-chisq
group_9215	2.00E-02	1.00E+00	1.00E+00	0.00E+00	7.07E-01	0.00E+00	bad-chisq
kop	2.00E-02	1.00E+00	1.00E+00	0.00E+00	7.07E-01	0.00E+00	bad-chisq
group_9211	2.00E-02	1.00E+00	1.00E+00	0.00E+00	7.07E-01	0.00E+00	bad-chisq
group_9199	2.00E-02	1.00E+00	1.00E+00	0.00E+00	7.07E-01	0.00E+00	bad-chisq
group_9193	2.00E-02	1.53E-01	3.76E-01	1.65E+00	5.27E-01	-4.04E-02	bad-chisq
group_9192	2.00E-02	1.53E-01	3.76E-01	1.65E+00	5.27E-01	-4.04E-02	bad-chisq
group_9191	2.00E-02	1.53E-01	3.76E-01	1.65E+00	5.27E-01	-4.04E-02	bad-chisq
group_9184	2.00E-02	1.00E+00	1.00E+00	0.00E+00	7.07E-01	0.00E+00	bad-chisq
group_9135	2.00E-02	1.53E-01	3.76E-01	-1.65E+00	5.27E-01	4.04E-02	bad-chisq
group_9134	2.00E-02	1.53E-01	3.76E-01	-1.65E+00	5.27E-01	4.04E-02	bad-chisq
group_9084	2.00E-02	1.53E-01	3.76E-01	1.65E+00	5.27E-01	-4.04E-02	bad-chisq
group_9083	2.00E-02	1.53E-01	3.76E-01	1.65E+00	5.27E-01	-4.04E-02	bad-chisq
group_9081	2.00E-02	1.00E+00	1.00E+00	0.00E+00	7.07E-01	0.00E+00	bad-chisq
group_9080	2.00E-02	1.00E+00	1.00E+00	0.00E+00	7.07E-01	0.00E+00	bad-chisq
group_9074	2.00E-02	1.00E+00	1.00E+00	0.00E+00	7.07E-01	0.00E+00	bad-chisq
group_9062	2.00E-02	1.53E-01	3.76E-01	1.65E+00	5.27E-01	-4.04E-02	bad-chisq
group_9052	2.00E-02	1.00E+00	1.00E+00	0.00E+00	7.07E-01	0.00E+00	bad-chisq
group_9051	2.00E-02	1.00E+00	1.00E+00	0.00E+00	7.07E-01	0.00E+00	bad-chisq
group_9050	2.00E-02	1.00E+00	1.00E+00	0.00E+00	7.07E-01	0.00E+00	bad-chisq
group_9049	2.00E-02	1.00E+00	1.00E+00	0.00E+00	7.07E-01	0.00E+00	bad-chisq
group_9048	2.00E-02	1.00E+00	1.00E+00	0.00E+00	7.07E-01	0.00E+00	bad-chisq
group_9047	2.00E-02	1.00E+00	1.00E+00	0.00E+00	7.07E-01	0.00E+00	bad-chisq
group_9046	2.00E-02	1.00E+00	1.00E+00	0.00E+00	7.07E-01	0.00E+00	bad-chisq
group_9045	2.00E-02	1.00E+00	1.00E+00	0.00E+00	7.07E-01	0.00E+00	bad-chisq
aph3VIb	2.00E-02	1.53E-01	3.76E-01	1.65E+00	5.27E-01	-4.04E-02	bad-chisq
group_9041	2.00E-02	1.53E-01	3.76E-01	1.65E+00	5.27E-01	-4.04E-02	bad-chisq
group_9016	2.00E-02	1.53E-01	3.76E-01	-1.65E+00	5.27E-01	4.04E-02	bad-chisq
group_8938	2.00E-02	1.53E-01	3.76E-01	-1.65E+00	5.27E-01	4.04E-02	bad-chisq
group_8931	2.00E-02	1.00E+00	1.00E+00	0.00E+00	7.07E-01	0.00E+00	bad-chisq
group_8928	2.00E-02	1.53E-01	3.76E-01	-1.65E+00	5.27E-01	4.04E-02	bad-chisq
group_8926	2.00E-02	1.53E-01	3.76E-01	-1.65E+00	5.27E-01	4.04E-02	bad-chisq
group_8864	2.00E-02	1.53E-01	3.76E-01	-1.65E+00	5.27E-01	4.04E-02	bad-chisq
group_8793	2.00E-02	1.53E-01	3.76E-01	-1.65E+00	5.27E-01	4.04E-02	bad-chisq
group_8753	2.00E-02	1.53E-01	3.76E-01	-1.65E+00	5.27E-01	4.04E-02	bad-chisq
group_8684	2.00E-02	1.53E-01	3.76E-01	-1.65E+00	5.27E-01	4.04E-02	bad-chisq
group_8658	2.00E-02	1.53E-01	3.76E-01	-1.65E+00	5.27E-01	4.04E-02	bad-chisq
intR	2.00E-02	1.53E-01	3.76E-01	-1.65E+00	5.27E-01	4.04E-02	bad-chisq
group_8604	2.00E-02	1.53E-01	3.76E-01	-1.65E+00	5.27E-01	4.04E-02	bad-chisq
group_8573	2.00E-02	1.00E+00	1.00E+00	0.00E+00	7.07E-01	0.00E+00	bad-chisq
group_8565	2.00E-02	1.53E-01	3.76E-01	-1.65E+00	5.27E-01	4.04E-02	bad-chisq
group_8528	2.00E-02	1.53E-01	3.76E-01	1.65E+00	5.27E-01	-4.04E-02	bad-chisq
group_8512	2.00E-02	1.53E-01	3.76E-01	-1.65E+00	5.27E-01	4.04E-02	bad-chisq
group_8490	2.00E-02	1.53E-01	3.76E-01	-1.65E+00	5.27E-01	4.04E-02	bad-chisq
group_8477	2.00E-02	1.53E-01	3.76E-01	-1.65E+00	5.27E-01	4.04E-02	bad-chisq
group_8476	2.00E-02	1.53E-01	3.76E-01	-1.65E+00	5.27E-01	4.04E-02	bad-chisq
group_8467	2.00E-02	1.00E+00	1.00E+00	0.00E+00	7.07E-01	0.00E+00	bad-chisq
group_8436	2.00E-02	1.00E+00	1.00E+00	0.00E+00	7.07E-01	0.00E+00	bad-chisq
group_8434	2.00E-02	1.53E-01	3.76E-01	-1.65E+00	5.27E-01	4.04E-02	bad-chisq
group_8401	2.00E-02	1.53E-01	3.76E-01	-1.65E+00	5.27E-01	4.04E-02	bad-chisq
group_8388	2.00E-02	1.53E-01	3.76E-01	-1.65E+00	5.27E-01	4.04E-02	bad-chisq
group_8347	2.00E-02	1.53E-01	3.76E-01	-1.65E+00	5.27E-01	4.04E-02	bad-chisq
group_8346	2.00E-02	1.53E-01	3.76E-01	-1.65E+00	5.27E-01	4.04E-02	bad-chisq
tssC	2.00E-02	1.00E+00	1.00E+00	0.00E+00	7.07E-01	0.00E+00	bad-chisq
group_8333	2.00E-02	1.53E-01	3.76E-01	-1.65E+00	5.27E-01	4.04E-02	bad-chisq
group_8269	2.00E-02	1.53E-01	3.76E-01	-1.65E+00	5.27E-01	4.04E-02	bad-chisq
group_8264	2.00E-02	1.53E-01	3.76E-01	-1.65E+00	5.27E-01	4.04E-02	bad-chisq
group_8248	2.00E-02	1.53E-01	3.76E-01	1.65E+00	5.27E-01	-4.04E-02	bad-chisq
group_8245	2.00E-02	1.00E+00	1.00E+00	0.00E+00	7.07E-01	0.00E+00	bad-chisq
group_8242	2.00E-02	1.00E+00	1.00E+00	0.00E+00	7.07E-01	0.00E+00	bad-chisq
group_8232	2.00E-02	1.00E+00	1.00E+00	0.00E+00	7.07E-01	0.00E+00	bad-chisq
group_8211	2.00E-02	1.53E-01	3.76E-01	1.65E+00	5.27E-01	-4.04E-02	bad-chisq
group_8199	2.00E-02	1.53E-01	3.76E-01	-1.65E+00	5.27E-01	4.04E-02	bad-chisq
group_8196	2.00E-02	1.53E-01	3.76E-01	-1.65E+00	5.27E-01	4.04E-02	bad-chisq
group_8187	2.00E-02	1.00E+00	1.00E+00	0.00E+00	7.07E-01	0.00E+00	bad-chisq
group_8175	2.00E-02	1.53E-01	3.76E-01	1.65E+00	5.27E-01	-4.04E-02	bad-chisq
group_8171	2.00E-02	1.53E-01	3.76E-01	-1.65E+00	5.27E-01	4.04E-02	bad-chisq
group_8170	2.00E-02	1.53E-01	3.76E-01	-1.65E+00	5.27E-01	4.04E-02	bad-chisq
group_8167	2.00E-02	1.53E-01	3.76E-01	-1.65E+00	5.27E-01	4.04E-02	bad-chisq
group_8166	2.00E-02	1.53E-01	3.76E-01	-1.65E+00	5.27E-01	4.04E-02	bad-chisq
group_8163	2.00E-02	1.53E-01	3.76E-01	1.65E+00	5.27E-01	-4.04E-02	bad-chisq
group_8162	2.00E-02	1.53E-01	3.76E-01	1.65E+00	5.27E-01	-4.04E-02	bad-chisq
group_8161	2.00E-02	1.53E-01	3.76E-01	-1.65E+00	5.27E-01	4.04E-02	bad-chisq
group_8156	2.00E-02	1.53E-01	3.76E-01	-1.65E+00	5.27E-01	4.04E-02	bad-chisq
group_8154	2.00E-02	1.53E-01	3.76E-01	1.65E+00	5.27E-01	-4.04E-02	bad-chisq
group_8134	2.00E-02	1.53E-01	3.76E-01	1.65E+00	5.27E-01	-4.04E-02	bad-chisq
group_8115	2.00E-02	1.00E+00	1.00E+00	0.00E+00	7.07E-01	0.00E+00	bad-chisq
group_8095	2.00E-02	1.53E-01	3.76E-01	1.65E+00	5.27E-01	-4.04E-02	bad-chisq
group_8093	2.00E-02	1.53E-01	3.76E-01	1.65E+00	5.27E-01	-4.04E-02	bad-chisq
group_8083	2.00E-02	1.00E+00	1.00E+00	0.00E+00	7.07E-01	0.00E+00	bad-chisq
group_8065	2.00E-02	1.00E+00	1.00E+00	0.00E+00	7.07E-01	0.00E+00	bad-chisq
group_8056	2.00E-02	1.53E-01	3.76E-01	-1.65E+00	5.27E-01	4.04E-02	bad-chisq
group_8053	2.00E-02	1.53E-01	3.76E-01	-1.65E+00	5.27E-01	4.04E-02	bad-chisq
group_8050	2.00E-02	1.53E-01	3.76E-01	1.65E+00	5.27E-01	-4.04E-02	bad-chisq
group_8045	2.00E-02	1.53E-01	3.76E-01	-1.65E+00	5.27E-01	4.04E-02	bad-chisq
group_8028	2.00E-02	1.53E-01	3.76E-01	1.65E+00	5.27E-01	-4.04E-02	bad-chisq
pdcA	2.00E-02	1.53E-01	3.76E-01	1.65E+00	5.27E-01	-4.04E-02	bad-chisq
group_8027	2.00E-02	1.53E-01	3.76E-01	1.65E+00	5.27E-01	-4.04E-02	bad-chisq
group_8018	2.00E-02	1.53E-01	3.76E-01	-1.65E+00	5.27E-01	4.04E-02	bad-chisq
group_8013	2.00E-02	1.53E-01	3.76E-01	1.65E+00	5.27E-01	-4.04E-02	bad-chisq
group_8005	2.00E-02	1.00E+00	1.00E+00	0.00E+00	7.07E-01	0.00E+00	bad-chisq
group_7997	2.00E-02	1.53E-01	3.76E-01	-1.65E+00	5.27E-01	4.04E-02	bad-chisq
group_7995	2.00E-02	1.00E+00	1.00E+00	0.00E+00	7.07E-01	0.00E+00	bad-chisq
group_7981	2.00E-02	1.53E-01	3.76E-01	-1.65E+00	5.27E-01	4.04E-02	bad-chisq
group_7980	2.00E-02	1.53E-01	3.76E-01	-1.65E+00	5.27E-01	4.04E-02	bad-chisq
group_7976	2.00E-02	1.53E-01	3.76E-01	1.65E+00	5.27E-01	-4.04E-02	bad-chisq
group_7940	2.00E-02	1.53E-01	3.76E-01	-1.65E+00	5.27E-01	4.04E-02	bad-chisq
group_7939	2.00E-02	1.53E-01	3.76E-01	-1.65E+00	5.27E-01	4.04E-02	bad-chisq
group_7938	2.00E-02	1.53E-01	3.76E-01	-1.65E+00	5.27E-01	4.04E-02	bad-chisq
group_7936	2.00E-02	1.53E-01	3.76E-01	-1.65E+00	5.27E-01	4.04E-02	bad-chisq
group_7933	2.00E-02	1.53E-01	3.76E-01	1.65E+00	5.27E-01	-4.04E-02	bad-chisq
group_7920	2.00E-02	1.53E-01	3.76E-01	-1.65E+00	5.27E-01	4.04E-02	bad-chisq
group_7917	2.00E-02	1.53E-01	3.76E-01	-1.65E+00	5.27E-01	4.04E-02	bad-chisq
group_7912	2.00E-02	1.00E+00	1.00E+00	0.00E+00	7.07E-01	0.00E+00	bad-chisq
group_7907	2.00E-02	1.53E-01	3.76E-01	-1.65E+00	5.27E-01	4.04E-02	bad-chisq
group_7901	2.00E-02	1.53E-01	3.76E-01	-1.65E+00	5.27E-01	4.04E-02	bad-chisq
group_7894	2.00E-02	1.53E-01	3.76E-01	1.65E+00	5.27E-01	-4.04E-02	bad-chisq
group_7890	2.00E-02	1.00E+00	1.00E+00	0.00E+00	7.07E-01	0.00E+00	bad-chisq
group_7873	2.00E-02	1.53E-01	3.76E-01	-1.65E+00	5.27E-01	4.04E-02	bad-chisq
group_7865	2.00E-02	1.53E-01	3.76E-01	1.65E+00	5.27E-01	-4.04E-02	bad-chisq
group_7863	2.00E-02	1.53E-01	3.76E-01	-1.65E+00	5.27E-01	4.04E-02	bad-chisq
group_7849	2.00E-02	1.00E+00	1.00E+00	0.00E+00	7.07E-01	0.00E+00	bad-chisq
group_7845	2.00E-02	1.53E-01	3.76E-01	-1.65E+00	5.27E-01	4.04E-02	bad-chisq
group_7842	2.00E-02	1.53E-01	3.76E-01	1.65E+00	5.27E-01	-4.04E-02	bad-chisq
group_7839	2.00E-02	1.00E+00	1.00E+00	0.00E+00	7.07E-01	0.00E+00	bad-chisq
group_7823	2.00E-02	1.53E-01	3.76E-01	-1.65E+00	5.27E-01	4.04E-02	bad-chisq
group_7822	2.00E-02	1.53E-01	3.76E-01	1.65E+00	5.27E-01	-4.04E-02	bad-chisq
group_7814	2.00E-02	1.53E-01	3.76E-01	-1.65E+00	5.27E-01	4.04E-02	bad-chisq
group_7798	2.00E-02	1.00E+00	1.00E+00	0.00E+00	7.07E-01	0.00E+00	bad-chisq
group_7779	2.00E-02	1.53E-01	3.76E-01	1.65E+00	5.27E-01	-4.04E-02	bad-chisq
group_7773	2.00E-02	1.53E-01	3.76E-01	-1.65E+00	5.27E-01	4.04E-02	bad-chisq
group_7751	2.00E-02	1.53E-01	3.76E-01	-1.65E+00	5.27E-01	4.04E-02	bad-chisq
group_7739	2.00E-02	1.53E-01	3.76E-01	1.65E+00	5.27E-01	-4.04E-02	bad-chisq
group_7723	2.00E-02	1.53E-01	3.76E-01	-1.65E+00	5.27E-01	4.04E-02	bad-chisq
group_7713	2.00E-02	1.53E-01	3.76E-01	-1.65E+00	5.27E-01	4.04E-02	bad-chisq
group_7708	2.00E-02	1.53E-01	3.76E-01	1.65E+00	5.27E-01	-4.04E-02	bad-chisq
group_7707	2.00E-02	1.00E+00	1.00E+00	0.00E+00	7.07E-01	0.00E+00	bad-chisq
group_7706	2.00E-02	1.00E+00	1.00E+00	0.00E+00	7.07E-01	0.00E+00	bad-chisq
group_7685	2.00E-02	1.00E+00	1.00E+00	0.00E+00	7.07E-01	0.00E+00	bad-chisq
group_7661	2.00E-02	1.53E-01	3.76E-01	-1.65E+00	5.27E-01	4.04E-02	bad-chisq
group_7644	2.00E-02	1.53E-01	3.76E-01	1.65E+00	5.27E-01	-4.04E-02	bad-chisq
group_7629	2.00E-02	1.00E+00	1.00E+00	0.00E+00	7.07E-01	0.00E+00	bad-chisq
group_7612	2.00E-02	1.53E-01	3.76E-01	1.65E+00	5.27E-01	-4.04E-02	bad-chisq
group_7609	2.00E-02	1.53E-01	3.76E-01	1.65E+00	5.27E-01	-4.04E-02	bad-chisq
group_7602	2.00E-02	1.53E-01	3.76E-01	-1.65E+00	5.27E-01	4.04E-02	bad-chisq
group_7601	2.00E-02	1.53E-01	3.76E-01	-1.65E+00	5.27E-01	4.04E-02	bad-chisq
group_7588	2.00E-02	1.53E-01	3.76E-01	-1.65E+00	5.27E-01	4.04E-02	bad-chisq
group_7581	2.00E-02	1.00E+00	1.00E+00	0.00E+00	7.07E-01	0.00E+00	bad-chisq
group_7567	2.00E-02	1.53E-01	3.76E-01	-1.65E+00	5.27E-01	4.04E-02	bad-chisq
group_7566	2.00E-02	1.53E-01	3.76E-01	1.65E+00	5.27E-01	-4.04E-02	bad-chisq
group_7535	2.00E-02	1.00E+00	1.00E+00	0.00E+00	7.07E-01	0.00E+00	bad-chisq
group_7526	2.00E-02	1.53E-01	3.76E-01	-1.65E+00	5.27E-01	4.04E-02	bad-chisq
group_7517	2.00E-02	1.53E-01	3.76E-01	1.65E+00	5.27E-01	-4.04E-02	bad-chisq
group_7509	2.00E-02	1.53E-01	3.76E-01	-1.65E+00	5.27E-01	4.04E-02	bad-chisq
group_7470	2.00E-02	1.00E+00	1.00E+00	0.00E+00	7.07E-01	0.00E+00	bad-chisq
group_7458	2.00E-02	1.00E+00	1.00E+00	0.00E+00	7.07E-01	0.00E+00	bad-chisq
group_7392	2.00E-02	1.53E-01	3.76E-01	-1.65E+00	5.27E-01	4.04E-02	bad-chisq
group_7386	2.00E-02	1.53E-01	3.76E-01	-1.65E+00	5.27E-01	4.04E-02	bad-chisq
group_7356	2.00E-02	1.00E+00	1.00E+00	0.00E+00	7.07E-01	0.00E+00	bad-chisq
group_7355	2.00E-02	1.53E-01	3.76E-01	1.65E+00	5.27E-01	-4.04E-02	bad-chisq
group_7336	2.00E-02	1.00E+00	1.00E+00	0.00E+00	7.07E-01	0.00E+00	bad-chisq
group_7310	2.00E-02	1.53E-01	3.76E-01	-1.65E+00	5.27E-01	4.04E-02	bad-chisq
group_7306	2.00E-02	1.00E+00	1.00E+00	0.00E+00	7.07E-01	0.00E+00	bad-chisq
group_7292	2.00E-02	1.53E-01	3.76E-01	1.65E+00	5.27E-01	-4.04E-02	bad-chisq
group_7265	2.00E-02	1.00E+00	1.00E+00	0.00E+00	7.07E-01	0.00E+00	bad-chisq
group_7242	2.00E-02	1.53E-01	3.76E-01	-1.65E+00	5.27E-01	4.04E-02	bad-chisq
group_7191	2.00E-02	1.00E+00	1.00E+00	0.00E+00	7.07E-01	0.00E+00	bad-chisq
group_7173	2.00E-02	1.00E+00	1.00E+00	0.00E+00	7.07E-01	0.00E+00	bad-chisq
group_7161	2.00E-02	1.53E-01	3.76E-01	-1.65E+00	5.27E-01	4.04E-02	bad-chisq
yubO	2.00E-02	1.53E-01	3.76E-01	-1.65E+00	5.27E-01	4.04E-02	bad-chisq
group_7144	2.00E-02	1.00E+00	1.00E+00	0.00E+00	7.07E-01	0.00E+00	bad-chisq
group_7130	2.00E-02	1.00E+00	1.00E+00	0.00E+00	7.07E-01	0.00E+00	bad-chisq
group_7099	2.00E-02	1.53E-01	3.76E-01	-1.65E+00	5.27E-01	4.04E-02	bad-chisq
group_7081	2.00E-02	1.53E-01	3.76E-01	-1.65E+00	5.27E-01	4.04E-02	bad-chisq
group_7046	2.00E-02	1.53E-01	3.76E-01	1.65E+00	5.27E-01	-4.04E-02	bad-chisq
group_7023	2.00E-02	1.53E-01	3.76E-01	1.65E+00	5.27E-01	-4.04E-02	bad-chisq
group_7022	2.00E-02	1.53E-01	3.76E-01	1.65E+00	5.27E-01	-4.04E-02	bad-chisq
group_7020	2.00E-02	1.53E-01	3.76E-01	1.65E+00	5.27E-01	-4.04E-02	bad-chisq
group_7009	2.00E-02	1.53E-01	3.76E-01	1.65E+00	5.27E-01	-4.04E-02	bad-chisq
group_7008	2.00E-02	1.53E-01	3.76E-01	1.65E+00	5.27E-01	-4.04E-02	bad-chisq
group_7007	2.00E-02	1.00E+00	1.00E+00	0.00E+00	7.07E-01	0.00E+00	bad-chisq
group_6975	2.00E-02	1.53E-01	3.76E-01	1.65E+00	5.27E-01	-4.04E-02	bad-chisq
group_6970	2.00E-02	1.53E-01	3.76E-01	-1.65E+00	5.27E-01	4.04E-02	bad-chisq
group_6962	2.00E-02	1.53E-01	3.76E-01	-1.65E+00	5.27E-01	4.04E-02	bad-chisq
group_6956	2.00E-02	1.00E+00	1.00E+00	0.00E+00	7.07E-01	0.00E+00	bad-chisq
group_6955	2.00E-02	1.00E+00	1.00E+00	0.00E+00	7.07E-01	0.00E+00	bad-chisq
group_6926	2.00E-02	1.53E-01	3.76E-01	-1.65E+00	5.27E-01	4.04E-02	bad-chisq
group_6925	2.00E-02	1.53E-01	3.76E-01	1.65E+00	5.27E-01	-4.04E-02	bad-chisq
group_6901	2.00E-02	1.53E-01	3.76E-01	-1.65E+00	5.27E-01	4.04E-02	bad-chisq
group_6895	2.00E-02	1.00E+00	1.00E+00	0.00E+00	7.07E-01	0.00E+00	bad-chisq
group_6872	2.00E-02	1.53E-01	3.76E-01	1.65E+00	5.27E-01	-4.04E-02	bad-chisq
group_6864	2.00E-02	1.00E+00	1.00E+00	0.00E+00	7.07E-01	0.00E+00	bad-chisq
group_6855	2.00E-02	1.00E+00	1.00E+00	0.00E+00	7.07E-01	0.00E+00	bad-chisq
group_6842	2.00E-02	1.53E-01	3.76E-01	-1.65E+00	5.27E-01	4.04E-02	bad-chisq
upfA	2.00E-02	1.53E-01	3.76E-01	1.65E+00	5.27E-01	-4.04E-02	bad-chisq
group_6828	2.00E-02	1.53E-01	3.76E-01	-1.65E+00	5.27E-01	4.04E-02	bad-chisq
group_6823	2.00E-02	1.00E+00	1.00E+00	0.00E+00	7.07E-01	0.00E+00	bad-chisq
yjfL	2.00E-02	1.53E-01	3.76E-01	-1.65E+00	5.27E-01	4.04E-02	bad-chisq
group_6795	2.00E-02	1.53E-01	3.76E-01	-1.65E+00	5.27E-01	4.04E-02	bad-chisq
group_6790	2.00E-02	1.53E-01	3.76E-01	-1.65E+00	5.27E-01	4.04E-02	bad-chisq
group_6775	2.00E-02	1.53E-01	3.76E-01	-1.65E+00	5.27E-01	4.04E-02	bad-chisq
group_6746	2.00E-02	1.53E-01	3.76E-01	-1.65E+00	5.27E-01	4.04E-02	bad-chisq
group_6741	2.00E-02	1.53E-01	3.76E-01	1.65E+00	5.27E-01	-4.04E-02	bad-chisq
group_6739	2.00E-02	1.00E+00	1.00E+00	0.00E+00	7.07E-01	0.00E+00	bad-chisq
xoxI	2.00E-02	1.53E-01	3.76E-01	1.65E+00	5.27E-01	-4.04E-02	bad-chisq
group_6731	2.00E-02	1.53E-01	3.76E-01	1.65E+00	5.27E-01	-4.04E-02	bad-chisq
group_6708	2.00E-02	1.53E-01	3.76E-01	1.65E+00	5.27E-01	-4.04E-02	bad-chisq
group_6693	2.00E-02	1.53E-01	3.76E-01	-1.65E+00	5.27E-01	4.04E-02	bad-chisq
group_6685	2.00E-02	1.53E-01	3.76E-01	1.65E+00	5.27E-01	-4.04E-02	bad-chisq
group_6681	2.00E-02	1.00E+00	1.00E+00	0.00E+00	7.07E-01	0.00E+00	bad-chisq
group_6669	2.00E-02	1.53E-01	3.76E-01	-1.65E+00	5.27E-01	4.04E-02	bad-chisq
group_6649	2.00E-02	1.53E-01	3.76E-01	-1.65E+00	5.27E-01	4.04E-02	bad-chisq
group_6629	2.00E-02	1.53E-01	3.76E-01	-1.65E+00	5.27E-01	4.04E-02	bad-chisq
group_6618	2.00E-02	1.53E-01	3.76E-01	-1.65E+00	5.27E-01	4.04E-02	bad-chisq
group_6614	2.00E-02	1.53E-01	3.76E-01	1.65E+00	5.27E-01	-4.04E-02	bad-chisq
group_6596	2.00E-02	1.53E-01	3.76E-01	1.65E+00	5.27E-01	-4.04E-02	bad-chisq
group_6595	2.00E-02	1.00E+00	1.00E+00	0.00E+00	7.07E-01	0.00E+00	bad-chisq
group_6592	2.00E-02	1.00E+00	1.00E+00	0.00E+00	7.07E-01	0.00E+00	bad-chisq
group_6585	2.00E-02	1.53E-01	3.76E-01	-1.65E+00	5.27E-01	4.04E-02	bad-chisq
group_6568	2.00E-02	1.53E-01	3.76E-01	-1.65E+00	5.27E-01	4.04E-02	bad-chisq
group_6559	2.00E-02	1.53E-01	3.76E-01	1.65E+00	5.27E-01	-4.04E-02	bad-chisq
group_6529	2.00E-02	1.53E-01	3.76E-01	1.65E+00	5.27E-01	-4.04E-02	bad-chisq
group_6517	2.00E-02	1.00E+00	1.00E+00	0.00E+00	7.07E-01	0.00E+00	bad-chisq
group_6505	2.00E-02	1.53E-01	3.76E-01	1.65E+00	5.27E-01	-4.04E-02	bad-chisq
group_6502	2.00E-02	1.53E-01	3.76E-01	-1.65E+00	5.27E-01	4.04E-02	bad-chisq
group_6490	2.00E-02	1.00E+00	1.00E+00	0.00E+00	7.07E-01	0.00E+00	bad-chisq
group_6476	2.00E-02	1.53E-01	3.76E-01	-1.65E+00	5.27E-01	4.04E-02	bad-chisq
group_6465	2.00E-02	1.53E-01	3.76E-01	1.65E+00	5.27E-01	-4.04E-02	bad-chisq
group_6422	2.00E-02	1.00E+00	1.00E+00	0.00E+00	7.07E-01	0.00E+00	bad-chisq
group_6419	2.00E-02	1.53E-01	3.76E-01	1.65E+00	5.27E-01	-4.04E-02	bad-chisq
allA	2.00E-02	1.53E-01	3.76E-01	-1.65E+00	5.27E-01	4.04E-02	bad-chisq
group_6399	2.00E-02	1.53E-01	3.76E-01	1.65E+00	5.27E-01	-4.04E-02	bad-chisq
group_6391	2.00E-02	1.53E-01	3.76E-01	-1.65E+00	5.27E-01	4.04E-02	bad-chisq
group_6386	2.00E-02	1.00E+00	1.00E+00	0.00E+00	7.07E-01	0.00E+00	bad-chisq
group_6378	2.00E-02	1.53E-01	3.76E-01	-1.65E+00	5.27E-01	4.04E-02	bad-chisq
group_6354	2.00E-02	1.00E+00	1.00E+00	0.00E+00	7.07E-01	0.00E+00	bad-chisq
group_6338	2.00E-02	1.00E+00	1.00E+00	0.00E+00	7.07E-01	0.00E+00	bad-chisq
group_6318	2.00E-02	1.53E-01	3.76E-01	-1.65E+00	5.27E-01	4.04E-02	bad-chisq
group_6317	2.00E-02	1.00E+00	1.00E+00	0.00E+00	7.07E-01	0.00E+00	bad-chisq
group_6314	2.00E-02	1.53E-01	3.76E-01	1.65E+00	5.27E-01	-4.04E-02	bad-chisq
group_6289	2.00E-02	1.53E-01	3.76E-01	-1.65E+00	5.27E-01	4.04E-02	bad-chisq
group_6277	2.00E-02	1.53E-01	3.76E-01	-1.65E+00	5.27E-01	4.04E-02	bad-chisq
group_6264	2.00E-02	1.53E-01	3.76E-01	-1.65E+00	5.27E-01	4.04E-02	bad-chisq
group_6244	2.00E-02	1.53E-01	3.76E-01	1.65E+00	5.27E-01	-4.04E-02	bad-chisq
group_6242	2.00E-02	1.00E+00	1.00E+00	0.00E+00	7.07E-01	0.00E+00	bad-chisq
group_6235	2.00E-02	1.53E-01	3.76E-01	1.65E+00	5.27E-01	-4.04E-02	bad-chisq
group_6206	2.00E-02	1.53E-01	3.76E-01	-1.65E+00	5.27E-01	4.04E-02	bad-chisq
group_6205	2.00E-02	1.53E-01	3.76E-01	-1.65E+00	5.27E-01	4.04E-02	bad-chisq
group_6204	2.00E-02	1.53E-01	3.76E-01	-1.65E+00	5.27E-01	4.04E-02	bad-chisq
group_6201	2.00E-02	1.00E+00	1.00E+00	0.00E+00	7.07E-01	0.00E+00	bad-chisq
group_6199	2.00E-02	1.00E+00	1.00E+00	0.00E+00	7.07E-01	0.00E+00	bad-chisq
group_6197	2.00E-02	1.53E-01	3.76E-01	-1.65E+00	5.27E-01	4.04E-02	bad-chisq
lemA	2.00E-02	1.53E-01	3.76E-01	-1.65E+00	5.27E-01	4.04E-02	bad-chisq
group_6154	2.00E-02	1.53E-01	3.76E-01	1.65E+00	5.27E-01	-4.04E-02	bad-chisq
group_6144	2.00E-02	1.53E-01	3.76E-01	-1.65E+00	5.27E-01	4.04E-02	bad-chisq
group_6132	2.00E-02	1.53E-01	3.76E-01	-1.65E+00	5.27E-01	4.04E-02	bad-chisq
group_6130	2.00E-02	1.53E-01	3.76E-01	1.65E+00	5.27E-01	-4.04E-02	bad-chisq
group_6118	2.00E-02	1.53E-01	3.76E-01	1.65E+00	5.27E-01	-4.04E-02	bad-chisq
group_6089	2.00E-02	1.53E-01	3.76E-01	1.65E+00	5.27E-01	-4.04E-02	bad-chisq
group_6084	2.00E-02	1.00E+00	1.00E+00	0.00E+00	7.07E-01	0.00E+00	bad-chisq
group_6075	2.00E-02	1.53E-01	3.76E-01	-1.65E+00	5.27E-01	4.04E-02	bad-chisq
group_6001	2.00E-02	1.53E-01	3.76E-01	-1.65E+00	5.27E-01	4.04E-02	bad-chisq
group_6000	2.00E-02	1.53E-01	3.76E-01	-1.65E+00	5.27E-01	4.04E-02	bad-chisq
group_5999	2.00E-02	1.53E-01	3.76E-01	1.65E+00	5.27E-01	-4.04E-02	bad-chisq
group_5998	2.00E-02	1.00E+00	1.00E+00	0.00E+00	7.07E-01	0.00E+00	bad-chisq
group_5986	2.00E-02	1.00E+00	1.00E+00	0.00E+00	7.07E-01	0.00E+00	bad-chisq
group_5979	2.00E-02	1.53E-01	3.76E-01	-1.65E+00	5.27E-01	4.04E-02	bad-chisq
group_5978	2.00E-02	1.53E-01	3.76E-01	-1.65E+00	5.27E-01	4.04E-02	bad-chisq
group_5974	2.00E-02	1.53E-01	3.76E-01	1.65E+00	5.27E-01	-4.04E-02	bad-chisq
group_5951	2.00E-02	1.53E-01	3.76E-01	-1.65E+00	5.27E-01	4.04E-02	bad-chisq
group_5946	2.00E-02	1.00E+00	1.00E+00	0.00E+00	7.07E-01	0.00E+00	bad-chisq
group_5928	2.00E-02	1.53E-01	3.76E-01	-1.65E+00	5.27E-01	4.04E-02	bad-chisq
group_5924	2.00E-02	1.53E-01	3.76E-01	1.65E+00	5.27E-01	-4.04E-02	bad-chisq
group_5923	2.00E-02	1.53E-01	3.76E-01	1.65E+00	5.27E-01	-4.04E-02	bad-chisq
group_5912	2.00E-02	1.00E+00	1.00E+00	0.00E+00	7.07E-01	0.00E+00	bad-chisq
group_5880	2.00E-02	1.53E-01	3.76E-01	-1.65E+00	5.27E-01	4.04E-02	bad-chisq
group_5858	2.00E-02	1.53E-01	3.76E-01	-1.65E+00	5.27E-01	4.04E-02	bad-chisq
group_5844	2.00E-02	1.53E-01	3.76E-01	-1.65E+00	5.27E-01	4.04E-02	bad-chisq
yagU	2.00E-02	1.53E-01	3.76E-01	-1.65E+00	5.27E-01	4.04E-02	bad-chisq
group_5816	2.00E-02	1.53E-01	3.76E-01	-1.65E+00	5.27E-01	4.04E-02	bad-chisq
group_5814	2.00E-02	1.00E+00	1.00E+00	0.00E+00	7.07E-01	0.00E+00	bad-chisq
group_5804	2.00E-02	1.53E-01	3.76E-01	-1.65E+00	5.27E-01	4.04E-02	bad-chisq
group_5802	2.00E-02	1.53E-01	3.76E-01	-1.65E+00	5.27E-01	4.04E-02	bad-chisq
group_5794	2.00E-02	1.53E-01	3.76E-01	-1.65E+00	5.27E-01	4.04E-02	bad-chisq
group_5784	2.00E-02	1.00E+00	1.00E+00	0.00E+00	7.07E-01	0.00E+00	bad-chisq
group_5782	2.00E-02	1.53E-01	3.76E-01	-1.65E+00	5.27E-01	4.04E-02	bad-chisq
group_5781	2.00E-02	1.53E-01	3.76E-01	-1.65E+00	5.27E-01	4.04E-02	bad-chisq
group_5765	2.00E-02	1.53E-01	3.76E-01	-1.65E+00	5.27E-01	4.04E-02	bad-chisq
group_5740	2.00E-02	1.53E-01	3.76E-01	1.65E+00	5.27E-01	-4.04E-02	bad-chisq
group_5734	2.00E-02	1.53E-01	3.76E-01	-1.65E+00	5.27E-01	4.04E-02	bad-chisq
yjfM	2.00E-02	1.53E-01	3.76E-01	-1.65E+00	5.27E-01	4.04E-02	bad-chisq
group_5730	2.00E-02	1.00E+00	1.00E+00	0.00E+00	7.07E-01	0.00E+00	bad-chisq
group_5714	2.00E-02	1.53E-01	3.76E-01	-1.65E+00	5.27E-01	4.04E-02	bad-chisq
group_5709	2.00E-02	1.53E-01	3.76E-01	-1.65E+00	5.27E-01	4.04E-02	bad-chisq
group_5703	2.00E-02	1.53E-01	3.76E-01	-1.65E+00	5.27E-01	4.04E-02	bad-chisq
group_5700	2.00E-02	1.53E-01	3.76E-01	-1.65E+00	5.27E-01	4.04E-02	bad-chisq
group_5697	2.00E-02	1.00E+00	1.00E+00	0.00E+00	7.07E-01	0.00E+00	bad-chisq
group_5688	2.00E-02	1.53E-01	3.76E-01	-1.65E+00	5.27E-01	4.04E-02	bad-chisq
group_5670	2.00E-02	1.53E-01	3.76E-01	-1.65E+00	5.27E-01	4.04E-02	bad-chisq
group_5666	2.00E-02	1.53E-01	3.76E-01	-1.65E+00	5.27E-01	4.04E-02	bad-chisq
group_5657	2.00E-02	1.00E+00	1.00E+00	0.00E+00	7.07E-01	0.00E+00	bad-chisq
group_5646	2.00E-02	1.53E-01	3.76E-01	-1.65E+00	5.27E-01	4.04E-02	bad-chisq
group_5638	2.00E-02	1.53E-01	3.76E-01	-1.65E+00	5.27E-01	4.04E-02	bad-chisq
group_5620	2.00E-02	1.53E-01	3.76E-01	-1.65E+00	5.27E-01	4.04E-02	bad-chisq
group_5601	2.00E-02	1.53E-01	3.76E-01	-1.65E+00	5.27E-01	4.04E-02	bad-chisq
group_5598	2.00E-02	1.53E-01	3.76E-01	1.65E+00	5.27E-01	-4.04E-02	bad-chisq
group_5594	2.00E-02	1.53E-01	3.76E-01	-1.65E+00	5.27E-01	4.04E-02	bad-chisq
group_5584	2.00E-02	1.00E+00	1.00E+00	0.00E+00	7.07E-01	0.00E+00	bad-chisq
group_5570	2.00E-02	1.53E-01	3.76E-01	-1.65E+00	5.27E-01	4.04E-02	bad-chisq
group_5568	2.00E-02	1.53E-01	3.76E-01	-1.65E+00	5.27E-01	4.04E-02	bad-chisq
group_5546	2.00E-02	1.53E-01	3.76E-01	-1.65E+00	5.27E-01	4.04E-02	bad-chisq
group_5538	2.00E-02	1.00E+00	1.00E+00	0.00E+00	7.07E-01	0.00E+00	bad-chisq
group_5535	2.00E-02	1.53E-01	3.76E-01	-1.65E+00	5.27E-01	4.04E-02	bad-chisq
group_5523	2.00E-02	1.00E+00	1.00E+00	0.00E+00	7.07E-01	0.00E+00	bad-chisq
group_5516	2.00E-02	1.53E-01	3.76E-01	-1.65E+00	5.27E-01	4.04E-02	bad-chisq
group_5507	2.00E-02	1.53E-01	3.76E-01	-1.65E+00	5.27E-01	4.04E-02	bad-chisq
group_5499	2.00E-02	1.53E-01	3.76E-01	1.65E+00	5.27E-01	-4.04E-02	bad-chisq
group_5485	2.00E-02	1.53E-01	3.76E-01	-1.65E+00	5.27E-01	4.04E-02	bad-chisq
group_5476	2.00E-02	1.53E-01	3.76E-01	1.65E+00	5.27E-01	-4.04E-02	bad-chisq
group_5404	2.00E-02	1.53E-01	3.76E-01	1.65E+00	5.27E-01	-4.04E-02	bad-chisq
group_5396	2.00E-02	1.53E-01	3.76E-01	-1.65E+00	5.27E-01	4.04E-02	bad-chisq
group_5389	2.00E-02	1.53E-01	3.76E-01	-1.65E+00	5.27E-01	4.04E-02	bad-chisq
group_5359	2.00E-02	1.00E+00	1.00E+00	0.00E+00	7.07E-01	0.00E+00	bad-chisq
group_5315	2.00E-02	1.00E+00	1.00E+00	0.00E+00	7.07E-01	0.00E+00	bad-chisq
group_5313	2.00E-02	1.53E-01	3.76E-01	1.65E+00	5.27E-01	-4.04E-02	bad-chisq
group_5312	2.00E-02	1.53E-01	3.76E-01	-1.65E+00	5.27E-01	4.04E-02	bad-chisq
group_5311	2.00E-02	1.53E-01	3.76E-01	-1.65E+00	5.27E-01	4.04E-02	bad-chisq
group_5310	2.00E-02	1.53E-01	3.76E-01	-1.65E+00	5.27E-01	4.04E-02	bad-chisq
group_5309	2.00E-02	1.53E-01	3.76E-01	-1.65E+00	5.27E-01	4.04E-02	bad-chisq
group_5291	2.00E-02	1.00E+00	1.00E+00	0.00E+00	7.07E-01	0.00E+00	bad-chisq
group_5289	2.00E-02	1.53E-01	3.76E-01	-1.65E+00	5.27E-01	4.04E-02	bad-chisq
group_5280	2.00E-02	1.53E-01	3.76E-01	-1.65E+00	5.27E-01	4.04E-02	bad-chisq
group_5254	2.00E-02	1.53E-01	3.76E-01	-1.65E+00	5.27E-01	4.04E-02	bad-chisq
group_5245	2.00E-02	1.53E-01	3.76E-01	-1.65E+00	5.27E-01	4.04E-02	bad-chisq
group_5238	2.00E-02	1.53E-01	3.76E-01	1.65E+00	5.27E-01	-4.04E-02	bad-chisq
group_5237	2.00E-02	1.00E+00	1.00E+00	0.00E+00	7.07E-01	0.00E+00	bad-chisq
group_5221	2.00E-02	1.53E-01	3.76E-01	1.65E+00	5.27E-01	-4.04E-02	bad-chisq
group_5220	2.00E-02	1.00E+00	1.00E+00	0.00E+00	7.07E-01	0.00E+00	bad-chisq
allH	2.00E-02	1.53E-01	3.76E-01	-1.65E+00	5.27E-01	4.04E-02	bad-chisq
group_5210	2.00E-02	1.00E+00	1.00E+00	0.00E+00	7.07E-01	0.00E+00	bad-chisq
group_5202	2.00E-02	1.53E-01	3.76E-01	-1.65E+00	5.27E-01	4.04E-02	bad-chisq
group_5201	2.00E-02	1.53E-01	3.76E-01	-1.65E+00	5.27E-01	4.04E-02	bad-chisq
group_5181	2.00E-02	1.53E-01	3.76E-01	-1.65E+00	5.27E-01	4.04E-02	bad-chisq
group_5178	2.00E-02	1.53E-01	3.76E-01	-1.65E+00	5.27E-01	4.04E-02	bad-chisq
group_5177	2.00E-02	1.53E-01	3.76E-01	-1.65E+00	5.27E-01	4.04E-02	bad-chisq
group_5167	2.00E-02	1.53E-01	3.76E-01	-1.65E+00	5.27E-01	4.04E-02	bad-chisq
allR	2.00E-02	1.53E-01	3.76E-01	-1.65E+00	5.27E-01	4.04E-02	bad-chisq
group_5143	2.00E-02	1.00E+00	1.00E+00	0.00E+00	7.07E-01	0.00E+00	bad-chisq
group_5135	2.00E-02	1.00E+00	1.00E+00	0.00E+00	7.07E-01	0.00E+00	bad-chisq
group_5112	2.00E-02	1.53E-01	3.76E-01	-1.65E+00	5.27E-01	4.04E-02	bad-chisq
group_5111	2.00E-02	1.53E-01	3.76E-01	-1.65E+00	5.27E-01	4.04E-02	bad-chisq
group_5103	2.00E-02	1.00E+00	1.00E+00	0.00E+00	7.07E-01	0.00E+00	bad-chisq
group_5091	2.00E-02	1.53E-01	3.76E-01	-1.65E+00	5.27E-01	4.04E-02	bad-chisq
group_5090	2.00E-02	1.53E-01	3.76E-01	-1.65E+00	5.27E-01	4.04E-02	bad-chisq
group_5062	2.00E-02	1.53E-01	3.76E-01	-1.65E+00	5.27E-01	4.04E-02	bad-chisq
group_5051	2.00E-02	1.53E-01	3.76E-01	1.65E+00	5.27E-01	-4.04E-02	bad-chisq
group_5049	2.00E-02	1.53E-01	3.76E-01	-1.65E+00	5.27E-01	4.04E-02	bad-chisq
group_5038	2.00E-02	1.00E+00	1.00E+00	0.00E+00	7.07E-01	0.00E+00	bad-chisq
group_5037	2.00E-02	1.53E-01	3.76E-01	-1.65E+00	5.27E-01	4.04E-02	bad-chisq
group_5000	2.00E-02	1.53E-01	3.76E-01	-1.65E+00	5.27E-01	4.04E-02	bad-chisq
glxR	2.00E-02	1.53E-01	3.76E-01	-1.65E+00	5.27E-01	4.04E-02	bad-chisq
group_4963	2.00E-02	1.53E-01	3.76E-01	-1.65E+00	5.27E-01	4.04E-02	bad-chisq
group_4958	2.00E-02	1.00E+00	1.00E+00	0.00E+00	7.07E-01	0.00E+00	bad-chisq
group_4928	2.00E-02	1.53E-01	3.76E-01	1.65E+00	5.27E-01	-4.04E-02	bad-chisq
group_4925	2.00E-02	1.53E-01	3.76E-01	1.65E+00	5.27E-01	-4.04E-02	bad-chisq
group_4924	2.00E-02	1.53E-01	3.76E-01	-1.65E+00	5.27E-01	4.04E-02	bad-chisq
group_4916	2.00E-02	1.53E-01	3.76E-01	-1.65E+00	5.27E-01	4.04E-02	bad-chisq
group_4882	2.00E-02	1.00E+00	1.00E+00	0.00E+00	7.07E-01	0.00E+00	bad-chisq
group_4879	2.00E-02	1.00E+00	1.00E+00	0.00E+00	7.07E-01	0.00E+00	bad-chisq
group_4869	2.00E-02	1.53E-01	3.76E-01	1.65E+00	5.27E-01	-4.04E-02	bad-chisq
group_4823	2.00E-02	1.53E-01	3.76E-01	-1.65E+00	5.27E-01	4.04E-02	bad-chisq
group_4799	2.00E-02	1.00E+00	1.00E+00	0.00E+00	7.07E-01	0.00E+00	bad-chisq
group_4790	2.00E-02	1.53E-01	3.76E-01	1.65E+00	5.27E-01	-4.04E-02	bad-chisq
group_4779	2.00E-02	1.53E-01	3.76E-01	1.65E+00	5.27E-01	-4.04E-02	bad-chisq
group_4772	2.00E-02	1.00E+00	1.00E+00	0.00E+00	7.07E-01	0.00E+00	bad-chisq
group_4771	2.00E-02	1.53E-01	3.76E-01	-1.65E+00	5.27E-01	4.04E-02	bad-chisq
araP	2.00E-02	1.53E-01	3.76E-01	-1.65E+00	5.27E-01	4.04E-02	bad-chisq
group_4719	2.00E-02	1.53E-01	3.76E-01	1.65E+00	5.27E-01	-4.04E-02	bad-chisq
group_4666	2.00E-02	1.53E-01	3.76E-01	-1.65E+00	5.27E-01	4.04E-02	bad-chisq
group_4646	2.00E-02	1.53E-01	3.76E-01	-1.65E+00	5.27E-01	4.04E-02	bad-chisq
group_4637	2.00E-02	1.53E-01	3.76E-01	-1.65E+00	5.27E-01	4.04E-02	bad-chisq
group_4616	2.00E-02	1.00E+00	1.00E+00	0.00E+00	7.07E-01	0.00E+00	bad-chisq
group_4615	2.00E-02	1.00E+00	1.00E+00	0.00E+00	7.07E-01	0.00E+00	bad-chisq
group_4581	2.00E-02	1.53E-01	3.76E-01	1.65E+00	5.27E-01	-4.04E-02	bad-chisq
group_4561	2.00E-02	1.53E-01	3.76E-01	1.65E+00	5.27E-01	-4.04E-02	bad-chisq
group_4553	2.00E-02	1.53E-01	3.76E-01	1.65E+00	5.27E-01	-4.04E-02	bad-chisq
group_4552	2.00E-02	1.53E-01	3.76E-01	1.65E+00	5.27E-01	-4.04E-02	bad-chisq
group_4541	2.00E-02	1.53E-01	3.76E-01	-1.65E+00	5.27E-01	4.04E-02	bad-chisq
group_4526	2.00E-02	1.53E-01	3.76E-01	1.65E+00	5.27E-01	-4.04E-02	bad-chisq
group_4509	2.00E-02	1.53E-01	3.76E-01	-1.65E+00	5.27E-01	4.04E-02	bad-chisq
group_4496	2.00E-02	1.00E+00	1.00E+00	0.00E+00	7.07E-01	0.00E+00	bad-chisq
group_4479	2.00E-02	1.00E+00	1.00E+00	0.00E+00	7.07E-01	0.00E+00	bad-chisq
group_4473	2.00E-02	1.53E-01	3.76E-01	-1.65E+00	5.27E-01	4.04E-02	bad-chisq
group_4471	2.00E-02	1.00E+00	1.00E+00	0.00E+00	7.07E-01	0.00E+00	bad-chisq
group_4467	2.00E-02	1.00E+00	1.00E+00	0.00E+00	7.07E-01	0.00E+00	bad-chisq
group_4460	2.00E-02	1.53E-01	3.76E-01	-1.65E+00	5.27E-01	4.04E-02	bad-chisq
group_4459	2.00E-02	1.53E-01	3.76E-01	-1.65E+00	5.27E-01	4.04E-02	bad-chisq
group_4450	2.00E-02	1.00E+00	1.00E+00	0.00E+00	7.07E-01	0.00E+00	bad-chisq
terL	2.00E-02	1.00E+00	1.00E+00	0.00E+00	7.07E-01	0.00E+00	bad-chisq
group_4441	2.00E-02	1.53E-01	3.76E-01	-1.65E+00	5.27E-01	4.04E-02	bad-chisq
group_4440	2.00E-02	1.53E-01	3.76E-01	-1.65E+00	5.27E-01	4.04E-02	bad-chisq
group_4437	2.00E-02	1.53E-01	3.76E-01	1.65E+00	5.27E-01	-4.04E-02	bad-chisq
group_4432	2.00E-02	1.53E-01	3.76E-01	1.65E+00	5.27E-01	-4.04E-02	bad-chisq
group_4427	2.00E-02	1.53E-01	3.76E-01	1.65E+00	5.27E-01	-4.04E-02	bad-chisq
group_4393	2.00E-02	1.53E-01	3.76E-01	-1.65E+00	5.27E-01	4.04E-02	bad-chisq
group_4392	2.00E-02	1.53E-01	3.76E-01	-1.65E+00	5.27E-01	4.04E-02	bad-chisq
group_4390	2.00E-02	1.53E-01	3.76E-01	-1.65E+00	5.27E-01	4.04E-02	bad-chisq
group_4364	2.00E-02	1.53E-01	3.76E-01	1.65E+00	5.27E-01	-4.04E-02	bad-chisq
group_4352	2.00E-02	1.53E-01	3.76E-01	-1.65E+00	5.27E-01	4.04E-02	bad-chisq
ypjJ	2.00E-02	1.53E-01	3.76E-01	-1.65E+00	5.27E-01	4.04E-02	bad-chisq
group_4336	2.00E-02	1.53E-01	3.76E-01	-1.65E+00	5.27E-01	4.04E-02	bad-chisq
group_4307	2.00E-02	1.53E-01	3.76E-01	-1.65E+00	5.27E-01	4.04E-02	bad-chisq
group_4300	2.00E-02	1.00E+00	1.00E+00	0.00E+00	7.07E-01	0.00E+00	bad-chisq
group_4292	2.00E-02	1.53E-01	3.76E-01	-1.65E+00	5.27E-01	4.04E-02	bad-chisq
group_4288	2.00E-02	1.53E-01	3.76E-01	-1.65E+00	5.27E-01	4.04E-02	bad-chisq
group_4287	2.00E-02	1.53E-01	3.76E-01	-1.65E+00	5.27E-01	4.04E-02	bad-chisq
group_4262	2.00E-02	1.53E-01	3.76E-01	-1.65E+00	5.27E-01	4.04E-02	bad-chisq
group_4252	2.00E-02	1.53E-01	3.76E-01	1.65E+00	5.27E-01	-4.04E-02	bad-chisq
mazZ	2.00E-02	1.53E-01	3.76E-01	1.65E+00	5.27E-01	-4.04E-02	bad-chisq
group_4222	2.00E-02	1.53E-01	3.76E-01	1.65E+00	5.27E-01	-4.04E-02	bad-chisq
group_4207	2.00E-02	1.53E-01	3.76E-01	1.65E+00	5.27E-01	-4.04E-02	bad-chisq
stbC	2.00E-02	1.53E-01	3.76E-01	1.65E+00	5.27E-01	-4.04E-02	bad-chisq
group_4194	2.00E-02	1.53E-01	3.76E-01	1.65E+00	5.27E-01	-4.04E-02	bad-chisq
group_4191	2.00E-02	1.00E+00	1.00E+00	0.00E+00	7.07E-01	0.00E+00	bad-chisq
group_4185	2.00E-02	1.00E+00	1.00E+00	0.00E+00	7.07E-01	0.00E+00	bad-chisq
group_4180	2.00E-02	1.00E+00	1.00E+00	0.00E+00	7.07E-01	0.00E+00	bad-chisq
group_4138	2.00E-02	1.00E+00	1.00E+00	0.00E+00	7.07E-01	0.00E+00	bad-chisq
allD	2.00E-02	1.53E-01	3.76E-01	-1.65E+00	5.27E-01	4.04E-02	bad-chisq
group_4127	2.00E-02	1.00E+00	1.00E+00	0.00E+00	7.07E-01	0.00E+00	bad-chisq
group_4124	2.00E-02	1.00E+00	1.00E+00	0.00E+00	7.07E-01	0.00E+00	bad-chisq
group_4118	2.00E-02	1.00E+00	1.00E+00	0.00E+00	7.07E-01	0.00E+00	bad-chisq
group_4084	2.00E-02	1.00E+00	1.00E+00	0.00E+00	7.07E-01	0.00E+00	bad-chisq
group_4082	2.00E-02	1.00E+00	1.00E+00	0.00E+00	7.07E-01	0.00E+00	bad-chisq
group_4060	2.00E-02	1.53E-01	3.76E-01	-1.65E+00	5.27E-01	4.04E-02	bad-chisq
group_4014	2.00E-02	1.53E-01	3.76E-01	1.65E+00	5.27E-01	-4.04E-02	bad-chisq
group_4006	2.00E-02	1.00E+00	1.00E+00	0.00E+00	7.07E-01	0.00E+00	bad-chisq
group_4004	2.00E-02	1.53E-01	3.76E-01	-1.65E+00	5.27E-01	4.04E-02	bad-chisq
group_3978	2.00E-02	1.53E-01	3.76E-01	-1.65E+00	5.27E-01	4.04E-02	bad-chisq
group_3965	2.00E-02	1.00E+00	1.00E+00	0.00E+00	7.07E-01	0.00E+00	bad-chisq
group_3938	2.00E-02	1.53E-01	3.76E-01	-1.65E+00	5.27E-01	4.04E-02	bad-chisq
group_3917	2.00E-02	1.53E-01	3.76E-01	-1.65E+00	5.27E-01	4.04E-02	bad-chisq
nifZ	2.00E-02	1.53E-01	3.76E-01	-1.65E+00	5.27E-01	4.04E-02	bad-chisq
group_3887	2.00E-02	1.53E-01	3.76E-01	-1.65E+00	5.27E-01	4.04E-02	bad-chisq
group_3881	2.00E-02	1.53E-01	3.76E-01	-1.65E+00	5.27E-01	4.04E-02	bad-chisq
nifM	2.00E-02	1.53E-01	3.76E-01	-1.65E+00	5.27E-01	4.04E-02	bad-chisq
group_3878	2.00E-02	1.53E-01	3.76E-01	-1.65E+00	5.27E-01	4.04E-02	bad-chisq
group_3828	2.00E-02	1.53E-01	3.76E-01	-1.65E+00	5.27E-01	4.04E-02	bad-chisq
group_3820	2.00E-02	1.53E-01	3.76E-01	-1.65E+00	5.27E-01	4.04E-02	bad-chisq
group_3818	2.00E-02	1.53E-01	3.76E-01	-1.65E+00	5.27E-01	4.04E-02	bad-chisq
group_3804	2.00E-02	1.53E-01	3.76E-01	-1.65E+00	5.27E-01	4.04E-02	bad-chisq
group_3803	2.00E-02	1.00E+00	1.00E+00	0.00E+00	7.07E-01	0.00E+00	bad-chisq
group_3794	2.00E-02	1.53E-01	3.76E-01	-1.65E+00	5.27E-01	4.04E-02	bad-chisq
group_3781	2.00E-02	1.53E-01	3.76E-01	1.65E+00	5.27E-01	-4.04E-02	bad-chisq
group_3771	2.00E-02	1.53E-01	3.76E-01	-1.65E+00	5.27E-01	4.04E-02	bad-chisq
group_3767	2.00E-02	1.53E-01	3.76E-01	-1.65E+00	5.27E-01	4.04E-02	bad-chisq
group_3766	2.00E-02	1.00E+00	1.00E+00	0.00E+00	7.07E-01	0.00E+00	bad-chisq
group_3760	2.00E-02	1.53E-01	3.76E-01	1.65E+00	5.27E-01	-4.04E-02	bad-chisq
group_3743	2.00E-02	1.00E+00	1.00E+00	0.00E+00	7.07E-01	0.00E+00	bad-chisq
group_3740	2.00E-02	1.53E-01	3.76E-01	1.65E+00	5.27E-01	-4.04E-02	bad-chisq
hsdR	2.00E-02	1.53E-01	3.76E-01	1.65E+00	5.27E-01	-4.04E-02	bad-chisq
group_3690	2.00E-02	1.53E-01	3.76E-01	-1.65E+00	5.27E-01	4.04E-02	bad-chisq
nifS	2.00E-02	1.53E-01	3.76E-01	-1.65E+00	5.27E-01	4.04E-02	bad-chisq
group_3682	2.00E-02	1.53E-01	3.76E-01	-1.65E+00	5.27E-01	4.04E-02	bad-chisq
group_3668	2.00E-02	1.00E+00	1.00E+00	0.00E+00	7.07E-01	0.00E+00	bad-chisq
group_3596	2.00E-02	1.53E-01	3.76E-01	-1.65E+00	5.27E-01	4.04E-02	bad-chisq
group_3593	2.00E-02	1.00E+00	1.00E+00	0.00E+00	7.07E-01	0.00E+00	bad-chisq
group_3562	2.00E-02	1.53E-01	3.76E-01	-1.65E+00	5.27E-01	4.04E-02	bad-chisq
group_3467	2.00E-02	1.53E-01	3.76E-01	-1.65E+00	5.27E-01	4.04E-02	bad-chisq
group_3456	2.00E-02	1.53E-01	3.76E-01	-1.65E+00	5.27E-01	4.04E-02	bad-chisq
group_3440	2.00E-02	1.53E-01	3.76E-01	-1.65E+00	5.27E-01	4.04E-02	bad-chisq
group_3431	2.00E-02	1.53E-01	3.76E-01	-1.65E+00	5.27E-01	4.04E-02	bad-chisq
nifU	2.00E-02	1.53E-01	3.76E-01	-1.65E+00	5.27E-01	4.04E-02	bad-chisq
group_3419	2.00E-02	1.53E-01	3.76E-01	-1.65E+00	5.27E-01	4.04E-02	bad-chisq
group_3391	2.00E-02	1.00E+00	1.00E+00	0.00E+00	7.07E-01	0.00E+00	bad-chisq
group_3362	2.00E-02	1.53E-01	3.76E-01	-1.65E+00	5.27E-01	4.04E-02	bad-chisq
group_3315	2.00E-02	1.53E-01	3.76E-01	-1.65E+00	5.27E-01	4.04E-02	bad-chisq
group_3289	2.00E-02	1.00E+00	1.00E+00	0.00E+00	7.07E-01	0.00E+00	bad-chisq
group_3280	2.00E-02	1.53E-01	3.76E-01	-1.65E+00	5.27E-01	4.04E-02	bad-chisq
group_3272	2.00E-02	1.53E-01	3.76E-01	-1.65E+00	5.27E-01	4.04E-02	bad-chisq
urtB	2.00E-02	1.53E-01	3.76E-01	1.65E+00	5.27E-01	-4.04E-02	bad-chisq
group_3206	2.00E-02	1.53E-01	3.76E-01	-1.65E+00	5.27E-01	4.04E-02	bad-chisq
group_3194	2.00E-02	1.53E-01	3.76E-01	-1.65E+00	5.27E-01	4.04E-02	bad-chisq
group_3153	2.00E-02	1.00E+00	1.00E+00	0.00E+00	7.07E-01	0.00E+00	bad-chisq
group_3110	2.00E-02	1.53E-01	3.76E-01	1.65E+00	5.27E-01	-4.04E-02	bad-chisq
group_3078	2.00E-02	1.53E-01	3.76E-01	-1.65E+00	5.27E-01	4.04E-02	bad-chisq
group_3068	2.00E-02	1.53E-01	3.76E-01	-1.65E+00	5.27E-01	4.04E-02	bad-chisq
group_3062	2.00E-02	1.53E-01	3.76E-01	-1.65E+00	5.27E-01	4.04E-02	bad-chisq
group_3056	2.00E-02	1.53E-01	3.76E-01	-1.65E+00	5.27E-01	4.04E-02	bad-chisq
group_3054	2.00E-02	1.53E-01	3.76E-01	-1.65E+00	5.27E-01	4.04E-02	bad-chisq
group_2985	2.00E-02	1.53E-01	3.76E-01	-1.65E+00	5.27E-01	4.04E-02	bad-chisq
group_2977	2.00E-02	1.53E-01	3.76E-01	1.65E+00	5.27E-01	-4.04E-02	bad-chisq
group_2952	2.00E-02	1.00E+00	1.00E+00	0.00E+00	7.07E-01	0.00E+00	bad-chisq
group_2924	2.00E-02	1.00E+00	1.00E+00	0.00E+00	7.07E-01	0.00E+00	bad-chisq
group_2869	2.00E-02	1.53E-01	3.76E-01	1.65E+00	5.27E-01	-4.04E-02	bad-chisq
group_2851	2.00E-02	1.53E-01	3.76E-01	-1.65E+00	5.27E-01	4.04E-02	bad-chisq
group_2847	2.00E-02	1.53E-01	3.76E-01	1.65E+00	5.27E-01	-4.04E-02	bad-chisq
yiaV	2.00E-02	1.53E-01	3.76E-01	-1.65E+00	5.27E-01	4.04E-02	bad-chisq
group_2802	2.00E-02	1.53E-01	3.76E-01	-1.65E+00	5.27E-01	4.04E-02	bad-chisq
group_2794	2.00E-02	1.53E-01	3.76E-01	1.65E+00	5.27E-01	-4.04E-02	bad-chisq
group_2765	2.00E-02	1.53E-01	3.76E-01	-1.65E+00	5.27E-01	4.04E-02	bad-chisq
group_2747	2.00E-02	1.53E-01	3.76E-01	-1.65E+00	5.27E-01	4.04E-02	bad-chisq
nifB	2.00E-02	1.53E-01	3.76E-01	-1.65E+00	5.27E-01	4.04E-02	bad-chisq
nifX	2.00E-02	1.53E-01	3.76E-01	-1.65E+00	5.27E-01	4.04E-02	bad-chisq
group_2724	2.00E-02	1.53E-01	3.76E-01	-1.65E+00	5.27E-01	4.04E-02	bad-chisq
group_2712	2.00E-02	1.53E-01	3.76E-01	-1.65E+00	5.27E-01	4.04E-02	bad-chisq
group_2707	2.00E-02	1.53E-01	3.76E-01	-1.65E+00	5.27E-01	4.04E-02	bad-chisq
group_2706	2.00E-02	1.53E-01	3.76E-01	-1.65E+00	5.27E-01	4.04E-02	bad-chisq
allC	2.00E-02	1.53E-01	3.76E-01	-1.65E+00	5.27E-01	4.04E-02	bad-chisq
group_2672	2.00E-02	1.53E-01	3.76E-01	-1.65E+00	5.27E-01	4.04E-02	bad-chisq
group_2638	2.00E-02	1.00E+00	1.00E+00	0.00E+00	7.07E-01	0.00E+00	bad-chisq
group_2613	2.00E-02	1.53E-01	3.76E-01	1.65E+00	5.27E-01	-4.04E-02	bad-chisq
group_2611	2.00E-02	1.00E+00	1.00E+00	0.00E+00	7.07E-01	0.00E+00	bad-chisq
group_2610	2.00E-02	1.00E+00	1.00E+00	0.00E+00	7.07E-01	0.00E+00	bad-chisq
group_2582	2.00E-02	1.53E-01	3.76E-01	-1.65E+00	5.27E-01	4.04E-02	bad-chisq
group_2559	2.00E-02	1.53E-01	3.76E-01	-1.65E+00	5.27E-01	4.04E-02	bad-chisq
group_2464	2.00E-02	1.53E-01	3.76E-01	1.65E+00	5.27E-01	-4.04E-02	bad-chisq
group_2429	2.00E-02	1.00E+00	1.00E+00	0.00E+00	7.07E-01	0.00E+00	bad-chisq
group_2421	2.00E-02	1.53E-01	3.76E-01	-1.65E+00	5.27E-01	4.04E-02	bad-chisq
group_2411	2.00E-02	1.53E-01	3.76E-01	1.65E+00	5.27E-01	-4.04E-02	bad-chisq
group_2401	2.00E-02	1.53E-01	3.76E-01	-1.65E+00	5.27E-01	4.04E-02	bad-chisq
group_2379	2.00E-02	1.53E-01	3.76E-01	1.65E+00	5.27E-01	-4.04E-02	bad-chisq
group_2357	2.00E-02	1.53E-01	3.76E-01	-1.65E+00	5.27E-01	4.04E-02	bad-chisq
group_2344	2.00E-02	1.53E-01	3.76E-01	-1.65E+00	5.27E-01	4.04E-02	bad-chisq
group_2302	2.00E-02	1.53E-01	3.76E-01	-1.65E+00	5.27E-01	4.04E-02	bad-chisq
group_2296	2.00E-02	1.00E+00	1.00E+00	0.00E+00	7.07E-01	0.00E+00	bad-chisq
ybbY	2.00E-02	1.53E-01	3.76E-01	-1.65E+00	5.27E-01	4.04E-02	bad-chisq
group_2244	2.00E-02	1.00E+00	1.00E+00	0.00E+00	7.07E-01	0.00E+00	bad-chisq
group_2233	2.00E-02	1.00E+00	1.00E+00	0.00E+00	7.07E-01	0.00E+00	bad-chisq
group_2225	2.00E-02	1.53E-01	3.76E-01	-1.65E+00	5.27E-01	4.04E-02	bad-chisq
group_2224	2.00E-02	1.53E-01	3.76E-01	1.65E+00	5.27E-01	-4.04E-02	bad-chisq
nifY	2.00E-02	1.53E-01	3.76E-01	-1.65E+00	5.27E-01	4.04E-02	bad-chisq
group_2123	2.00E-02	1.53E-01	3.76E-01	1.65E+00	5.27E-01	-4.04E-02	bad-chisq
group_2116	2.00E-02	1.53E-01	3.76E-01	-1.65E+00	5.27E-01	4.04E-02	bad-chisq
group_2064	2.00E-02	1.53E-01	3.76E-01	-1.65E+00	5.27E-01	4.04E-02	bad-chisq
group_2062	2.00E-02	1.53E-01	3.76E-01	-1.65E+00	5.27E-01	4.04E-02	bad-chisq
allB	2.00E-02	1.53E-01	3.76E-01	-1.65E+00	5.27E-01	4.04E-02	bad-chisq
group_2026	2.00E-02	1.53E-01	3.76E-01	-1.65E+00	5.27E-01	4.04E-02	bad-chisq
group_2020	2.00E-02	1.53E-01	3.76E-01	-1.65E+00	5.27E-01	4.04E-02	bad-chisq
group_2018	2.00E-02	1.53E-01	3.76E-01	-1.65E+00	5.27E-01	4.04E-02	bad-chisq
group_2003	2.00E-02	1.00E+00	1.00E+00	0.00E+00	7.07E-01	0.00E+00	bad-chisq
group_1993	2.00E-02	1.53E-01	3.76E-01	-1.65E+00	5.27E-01	4.04E-02	bad-chisq
group_1986	2.00E-02	1.53E-01	3.76E-01	-1.65E+00	5.27E-01	4.04E-02	bad-chisq
nifE	2.00E-02	1.53E-01	3.76E-01	-1.65E+00	5.27E-01	4.04E-02	bad-chisq
group_1961	2.00E-02	1.53E-01	3.76E-01	-1.65E+00	5.27E-01	4.04E-02	bad-chisq
traJ	2.00E-02	1.53E-01	3.76E-01	-1.65E+00	5.27E-01	4.04E-02	bad-chisq
atoC	2.00E-02	1.53E-01	3.76E-01	-1.65E+00	5.27E-01	4.04E-02	bad-chisq
group_1885	2.00E-02	1.53E-01	3.76E-01	-1.65E+00	5.27E-01	4.04E-02	bad-chisq
group_1883	2.00E-02	1.53E-01	3.76E-01	-1.65E+00	5.27E-01	4.04E-02	bad-chisq
tcuR	2.00E-02	1.53E-01	3.76E-01	-1.65E+00	5.27E-01	4.04E-02	bad-chisq
group_1869	2.00E-02	1.53E-01	3.76E-01	-1.65E+00	5.27E-01	4.04E-02	bad-chisq
group_1861	2.00E-02	1.53E-01	3.76E-01	-1.65E+00	5.27E-01	4.04E-02	bad-chisq
group_1847	2.00E-02	1.53E-01	3.76E-01	1.65E+00	5.27E-01	-4.04E-02	bad-chisq
group_1779	2.00E-02	1.53E-01	3.76E-01	-1.65E+00	5.27E-01	4.04E-02	bad-chisq
group_1778	2.00E-02	1.53E-01	3.76E-01	-1.65E+00	5.27E-01	4.04E-02	bad-chisq
group_1726	2.00E-02	1.53E-01	3.76E-01	-1.65E+00	5.27E-01	4.04E-02	bad-chisq
group_1723	2.00E-02	1.00E+00	1.00E+00	0.00E+00	7.07E-01	0.00E+00	bad-chisq
group_1692	2.00E-02	1.53E-01	3.76E-01	-1.65E+00	5.27E-01	4.04E-02	bad-chisq
group_1684	2.00E-02	1.53E-01	3.76E-01	1.65E+00	5.27E-01	-4.04E-02	bad-chisq
group_1665	2.00E-02	1.53E-01	3.76E-01	-1.65E+00	5.27E-01	4.04E-02	bad-chisq
group_1664	2.00E-02	1.53E-01	3.76E-01	-1.65E+00	5.27E-01	4.04E-02	bad-chisq
group_1663	2.00E-02	1.53E-01	3.76E-01	-1.65E+00	5.27E-01	4.04E-02	bad-chisq
group_1660	2.00E-02	1.53E-01	3.76E-01	-1.65E+00	5.27E-01	4.04E-02	bad-chisq
ninG	2.00E-02	1.53E-01	3.76E-01	-1.65E+00	5.27E-01	4.04E-02	bad-chisq
group_1641	2.00E-02	1.53E-01	3.76E-01	-1.65E+00	5.27E-01	4.04E-02	bad-chisq
group_1628	2.00E-02	1.53E-01	3.76E-01	1.65E+00	5.27E-01	-4.04E-02	bad-chisq
group_1614	2.00E-02	1.53E-01	3.76E-01	-1.65E+00	5.27E-01	4.04E-02	bad-chisq
group_1595	2.00E-02	1.00E+00	1.00E+00	0.00E+00	7.07E-01	0.00E+00	bad-chisq
group_1583	2.00E-02	1.00E+00	1.00E+00	0.00E+00	7.07E-01	0.00E+00	bad-chisq
group_1561	2.00E-02	1.53E-01	3.76E-01	-1.65E+00	5.27E-01	4.04E-02	bad-chisq
group_1551	2.00E-02	1.53E-01	3.76E-01	-1.65E+00	5.27E-01	4.04E-02	bad-chisq
group_1550	2.00E-02	1.00E+00	1.00E+00	0.00E+00	7.07E-01	0.00E+00	bad-chisq
group_1528	2.00E-02	1.00E+00	1.00E+00	0.00E+00	7.07E-01	0.00E+00	bad-chisq
group_1525	2.00E-02	1.53E-01	3.76E-01	-1.65E+00	5.27E-01	4.04E-02	bad-chisq
group_1505	2.00E-02	1.00E+00	1.00E+00	0.00E+00	7.07E-01	0.00E+00	bad-chisq
group_1494	2.00E-02	1.53E-01	3.76E-01	-1.65E+00	5.27E-01	4.04E-02	bad-chisq
group_1493	2.00E-02	1.53E-01	3.76E-01	-1.65E+00	5.27E-01	4.04E-02	bad-chisq
artM	2.00E-02	1.53E-01	3.76E-01	-1.65E+00	5.27E-01	4.04E-02	bad-chisq
group_1451	2.00E-02	1.00E+00	1.00E+00	0.00E+00	7.07E-01	0.00E+00	bad-chisq
group_1437	2.00E-02	1.53E-01	3.76E-01	-1.65E+00	5.27E-01	4.04E-02	bad-chisq
group_1426	2.00E-02	1.53E-01	3.76E-01	-1.65E+00	5.27E-01	4.04E-02	bad-chisq
group_1420	2.00E-02	1.53E-01	3.76E-01	-1.65E+00	5.27E-01	4.04E-02	bad-chisq
group_1407	2.00E-02	1.00E+00	1.00E+00	0.00E+00	7.07E-01	0.00E+00	bad-chisq
group_1390	2.00E-02	1.53E-01	3.76E-01	-1.65E+00	5.27E-01	4.04E-02	bad-chisq
group_1387	2.00E-02	1.53E-01	3.76E-01	-1.65E+00	5.27E-01	4.04E-02	bad-chisq
group_1362	2.00E-02	1.53E-01	3.76E-01	-1.65E+00	5.27E-01	4.04E-02	bad-chisq
group_1320	2.00E-02	1.53E-01	3.76E-01	1.65E+00	5.27E-01	-4.04E-02	bad-chisq
group_1304	2.00E-02	1.53E-01	3.76E-01	-1.65E+00	5.27E-01	4.04E-02	bad-chisq
group_1281	2.00E-02	1.53E-01	3.76E-01	1.65E+00	5.27E-01	-4.04E-02	bad-chisq
group_1242	2.00E-02	1.53E-01	3.76E-01	1.65E+00	5.27E-01	-4.04E-02	bad-chisq
group_1194	2.00E-02	1.53E-01	3.76E-01	-1.65E+00	5.27E-01	4.04E-02	bad-chisq
group_1159	2.00E-02	1.53E-01	3.76E-01	-1.65E+00	5.27E-01	4.04E-02	bad-chisq
allF	2.00E-02	1.53E-01	3.76E-01	-1.65E+00	5.27E-01	4.04E-02	bad-chisq
group_1058	2.00E-02	1.53E-01	3.76E-01	-1.65E+00	5.27E-01	4.04E-02	bad-chisq
group_1055	2.00E-02	1.53E-01	3.76E-01	-1.65E+00	5.27E-01	4.04E-02	bad-chisq
group_1051	2.00E-02	1.53E-01	3.76E-01	-1.65E+00	5.27E-01	4.04E-02	bad-chisq
group_967	2.00E-02	1.53E-01	3.76E-01	1.65E+00	5.27E-01	-4.04E-02	bad-chisq
group_935	2.00E-02	1.00E+00	1.00E+00	0.00E+00	7.07E-01	0.00E+00	bad-chisq
group_902	2.00E-02	1.53E-01	3.76E-01	-1.65E+00	5.27E-01	4.04E-02	bad-chisq
group_900	2.00E-02	1.00E+00	1.00E+00	0.00E+00	7.07E-01	0.00E+00	bad-chisq
group_885	2.00E-02	1.00E+00	1.00E+00	0.00E+00	7.07E-01	0.00E+00	bad-chisq
group_882	2.00E-02	1.53E-01	3.76E-01	-1.65E+00	5.27E-01	4.04E-02	bad-chisq
group_878	2.00E-02	1.53E-01	3.76E-01	-1.65E+00	5.27E-01	4.04E-02	bad-chisq
wbdD	2.00E-02	1.53E-01	3.76E-01	-1.65E+00	5.27E-01	4.04E-02	bad-chisq
group_874	2.00E-02	1.53E-01	3.76E-01	-1.65E+00	5.27E-01	4.04E-02	bad-chisq
nifQ	2.00E-02	1.53E-01	3.76E-01	-1.65E+00	5.27E-01	4.04E-02	bad-chisq
nifN	2.00E-02	1.53E-01	3.76E-01	-1.65E+00	5.27E-01	4.04E-02	bad-chisq
xerC	2.00E-02	1.00E+00	1.00E+00	0.00E+00	7.07E-01	0.00E+00	bad-chisq
group_728	2.00E-02	1.53E-01	3.76E-01	-1.65E+00	5.27E-01	4.04E-02	bad-chisq
lysM	2.00E-02	1.53E-01	3.76E-01	-1.65E+00	5.27E-01	4.04E-02	bad-chisq
atoS	2.00E-02	1.53E-01	3.76E-01	-1.65E+00	5.27E-01	4.04E-02	bad-chisq
group_708	2.00E-02	1.00E+00	1.00E+00	0.00E+00	7.07E-01	0.00E+00	bad-chisq
group_698	2.00E-02	1.53E-01	3.76E-01	-1.65E+00	5.27E-01	4.04E-02	bad-chisq
group_681	2.00E-02	1.53E-01	3.76E-01	-1.65E+00	5.27E-01	4.04E-02	bad-chisq
group_680	2.00E-02	1.53E-01	3.76E-01	-1.65E+00	5.27E-01	4.04E-02	bad-chisq
group_664	2.00E-02	1.53E-01	3.76E-01	-1.65E+00	5.27E-01	4.04E-02	bad-chisq
group_621	2.00E-02	1.00E+00	1.00E+00	0.00E+00	7.07E-01	0.00E+00	bad-chisq
group_616	2.00E-02	1.53E-01	3.76E-01	-1.65E+00	5.27E-01	4.04E-02	bad-chisq
group_590	2.00E-02	1.53E-01	3.76E-01	-1.65E+00	5.27E-01	4.04E-02	bad-chisq
group_588	2.00E-02	1.00E+00	1.00E+00	0.00E+00	7.07E-01	0.00E+00	bad-chisq
group_581	2.00E-02	1.00E+00	1.00E+00	0.00E+00	7.07E-01	0.00E+00	bad-chisq
group_580	2.00E-02	1.53E-01	3.76E-01	-1.65E+00	5.27E-01	4.04E-02	bad-chisq
group_554	2.00E-02	1.53E-01	3.76E-01	-1.65E+00	5.27E-01	4.04E-02	bad-chisq
group_541	2.00E-02	1.00E+00	1.00E+00	0.00E+00	7.07E-01	0.00E+00	bad-chisq
group_489	2.00E-02	1.53E-01	3.76E-01	1.65E+00	5.27E-01	-4.04E-02	bad-chisq
group_484	2.00E-02	1.00E+00	1.00E+00	0.00E+00	7.07E-01	0.00E+00	bad-chisq
group_483	2.00E-02	1.00E+00	1.00E+00	0.00E+00	7.07E-01	0.00E+00	bad-chisq
group_438	2.00E-02	1.00E+00	1.00E+00	0.00E+00	7.07E-01	0.00E+00	bad-chisq
group_433	2.00E-02	1.53E-01	3.76E-01	-1.65E+00	5.27E-01	4.04E-02	bad-chisq
group_411	2.00E-02	1.53E-01	3.76E-01	-1.65E+00	5.27E-01	4.04E-02	bad-chisq
group_395	2.00E-02	1.53E-01	3.76E-01	-1.65E+00	5.27E-01	4.04E-02	bad-chisq
group_387	2.00E-02	1.00E+00	1.00E+00	0.00E+00	7.07E-01	0.00E+00	bad-chisq
group_386	2.00E-02	1.53E-01	3.76E-01	-1.65E+00	5.27E-01	4.04E-02	bad-chisq
group_364	2.00E-02	1.53E-01	3.76E-01	-1.65E+00	5.27E-01	4.04E-02	bad-chisq
group_348	2.00E-02	1.53E-01	3.76E-01	-1.65E+00	5.27E-01	4.04E-02	bad-chisq
group_328	2.00E-02	1.53E-01	3.76E-01	-1.65E+00	5.27E-01	4.04E-02	bad-chisq
group_317	2.00E-02	1.53E-01	3.76E-01	-1.65E+00	5.27E-01	4.04E-02	bad-chisq
group_301	2.00E-02	1.53E-01	3.76E-01	-1.65E+00	5.27E-01	4.04E-02	bad-chisq
group_267	2.00E-02	1.53E-01	3.76E-01	-1.65E+00	5.27E-01	4.04E-02	bad-chisq
group_266	2.00E-02	1.00E+00	1.00E+00	0.00E+00	7.07E-01	0.00E+00	bad-chisq
group_257	2.00E-02	1.00E+00	1.00E+00	0.00E+00	7.07E-01	0.00E+00	bad-chisq
group_243	2.00E-02	1.00E+00	1.00E+00	0.00E+00	7.07E-01	0.00E+00	bad-chisq
group_184	2.00E-02	1.53E-01	3.76E-01	-1.65E+00	5.27E-01	4.04E-02	bad-chisq
group_183	2.00E-02	1.53E-01	3.76E-01	-1.65E+00	5.27E-01	4.04E-02	bad-chisq
group_160	2.00E-02	1.00E+00	1.00E+00	0.00E+00	7.07E-01	0.00E+00	bad-chisq
group_153	2.00E-02	1.00E+00	1.00E+00	0.00E+00	7.07E-01	0.00E+00	bad-chisq
group_145	2.00E-02	1.53E-01	3.76E-01	-1.65E+00	5.27E-01	4.04E-02	bad-chisq
group_123	2.00E-02	1.53E-01	3.76E-01	-1.65E+00	5.27E-01	4.04E-02	bad-chisq
group_112	2.00E-02	1.53E-01	3.76E-01	-1.65E+00	5.27E-01	4.04E-02	bad-chisq
group_107	2.00E-02	1.00E+00	1.00E+00	0.00E+00	7.07E-01	0.00E+00	bad-chisq
group_105	2.00E-02	1.53E-01	3.76E-01	1.65E+00	5.27E-01	-4.04E-02	bad-chisq
group_80	2.00E-02	1.00E+00	1.00E+00	0.00E+00	7.07E-01	0.00E+00	bad-chisq
group_77	2.00E-02	1.53E-01	3.76E-01	-1.65E+00	5.27E-01	4.04E-02	bad-chisq
group_70	2.00E-02	1.53E-01	3.76E-01	-1.65E+00	5.27E-01	4.04E-02	bad-chisq
group_53	2.00E-02	1.53E-01	3.76E-01	-1.65E+00	5.27E-01	4.04E-02	bad-chisq
group_39	2.00E-02	1.53E-01	3.76E-01	-1.65E+00	5.27E-01	4.04E-02	bad-chisq
group_32	2.00E-02	1.00E+00	1.00E+00	0.00E+00	7.07E-01	0.00E+00	bad-chisq
group_18	2.00E-02	1.00E+00	1.00E+00	0.00E+00	7.07E-01	0.00E+00	bad-chisq
group_9588	1.00E-02	3.15E-01	1.00E+00	-1.12E+00	4.33E-01	2.00E-02	bad-chisq
group_9587	1.00E-02	3.15E-01	1.00E+00	-1.12E+00	4.33E-01	2.00E-02	bad-chisq
group_9586	1.00E-02	3.15E-01	1.00E+00	-1.12E+00	4.33E-01	2.00E-02	bad-chisq
group_9585	1.00E-02	3.15E-01	1.00E+00	-1.12E+00	4.33E-01	2.00E-02	bad-chisq
group_9584	1.00E-02	3.15E-01	1.00E+00	-1.12E+00	4.33E-01	2.00E-02	bad-chisq
group_9583	1.00E-02	3.15E-01	1.00E+00	-1.12E+00	4.33E-01	2.00E-02	bad-chisq
group_9582	1.00E-02	3.15E-01	1.00E+00	-1.12E+00	4.33E-01	2.00E-02	bad-chisq
group_9581	1.00E-02	3.15E-01	1.00E+00	-1.12E+00	4.33E-01	2.00E-02	bad-chisq
group_9580	1.00E-02	3.15E-01	1.00E+00	-1.12E+00	4.33E-01	2.00E-02	bad-chisq
group_9579	1.00E-02	3.15E-01	1.00E+00	-1.12E+00	4.33E-01	2.00E-02	bad-chisq
group_9578	1.00E-02	3.15E-01	1.00E+00	-1.12E+00	4.33E-01	2.00E-02	bad-chisq
group_9577	1.00E-02	3.15E-01	1.00E+00	-1.12E+00	4.33E-01	2.00E-02	bad-chisq
group_9576	1.00E-02	3.15E-01	1.00E+00	-1.12E+00	4.33E-01	2.00E-02	bad-chisq
group_9575	1.00E-02	3.15E-01	1.00E+00	-1.12E+00	4.33E-01	2.00E-02	bad-chisq
group_9574	1.00E-02	3.15E-01	1.00E+00	-1.12E+00	4.33E-01	2.00E-02	bad-chisq
group_9573	1.00E-02	3.15E-01	1.00E+00	-1.12E+00	4.33E-01	2.00E-02	bad-chisq
group_9572	1.00E-02	3.15E-01	1.00E+00	-1.12E+00	4.33E-01	2.00E-02	bad-chisq
ycaC	1.00E-02	3.15E-01	1.00E+00	-1.12E+00	4.33E-01	2.00E-02	bad-chisq
group_9571	1.00E-02	3.15E-01	1.00E+00	-1.12E+00	4.33E-01	2.00E-02	bad-chisq
group_9570	1.00E-02	3.15E-01	1.00E+00	-1.12E+00	4.33E-01	2.00E-02	bad-chisq
group_9569	1.00E-02	3.15E-01	1.00E+00	-1.12E+00	4.33E-01	2.00E-02	bad-chisq
group_9568	1.00E-02	3.15E-01	1.00E+00	-1.12E+00	4.33E-01	2.00E-02	bad-chisq
group_9567	1.00E-02	3.15E-01	1.00E+00	-1.12E+00	4.33E-01	2.00E-02	bad-chisq
group_9566	1.00E-02	3.15E-01	1.00E+00	-1.12E+00	4.33E-01	2.00E-02	bad-chisq
group_9565	1.00E-02	3.15E-01	1.00E+00	-1.12E+00	4.33E-01	2.00E-02	bad-chisq
group_9564	1.00E-02	3.15E-01	1.00E+00	-1.12E+00	4.33E-01	2.00E-02	bad-chisq
group_9563	1.00E-02	3.15E-01	1.00E+00	-1.12E+00	4.33E-01	2.00E-02	bad-chisq
group_9562	1.00E-02	3.15E-01	1.00E+00	-1.12E+00	4.33E-01	2.00E-02	bad-chisq
group_9561	1.00E-02	3.15E-01	1.00E+00	-1.12E+00	4.33E-01	2.00E-02	bad-chisq
group_9560	1.00E-02	3.15E-01	1.00E+00	-1.12E+00	4.33E-01	2.00E-02	bad-chisq
group_9559	1.00E-02	3.15E-01	1.00E+00	-1.12E+00	4.33E-01	2.00E-02	bad-chisq
group_9558	1.00E-02	3.15E-01	1.00E+00	-1.12E+00	4.33E-01	2.00E-02	bad-chisq
group_9557	1.00E-02	3.15E-01	1.00E+00	-1.12E+00	4.33E-01	2.00E-02	bad-chisq
group_9556	1.00E-02	3.15E-01	1.00E+00	-1.12E+00	4.33E-01	2.00E-02	bad-chisq
group_9555	1.00E-02	3.15E-01	1.00E+00	-1.12E+00	4.33E-01	2.00E-02	bad-chisq
group_9554	1.00E-02	3.15E-01	1.00E+00	-1.12E+00	4.33E-01	2.00E-02	bad-chisq
group_9553	1.00E-02	3.15E-01	1.00E+00	-1.12E+00	4.33E-01	2.00E-02	bad-chisq
group_9552	1.00E-02	3.15E-01	1.00E+00	-1.12E+00	4.33E-01	2.00E-02	bad-chisq
group_9551	1.00E-02	3.15E-01	1.00E+00	-1.12E+00	4.33E-01	2.00E-02	bad-chisq
group_9550	1.00E-02	3.15E-01	1.00E+00	-1.12E+00	4.33E-01	2.00E-02	bad-chisq
group_9549	1.00E-02	3.15E-01	1.00E+00	-1.12E+00	4.33E-01	2.00E-02	bad-chisq
mdtC	1.00E-02	3.15E-01	1.00E+00	-1.12E+00	4.33E-01	2.00E-02	bad-chisq
group_9548	1.00E-02	3.15E-01	1.00E+00	-1.12E+00	4.33E-01	2.00E-02	bad-chisq
group_9547	1.00E-02	3.15E-01	1.00E+00	-1.12E+00	4.33E-01	2.00E-02	bad-chisq
group_9546	1.00E-02	3.15E-01	1.00E+00	-1.12E+00	4.33E-01	2.00E-02	bad-chisq
group_9545	1.00E-02	3.15E-01	1.00E+00	-1.12E+00	4.33E-01	2.00E-02	bad-chisq
group_9544	1.00E-02	3.15E-01	1.00E+00	-1.12E+00	4.33E-01	2.00E-02	bad-chisq
group_9543	1.00E-02	3.15E-01	1.00E+00	-1.12E+00	4.33E-01	2.00E-02	bad-chisq
group_9542	1.00E-02	3.15E-01	1.00E+00	-1.12E+00	4.33E-01	2.00E-02	bad-chisq
group_9541	1.00E-02	3.15E-01	1.00E+00	-1.12E+00	4.33E-01	2.00E-02	bad-chisq
group_9540	1.00E-02	3.15E-01	1.00E+00	-1.12E+00	4.33E-01	2.00E-02	bad-chisq
group_9539	1.00E-02	3.15E-01	1.00E+00	-1.12E+00	4.33E-01	2.00E-02	bad-chisq
group_9538	1.00E-02	3.15E-01	1.00E+00	-1.12E+00	4.33E-01	2.00E-02	bad-chisq
group_9537	1.00E-02	3.15E-01	1.00E+00	-1.12E+00	4.33E-01	2.00E-02	bad-chisq
group_9536	1.00E-02	3.15E-01	1.00E+00	-1.12E+00	4.33E-01	2.00E-02	bad-chisq
group_9535	1.00E-02	3.15E-01	1.00E+00	-1.12E+00	4.33E-01	2.00E-02	bad-chisq
group_9534	1.00E-02	3.15E-01	1.00E+00	-1.12E+00	4.33E-01	2.00E-02	bad-chisq
group_9533	1.00E-02	3.15E-01	1.00E+00	-1.12E+00	4.33E-01	2.00E-02	bad-chisq
group_9532	1.00E-02	3.15E-01	1.00E+00	-1.12E+00	4.33E-01	2.00E-02	bad-chisq
group_9531	1.00E-02	3.15E-01	1.00E+00	-1.12E+00	4.33E-01	2.00E-02	bad-chisq
group_9530	1.00E-02	3.15E-01	1.00E+00	-1.12E+00	4.33E-01	2.00E-02	bad-chisq
group_9529	1.00E-02	3.15E-01	1.00E+00	-1.12E+00	4.33E-01	2.00E-02	bad-chisq
group_9528	1.00E-02	3.15E-01	1.00E+00	-1.12E+00	4.33E-01	2.00E-02	bad-chisq
group_9527	1.00E-02	3.15E-01	1.00E+00	-1.12E+00	4.33E-01	2.00E-02	bad-chisq
group_9526	1.00E-02	3.15E-01	1.00E+00	-1.12E+00	4.33E-01	2.00E-02	bad-chisq
group_9525	1.00E-02	3.15E-01	1.00E+00	-1.12E+00	4.33E-01	2.00E-02	bad-chisq
group_9524	1.00E-02	3.15E-01	1.00E+00	-1.12E+00	4.33E-01	2.00E-02	bad-chisq
group_9523	1.00E-02	3.15E-01	1.00E+00	-1.12E+00	4.33E-01	2.00E-02	bad-chisq
group_9522	1.00E-02	3.15E-01	1.00E+00	-1.12E+00	4.33E-01	2.00E-02	bad-chisq
group_9521	1.00E-02	3.15E-01	1.00E+00	-1.12E+00	4.33E-01	2.00E-02	bad-chisq
group_9520	1.00E-02	3.15E-01	1.00E+00	-1.12E+00	4.33E-01	2.00E-02	bad-chisq
group_9519	1.00E-02	3.15E-01	1.00E+00	-1.12E+00	4.33E-01	2.00E-02	bad-chisq
group_9518	1.00E-02	3.15E-01	1.00E+00	-1.12E+00	4.33E-01	2.00E-02	bad-chisq
group_9517	1.00E-02	3.15E-01	1.00E+00	-1.12E+00	4.33E-01	2.00E-02	bad-chisq
group_9516	1.00E-02	3.15E-01	1.00E+00	-1.12E+00	4.33E-01	2.00E-02	bad-chisq
group_9515	1.00E-02	3.15E-01	1.00E+00	-1.12E+00	4.33E-01	2.00E-02	bad-chisq
group_9514	1.00E-02	3.15E-01	1.00E+00	-1.12E+00	4.33E-01	2.00E-02	bad-chisq
group_9513	1.00E-02	3.15E-01	1.00E+00	-1.12E+00	4.33E-01	2.00E-02	bad-chisq
group_9512	1.00E-02	3.15E-01	1.00E+00	-1.12E+00	4.33E-01	2.00E-02	bad-chisq
group_9511	1.00E-02	3.15E-01	1.00E+00	-1.12E+00	4.33E-01	2.00E-02	bad-chisq
group_9509	1.00E-02	3.15E-01	1.00E+00	-1.12E+00	4.33E-01	2.00E-02	bad-chisq
group_9508	1.00E-02	3.15E-01	1.00E+00	-1.12E+00	4.33E-01	2.00E-02	bad-chisq
group_9507	1.00E-02	3.15E-01	1.00E+00	-1.12E+00	4.33E-01	2.00E-02	bad-chisq
group_9506	1.00E-02	3.15E-01	1.00E+00	-1.12E+00	4.33E-01	2.00E-02	bad-chisq
group_9505	1.00E-02	3.15E-01	1.00E+00	-1.12E+00	4.33E-01	2.00E-02	bad-chisq
group_9504	1.00E-02	3.15E-01	1.00E+00	-1.12E+00	4.33E-01	2.00E-02	bad-chisq
group_9503	1.00E-02	3.15E-01	1.00E+00	-1.12E+00	4.33E-01	2.00E-02	bad-chisq
group_9502	1.00E-02	3.15E-01	1.00E+00	-1.12E+00	4.33E-01	2.00E-02	bad-chisq
group_9501	1.00E-02	3.15E-01	1.00E+00	-1.12E+00	4.33E-01	2.00E-02	bad-chisq
group_9500	1.00E-02	3.15E-01	1.00E+00	-1.12E+00	4.33E-01	2.00E-02	bad-chisq
group_9499	1.00E-02	3.15E-01	1.00E+00	-1.12E+00	4.33E-01	2.00E-02	bad-chisq
group_9498	1.00E-02	3.15E-01	1.00E+00	-1.12E+00	4.33E-01	2.00E-02	bad-chisq
group_9497	1.00E-02	3.15E-01	1.00E+00	-1.12E+00	4.33E-01	2.00E-02	bad-chisq
group_9496	1.00E-02	3.15E-01	1.00E+00	-1.12E+00	4.33E-01	2.00E-02	bad-chisq
group_9495	1.00E-02	3.15E-01	1.00E+00	-1.12E+00	4.33E-01	2.00E-02	bad-chisq
blaLAP2	1.00E-02	3.15E-01	1.00E+00	-1.12E+00	4.33E-01	2.00E-02	bad-chisq
group_9494	1.00E-02	3.15E-01	1.00E+00	-1.12E+00	4.33E-01	2.00E-02	bad-chisq
group_9493	1.00E-02	3.15E-01	1.00E+00	-1.12E+00	4.33E-01	2.00E-02	bad-chisq
group_9492	1.00E-02	3.15E-01	1.00E+00	-1.12E+00	4.33E-01	2.00E-02	bad-chisq
group_9491	1.00E-02	3.15E-01	1.00E+00	-1.12E+00	4.33E-01	2.00E-02	bad-chisq
group_9490	1.00E-02	3.15E-01	1.00E+00	-1.12E+00	4.33E-01	2.00E-02	bad-chisq
group_9489	1.00E-02	3.15E-01	1.00E+00	-1.12E+00	4.33E-01	2.00E-02	bad-chisq
group_9488	1.00E-02	3.15E-01	1.00E+00	-1.12E+00	4.33E-01	2.00E-02	bad-chisq
group_9487	1.00E-02	3.15E-01	1.00E+00	-1.12E+00	4.33E-01	2.00E-02	bad-chisq
group_9486	1.00E-02	3.15E-01	1.00E+00	-1.12E+00	4.33E-01	2.00E-02	bad-chisq
group_9485	1.00E-02	3.15E-01	1.00E+00	-1.12E+00	4.33E-01	2.00E-02	bad-chisq
group_9484	1.00E-02	3.15E-01	1.00E+00	-1.12E+00	4.33E-01	2.00E-02	bad-chisq
group_9483	1.00E-02	3.15E-01	1.00E+00	-1.12E+00	4.33E-01	2.00E-02	bad-chisq
group_9479	1.00E-02	3.15E-01	1.00E+00	-1.12E+00	4.33E-01	2.00E-02	bad-chisq
group_9478	1.00E-02	3.15E-01	1.00E+00	-1.12E+00	4.33E-01	2.00E-02	bad-chisq
group_9477	1.00E-02	3.15E-01	1.00E+00	-1.12E+00	4.33E-01	2.00E-02	bad-chisq
group_9476	1.00E-02	3.15E-01	1.00E+00	-1.12E+00	4.33E-01	2.00E-02	bad-chisq
group_9475	1.00E-02	3.15E-01	1.00E+00	-1.12E+00	4.33E-01	2.00E-02	bad-chisq
group_9474	1.00E-02	3.15E-01	1.00E+00	-1.12E+00	4.33E-01	2.00E-02	bad-chisq
group_9473	1.00E-02	3.15E-01	1.00E+00	-1.12E+00	4.33E-01	2.00E-02	bad-chisq
group_9472	1.00E-02	3.15E-01	1.00E+00	-1.12E+00	4.33E-01	2.00E-02	bad-chisq
group_9471	1.00E-02	3.15E-01	1.00E+00	-1.12E+00	4.33E-01	2.00E-02	bad-chisq
group_9470	1.00E-02	3.15E-01	1.00E+00	-1.12E+00	4.33E-01	2.00E-02	bad-chisq
group_9469	1.00E-02	3.15E-01	1.00E+00	-1.12E+00	4.33E-01	2.00E-02	bad-chisq
group_9468	1.00E-02	3.15E-01	1.00E+00	-1.12E+00	4.33E-01	2.00E-02	bad-chisq
group_9467	1.00E-02	3.15E-01	1.00E+00	-1.12E+00	4.33E-01	2.00E-02	bad-chisq
group_9466	1.00E-02	3.15E-01	1.00E+00	-1.12E+00	4.33E-01	2.00E-02	bad-chisq
group_9465	1.00E-02	3.15E-01	1.00E+00	-1.12E+00	4.33E-01	2.00E-02	bad-chisq
group_9464	1.00E-02	3.15E-01	1.00E+00	-1.12E+00	4.33E-01	2.00E-02	bad-chisq
group_9463	1.00E-02	3.15E-01	1.00E+00	-1.12E+00	4.33E-01	2.00E-02	bad-chisq
group_9462	1.00E-02	3.15E-01	1.00E+00	-1.12E+00	4.33E-01	2.00E-02	bad-chisq
group_9461	1.00E-02	3.15E-01	1.00E+00	-1.12E+00	4.33E-01	2.00E-02	bad-chisq
group_9460	1.00E-02	3.15E-01	1.00E+00	-1.12E+00	4.33E-01	2.00E-02	bad-chisq
group_9459	1.00E-02	3.15E-01	1.00E+00	-1.12E+00	4.33E-01	2.00E-02	bad-chisq
group_9458	1.00E-02	3.15E-01	1.00E+00	-1.12E+00	4.33E-01	2.00E-02	bad-chisq
group_9457	1.00E-02	3.15E-01	1.00E+00	-1.12E+00	4.33E-01	2.00E-02	bad-chisq
group_9456	1.00E-02	3.15E-01	1.00E+00	-1.12E+00	4.33E-01	2.00E-02	bad-chisq
group_9455	1.00E-02	3.15E-01	1.00E+00	-1.12E+00	4.33E-01	2.00E-02	bad-chisq
group_9454	1.00E-02	3.15E-01	1.00E+00	-1.12E+00	4.33E-01	2.00E-02	bad-chisq
group_9453	1.00E-02	3.15E-01	1.00E+00	-1.12E+00	4.33E-01	2.00E-02	bad-chisq
group_9452	1.00E-02	3.15E-01	1.00E+00	-1.12E+00	4.33E-01	2.00E-02	bad-chisq
group_9451	1.00E-02	3.15E-01	1.00E+00	-1.12E+00	4.33E-01	2.00E-02	bad-chisq
crcB	1.00E-02	3.15E-01	1.00E+00	-1.12E+00	4.33E-01	2.00E-02	bad-chisq
group_9450	1.00E-02	3.15E-01	1.00E+00	-1.12E+00	4.33E-01	2.00E-02	bad-chisq
group_9449	1.00E-02	3.15E-01	1.00E+00	-1.12E+00	4.33E-01	2.00E-02	bad-chisq
ureG	1.00E-02	3.15E-01	1.00E+00	-1.12E+00	4.33E-01	2.00E-02	bad-chisq
group_9448	1.00E-02	3.15E-01	1.00E+00	-1.12E+00	4.33E-01	2.00E-02	bad-chisq
ureD	1.00E-02	3.15E-01	1.00E+00	-1.12E+00	4.33E-01	2.00E-02	bad-chisq
group_9447	1.00E-02	3.15E-01	1.00E+00	-1.12E+00	4.33E-01	2.00E-02	bad-chisq
hdeA	1.00E-02	3.15E-01	1.00E+00	-1.12E+00	4.33E-01	2.00E-02	bad-chisq
group_9446	1.00E-02	3.15E-01	1.00E+00	-1.12E+00	4.33E-01	2.00E-02	bad-chisq
group_9445	1.00E-02	3.15E-01	1.00E+00	-1.12E+00	4.33E-01	2.00E-02	bad-chisq
group_9444	1.00E-02	3.15E-01	1.00E+00	-1.12E+00	4.33E-01	2.00E-02	bad-chisq
group_9443	1.00E-02	3.15E-01	1.00E+00	-1.12E+00	4.33E-01	2.00E-02	bad-chisq
group_9442	1.00E-02	3.15E-01	1.00E+00	-1.12E+00	4.33E-01	2.00E-02	bad-chisq
group_9441	1.00E-02	3.15E-01	1.00E+00	-1.12E+00	4.33E-01	2.00E-02	bad-chisq
group_9440	1.00E-02	3.15E-01	1.00E+00	-1.12E+00	4.33E-01	2.00E-02	bad-chisq
group_9439	1.00E-02	3.15E-01	1.00E+00	-1.12E+00	4.33E-01	2.00E-02	bad-chisq
group_9438	1.00E-02	3.15E-01	1.00E+00	-1.12E+00	4.33E-01	2.00E-02	bad-chisq
group_9437	1.00E-02	3.15E-01	1.00E+00	-1.12E+00	4.33E-01	2.00E-02	bad-chisq
group_9436	1.00E-02	3.15E-01	1.00E+00	-1.12E+00	4.33E-01	2.00E-02	bad-chisq
group_9435	1.00E-02	3.15E-01	1.00E+00	-1.12E+00	4.33E-01	2.00E-02	bad-chisq
group_9434	1.00E-02	3.15E-01	1.00E+00	-1.12E+00	4.33E-01	2.00E-02	bad-chisq
group_9433	1.00E-02	3.15E-01	1.00E+00	-1.12E+00	4.33E-01	2.00E-02	bad-chisq
group_9432	1.00E-02	3.15E-01	1.00E+00	-1.12E+00	4.33E-01	2.00E-02	bad-chisq
group_9431	1.00E-02	3.15E-01	1.00E+00	-1.12E+00	4.33E-01	2.00E-02	bad-chisq
group_9430	1.00E-02	3.15E-01	1.00E+00	-1.12E+00	4.33E-01	2.00E-02	bad-chisq
group_9429	1.00E-02	3.15E-01	1.00E+00	-1.12E+00	4.33E-01	2.00E-02	bad-chisq
group_9428	1.00E-02	3.15E-01	1.00E+00	-1.12E+00	4.33E-01	2.00E-02	bad-chisq
group_9427	1.00E-02	3.15E-01	1.00E+00	-1.12E+00	4.33E-01	2.00E-02	bad-chisq
group_9426	1.00E-02	3.15E-01	1.00E+00	-1.12E+00	4.33E-01	2.00E-02	bad-chisq
group_9425	1.00E-02	3.15E-01	1.00E+00	-1.12E+00	4.33E-01	2.00E-02	bad-chisq
group_9423	1.00E-02	3.15E-01	1.00E+00	-1.12E+00	4.33E-01	2.00E-02	bad-chisq
group_9422	1.00E-02	3.15E-01	1.00E+00	-1.12E+00	4.33E-01	2.00E-02	bad-chisq
group_9421	1.00E-02	3.15E-01	1.00E+00	-1.12E+00	4.33E-01	2.00E-02	bad-chisq
group_9420	1.00E-02	3.15E-01	1.00E+00	-1.12E+00	4.33E-01	2.00E-02	bad-chisq
group_9419	1.00E-02	3.15E-01	1.00E+00	-1.12E+00	4.33E-01	2.00E-02	bad-chisq
group_9418	1.00E-02	3.15E-01	1.00E+00	1.12E+00	4.33E-01	-2.00E-02	bad-chisq
group_9417	1.00E-02	3.15E-01	1.00E+00	-1.12E+00	4.33E-01	2.00E-02	bad-chisq
group_9416	1.00E-02	3.15E-01	1.00E+00	-1.12E+00	4.33E-01	2.00E-02	bad-chisq
group_9415	1.00E-02	3.15E-01	1.00E+00	-1.12E+00	4.33E-01	2.00E-02	bad-chisq
group_9414	1.00E-02	3.15E-01	1.00E+00	-1.12E+00	4.33E-01	2.00E-02	bad-chisq
group_9413	1.00E-02	3.15E-01	1.00E+00	-1.12E+00	4.33E-01	2.00E-02	bad-chisq
group_9412	1.00E-02	3.15E-01	1.00E+00	-1.12E+00	4.33E-01	2.00E-02	bad-chisq
group_9411	1.00E-02	3.15E-01	1.00E+00	-1.12E+00	4.33E-01	2.00E-02	bad-chisq
group_9410	1.00E-02	3.15E-01	1.00E+00	-1.12E+00	4.33E-01	2.00E-02	bad-chisq
group_9409	1.00E-02	3.15E-01	1.00E+00	-1.12E+00	4.33E-01	2.00E-02	bad-chisq
group_9407	1.00E-02	3.15E-01	1.00E+00	1.12E+00	4.33E-01	-2.00E-02	bad-chisq
group_9406	1.00E-02	3.15E-01	1.00E+00	1.12E+00	4.33E-01	-2.00E-02	bad-chisq
group_9405	1.00E-02	3.15E-01	1.00E+00	1.12E+00	4.33E-01	-2.00E-02	bad-chisq
group_9404	1.00E-02	3.15E-01	1.00E+00	1.12E+00	4.33E-01	-2.00E-02	bad-chisq
group_9403	1.00E-02	3.15E-01	1.00E+00	1.12E+00	4.33E-01	-2.00E-02	bad-chisq
group_9402	1.00E-02	3.15E-01	1.00E+00	1.12E+00	4.33E-01	-2.00E-02	bad-chisq
group_9401	1.00E-02	3.15E-01	1.00E+00	1.12E+00	4.33E-01	-2.00E-02	bad-chisq
group_9400	1.00E-02	3.15E-01	1.00E+00	1.12E+00	4.33E-01	-2.00E-02	bad-chisq
group_9399	1.00E-02	3.15E-01	1.00E+00	1.12E+00	4.33E-01	-2.00E-02	bad-chisq
group_9398	1.00E-02	3.15E-01	1.00E+00	1.12E+00	4.33E-01	-2.00E-02	bad-chisq
group_9397	1.00E-02	3.15E-01	1.00E+00	1.12E+00	4.33E-01	-2.00E-02	bad-chisq
group_9395	1.00E-02	3.15E-01	1.00E+00	1.12E+00	4.33E-01	-2.00E-02	bad-chisq
group_9394	1.00E-02	3.15E-01	1.00E+00	1.12E+00	4.33E-01	-2.00E-02	bad-chisq
group_9393	1.00E-02	3.15E-01	1.00E+00	1.12E+00	4.33E-01	-2.00E-02	bad-chisq
group_9392	1.00E-02	3.15E-01	1.00E+00	1.12E+00	4.33E-01	-2.00E-02	bad-chisq
group_9391	1.00E-02	3.15E-01	1.00E+00	1.12E+00	4.33E-01	-2.00E-02	bad-chisq
group_9390	1.00E-02	3.15E-01	1.00E+00	1.12E+00	4.33E-01	-2.00E-02	bad-chisq
group_9389	1.00E-02	3.15E-01	1.00E+00	1.12E+00	4.33E-01	-2.00E-02	bad-chisq
group_9388	1.00E-02	3.15E-01	1.00E+00	1.12E+00	4.33E-01	-2.00E-02	bad-chisq
group_9387	1.00E-02	3.15E-01	1.00E+00	1.12E+00	4.33E-01	-2.00E-02	bad-chisq
group_9386	1.00E-02	3.15E-01	1.00E+00	1.12E+00	4.33E-01	-2.00E-02	bad-chisq
group_9385	1.00E-02	3.15E-01	1.00E+00	1.12E+00	4.33E-01	-2.00E-02	bad-chisq
group_9384	1.00E-02	3.15E-01	1.00E+00	1.12E+00	4.33E-01	-2.00E-02	bad-chisq
group_9383	1.00E-02	3.15E-01	1.00E+00	1.12E+00	4.33E-01	-2.00E-02	bad-chisq
group_9382	1.00E-02	3.15E-01	1.00E+00	1.12E+00	4.33E-01	-2.00E-02	bad-chisq
group_9381	1.00E-02	3.15E-01	1.00E+00	1.12E+00	4.33E-01	-2.00E-02	bad-chisq
group_9380	1.00E-02	3.15E-01	1.00E+00	1.12E+00	4.33E-01	-2.00E-02	bad-chisq
group_9379	1.00E-02	3.15E-01	1.00E+00	1.12E+00	4.33E-01	-2.00E-02	bad-chisq
group_9378	1.00E-02	3.15E-01	1.00E+00	1.12E+00	4.33E-01	-2.00E-02	bad-chisq
group_9377	1.00E-02	3.15E-01	1.00E+00	1.12E+00	4.33E-01	-2.00E-02	bad-chisq
group_9376	1.00E-02	3.15E-01	1.00E+00	1.12E+00	4.33E-01	-2.00E-02	bad-chisq
group_9375	1.00E-02	3.15E-01	1.00E+00	1.12E+00	4.33E-01	-2.00E-02	bad-chisq
group_9374	1.00E-02	3.15E-01	1.00E+00	1.12E+00	4.33E-01	-2.00E-02	bad-chisq
group_9373	1.00E-02	3.15E-01	1.00E+00	1.12E+00	4.33E-01	-2.00E-02	bad-chisq
group_9372	1.00E-02	3.15E-01	1.00E+00	1.12E+00	4.33E-01	-2.00E-02	bad-chisq
group_9371	1.00E-02	3.15E-01	1.00E+00	1.12E+00	4.33E-01	-2.00E-02	bad-chisq
group_9370	1.00E-02	3.15E-01	1.00E+00	1.12E+00	4.33E-01	-2.00E-02	bad-chisq
group_9369	1.00E-02	3.15E-01	1.00E+00	1.12E+00	4.33E-01	-2.00E-02	bad-chisq
group_9368	1.00E-02	3.15E-01	1.00E+00	1.12E+00	4.33E-01	-2.00E-02	bad-chisq
group_9367	1.00E-02	3.15E-01	1.00E+00	-1.12E+00	4.33E-01	2.00E-02	bad-chisq
group_9366	1.00E-02	3.15E-01	1.00E+00	-1.12E+00	4.33E-01	2.00E-02	bad-chisq
group_9365	1.00E-02	3.15E-01	1.00E+00	-1.12E+00	4.33E-01	2.00E-02	bad-chisq
group_9364	1.00E-02	3.15E-01	1.00E+00	-1.12E+00	4.33E-01	2.00E-02	bad-chisq
group_9363	1.00E-02	3.15E-01	1.00E+00	-1.12E+00	4.33E-01	2.00E-02	bad-chisq
group_9362	1.00E-02	3.15E-01	1.00E+00	-1.12E+00	4.33E-01	2.00E-02	bad-chisq
group_9361	1.00E-02	3.15E-01	1.00E+00	-1.12E+00	4.33E-01	2.00E-02	bad-chisq
group_9360	1.00E-02	3.15E-01	1.00E+00	-1.12E+00	4.33E-01	2.00E-02	bad-chisq
group_9359	1.00E-02	3.15E-01	1.00E+00	-1.12E+00	4.33E-01	2.00E-02	bad-chisq
group_9358	1.00E-02	3.15E-01	1.00E+00	-1.12E+00	4.33E-01	2.00E-02	bad-chisq
kfrA	1.00E-02	3.15E-01	1.00E+00	-1.12E+00	4.33E-01	2.00E-02	bad-chisq
group_9357	1.00E-02	3.15E-01	1.00E+00	-1.12E+00	4.33E-01	2.00E-02	bad-chisq
group_9356	1.00E-02	3.15E-01	1.00E+00	-1.12E+00	4.33E-01	2.00E-02	bad-chisq
group_9355	1.00E-02	3.15E-01	1.00E+00	-1.12E+00	4.33E-01	2.00E-02	bad-chisq
group_9354	1.00E-02	3.15E-01	1.00E+00	-1.12E+00	4.33E-01	2.00E-02	bad-chisq
group_9353	1.00E-02	3.15E-01	1.00E+00	-1.12E+00	4.33E-01	2.00E-02	bad-chisq
group_9352	1.00E-02	3.15E-01	1.00E+00	-1.12E+00	4.33E-01	2.00E-02	bad-chisq
group_9351	1.00E-02	3.15E-01	1.00E+00	-1.12E+00	4.33E-01	2.00E-02	bad-chisq
group_9350	1.00E-02	3.15E-01	1.00E+00	-1.12E+00	4.33E-01	2.00E-02	bad-chisq
group_9349	1.00E-02	3.15E-01	1.00E+00	-1.12E+00	4.33E-01	2.00E-02	bad-chisq
group_9348	1.00E-02	3.15E-01	1.00E+00	-1.12E+00	4.33E-01	2.00E-02	bad-chisq
group_9347	1.00E-02	3.15E-01	1.00E+00	-1.12E+00	4.33E-01	2.00E-02	bad-chisq
group_9346	1.00E-02	3.15E-01	1.00E+00	-1.12E+00	4.33E-01	2.00E-02	bad-chisq
group_9345	1.00E-02	3.15E-01	1.00E+00	-1.12E+00	4.33E-01	2.00E-02	bad-chisq
group_9344	1.00E-02	3.15E-01	1.00E+00	-1.12E+00	4.33E-01	2.00E-02	bad-chisq
group_9343	1.00E-02	3.15E-01	1.00E+00	-1.12E+00	4.33E-01	2.00E-02	bad-chisq
group_9342	1.00E-02	3.15E-01	1.00E+00	-1.12E+00	4.33E-01	2.00E-02	bad-chisq
group_9341	1.00E-02	3.15E-01	1.00E+00	-1.12E+00	4.33E-01	2.00E-02	bad-chisq
group_9340	1.00E-02	3.15E-01	1.00E+00	-1.12E+00	4.33E-01	2.00E-02	bad-chisq
group_9339	1.00E-02	3.15E-01	1.00E+00	-1.12E+00	4.33E-01	2.00E-02	bad-chisq
group_9338	1.00E-02	3.15E-01	1.00E+00	-1.12E+00	4.33E-01	2.00E-02	bad-chisq
group_9337	1.00E-02	3.15E-01	1.00E+00	-1.12E+00	4.33E-01	2.00E-02	bad-chisq
group_9336	1.00E-02	3.15E-01	1.00E+00	-1.12E+00	4.33E-01	2.00E-02	bad-chisq
group_9335	1.00E-02	3.15E-01	1.00E+00	-1.12E+00	4.33E-01	2.00E-02	bad-chisq
group_9334	1.00E-02	3.15E-01	1.00E+00	-1.12E+00	4.33E-01	2.00E-02	bad-chisq
group_9333	1.00E-02	3.15E-01	1.00E+00	-1.12E+00	4.33E-01	2.00E-02	bad-chisq
group_9332	1.00E-02	3.15E-01	1.00E+00	-1.12E+00	4.33E-01	2.00E-02	bad-chisq
group_9331	1.00E-02	3.15E-01	1.00E+00	-1.12E+00	4.33E-01	2.00E-02	bad-chisq
group_9330	1.00E-02	3.15E-01	1.00E+00	-1.12E+00	4.33E-01	2.00E-02	bad-chisq
group_9328	1.00E-02	3.15E-01	1.00E+00	-1.12E+00	4.33E-01	2.00E-02	bad-chisq
group_9327	1.00E-02	3.15E-01	1.00E+00	-1.12E+00	4.33E-01	2.00E-02	bad-chisq
group_9326	1.00E-02	3.15E-01	1.00E+00	-1.12E+00	4.33E-01	2.00E-02	bad-chisq
group_9325	1.00E-02	3.15E-01	1.00E+00	-1.12E+00	4.33E-01	2.00E-02	bad-chisq
group_9324	1.00E-02	3.15E-01	1.00E+00	-1.12E+00	4.33E-01	2.00E-02	bad-chisq
group_9323	1.00E-02	3.15E-01	1.00E+00	-1.12E+00	4.33E-01	2.00E-02	bad-chisq
group_9322	1.00E-02	3.15E-01	1.00E+00	-1.12E+00	4.33E-01	2.00E-02	bad-chisq
group_9321	1.00E-02	3.15E-01	1.00E+00	-1.12E+00	4.33E-01	2.00E-02	bad-chisq
group_9320	1.00E-02	3.15E-01	1.00E+00	-1.12E+00	4.33E-01	2.00E-02	bad-chisq
group_9319	1.00E-02	3.15E-01	1.00E+00	-1.12E+00	4.33E-01	2.00E-02	bad-chisq
group_9318	1.00E-02	3.15E-01	1.00E+00	-1.12E+00	4.33E-01	2.00E-02	bad-chisq
group_9314	1.00E-02	3.15E-01	1.00E+00	-1.12E+00	4.33E-01	2.00E-02	bad-chisq
group_9313	1.00E-02	3.15E-01	1.00E+00	-1.12E+00	4.33E-01	2.00E-02	bad-chisq
group_9312	1.00E-02	3.15E-01	1.00E+00	-1.12E+00	4.33E-01	2.00E-02	bad-chisq
qnrB2	1.00E-02	3.15E-01	1.00E+00	-1.12E+00	4.33E-01	2.00E-02	bad-chisq
group_9311	1.00E-02	3.15E-01	1.00E+00	-1.12E+00	4.33E-01	2.00E-02	bad-chisq
group_9310	1.00E-02	3.15E-01	1.00E+00	-1.12E+00	4.33E-01	2.00E-02	bad-chisq
group_9309	1.00E-02	3.15E-01	1.00E+00	-1.12E+00	4.33E-01	2.00E-02	bad-chisq
group_9303	1.00E-02	3.15E-01	1.00E+00	-1.12E+00	4.33E-01	2.00E-02	bad-chisq
group_9302	1.00E-02	3.15E-01	1.00E+00	-1.12E+00	4.33E-01	2.00E-02	bad-chisq
group_9301	1.00E-02	3.15E-01	1.00E+00	-1.12E+00	4.33E-01	2.00E-02	bad-chisq
group_9300	1.00E-02	3.15E-01	1.00E+00	-1.12E+00	4.33E-01	2.00E-02	bad-chisq
group_9299	1.00E-02	3.15E-01	1.00E+00	-1.12E+00	4.33E-01	2.00E-02	bad-chisq
group_9298	1.00E-02	3.15E-01	1.00E+00	-1.12E+00	4.33E-01	2.00E-02	bad-chisq
group_9297	1.00E-02	3.15E-01	1.00E+00	-1.12E+00	4.33E-01	2.00E-02	bad-chisq
group_9296	1.00E-02	3.15E-01	1.00E+00	-1.12E+00	4.33E-01	2.00E-02	bad-chisq
group_9295	1.00E-02	3.15E-01	1.00E+00	-1.12E+00	4.33E-01	2.00E-02	bad-chisq
group_9294	1.00E-02	3.15E-01	1.00E+00	-1.12E+00	4.33E-01	2.00E-02	bad-chisq
group_9293	1.00E-02	3.15E-01	1.00E+00	-1.12E+00	4.33E-01	2.00E-02	bad-chisq
group_9292	1.00E-02	3.15E-01	1.00E+00	-1.12E+00	4.33E-01	2.00E-02	bad-chisq
group_9291	1.00E-02	3.15E-01	1.00E+00	-1.12E+00	4.33E-01	2.00E-02	bad-chisq
group_9290	1.00E-02	3.15E-01	1.00E+00	-1.12E+00	4.33E-01	2.00E-02	bad-chisq
group_9289	1.00E-02	3.15E-01	1.00E+00	-1.12E+00	4.33E-01	2.00E-02	bad-chisq
group_9288	1.00E-02	3.15E-01	1.00E+00	-1.12E+00	4.33E-01	2.00E-02	bad-chisq
group_9287	1.00E-02	3.15E-01	1.00E+00	-1.12E+00	4.33E-01	2.00E-02	bad-chisq
group_9286	1.00E-02	3.15E-01	1.00E+00	-1.12E+00	4.33E-01	2.00E-02	bad-chisq
group_9285	1.00E-02	3.15E-01	1.00E+00	-1.12E+00	4.33E-01	2.00E-02	bad-chisq
group_9284	1.00E-02	3.15E-01	1.00E+00	-1.12E+00	4.33E-01	2.00E-02	bad-chisq
group_9283	1.00E-02	3.15E-01	1.00E+00	-1.12E+00	4.33E-01	2.00E-02	bad-chisq
group_9282	1.00E-02	3.15E-01	1.00E+00	-1.12E+00	4.33E-01	2.00E-02	bad-chisq
group_9281	1.00E-02	3.15E-01	1.00E+00	-1.12E+00	4.33E-01	2.00E-02	bad-chisq
group_9280	1.00E-02	3.15E-01	1.00E+00	-1.12E+00	4.33E-01	2.00E-02	bad-chisq
group_9279	1.00E-02	3.15E-01	1.00E+00	-1.12E+00	4.33E-01	2.00E-02	bad-chisq
group_9278	1.00E-02	3.15E-01	1.00E+00	-1.12E+00	4.33E-01	2.00E-02	bad-chisq
group_9277	1.00E-02	3.15E-01	1.00E+00	-1.12E+00	4.33E-01	2.00E-02	bad-chisq
group_9276	1.00E-02	3.15E-01	1.00E+00	-1.12E+00	4.33E-01	2.00E-02	bad-chisq
group_9275	1.00E-02	3.15E-01	1.00E+00	-1.12E+00	4.33E-01	2.00E-02	bad-chisq
group_9274	1.00E-02	3.15E-01	1.00E+00	-1.12E+00	4.33E-01	2.00E-02	bad-chisq
group_9273	1.00E-02	3.15E-01	1.00E+00	-1.12E+00	4.33E-01	2.00E-02	bad-chisq
group_9272	1.00E-02	3.15E-01	1.00E+00	-1.12E+00	4.33E-01	2.00E-02	bad-chisq
group_9264	1.00E-02	3.15E-01	1.00E+00	1.12E+00	4.33E-01	-2.00E-02	bad-chisq
apeA	1.00E-02	3.15E-01	1.00E+00	1.12E+00	4.33E-01	-2.00E-02	bad-chisq
group_9263	1.00E-02	3.15E-01	1.00E+00	1.12E+00	4.33E-01	-2.00E-02	bad-chisq
group_9262	1.00E-02	3.15E-01	1.00E+00	1.12E+00	4.33E-01	-2.00E-02	bad-chisq
group_9261	1.00E-02	3.15E-01	1.00E+00	1.12E+00	4.33E-01	-2.00E-02	bad-chisq
group_9259	1.00E-02	3.15E-01	1.00E+00	1.12E+00	4.33E-01	-2.00E-02	bad-chisq
group_9258	1.00E-02	3.15E-01	1.00E+00	1.12E+00	4.33E-01	-2.00E-02	bad-chisq
group_9257	1.00E-02	3.15E-01	1.00E+00	1.12E+00	4.33E-01	-2.00E-02	bad-chisq
group_9256	1.00E-02	3.15E-01	1.00E+00	1.12E+00	4.33E-01	-2.00E-02	bad-chisq
group_9255	1.00E-02	3.15E-01	1.00E+00	1.12E+00	4.33E-01	-2.00E-02	bad-chisq
group_9254	1.00E-02	3.15E-01	1.00E+00	1.12E+00	4.33E-01	-2.00E-02	bad-chisq
group_9253	1.00E-02	3.15E-01	1.00E+00	1.12E+00	4.33E-01	-2.00E-02	bad-chisq
group_9252	1.00E-02	3.15E-01	1.00E+00	1.12E+00	4.33E-01	-2.00E-02	bad-chisq
wcaA	1.00E-02	3.15E-01	1.00E+00	1.12E+00	4.33E-01	-2.00E-02	bad-chisq
group_9251	1.00E-02	3.15E-01	1.00E+00	1.12E+00	4.33E-01	-2.00E-02	bad-chisq
funZ	1.00E-02	3.15E-01	1.00E+00	1.12E+00	4.33E-01	-2.00E-02	bad-chisq
group_9250	1.00E-02	3.15E-01	1.00E+00	1.12E+00	4.33E-01	-2.00E-02	bad-chisq
group_9249	1.00E-02	3.15E-01	1.00E+00	1.12E+00	4.33E-01	-2.00E-02	bad-chisq
group_9248	1.00E-02	3.15E-01	1.00E+00	1.12E+00	4.33E-01	-2.00E-02	bad-chisq
group_9247	1.00E-02	3.15E-01	1.00E+00	1.12E+00	4.33E-01	-2.00E-02	bad-chisq
group_9246	1.00E-02	3.15E-01	1.00E+00	1.12E+00	4.33E-01	-2.00E-02	bad-chisq
group_9245	1.00E-02	3.15E-01	1.00E+00	1.12E+00	4.33E-01	-2.00E-02	bad-chisq
group_9244	1.00E-02	3.15E-01	1.00E+00	1.12E+00	4.33E-01	-2.00E-02	bad-chisq
group_9243	1.00E-02	3.15E-01	1.00E+00	1.12E+00	4.33E-01	-2.00E-02	bad-chisq
group_9242	1.00E-02	3.15E-01	1.00E+00	1.12E+00	4.33E-01	-2.00E-02	bad-chisq
group_9241	1.00E-02	3.15E-01	1.00E+00	1.12E+00	4.33E-01	-2.00E-02	bad-chisq
group_9240	1.00E-02	3.15E-01	1.00E+00	1.12E+00	4.33E-01	-2.00E-02	bad-chisq
group_9239	1.00E-02	3.15E-01	1.00E+00	1.12E+00	4.33E-01	-2.00E-02	bad-chisq
group_9238	1.00E-02	3.15E-01	1.00E+00	1.12E+00	4.33E-01	-2.00E-02	bad-chisq
group_9237	1.00E-02	3.15E-01	1.00E+00	1.12E+00	4.33E-01	-2.00E-02	bad-chisq
group_9236	1.00E-02	3.15E-01	1.00E+00	1.12E+00	4.33E-01	-2.00E-02	bad-chisq
group_9235	1.00E-02	3.15E-01	1.00E+00	1.12E+00	4.33E-01	-2.00E-02	bad-chisq
group_9234	1.00E-02	3.15E-01	1.00E+00	1.12E+00	4.33E-01	-2.00E-02	bad-chisq
group_9233	1.00E-02	3.15E-01	1.00E+00	1.12E+00	4.33E-01	-2.00E-02	bad-chisq
group_9232	1.00E-02	3.15E-01	1.00E+00	1.12E+00	4.33E-01	-2.00E-02	bad-chisq
group_9231	1.00E-02	3.15E-01	1.00E+00	1.12E+00	4.33E-01	-2.00E-02	bad-chisq
group_9230	1.00E-02	3.15E-01	1.00E+00	1.12E+00	4.33E-01	-2.00E-02	bad-chisq
group_9229	1.00E-02	3.15E-01	1.00E+00	1.12E+00	4.33E-01	-2.00E-02	bad-chisq
group_9227	1.00E-02	3.15E-01	1.00E+00	-1.12E+00	4.33E-01	2.00E-02	bad-chisq
group_9226	1.00E-02	3.15E-01	1.00E+00	-1.12E+00	4.33E-01	2.00E-02	bad-chisq
group_9225	1.00E-02	3.15E-01	1.00E+00	-1.12E+00	4.33E-01	2.00E-02	bad-chisq
group_9224	1.00E-02	3.15E-01	1.00E+00	-1.12E+00	4.33E-01	2.00E-02	bad-chisq
group_9223	1.00E-02	3.15E-01	1.00E+00	-1.12E+00	4.33E-01	2.00E-02	bad-chisq
group_9222	1.00E-02	3.15E-01	1.00E+00	-1.12E+00	4.33E-01	2.00E-02	bad-chisq
parD	1.00E-02	3.15E-01	1.00E+00	1.12E+00	4.33E-01	-2.00E-02	bad-chisq
group_9220	1.00E-02	3.15E-01	1.00E+00	1.12E+00	4.33E-01	-2.00E-02	bad-chisq
group_9219	1.00E-02	3.15E-01	1.00E+00	1.12E+00	4.33E-01	-2.00E-02	bad-chisq
group_9214	1.00E-02	3.15E-01	1.00E+00	1.12E+00	4.33E-01	-2.00E-02	bad-chisq
group_9213	1.00E-02	3.15E-01	1.00E+00	1.12E+00	4.33E-01	-2.00E-02	bad-chisq
group_9212	1.00E-02	3.15E-01	1.00E+00	1.12E+00	4.33E-01	-2.00E-02	bad-chisq
group_9210	1.00E-02	3.15E-01	1.00E+00	1.12E+00	4.33E-01	-2.00E-02	bad-chisq
group_9209	1.00E-02	3.15E-01	1.00E+00	1.12E+00	4.33E-01	-2.00E-02	bad-chisq
group_9208	1.00E-02	3.15E-01	1.00E+00	1.12E+00	4.33E-01	-2.00E-02	bad-chisq
group_9207	1.00E-02	3.15E-01	1.00E+00	1.12E+00	4.33E-01	-2.00E-02	bad-chisq
group_9206	1.00E-02	3.15E-01	1.00E+00	1.12E+00	4.33E-01	-2.00E-02	bad-chisq
group_9205	1.00E-02	3.15E-01	1.00E+00	1.12E+00	4.33E-01	-2.00E-02	bad-chisq
group_9204	1.00E-02	3.15E-01	1.00E+00	1.12E+00	4.33E-01	-2.00E-02	bad-chisq
group_9203	1.00E-02	3.15E-01	1.00E+00	1.12E+00	4.33E-01	-2.00E-02	bad-chisq
bcsF	1.00E-02	3.15E-01	1.00E+00	1.12E+00	4.33E-01	-2.00E-02	bad-chisq
group_9202	1.00E-02	3.15E-01	1.00E+00	1.12E+00	4.33E-01	-2.00E-02	bad-chisq
group_9201	1.00E-02	3.15E-01	1.00E+00	1.12E+00	4.33E-01	-2.00E-02	bad-chisq
group_9200	1.00E-02	3.15E-01	1.00E+00	1.12E+00	4.33E-01	-2.00E-02	bad-chisq
group_9198	1.00E-02	3.15E-01	1.00E+00	1.12E+00	4.33E-01	-2.00E-02	bad-chisq
group_9197	1.00E-02	3.15E-01	1.00E+00	-1.12E+00	4.33E-01	2.00E-02	bad-chisq
group_9196	1.00E-02	3.15E-01	1.00E+00	1.12E+00	4.33E-01	-2.00E-02	bad-chisq
group_9195	1.00E-02	3.15E-01	1.00E+00	1.12E+00	4.33E-01	-2.00E-02	bad-chisq
group_9194	1.00E-02	3.15E-01	1.00E+00	1.12E+00	4.33E-01	-2.00E-02	bad-chisq
group_9190	1.00E-02	3.15E-01	1.00E+00	1.12E+00	4.33E-01	-2.00E-02	bad-chisq
group_9189	1.00E-02	3.15E-01	1.00E+00	1.12E+00	4.33E-01	-2.00E-02	bad-chisq
group_9188	1.00E-02	3.15E-01	1.00E+00	1.12E+00	4.33E-01	-2.00E-02	bad-chisq
group_9187	1.00E-02	3.15E-01	1.00E+00	1.12E+00	4.33E-01	-2.00E-02	bad-chisq
group_9186	1.00E-02	3.15E-01	1.00E+00	1.12E+00	4.33E-01	-2.00E-02	bad-chisq
group_9185	1.00E-02	3.15E-01	1.00E+00	1.12E+00	4.33E-01	-2.00E-02	bad-chisq
group_9183	1.00E-02	3.15E-01	1.00E+00	1.12E+00	4.33E-01	-2.00E-02	bad-chisq
group_9182	1.00E-02	3.15E-01	1.00E+00	1.12E+00	4.33E-01	-2.00E-02	bad-chisq
group_9181	1.00E-02	3.15E-01	1.00E+00	1.12E+00	4.33E-01	-2.00E-02	bad-chisq
group_9180	1.00E-02	3.15E-01	1.00E+00	1.12E+00	4.33E-01	-2.00E-02	bad-chisq
group_9179	1.00E-02	3.15E-01	1.00E+00	-1.12E+00	4.33E-01	2.00E-02	bad-chisq
group_9178	1.00E-02	3.15E-01	1.00E+00	-1.12E+00	4.33E-01	2.00E-02	bad-chisq
group_9177	1.00E-02	3.15E-01	1.00E+00	-1.12E+00	4.33E-01	2.00E-02	bad-chisq
group_9176	1.00E-02	3.15E-01	1.00E+00	-1.12E+00	4.33E-01	2.00E-02	bad-chisq
group_9175	1.00E-02	3.15E-01	1.00E+00	-1.12E+00	4.33E-01	2.00E-02	bad-chisq
group_9174	1.00E-02	3.15E-01	1.00E+00	-1.12E+00	4.33E-01	2.00E-02	bad-chisq
group_9173	1.00E-02	3.15E-01	1.00E+00	-1.12E+00	4.33E-01	2.00E-02	bad-chisq
group_9172	1.00E-02	3.15E-01	1.00E+00	-1.12E+00	4.33E-01	2.00E-02	bad-chisq
group_9171	1.00E-02	3.15E-01	1.00E+00	-1.12E+00	4.33E-01	2.00E-02	bad-chisq
group_9170	1.00E-02	3.15E-01	1.00E+00	-1.12E+00	4.33E-01	2.00E-02	bad-chisq
group_9169	1.00E-02	3.15E-01	1.00E+00	-1.12E+00	4.33E-01	2.00E-02	bad-chisq
epsG	1.00E-02	3.15E-01	1.00E+00	-1.12E+00	4.33E-01	2.00E-02	bad-chisq
amsL	1.00E-02	3.15E-01	1.00E+00	-1.12E+00	4.33E-01	2.00E-02	bad-chisq
group_9168	1.00E-02	3.15E-01	1.00E+00	-1.12E+00	4.33E-01	2.00E-02	bad-chisq
group_9167	1.00E-02	3.15E-01	1.00E+00	-1.12E+00	4.33E-01	2.00E-02	bad-chisq
group_9166	1.00E-02	3.15E-01	1.00E+00	-1.12E+00	4.33E-01	2.00E-02	bad-chisq
group_9165	1.00E-02	3.15E-01	1.00E+00	-1.12E+00	4.33E-01	2.00E-02	bad-chisq
group_9164	1.00E-02	3.15E-01	1.00E+00	-1.12E+00	4.33E-01	2.00E-02	bad-chisq
group_9163	1.00E-02	3.15E-01	1.00E+00	-1.12E+00	4.33E-01	2.00E-02	bad-chisq
group_9162	1.00E-02	3.15E-01	1.00E+00	-1.12E+00	4.33E-01	2.00E-02	bad-chisq
group_9161	1.00E-02	3.15E-01	1.00E+00	-1.12E+00	4.33E-01	2.00E-02	bad-chisq
group_9160	1.00E-02	3.15E-01	1.00E+00	-1.12E+00	4.33E-01	2.00E-02	bad-chisq
group_9159	1.00E-02	3.15E-01	1.00E+00	-1.12E+00	4.33E-01	2.00E-02	bad-chisq
group_9158	1.00E-02	3.15E-01	1.00E+00	-1.12E+00	4.33E-01	2.00E-02	bad-chisq
group_9157	1.00E-02	3.15E-01	1.00E+00	-1.12E+00	4.33E-01	2.00E-02	bad-chisq
group_9156	1.00E-02	3.15E-01	1.00E+00	-1.12E+00	4.33E-01	2.00E-02	bad-chisq
group_9155	1.00E-02	3.15E-01	1.00E+00	-1.12E+00	4.33E-01	2.00E-02	bad-chisq
group_9154	1.00E-02	3.15E-01	1.00E+00	-1.12E+00	4.33E-01	2.00E-02	bad-chisq
group_9153	1.00E-02	3.15E-01	1.00E+00	-1.12E+00	4.33E-01	2.00E-02	bad-chisq
group_9152	1.00E-02	3.15E-01	1.00E+00	-1.12E+00	4.33E-01	2.00E-02	bad-chisq
group_9151	1.00E-02	3.15E-01	1.00E+00	-1.12E+00	4.33E-01	2.00E-02	bad-chisq
group_9150	1.00E-02	3.15E-01	1.00E+00	-1.12E+00	4.33E-01	2.00E-02	bad-chisq
group_9149	1.00E-02	3.15E-01	1.00E+00	-1.12E+00	4.33E-01	2.00E-02	bad-chisq
group_9148	1.00E-02	3.15E-01	1.00E+00	-1.12E+00	4.33E-01	2.00E-02	bad-chisq
group_9147	1.00E-02	3.15E-01	1.00E+00	-1.12E+00	4.33E-01	2.00E-02	bad-chisq
group_9146	1.00E-02	3.15E-01	1.00E+00	-1.12E+00	4.33E-01	2.00E-02	bad-chisq
group_9145	1.00E-02	3.15E-01	1.00E+00	-1.12E+00	4.33E-01	2.00E-02	bad-chisq
group_9144	1.00E-02	3.15E-01	1.00E+00	-1.12E+00	4.33E-01	2.00E-02	bad-chisq
group_9143	1.00E-02	3.15E-01	1.00E+00	-1.12E+00	4.33E-01	2.00E-02	bad-chisq
group_9142	1.00E-02	3.15E-01	1.00E+00	-1.12E+00	4.33E-01	2.00E-02	bad-chisq
group_9141	1.00E-02	3.15E-01	1.00E+00	-1.12E+00	4.33E-01	2.00E-02	bad-chisq
group_9140	1.00E-02	3.15E-01	1.00E+00	-1.12E+00	4.33E-01	2.00E-02	bad-chisq
group_9139	1.00E-02	3.15E-01	1.00E+00	-1.12E+00	4.33E-01	2.00E-02	bad-chisq
group_9138	1.00E-02	3.15E-01	1.00E+00	-1.12E+00	4.33E-01	2.00E-02	bad-chisq
group_9137	1.00E-02	3.15E-01	1.00E+00	-1.12E+00	4.33E-01	2.00E-02	bad-chisq
group_9136	1.00E-02	3.15E-01	1.00E+00	-1.12E+00	4.33E-01	2.00E-02	bad-chisq
group_9133	1.00E-02	3.15E-01	1.00E+00	-1.12E+00	4.33E-01	2.00E-02	bad-chisq
group_9132	1.00E-02	3.15E-01	1.00E+00	-1.12E+00	4.33E-01	2.00E-02	bad-chisq
group_9131	1.00E-02	3.15E-01	1.00E+00	-1.12E+00	4.33E-01	2.00E-02	bad-chisq
group_9130	1.00E-02	3.15E-01	1.00E+00	-1.12E+00	4.33E-01	2.00E-02	bad-chisq
group_9129	1.00E-02	3.15E-01	1.00E+00	-1.12E+00	4.33E-01	2.00E-02	bad-chisq
group_9128	1.00E-02	3.15E-01	1.00E+00	-1.12E+00	4.33E-01	2.00E-02	bad-chisq
group_9127	1.00E-02	3.15E-01	1.00E+00	-1.12E+00	4.33E-01	2.00E-02	bad-chisq
group_9126	1.00E-02	3.15E-01	1.00E+00	-1.12E+00	4.33E-01	2.00E-02	bad-chisq
group_9124	1.00E-02	3.15E-01	1.00E+00	-1.12E+00	4.33E-01	2.00E-02	bad-chisq
group_9123	1.00E-02	3.15E-01	1.00E+00	-1.12E+00	4.33E-01	2.00E-02	bad-chisq
group_9122	1.00E-02	3.15E-01	1.00E+00	-1.12E+00	4.33E-01	2.00E-02	bad-chisq
group_9121	1.00E-02	3.15E-01	1.00E+00	-1.12E+00	4.33E-01	2.00E-02	bad-chisq
group_9120	1.00E-02	3.15E-01	1.00E+00	-1.12E+00	4.33E-01	2.00E-02	bad-chisq
group_9119	1.00E-02	3.15E-01	1.00E+00	-1.12E+00	4.33E-01	2.00E-02	bad-chisq
group_9118	1.00E-02	3.15E-01	1.00E+00	-1.12E+00	4.33E-01	2.00E-02	bad-chisq
group_9117	1.00E-02	3.15E-01	1.00E+00	-1.12E+00	4.33E-01	2.00E-02	bad-chisq
group_9116	1.00E-02	3.15E-01	1.00E+00	-1.12E+00	4.33E-01	2.00E-02	bad-chisq
group_9115	1.00E-02	3.15E-01	1.00E+00	-1.12E+00	4.33E-01	2.00E-02	bad-chisq
group_9114	1.00E-02	3.15E-01	1.00E+00	-1.12E+00	4.33E-01	2.00E-02	bad-chisq
group_9113	1.00E-02	3.15E-01	1.00E+00	-1.12E+00	4.33E-01	2.00E-02	bad-chisq
group_9112	1.00E-02	3.15E-01	1.00E+00	-1.12E+00	4.33E-01	2.00E-02	bad-chisq
group_9111	1.00E-02	3.15E-01	1.00E+00	-1.12E+00	4.33E-01	2.00E-02	bad-chisq
group_9110	1.00E-02	3.15E-01	1.00E+00	-1.12E+00	4.33E-01	2.00E-02	bad-chisq
group_9109	1.00E-02	3.15E-01	1.00E+00	-1.12E+00	4.33E-01	2.00E-02	bad-chisq
group_9108	1.00E-02	3.15E-01	1.00E+00	-1.12E+00	4.33E-01	2.00E-02	bad-chisq
group_9107	1.00E-02	3.15E-01	1.00E+00	1.12E+00	4.33E-01	-2.00E-02	bad-chisq
group_9106	1.00E-02	3.15E-01	1.00E+00	1.12E+00	4.33E-01	-2.00E-02	bad-chisq
group_9105	1.00E-02	3.15E-01	1.00E+00	1.12E+00	4.33E-01	-2.00E-02	bad-chisq
group_9104	1.00E-02	3.15E-01	1.00E+00	1.12E+00	4.33E-01	-2.00E-02	bad-chisq
group_9103	1.00E-02	3.15E-01	1.00E+00	1.12E+00	4.33E-01	-2.00E-02	bad-chisq
group_9102	1.00E-02	3.15E-01	1.00E+00	1.12E+00	4.33E-01	-2.00E-02	bad-chisq
group_9101	1.00E-02	3.15E-01	1.00E+00	1.12E+00	4.33E-01	-2.00E-02	bad-chisq
group_9100	1.00E-02	3.15E-01	1.00E+00	1.12E+00	4.33E-01	-2.00E-02	bad-chisq
group_9099	1.00E-02	3.15E-01	1.00E+00	1.12E+00	4.33E-01	-2.00E-02	bad-chisq
group_9098	1.00E-02	3.15E-01	1.00E+00	1.12E+00	4.33E-01	-2.00E-02	bad-chisq
group_9097	1.00E-02	3.15E-01	1.00E+00	1.12E+00	4.33E-01	-2.00E-02	bad-chisq
group_9096	1.00E-02	3.15E-01	1.00E+00	1.12E+00	4.33E-01	-2.00E-02	bad-chisq
group_9095	1.00E-02	3.15E-01	1.00E+00	1.12E+00	4.33E-01	-2.00E-02	bad-chisq
group_9094	1.00E-02	3.15E-01	1.00E+00	1.12E+00	4.33E-01	-2.00E-02	bad-chisq
group_9093	1.00E-02	3.15E-01	1.00E+00	1.12E+00	4.33E-01	-2.00E-02	bad-chisq
group_9077	1.00E-02	3.15E-01	1.00E+00	1.12E+00	4.33E-01	-2.00E-02	bad-chisq
intB	1.00E-02	3.15E-01	1.00E+00	1.12E+00	4.33E-01	-2.00E-02	bad-chisq
group_9076	1.00E-02	3.15E-01	1.00E+00	1.12E+00	4.33E-01	-2.00E-02	bad-chisq
group_9063	1.00E-02	3.15E-01	1.00E+00	1.12E+00	4.33E-01	-2.00E-02	bad-chisq
group_9061	1.00E-02	3.15E-01	1.00E+00	1.12E+00	4.33E-01	-2.00E-02	bad-chisq
group_9057	1.00E-02	3.15E-01	1.00E+00	-1.12E+00	4.33E-01	2.00E-02	bad-chisq
group_9044	1.00E-02	3.15E-01	1.00E+00	1.12E+00	4.33E-01	-2.00E-02	bad-chisq
group_9043	1.00E-02	3.15E-01	1.00E+00	1.12E+00	4.33E-01	-2.00E-02	bad-chisq
group_9042	1.00E-02	3.15E-01	1.00E+00	1.12E+00	4.33E-01	-2.00E-02	bad-chisq
group_9040	1.00E-02	3.15E-01	1.00E+00	-1.12E+00	4.33E-01	2.00E-02	bad-chisq
group_9039	1.00E-02	3.15E-01	1.00E+00	-1.12E+00	4.33E-01	2.00E-02	bad-chisq
group_9038	1.00E-02	3.15E-01	1.00E+00	-1.12E+00	4.33E-01	2.00E-02	bad-chisq
group_9037	1.00E-02	3.15E-01	1.00E+00	-1.12E+00	4.33E-01	2.00E-02	bad-chisq
group_9036	1.00E-02	3.15E-01	1.00E+00	-1.12E+00	4.33E-01	2.00E-02	bad-chisq
group_9035	1.00E-02	3.15E-01	1.00E+00	-1.12E+00	4.33E-01	2.00E-02	bad-chisq
group_9034	1.00E-02	3.15E-01	1.00E+00	-1.12E+00	4.33E-01	2.00E-02	bad-chisq
group_9033	1.00E-02	3.15E-01	1.00E+00	-1.12E+00	4.33E-01	2.00E-02	bad-chisq
group_9032	1.00E-02	3.15E-01	1.00E+00	-1.12E+00	4.33E-01	2.00E-02	bad-chisq
group_9031	1.00E-02	3.15E-01	1.00E+00	-1.12E+00	4.33E-01	2.00E-02	bad-chisq
group_9030	1.00E-02	3.15E-01	1.00E+00	-1.12E+00	4.33E-01	2.00E-02	bad-chisq
group_9029	1.00E-02	3.15E-01	1.00E+00	-1.12E+00	4.33E-01	2.00E-02	bad-chisq
group_9028	1.00E-02	3.15E-01	1.00E+00	-1.12E+00	4.33E-01	2.00E-02	bad-chisq
group_9027	1.00E-02	3.15E-01	1.00E+00	-1.12E+00	4.33E-01	2.00E-02	bad-chisq
group_9026	1.00E-02	3.15E-01	1.00E+00	-1.12E+00	4.33E-01	2.00E-02	bad-chisq
group_9025	1.00E-02	3.15E-01	1.00E+00	-1.12E+00	4.33E-01	2.00E-02	bad-chisq
group_9024	1.00E-02	3.15E-01	1.00E+00	-1.12E+00	4.33E-01	2.00E-02	bad-chisq
group_9023	1.00E-02	3.15E-01	1.00E+00	-1.12E+00	4.33E-01	2.00E-02	bad-chisq
group_9022	1.00E-02	3.15E-01	1.00E+00	-1.12E+00	4.33E-01	2.00E-02	bad-chisq
group_9021	1.00E-02	3.15E-01	1.00E+00	-1.12E+00	4.33E-01	2.00E-02	bad-chisq
group_9020	1.00E-02	3.15E-01	1.00E+00	-1.12E+00	4.33E-01	2.00E-02	bad-chisq
group_9019	1.00E-02	3.15E-01	1.00E+00	-1.12E+00	4.33E-01	2.00E-02	bad-chisq
group_9017	1.00E-02	3.15E-01	1.00E+00	-1.12E+00	4.33E-01	2.00E-02	bad-chisq
group_9015	1.00E-02	3.15E-01	1.00E+00	-1.12E+00	4.33E-01	2.00E-02	bad-chisq
group_9014	1.00E-02	3.15E-01	1.00E+00	-1.12E+00	4.33E-01	2.00E-02	bad-chisq
group_9013	1.00E-02	3.15E-01	1.00E+00	-1.12E+00	4.33E-01	2.00E-02	bad-chisq
group_9012	1.00E-02	3.15E-01	1.00E+00	-1.12E+00	4.33E-01	2.00E-02	bad-chisq
group_9011	1.00E-02	3.15E-01	1.00E+00	-1.12E+00	4.33E-01	2.00E-02	bad-chisq
group_9010	1.00E-02	3.15E-01	1.00E+00	-1.12E+00	4.33E-01	2.00E-02	bad-chisq
group_9009	1.00E-02	3.15E-01	1.00E+00	-1.12E+00	4.33E-01	2.00E-02	bad-chisq
group_9008	1.00E-02	3.15E-01	1.00E+00	-1.12E+00	4.33E-01	2.00E-02	bad-chisq
group_9007	1.00E-02	3.15E-01	1.00E+00	-1.12E+00	4.33E-01	2.00E-02	bad-chisq
group_9006	1.00E-02	3.15E-01	1.00E+00	-1.12E+00	4.33E-01	2.00E-02	bad-chisq
group_9005	1.00E-02	3.15E-01	1.00E+00	-1.12E+00	4.33E-01	2.00E-02	bad-chisq
group_9004	1.00E-02	3.15E-01	1.00E+00	-1.12E+00	4.33E-01	2.00E-02	bad-chisq
group_9003	1.00E-02	3.15E-01	1.00E+00	-1.12E+00	4.33E-01	2.00E-02	bad-chisq
group_9002	1.00E-02	3.15E-01	1.00E+00	-1.12E+00	4.33E-01	2.00E-02	bad-chisq
group_9001	1.00E-02	3.15E-01	1.00E+00	-1.12E+00	4.33E-01	2.00E-02	bad-chisq
group_9000	1.00E-02	3.15E-01	1.00E+00	-1.12E+00	4.33E-01	2.00E-02	bad-chisq
group_8999	1.00E-02	3.15E-01	1.00E+00	-1.12E+00	4.33E-01	2.00E-02	bad-chisq
group_8998	1.00E-02	3.15E-01	1.00E+00	-1.12E+00	4.33E-01	2.00E-02	bad-chisq
group_8997	1.00E-02	3.15E-01	1.00E+00	-1.12E+00	4.33E-01	2.00E-02	bad-chisq
group_8996	1.00E-02	3.15E-01	1.00E+00	-1.12E+00	4.33E-01	2.00E-02	bad-chisq
group_8995	1.00E-02	3.15E-01	1.00E+00	-1.12E+00	4.33E-01	2.00E-02	bad-chisq
group_8994	1.00E-02	3.15E-01	1.00E+00	-1.12E+00	4.33E-01	2.00E-02	bad-chisq
group_8993	1.00E-02	3.15E-01	1.00E+00	-1.12E+00	4.33E-01	2.00E-02	bad-chisq
group_8992	1.00E-02	3.15E-01	1.00E+00	-1.12E+00	4.33E-01	2.00E-02	bad-chisq
group_8991	1.00E-02	3.15E-01	1.00E+00	-1.12E+00	4.33E-01	2.00E-02	bad-chisq
group_8990	1.00E-02	3.15E-01	1.00E+00	-1.12E+00	4.33E-01	2.00E-02	bad-chisq
srpI	1.00E-02	3.15E-01	1.00E+00	-1.12E+00	4.33E-01	2.00E-02	bad-chisq
group_8989	1.00E-02	3.15E-01	1.00E+00	-1.12E+00	4.33E-01	2.00E-02	bad-chisq
group_8988	1.00E-02	3.15E-01	1.00E+00	-1.12E+00	4.33E-01	2.00E-02	bad-chisq
group_8987	1.00E-02	3.15E-01	1.00E+00	-1.12E+00	4.33E-01	2.00E-02	bad-chisq
group_8986	1.00E-02	3.15E-01	1.00E+00	-1.12E+00	4.33E-01	2.00E-02	bad-chisq
group_8985	1.00E-02	3.15E-01	1.00E+00	-1.12E+00	4.33E-01	2.00E-02	bad-chisq
group_8984	1.00E-02	3.15E-01	1.00E+00	-1.12E+00	4.33E-01	2.00E-02	bad-chisq
group_8983	1.00E-02	3.15E-01	1.00E+00	-1.12E+00	4.33E-01	2.00E-02	bad-chisq
group_8982	1.00E-02	3.15E-01	1.00E+00	-1.12E+00	4.33E-01	2.00E-02	bad-chisq
group_8981	1.00E-02	3.15E-01	1.00E+00	-1.12E+00	4.33E-01	2.00E-02	bad-chisq
group_8980	1.00E-02	3.15E-01	1.00E+00	-1.12E+00	4.33E-01	2.00E-02	bad-chisq
group_8979	1.00E-02	3.15E-01	1.00E+00	-1.12E+00	4.33E-01	2.00E-02	bad-chisq
group_8978	1.00E-02	3.15E-01	1.00E+00	-1.12E+00	4.33E-01	2.00E-02	bad-chisq
group_8977	1.00E-02	3.15E-01	1.00E+00	-1.12E+00	4.33E-01	2.00E-02	bad-chisq
group_8976	1.00E-02	3.15E-01	1.00E+00	-1.12E+00	4.33E-01	2.00E-02	bad-chisq
group_8975	1.00E-02	3.15E-01	1.00E+00	-1.12E+00	4.33E-01	2.00E-02	bad-chisq
group_8974	1.00E-02	3.15E-01	1.00E+00	-1.12E+00	4.33E-01	2.00E-02	bad-chisq
group_8973	1.00E-02	3.15E-01	1.00E+00	-1.12E+00	4.33E-01	2.00E-02	bad-chisq
group_8972	1.00E-02	3.15E-01	1.00E+00	-1.12E+00	4.33E-01	2.00E-02	bad-chisq
group_8971	1.00E-02	3.15E-01	1.00E+00	-1.12E+00	4.33E-01	2.00E-02	bad-chisq
group_8970	1.00E-02	3.15E-01	1.00E+00	-1.12E+00	4.33E-01	2.00E-02	bad-chisq
group_8969	1.00E-02	3.15E-01	1.00E+00	-1.12E+00	4.33E-01	2.00E-02	bad-chisq
group_8968	1.00E-02	3.15E-01	1.00E+00	-1.12E+00	4.33E-01	2.00E-02	bad-chisq
group_8967	1.00E-02	3.15E-01	1.00E+00	-1.12E+00	4.33E-01	2.00E-02	bad-chisq
group_8966	1.00E-02	3.15E-01	1.00E+00	-1.12E+00	4.33E-01	2.00E-02	bad-chisq
group_8965	1.00E-02	3.15E-01	1.00E+00	-1.12E+00	4.33E-01	2.00E-02	bad-chisq
group_8964	1.00E-02	3.15E-01	1.00E+00	-1.12E+00	4.33E-01	2.00E-02	bad-chisq
group_8963	1.00E-02	3.15E-01	1.00E+00	-1.12E+00	4.33E-01	2.00E-02	bad-chisq
group_8962	1.00E-02	3.15E-01	1.00E+00	-1.12E+00	4.33E-01	2.00E-02	bad-chisq
group_8961	1.00E-02	3.15E-01	1.00E+00	-1.12E+00	4.33E-01	2.00E-02	bad-chisq
group_8960	1.00E-02	3.15E-01	1.00E+00	-1.12E+00	4.33E-01	2.00E-02	bad-chisq
group_8959	1.00E-02	3.15E-01	1.00E+00	-1.12E+00	4.33E-01	2.00E-02	bad-chisq
opdE	1.00E-02	3.15E-01	1.00E+00	-1.12E+00	4.33E-01	2.00E-02	bad-chisq
group_8958	1.00E-02	3.15E-01	1.00E+00	-1.12E+00	4.33E-01	2.00E-02	bad-chisq
group_8957	1.00E-02	3.15E-01	1.00E+00	-1.12E+00	4.33E-01	2.00E-02	bad-chisq
group_8956	1.00E-02	3.15E-01	1.00E+00	-1.12E+00	4.33E-01	2.00E-02	bad-chisq
group_8955	1.00E-02	3.15E-01	1.00E+00	-1.12E+00	4.33E-01	2.00E-02	bad-chisq
group_8954	1.00E-02	3.15E-01	1.00E+00	-1.12E+00	4.33E-01	2.00E-02	bad-chisq
group_8953	1.00E-02	3.15E-01	1.00E+00	-1.12E+00	4.33E-01	2.00E-02	bad-chisq
group_8952	1.00E-02	3.15E-01	1.00E+00	-1.12E+00	4.33E-01	2.00E-02	bad-chisq
group_8951	1.00E-02	3.15E-01	1.00E+00	-1.12E+00	4.33E-01	2.00E-02	bad-chisq
dgoK1	1.00E-02	3.15E-01	1.00E+00	-1.12E+00	4.33E-01	2.00E-02	bad-chisq
group_8950	1.00E-02	3.15E-01	1.00E+00	-1.12E+00	4.33E-01	2.00E-02	bad-chisq
group_8949	1.00E-02	3.15E-01	1.00E+00	-1.12E+00	4.33E-01	2.00E-02	bad-chisq
group_8948	1.00E-02	3.15E-01	1.00E+00	-1.12E+00	4.33E-01	2.00E-02	bad-chisq
group_8947	1.00E-02	3.15E-01	1.00E+00	-1.12E+00	4.33E-01	2.00E-02	bad-chisq
group_8946	1.00E-02	3.15E-01	1.00E+00	-1.12E+00	4.33E-01	2.00E-02	bad-chisq
cdiB	1.00E-02	3.15E-01	1.00E+00	-1.12E+00	4.33E-01	2.00E-02	bad-chisq
group_8945	1.00E-02	3.15E-01	1.00E+00	-1.12E+00	4.33E-01	2.00E-02	bad-chisq
group_8944	1.00E-02	3.15E-01	1.00E+00	-1.12E+00	4.33E-01	2.00E-02	bad-chisq
group_8943	1.00E-02	3.15E-01	1.00E+00	-1.12E+00	4.33E-01	2.00E-02	bad-chisq
group_8942	1.00E-02	3.15E-01	1.00E+00	-1.12E+00	4.33E-01	2.00E-02	bad-chisq
group_8941	1.00E-02	3.15E-01	1.00E+00	-1.12E+00	4.33E-01	2.00E-02	bad-chisq
hcaR	1.00E-02	3.15E-01	1.00E+00	-1.12E+00	4.33E-01	2.00E-02	bad-chisq
group_8940	1.00E-02	3.15E-01	1.00E+00	-1.12E+00	4.33E-01	2.00E-02	bad-chisq
group_8939	1.00E-02	3.15E-01	1.00E+00	-1.12E+00	4.33E-01	2.00E-02	bad-chisq
group_8937	1.00E-02	3.15E-01	1.00E+00	-1.12E+00	4.33E-01	2.00E-02	bad-chisq
group_8936	1.00E-02	3.15E-01	1.00E+00	-1.12E+00	4.33E-01	2.00E-02	bad-chisq
group_8935	1.00E-02	3.15E-01	1.00E+00	-1.12E+00	4.33E-01	2.00E-02	bad-chisq
group_8934	1.00E-02	3.15E-01	1.00E+00	-1.12E+00	4.33E-01	2.00E-02	bad-chisq
group_8933	1.00E-02	3.15E-01	1.00E+00	-1.12E+00	4.33E-01	2.00E-02	bad-chisq
group_8932	1.00E-02	3.15E-01	1.00E+00	-1.12E+00	4.33E-01	2.00E-02	bad-chisq
group_8930	1.00E-02	3.15E-01	1.00E+00	-1.12E+00	4.33E-01	2.00E-02	bad-chisq
group_8929	1.00E-02	3.15E-01	1.00E+00	-1.12E+00	4.33E-01	2.00E-02	bad-chisq
group_8927	1.00E-02	3.15E-01	1.00E+00	-1.12E+00	4.33E-01	2.00E-02	bad-chisq
group_8925	1.00E-02	3.15E-01	1.00E+00	-1.12E+00	4.33E-01	2.00E-02	bad-chisq
group_8924	1.00E-02	3.15E-01	1.00E+00	-1.12E+00	4.33E-01	2.00E-02	bad-chisq
group_8923	1.00E-02	3.15E-01	1.00E+00	-1.12E+00	4.33E-01	2.00E-02	bad-chisq
group_8922	1.00E-02	3.15E-01	1.00E+00	-1.12E+00	4.33E-01	2.00E-02	bad-chisq
group_8921	1.00E-02	3.15E-01	1.00E+00	-1.12E+00	4.33E-01	2.00E-02	bad-chisq
group_8918	1.00E-02	3.15E-01	1.00E+00	-1.12E+00	4.33E-01	2.00E-02	bad-chisq
group_8917	1.00E-02	3.15E-01	1.00E+00	-1.12E+00	4.33E-01	2.00E-02	bad-chisq
group_8916	1.00E-02	3.15E-01	1.00E+00	-1.12E+00	4.33E-01	2.00E-02	bad-chisq
group_8915	1.00E-02	3.15E-01	1.00E+00	-1.12E+00	4.33E-01	2.00E-02	bad-chisq
group_8914	1.00E-02	3.15E-01	1.00E+00	-1.12E+00	4.33E-01	2.00E-02	bad-chisq
group_8913	1.00E-02	3.15E-01	1.00E+00	-1.12E+00	4.33E-01	2.00E-02	bad-chisq
group_8912	1.00E-02	3.15E-01	1.00E+00	-1.12E+00	4.33E-01	2.00E-02	bad-chisq
group_8911	1.00E-02	3.15E-01	1.00E+00	-1.12E+00	4.33E-01	2.00E-02	bad-chisq
group_8909	1.00E-02	3.15E-01	1.00E+00	-1.12E+00	4.33E-01	2.00E-02	bad-chisq
group_8907	1.00E-02	3.15E-01	1.00E+00	-1.12E+00	4.33E-01	2.00E-02	bad-chisq
group_8906	1.00E-02	3.15E-01	1.00E+00	-1.12E+00	4.33E-01	2.00E-02	bad-chisq
group_8904	1.00E-02	3.15E-01	1.00E+00	-1.12E+00	4.33E-01	2.00E-02	bad-chisq
group_8902	1.00E-02	3.15E-01	1.00E+00	-1.12E+00	4.33E-01	2.00E-02	bad-chisq
group_8901	1.00E-02	3.15E-01	1.00E+00	-1.12E+00	4.33E-01	2.00E-02	bad-chisq
group_8900	1.00E-02	3.15E-01	1.00E+00	-1.12E+00	4.33E-01	2.00E-02	bad-chisq
group_8899	1.00E-02	3.15E-01	1.00E+00	-1.12E+00	4.33E-01	2.00E-02	bad-chisq
group_8898	1.00E-02	3.15E-01	1.00E+00	-1.12E+00	4.33E-01	2.00E-02	bad-chisq
group_8897	1.00E-02	3.15E-01	1.00E+00	-1.12E+00	4.33E-01	2.00E-02	bad-chisq
higA	1.00E-02	3.15E-01	1.00E+00	-1.12E+00	4.33E-01	2.00E-02	bad-chisq
group_8876	1.00E-02	3.15E-01	1.00E+00	1.12E+00	4.33E-01	-2.00E-02	bad-chisq
group_8875	1.00E-02	3.15E-01	1.00E+00	1.12E+00	4.33E-01	-2.00E-02	bad-chisq
group_8872	1.00E-02	3.15E-01	1.00E+00	-1.12E+00	4.33E-01	2.00E-02	bad-chisq
group_8871	1.00E-02	3.15E-01	1.00E+00	-1.12E+00	4.33E-01	2.00E-02	bad-chisq
group_8866	1.00E-02	3.15E-01	1.00E+00	-1.12E+00	4.33E-01	2.00E-02	bad-chisq
group_8860	1.00E-02	3.15E-01	1.00E+00	-1.12E+00	4.33E-01	2.00E-02	bad-chisq
group_8859	1.00E-02	3.15E-01	1.00E+00	-1.12E+00	4.33E-01	2.00E-02	bad-chisq
group_8856	1.00E-02	3.15E-01	1.00E+00	-1.12E+00	4.33E-01	2.00E-02	bad-chisq
group_8854	1.00E-02	3.15E-01	1.00E+00	-1.12E+00	4.33E-01	2.00E-02	bad-chisq
group_8853	1.00E-02	3.15E-01	1.00E+00	1.12E+00	4.33E-01	-2.00E-02	bad-chisq
group_8847	1.00E-02	3.15E-01	1.00E+00	-1.12E+00	4.33E-01	2.00E-02	bad-chisq
group_8843	1.00E-02	3.15E-01	1.00E+00	-1.12E+00	4.33E-01	2.00E-02	bad-chisq
group_8837	1.00E-02	3.15E-01	1.00E+00	-1.12E+00	4.33E-01	2.00E-02	bad-chisq
group_8832	1.00E-02	3.15E-01	1.00E+00	-1.12E+00	4.33E-01	2.00E-02	bad-chisq
group_8831	1.00E-02	3.15E-01	1.00E+00	1.12E+00	4.33E-01	-2.00E-02	bad-chisq
group_8830	1.00E-02	3.15E-01	1.00E+00	-1.12E+00	4.33E-01	2.00E-02	bad-chisq
group_8813	1.00E-02	3.15E-01	1.00E+00	-1.12E+00	4.33E-01	2.00E-02	bad-chisq
group_8800	1.00E-02	3.15E-01	1.00E+00	1.12E+00	4.33E-01	-2.00E-02	bad-chisq
group_8758	1.00E-02	3.15E-01	1.00E+00	-1.12E+00	4.33E-01	2.00E-02	bad-chisq
group_8741	1.00E-02	3.15E-01	1.00E+00	1.12E+00	4.33E-01	-2.00E-02	bad-chisq
group_8301	1.00E-02	3.15E-01	1.00E+00	-1.12E+00	4.33E-01	2.00E-02	bad-chisq
group_8289	1.00E-02	3.15E-01	1.00E+00	-1.12E+00	4.33E-01	2.00E-02	bad-chisq
group_8288	1.00E-02	3.15E-01	1.00E+00	-1.12E+00	4.33E-01	2.00E-02	bad-chisq
group_8262	1.00E-02	3.15E-01	1.00E+00	-1.12E+00	4.33E-01	2.00E-02	bad-chisq
group_8255	1.00E-02	3.15E-01	1.00E+00	-1.12E+00	4.33E-01	2.00E-02	bad-chisq
group_8249	1.00E-02	3.15E-01	1.00E+00	-1.12E+00	4.33E-01	2.00E-02	bad-chisq
group_8243	1.00E-02	3.15E-01	1.00E+00	1.12E+00	4.33E-01	-2.00E-02	bad-chisq
group_8237	1.00E-02	3.15E-01	1.00E+00	-1.12E+00	4.33E-01	2.00E-02	bad-chisq
group_8236	1.00E-02	3.15E-01	1.00E+00	-1.12E+00	4.33E-01	2.00E-02	bad-chisq
group_8235	1.00E-02	3.15E-01	1.00E+00	-1.12E+00	4.33E-01	2.00E-02	bad-chisq
group_8231	1.00E-02	3.15E-01	1.00E+00	-1.12E+00	4.33E-01	2.00E-02	bad-chisq
group_8230	1.00E-02	3.15E-01	1.00E+00	-1.12E+00	4.33E-01	2.00E-02	bad-chisq
group_8228	1.00E-02	3.15E-01	1.00E+00	-1.12E+00	4.33E-01	2.00E-02	bad-chisq
group_8227	1.00E-02	3.15E-01	1.00E+00	-1.12E+00	4.33E-01	2.00E-02	bad-chisq
group_8223	1.00E-02	3.15E-01	1.00E+00	-1.12E+00	4.33E-01	2.00E-02	bad-chisq
group_8221	1.00E-02	3.15E-01	1.00E+00	-1.12E+00	4.33E-01	2.00E-02	bad-chisq
group_8217	1.00E-02	3.15E-01	1.00E+00	1.12E+00	4.33E-01	-2.00E-02	bad-chisq
group_8215	1.00E-02	3.15E-01	1.00E+00	-1.12E+00	4.33E-01	2.00E-02	bad-chisq
group_8212	1.00E-02	3.15E-01	1.00E+00	-1.12E+00	4.33E-01	2.00E-02	bad-chisq
group_8208	1.00E-02	3.15E-01	1.00E+00	-1.12E+00	4.33E-01	2.00E-02	bad-chisq
group_8203	1.00E-02	3.15E-01	1.00E+00	-1.12E+00	4.33E-01	2.00E-02	bad-chisq
group_8202	1.00E-02	3.15E-01	1.00E+00	-1.12E+00	4.33E-01	2.00E-02	bad-chisq
group_8200	1.00E-02	3.15E-01	1.00E+00	-1.12E+00	4.33E-01	2.00E-02	bad-chisq
group_8198	1.00E-02	3.15E-01	1.00E+00	-1.12E+00	4.33E-01	2.00E-02	bad-chisq
group_8197	1.00E-02	3.15E-01	1.00E+00	1.12E+00	4.33E-01	-2.00E-02	bad-chisq
group_8195	1.00E-02	3.15E-01	1.00E+00	-1.12E+00	4.33E-01	2.00E-02	bad-chisq
group_8189	1.00E-02	3.15E-01	1.00E+00	-1.12E+00	4.33E-01	2.00E-02	bad-chisq
group_8188	1.00E-02	3.15E-01	1.00E+00	-1.12E+00	4.33E-01	2.00E-02	bad-chisq
group_8185	1.00E-02	3.15E-01	1.00E+00	-1.12E+00	4.33E-01	2.00E-02	bad-chisq
group_8183	1.00E-02	3.15E-01	1.00E+00	-1.12E+00	4.33E-01	2.00E-02	bad-chisq
group_8178	1.00E-02	3.15E-01	1.00E+00	-1.12E+00	4.33E-01	2.00E-02	bad-chisq
group_8173	1.00E-02	3.15E-01	1.00E+00	-1.12E+00	4.33E-01	2.00E-02	bad-chisq
group_8160	1.00E-02	3.15E-01	1.00E+00	-1.12E+00	4.33E-01	2.00E-02	bad-chisq
group_8158	1.00E-02	3.15E-01	1.00E+00	1.12E+00	4.33E-01	-2.00E-02	bad-chisq
group_8150	1.00E-02	3.15E-01	1.00E+00	1.12E+00	4.33E-01	-2.00E-02	bad-chisq
group_8148	1.00E-02	3.15E-01	1.00E+00	-1.12E+00	4.33E-01	2.00E-02	bad-chisq
group_8141	1.00E-02	3.15E-01	1.00E+00	-1.12E+00	4.33E-01	2.00E-02	bad-chisq
group_8140	1.00E-02	3.15E-01	1.00E+00	-1.12E+00	4.33E-01	2.00E-02	bad-chisq
group_8139	1.00E-02	3.15E-01	1.00E+00	-1.12E+00	4.33E-01	2.00E-02	bad-chisq
group_8136	1.00E-02	3.15E-01	1.00E+00	-1.12E+00	4.33E-01	2.00E-02	bad-chisq
group_8135	1.00E-02	3.15E-01	1.00E+00	-1.12E+00	4.33E-01	2.00E-02	bad-chisq
group_8124	1.00E-02	3.15E-01	1.00E+00	-1.12E+00	4.33E-01	2.00E-02	bad-chisq
group_8118	1.00E-02	3.15E-01	1.00E+00	1.12E+00	4.33E-01	-2.00E-02	bad-chisq
group_8107	1.00E-02	3.15E-01	1.00E+00	-1.12E+00	4.33E-01	2.00E-02	bad-chisq
group_8106	1.00E-02	3.15E-01	1.00E+00	-1.12E+00	4.33E-01	2.00E-02	bad-chisq
group_8101	1.00E-02	3.15E-01	1.00E+00	-1.12E+00	4.33E-01	2.00E-02	bad-chisq
group_8097	1.00E-02	3.15E-01	1.00E+00	1.12E+00	4.33E-01	-2.00E-02	bad-chisq
group_8096	1.00E-02	3.15E-01	1.00E+00	1.12E+00	4.33E-01	-2.00E-02	bad-chisq
group_8091	1.00E-02	3.15E-01	1.00E+00	-1.12E+00	4.33E-01	2.00E-02	bad-chisq
group_8089	1.00E-02	3.15E-01	1.00E+00	-1.12E+00	4.33E-01	2.00E-02	bad-chisq
group_8079	1.00E-02	3.15E-01	1.00E+00	-1.12E+00	4.33E-01	2.00E-02	bad-chisq
group_8078	1.00E-02	3.15E-01	1.00E+00	-1.12E+00	4.33E-01	2.00E-02	bad-chisq
group_8077	1.00E-02	3.15E-01	1.00E+00	1.12E+00	4.33E-01	-2.00E-02	bad-chisq
group_8072	1.00E-02	3.15E-01	1.00E+00	-1.12E+00	4.33E-01	2.00E-02	bad-chisq
group_8070	1.00E-02	3.15E-01	1.00E+00	1.12E+00	4.33E-01	-2.00E-02	bad-chisq
group_8068	1.00E-02	3.15E-01	1.00E+00	-1.12E+00	4.33E-01	2.00E-02	bad-chisq
group_8061	1.00E-02	3.15E-01	1.00E+00	-1.12E+00	4.33E-01	2.00E-02	bad-chisq
ynfU	1.00E-02	3.15E-01	1.00E+00	-1.12E+00	4.33E-01	2.00E-02	bad-chisq
group_8055	1.00E-02	3.15E-01	1.00E+00	1.12E+00	4.33E-01	-2.00E-02	bad-chisq
group_8052	1.00E-02	3.15E-01	1.00E+00	-1.12E+00	4.33E-01	2.00E-02	bad-chisq
group_8046	1.00E-02	3.15E-01	1.00E+00	-1.12E+00	4.33E-01	2.00E-02	bad-chisq
group_8044	1.00E-02	3.15E-01	1.00E+00	1.12E+00	4.33E-01	-2.00E-02	bad-chisq
group_8043	1.00E-02	3.15E-01	1.00E+00	1.12E+00	4.33E-01	-2.00E-02	bad-chisq
group_8040	1.00E-02	3.15E-01	1.00E+00	-1.12E+00	4.33E-01	2.00E-02	bad-chisq
group_8039	1.00E-02	3.15E-01	1.00E+00	-1.12E+00	4.33E-01	2.00E-02	bad-chisq
group_8037	1.00E-02	3.15E-01	1.00E+00	-1.12E+00	4.33E-01	2.00E-02	bad-chisq
group_8029	1.00E-02	3.15E-01	1.00E+00	1.12E+00	4.33E-01	-2.00E-02	bad-chisq
group_8017	1.00E-02	3.15E-01	1.00E+00	-1.12E+00	4.33E-01	2.00E-02	bad-chisq
group_8015	1.00E-02	3.15E-01	1.00E+00	-1.12E+00	4.33E-01	2.00E-02	bad-chisq
group_8014	1.00E-02	3.15E-01	1.00E+00	1.12E+00	4.33E-01	-2.00E-02	bad-chisq
group_8006	1.00E-02	3.15E-01	1.00E+00	1.12E+00	4.33E-01	-2.00E-02	bad-chisq
group_7999	1.00E-02	3.15E-01	1.00E+00	-1.12E+00	4.33E-01	2.00E-02	bad-chisq
group_7998	1.00E-02	3.15E-01	1.00E+00	-1.12E+00	4.33E-01	2.00E-02	bad-chisq
group_7994	1.00E-02	3.15E-01	1.00E+00	-1.12E+00	4.33E-01	2.00E-02	bad-chisq
group_7993	1.00E-02	3.15E-01	1.00E+00	-1.12E+00	4.33E-01	2.00E-02	bad-chisq
group_7992	1.00E-02	3.15E-01	1.00E+00	-1.12E+00	4.33E-01	2.00E-02	bad-chisq
group_7986	1.00E-02	3.15E-01	1.00E+00	-1.12E+00	4.33E-01	2.00E-02	bad-chisq
group_7985	1.00E-02	3.15E-01	1.00E+00	-1.12E+00	4.33E-01	2.00E-02	bad-chisq
group_7979	1.00E-02	3.15E-01	1.00E+00	-1.12E+00	4.33E-01	2.00E-02	bad-chisq
group_7977	1.00E-02	3.15E-01	1.00E+00	-1.12E+00	4.33E-01	2.00E-02	bad-chisq
group_7970	1.00E-02	3.15E-01	1.00E+00	-1.12E+00	4.33E-01	2.00E-02	bad-chisq
group_7969	1.00E-02	3.15E-01	1.00E+00	-1.12E+00	4.33E-01	2.00E-02	bad-chisq
group_7957	1.00E-02	3.15E-01	1.00E+00	-1.12E+00	4.33E-01	2.00E-02	bad-chisq
group_7956	1.00E-02	3.15E-01	1.00E+00	-1.12E+00	4.33E-01	2.00E-02	bad-chisq
group_7955	1.00E-02	3.15E-01	1.00E+00	-1.12E+00	4.33E-01	2.00E-02	bad-chisq
group_7954	1.00E-02	3.15E-01	1.00E+00	1.12E+00	4.33E-01	-2.00E-02	bad-chisq
group_7953	1.00E-02	3.15E-01	1.00E+00	1.12E+00	4.33E-01	-2.00E-02	bad-chisq
group_7937	1.00E-02	3.15E-01	1.00E+00	-1.12E+00	4.33E-01	2.00E-02	bad-chisq
group_7930	1.00E-02	3.15E-01	1.00E+00	-1.12E+00	4.33E-01	2.00E-02	bad-chisq
group_7927	1.00E-02	3.15E-01	1.00E+00	-1.12E+00	4.33E-01	2.00E-02	bad-chisq
group_7924	1.00E-02	3.15E-01	1.00E+00	1.12E+00	4.33E-01	-2.00E-02	bad-chisq
group_7916	1.00E-02	3.15E-01	1.00E+00	1.12E+00	4.33E-01	-2.00E-02	bad-chisq
group_7915	1.00E-02	3.15E-01	1.00E+00	-1.12E+00	4.33E-01	2.00E-02	bad-chisq
group_7914	1.00E-02	3.15E-01	1.00E+00	-1.12E+00	4.33E-01	2.00E-02	bad-chisq
group_7913	1.00E-02	3.15E-01	1.00E+00	1.12E+00	4.33E-01	-2.00E-02	bad-chisq
group_7909	1.00E-02	3.15E-01	1.00E+00	-1.12E+00	4.33E-01	2.00E-02	bad-chisq
group_7899	1.00E-02	3.15E-01	1.00E+00	1.12E+00	4.33E-01	-2.00E-02	bad-chisq
group_7898	1.00E-02	3.15E-01	1.00E+00	-1.12E+00	4.33E-01	2.00E-02	bad-chisq
group_7897	1.00E-02	3.15E-01	1.00E+00	1.12E+00	4.33E-01	-2.00E-02	bad-chisq
group_7888	1.00E-02	3.15E-01	1.00E+00	1.12E+00	4.33E-01	-2.00E-02	bad-chisq
group_7886	1.00E-02	3.15E-01	1.00E+00	-1.12E+00	4.33E-01	2.00E-02	bad-chisq
group_7885	1.00E-02	3.15E-01	1.00E+00	-1.12E+00	4.33E-01	2.00E-02	bad-chisq
group_7875	1.00E-02	3.15E-01	1.00E+00	-1.12E+00	4.33E-01	2.00E-02	bad-chisq
group_7874	1.00E-02	3.15E-01	1.00E+00	-1.12E+00	4.33E-01	2.00E-02	bad-chisq
group_7872	1.00E-02	3.15E-01	1.00E+00	1.12E+00	4.33E-01	-2.00E-02	bad-chisq
group_7871	1.00E-02	3.15E-01	1.00E+00	1.12E+00	4.33E-01	-2.00E-02	bad-chisq
group_7870	1.00E-02	3.15E-01	1.00E+00	-1.12E+00	4.33E-01	2.00E-02	bad-chisq
group_7869	1.00E-02	3.15E-01	1.00E+00	1.12E+00	4.33E-01	-2.00E-02	bad-chisq
group_7868	1.00E-02	3.15E-01	1.00E+00	1.12E+00	4.33E-01	-2.00E-02	bad-chisq
group_7866	1.00E-02	3.15E-01	1.00E+00	1.12E+00	4.33E-01	-2.00E-02	bad-chisq
group_7853	1.00E-02	3.15E-01	1.00E+00	-1.12E+00	4.33E-01	2.00E-02	bad-chisq
group_7851	1.00E-02	3.15E-01	1.00E+00	1.12E+00	4.33E-01	-2.00E-02	bad-chisq
group_7848	1.00E-02	3.15E-01	1.00E+00	1.12E+00	4.33E-01	-2.00E-02	bad-chisq
group_7837	1.00E-02	3.15E-01	1.00E+00	-1.12E+00	4.33E-01	2.00E-02	bad-chisq
group_7836	1.00E-02	3.15E-01	1.00E+00	-1.12E+00	4.33E-01	2.00E-02	bad-chisq
group_7827	1.00E-02	3.15E-01	1.00E+00	1.12E+00	4.33E-01	-2.00E-02	bad-chisq
group_7826	1.00E-02	3.15E-01	1.00E+00	1.12E+00	4.33E-01	-2.00E-02	bad-chisq
group_7818	1.00E-02	3.15E-01	1.00E+00	-1.12E+00	4.33E-01	2.00E-02	bad-chisq
group_7816	1.00E-02	3.15E-01	1.00E+00	-1.12E+00	4.33E-01	2.00E-02	bad-chisq
group_7815	1.00E-02	3.15E-01	1.00E+00	-1.12E+00	4.33E-01	2.00E-02	bad-chisq
group_7810	1.00E-02	3.15E-01	1.00E+00	-1.12E+00	4.33E-01	2.00E-02	bad-chisq
group_7809	1.00E-02	3.15E-01	1.00E+00	-1.12E+00	4.33E-01	2.00E-02	bad-chisq
group_7808	1.00E-02	3.15E-01	1.00E+00	-1.12E+00	4.33E-01	2.00E-02	bad-chisq
group_7806	1.00E-02	3.15E-01	1.00E+00	-1.12E+00	4.33E-01	2.00E-02	bad-chisq
group_7805	1.00E-02	3.15E-01	1.00E+00	-1.12E+00	4.33E-01	2.00E-02	bad-chisq
group_7804	1.00E-02	3.15E-01	1.00E+00	1.12E+00	4.33E-01	-2.00E-02	bad-chisq
group_7797	1.00E-02	3.15E-01	1.00E+00	-1.12E+00	4.33E-01	2.00E-02	bad-chisq
group_7790	1.00E-02	3.15E-01	1.00E+00	-1.12E+00	4.33E-01	2.00E-02	bad-chisq
group_7789	1.00E-02	3.15E-01	1.00E+00	1.12E+00	4.33E-01	-2.00E-02	bad-chisq
group_7788	1.00E-02	3.15E-01	1.00E+00	-1.12E+00	4.33E-01	2.00E-02	bad-chisq
group_7785	1.00E-02	3.15E-01	1.00E+00	-1.12E+00	4.33E-01	2.00E-02	bad-chisq
ogrK	1.00E-02	3.15E-01	1.00E+00	-1.12E+00	4.33E-01	2.00E-02	bad-chisq
group_7784	1.00E-02	3.15E-01	1.00E+00	-1.12E+00	4.33E-01	2.00E-02	bad-chisq
group_7783	1.00E-02	3.15E-01	1.00E+00	-1.12E+00	4.33E-01	2.00E-02	bad-chisq
group_7782	1.00E-02	3.15E-01	1.00E+00	1.12E+00	4.33E-01	-2.00E-02	bad-chisq
group_7781	1.00E-02	3.15E-01	1.00E+00	1.12E+00	4.33E-01	-2.00E-02	bad-chisq
group_7754	1.00E-02	3.15E-01	1.00E+00	-1.12E+00	4.33E-01	2.00E-02	bad-chisq
group_7753	1.00E-02	3.15E-01	1.00E+00	-1.12E+00	4.33E-01	2.00E-02	bad-chisq
group_7752	1.00E-02	3.15E-01	1.00E+00	-1.12E+00	4.33E-01	2.00E-02	bad-chisq
group_7749	1.00E-02	3.15E-01	1.00E+00	-1.12E+00	4.33E-01	2.00E-02	bad-chisq
group_7748	1.00E-02	3.15E-01	1.00E+00	-1.12E+00	4.33E-01	2.00E-02	bad-chisq
group_7747	1.00E-02	3.15E-01	1.00E+00	-1.12E+00	4.33E-01	2.00E-02	bad-chisq
ykfH	1.00E-02	3.15E-01	1.00E+00	-1.12E+00	4.33E-01	2.00E-02	bad-chisq
group_7746	1.00E-02	3.15E-01	1.00E+00	-1.12E+00	4.33E-01	2.00E-02	bad-chisq
group_7744	1.00E-02	3.15E-01	1.00E+00	1.12E+00	4.33E-01	-2.00E-02	bad-chisq
group_7743	1.00E-02	3.15E-01	1.00E+00	-1.12E+00	4.33E-01	2.00E-02	bad-chisq
group_7741	1.00E-02	3.15E-01	1.00E+00	-1.12E+00	4.33E-01	2.00E-02	bad-chisq
group_7736	1.00E-02	3.15E-01	1.00E+00	1.12E+00	4.33E-01	-2.00E-02	bad-chisq
group_7725	1.00E-02	3.15E-01	1.00E+00	-1.12E+00	4.33E-01	2.00E-02	bad-chisq
group_7724	1.00E-02	3.15E-01	1.00E+00	-1.12E+00	4.33E-01	2.00E-02	bad-chisq
group_7722	1.00E-02	3.15E-01	1.00E+00	-1.12E+00	4.33E-01	2.00E-02	bad-chisq
group_7721	1.00E-02	3.15E-01	1.00E+00	-1.12E+00	4.33E-01	2.00E-02	bad-chisq
group_7720	1.00E-02	3.15E-01	1.00E+00	-1.12E+00	4.33E-01	2.00E-02	bad-chisq
group_7719	1.00E-02	3.15E-01	1.00E+00	-1.12E+00	4.33E-01	2.00E-02	bad-chisq
group_7718	1.00E-02	3.15E-01	1.00E+00	1.12E+00	4.33E-01	-2.00E-02	bad-chisq
group_7717	1.00E-02	3.15E-01	1.00E+00	1.12E+00	4.33E-01	-2.00E-02	bad-chisq
group_7716	1.00E-02	3.15E-01	1.00E+00	1.12E+00	4.33E-01	-2.00E-02	bad-chisq
group_7715	1.00E-02	3.15E-01	1.00E+00	-1.12E+00	4.33E-01	2.00E-02	bad-chisq
group_7714	1.00E-02	3.15E-01	1.00E+00	-1.12E+00	4.33E-01	2.00E-02	bad-chisq
group_7703	1.00E-02	3.15E-01	1.00E+00	-1.12E+00	4.33E-01	2.00E-02	bad-chisq
group_7697	1.00E-02	3.15E-01	1.00E+00	-1.12E+00	4.33E-01	2.00E-02	bad-chisq
group_7696	1.00E-02	3.15E-01	1.00E+00	-1.12E+00	4.33E-01	2.00E-02	bad-chisq
group_7695	1.00E-02	3.15E-01	1.00E+00	-1.12E+00	4.33E-01	2.00E-02	bad-chisq
group_7693	1.00E-02	3.15E-01	1.00E+00	1.12E+00	4.33E-01	-2.00E-02	bad-chisq
group_7692	1.00E-02	3.15E-01	1.00E+00	1.12E+00	4.33E-01	-2.00E-02	bad-chisq
group_7676	1.00E-02	3.15E-01	1.00E+00	-1.12E+00	4.33E-01	2.00E-02	bad-chisq
group_7675	1.00E-02	3.15E-01	1.00E+00	-1.12E+00	4.33E-01	2.00E-02	bad-chisq
group_7674	1.00E-02	3.15E-01	1.00E+00	-1.12E+00	4.33E-01	2.00E-02	bad-chisq
group_7673	1.00E-02	3.15E-01	1.00E+00	-1.12E+00	4.33E-01	2.00E-02	bad-chisq
group_7671	1.00E-02	3.15E-01	1.00E+00	-1.12E+00	4.33E-01	2.00E-02	bad-chisq
group_7670	1.00E-02	3.15E-01	1.00E+00	1.12E+00	4.33E-01	-2.00E-02	bad-chisq
group_7669	1.00E-02	3.15E-01	1.00E+00	1.12E+00	4.33E-01	-2.00E-02	bad-chisq
group_7660	1.00E-02	3.15E-01	1.00E+00	-1.12E+00	4.33E-01	2.00E-02	bad-chisq
group_7654	1.00E-02	3.15E-01	1.00E+00	-1.12E+00	4.33E-01	2.00E-02	bad-chisq
group_7653	1.00E-02	3.15E-01	1.00E+00	-1.12E+00	4.33E-01	2.00E-02	bad-chisq
group_7652	1.00E-02	3.15E-01	1.00E+00	-1.12E+00	4.33E-01	2.00E-02	bad-chisq
group_7651	1.00E-02	3.15E-01	1.00E+00	-1.12E+00	4.33E-01	2.00E-02	bad-chisq
group_7649	1.00E-02	3.15E-01	1.00E+00	-1.12E+00	4.33E-01	2.00E-02	bad-chisq
group_7646	1.00E-02	3.15E-01	1.00E+00	-1.12E+00	4.33E-01	2.00E-02	bad-chisq
group_7645	1.00E-02	3.15E-01	1.00E+00	1.12E+00	4.33E-01	-2.00E-02	bad-chisq
group_7638	1.00E-02	3.15E-01	1.00E+00	1.12E+00	4.33E-01	-2.00E-02	bad-chisq
group_7634	1.00E-02	3.15E-01	1.00E+00	-1.12E+00	4.33E-01	2.00E-02	bad-chisq
group_7632	1.00E-02	3.15E-01	1.00E+00	1.12E+00	4.33E-01	-2.00E-02	bad-chisq
group_7630	1.00E-02	3.15E-01	1.00E+00	1.12E+00	4.33E-01	-2.00E-02	bad-chisq
group_7619	1.00E-02	3.15E-01	1.00E+00	-1.12E+00	4.33E-01	2.00E-02	bad-chisq
group_7618	1.00E-02	3.15E-01	1.00E+00	-1.12E+00	4.33E-01	2.00E-02	bad-chisq
group_7617	1.00E-02	3.15E-01	1.00E+00	-1.12E+00	4.33E-01	2.00E-02	bad-chisq
group_7616	1.00E-02	3.15E-01	1.00E+00	-1.12E+00	4.33E-01	2.00E-02	bad-chisq
group_7615	1.00E-02	3.15E-01	1.00E+00	1.12E+00	4.33E-01	-2.00E-02	bad-chisq
group_7613	1.00E-02	3.15E-01	1.00E+00	1.12E+00	4.33E-01	-2.00E-02	bad-chisq
group_7604	1.00E-02	3.15E-01	1.00E+00	-1.12E+00	4.33E-01	2.00E-02	bad-chisq
group_7603	1.00E-02	3.15E-01	1.00E+00	1.12E+00	4.33E-01	-2.00E-02	bad-chisq
group_7595	1.00E-02	3.15E-01	1.00E+00	-1.12E+00	4.33E-01	2.00E-02	bad-chisq
group_7589	1.00E-02	3.15E-01	1.00E+00	-1.12E+00	4.33E-01	2.00E-02	bad-chisq
group_7587	1.00E-02	3.15E-01	1.00E+00	-1.12E+00	4.33E-01	2.00E-02	bad-chisq
group_7586	1.00E-02	3.15E-01	1.00E+00	1.12E+00	4.33E-01	-2.00E-02	bad-chisq
group_7579	1.00E-02	3.15E-01	1.00E+00	-1.12E+00	4.33E-01	2.00E-02	bad-chisq
group_7578	1.00E-02	3.15E-01	1.00E+00	-1.12E+00	4.33E-01	2.00E-02	bad-chisq
impC	1.00E-02	3.15E-01	1.00E+00	-1.12E+00	4.33E-01	2.00E-02	bad-chisq
group_7573	1.00E-02	3.15E-01	1.00E+00	-1.12E+00	4.33E-01	2.00E-02	bad-chisq
group_7572	1.00E-02	3.15E-01	1.00E+00	-1.12E+00	4.33E-01	2.00E-02	bad-chisq
group_7571	1.00E-02	3.15E-01	1.00E+00	-1.12E+00	4.33E-01	2.00E-02	bad-chisq
group_7570	1.00E-02	3.15E-01	1.00E+00	1.12E+00	4.33E-01	-2.00E-02	bad-chisq
group_7569	1.00E-02	3.15E-01	1.00E+00	1.12E+00	4.33E-01	-2.00E-02	bad-chisq
group_7561	1.00E-02	3.15E-01	1.00E+00	-1.12E+00	4.33E-01	2.00E-02	bad-chisq
group_7554	1.00E-02	3.15E-01	1.00E+00	-1.12E+00	4.33E-01	2.00E-02	bad-chisq
group_7553	1.00E-02	3.15E-01	1.00E+00	-1.12E+00	4.33E-01	2.00E-02	bad-chisq
group_7552	1.00E-02	3.15E-01	1.00E+00	-1.12E+00	4.33E-01	2.00E-02	bad-chisq
group_7551	1.00E-02	3.15E-01	1.00E+00	-1.12E+00	4.33E-01	2.00E-02	bad-chisq
group_7550	1.00E-02	3.15E-01	1.00E+00	1.12E+00	4.33E-01	-2.00E-02	bad-chisq
group_7549	1.00E-02	3.15E-01	1.00E+00	1.12E+00	4.33E-01	-2.00E-02	bad-chisq
group_7548	1.00E-02	3.15E-01	1.00E+00	1.12E+00	4.33E-01	-2.00E-02	bad-chisq
group_7547	1.00E-02	3.15E-01	1.00E+00	-1.12E+00	4.33E-01	2.00E-02	bad-chisq
group_7538	1.00E-02	3.15E-01	1.00E+00	-1.12E+00	4.33E-01	2.00E-02	bad-chisq
group_7537	1.00E-02	3.15E-01	1.00E+00	-1.12E+00	4.33E-01	2.00E-02	bad-chisq
group_7536	1.00E-02	3.15E-01	1.00E+00	1.12E+00	4.33E-01	-2.00E-02	bad-chisq
group_7525	1.00E-02	3.15E-01	1.00E+00	-1.12E+00	4.33E-01	2.00E-02	bad-chisq
group_7524	1.00E-02	3.15E-01	1.00E+00	1.12E+00	4.33E-01	-2.00E-02	bad-chisq
group_7523	1.00E-02	3.15E-01	1.00E+00	1.12E+00	4.33E-01	-2.00E-02	bad-chisq
group_7522	1.00E-02	3.15E-01	1.00E+00	1.12E+00	4.33E-01	-2.00E-02	bad-chisq
group_7521	1.00E-02	3.15E-01	1.00E+00	-1.12E+00	4.33E-01	2.00E-02	bad-chisq
group_7519	1.00E-02	3.15E-01	1.00E+00	-1.12E+00	4.33E-01	2.00E-02	bad-chisq
group_7510	1.00E-02	3.15E-01	1.00E+00	-1.12E+00	4.33E-01	2.00E-02	bad-chisq
group_7508	1.00E-02	3.15E-01	1.00E+00	-1.12E+00	4.33E-01	2.00E-02	bad-chisq
group_7507	1.00E-02	3.15E-01	1.00E+00	1.12E+00	4.33E-01	-2.00E-02	bad-chisq
group_7506	1.00E-02	3.15E-01	1.00E+00	-1.12E+00	4.33E-01	2.00E-02	bad-chisq
group_7503	1.00E-02	3.15E-01	1.00E+00	1.12E+00	4.33E-01	-2.00E-02	bad-chisq
group_7500	1.00E-02	3.15E-01	1.00E+00	-1.12E+00	4.33E-01	2.00E-02	bad-chisq
group_7489	1.00E-02	3.15E-01	1.00E+00	-1.12E+00	4.33E-01	2.00E-02	bad-chisq
group_7488	1.00E-02	3.15E-01	1.00E+00	-1.12E+00	4.33E-01	2.00E-02	bad-chisq
group_7487	1.00E-02	3.15E-01	1.00E+00	1.12E+00	4.33E-01	-2.00E-02	bad-chisq
group_7485	1.00E-02	3.15E-01	1.00E+00	-1.12E+00	4.33E-01	2.00E-02	bad-chisq
group_7482	1.00E-02	3.15E-01	1.00E+00	-1.12E+00	4.33E-01	2.00E-02	bad-chisq
group_7471	1.00E-02	3.15E-01	1.00E+00	-1.12E+00	4.33E-01	2.00E-02	bad-chisq
group_7469	1.00E-02	3.15E-01	1.00E+00	1.12E+00	4.33E-01	-2.00E-02	bad-chisq
group_7467	1.00E-02	3.15E-01	1.00E+00	-1.12E+00	4.33E-01	2.00E-02	bad-chisq
group_7465	1.00E-02	3.15E-01	1.00E+00	-1.12E+00	4.33E-01	2.00E-02	bad-chisq
group_7457	1.00E-02	3.15E-01	1.00E+00	-1.12E+00	4.33E-01	2.00E-02	bad-chisq
group_7445	1.00E-02	3.15E-01	1.00E+00	-1.12E+00	4.33E-01	2.00E-02	bad-chisq
group_7444	1.00E-02	3.15E-01	1.00E+00	-1.12E+00	4.33E-01	2.00E-02	bad-chisq
group_7443	1.00E-02	3.15E-01	1.00E+00	-1.12E+00	4.33E-01	2.00E-02	bad-chisq
group_7442	1.00E-02	3.15E-01	1.00E+00	-1.12E+00	4.33E-01	2.00E-02	bad-chisq
group_7437	1.00E-02	3.15E-01	1.00E+00	-1.12E+00	4.33E-01	2.00E-02	bad-chisq
group_7436	1.00E-02	3.15E-01	1.00E+00	-1.12E+00	4.33E-01	2.00E-02	bad-chisq
group_7427	1.00E-02	3.15E-01	1.00E+00	-1.12E+00	4.33E-01	2.00E-02	bad-chisq
group_7425	1.00E-02	3.15E-01	1.00E+00	-1.12E+00	4.33E-01	2.00E-02	bad-chisq
group_7424	1.00E-02	3.15E-01	1.00E+00	1.12E+00	4.33E-01	-2.00E-02	bad-chisq
group_7423	1.00E-02	3.15E-01	1.00E+00	1.12E+00	4.33E-01	-2.00E-02	bad-chisq
group_7422	1.00E-02	3.15E-01	1.00E+00	-1.12E+00	4.33E-01	2.00E-02	bad-chisq
group_7409	1.00E-02	3.15E-01	1.00E+00	-1.12E+00	4.33E-01	2.00E-02	bad-chisq
group_7407	1.00E-02	3.15E-01	1.00E+00	1.12E+00	4.33E-01	-2.00E-02	bad-chisq
group_7406	1.00E-02	3.15E-01	1.00E+00	-1.12E+00	4.33E-01	2.00E-02	bad-chisq
group_7405	1.00E-02	3.15E-01	1.00E+00	-1.12E+00	4.33E-01	2.00E-02	bad-chisq
hicA	1.00E-02	3.15E-01	1.00E+00	-1.12E+00	4.33E-01	2.00E-02	bad-chisq
group_7399	1.00E-02	3.15E-01	1.00E+00	-1.12E+00	4.33E-01	2.00E-02	bad-chisq
group_7393	1.00E-02	3.15E-01	1.00E+00	-1.12E+00	4.33E-01	2.00E-02	bad-chisq
group_7390	1.00E-02	3.15E-01	1.00E+00	-1.12E+00	4.33E-01	2.00E-02	bad-chisq
group_7389	1.00E-02	3.15E-01	1.00E+00	-1.12E+00	4.33E-01	2.00E-02	bad-chisq
group_7377	1.00E-02	3.15E-01	1.00E+00	-1.12E+00	4.33E-01	2.00E-02	bad-chisq
group_7376	1.00E-02	3.15E-01	1.00E+00	1.12E+00	4.33E-01	-2.00E-02	bad-chisq
group_7374	1.00E-02	3.15E-01	1.00E+00	-1.12E+00	4.33E-01	2.00E-02	bad-chisq
group_7368	1.00E-02	3.15E-01	1.00E+00	-1.12E+00	4.33E-01	2.00E-02	bad-chisq
group_7364	1.00E-02	3.15E-01	1.00E+00	-1.12E+00	4.33E-01	2.00E-02	bad-chisq
group_7363	1.00E-02	3.15E-01	1.00E+00	-1.12E+00	4.33E-01	2.00E-02	bad-chisq
group_7361	1.00E-02	3.15E-01	1.00E+00	-1.12E+00	4.33E-01	2.00E-02	bad-chisq
group_7360	1.00E-02	3.15E-01	1.00E+00	-1.12E+00	4.33E-01	2.00E-02	bad-chisq
group_7359	1.00E-02	3.15E-01	1.00E+00	1.12E+00	4.33E-01	-2.00E-02	bad-chisq
group_7357	1.00E-02	3.15E-01	1.00E+00	-1.12E+00	4.33E-01	2.00E-02	bad-chisq
group_7350	1.00E-02	3.15E-01	1.00E+00	-1.12E+00	4.33E-01	2.00E-02	bad-chisq
group_7343	1.00E-02	3.15E-01	1.00E+00	-1.12E+00	4.33E-01	2.00E-02	bad-chisq
group_7342	1.00E-02	3.15E-01	1.00E+00	-1.12E+00	4.33E-01	2.00E-02	bad-chisq
group_7340	1.00E-02	3.15E-01	1.00E+00	1.12E+00	4.33E-01	-2.00E-02	bad-chisq
group_7339	1.00E-02	3.15E-01	1.00E+00	1.12E+00	4.33E-01	-2.00E-02	bad-chisq
group_7337	1.00E-02	3.15E-01	1.00E+00	-1.12E+00	4.33E-01	2.00E-02	bad-chisq
group_7328	1.00E-02	3.15E-01	1.00E+00	-1.12E+00	4.33E-01	2.00E-02	bad-chisq
group_7327	1.00E-02	3.15E-01	1.00E+00	1.12E+00	4.33E-01	-2.00E-02	bad-chisq
group_7324	1.00E-02	3.15E-01	1.00E+00	-1.12E+00	4.33E-01	2.00E-02	bad-chisq
group_7323	1.00E-02	3.15E-01	1.00E+00	-1.12E+00	4.33E-01	2.00E-02	bad-chisq
group_7322	1.00E-02	3.15E-01	1.00E+00	-1.12E+00	4.33E-01	2.00E-02	bad-chisq
group_7320	1.00E-02	3.15E-01	1.00E+00	-1.12E+00	4.33E-01	2.00E-02	bad-chisq
group_7312	1.00E-02	3.15E-01	1.00E+00	-1.12E+00	4.33E-01	2.00E-02	bad-chisq
group_7311	1.00E-02	3.15E-01	1.00E+00	-1.12E+00	4.33E-01	2.00E-02	bad-chisq
group_7309	1.00E-02	3.15E-01	1.00E+00	-1.12E+00	4.33E-01	2.00E-02	bad-chisq
group_7308	1.00E-02	3.15E-01	1.00E+00	1.12E+00	4.33E-01	-2.00E-02	bad-chisq
group_7307	1.00E-02	3.15E-01	1.00E+00	-1.12E+00	4.33E-01	2.00E-02	bad-chisq
group_7296	1.00E-02	3.15E-01	1.00E+00	-1.12E+00	4.33E-01	2.00E-02	bad-chisq
group_7294	1.00E-02	3.15E-01	1.00E+00	1.12E+00	4.33E-01	-2.00E-02	bad-chisq
group_7287	1.00E-02	3.15E-01	1.00E+00	-1.12E+00	4.33E-01	2.00E-02	bad-chisq
group_7286	1.00E-02	3.15E-01	1.00E+00	-1.12E+00	4.33E-01	2.00E-02	bad-chisq
group_7281	1.00E-02	3.15E-01	1.00E+00	-1.12E+00	4.33E-01	2.00E-02	bad-chisq
group_7275	1.00E-02	3.15E-01	1.00E+00	-1.12E+00	4.33E-01	2.00E-02	bad-chisq
group_7270	1.00E-02	3.15E-01	1.00E+00	1.12E+00	4.33E-01	-2.00E-02	bad-chisq
group_7269	1.00E-02	3.15E-01	1.00E+00	-1.12E+00	4.33E-01	2.00E-02	bad-chisq
group_7251	1.00E-02	3.15E-01	1.00E+00	1.12E+00	4.33E-01	-2.00E-02	bad-chisq
group_7241	1.00E-02	3.15E-01	1.00E+00	1.12E+00	4.33E-01	-2.00E-02	bad-chisq
group_7240	1.00E-02	3.15E-01	1.00E+00	-1.12E+00	4.33E-01	2.00E-02	bad-chisq
group_7238	1.00E-02	3.15E-01	1.00E+00	1.12E+00	4.33E-01	-2.00E-02	bad-chisq
group_7221	1.00E-02	3.15E-01	1.00E+00	-1.12E+00	4.33E-01	2.00E-02	bad-chisq
group_7211	1.00E-02	3.15E-01	1.00E+00	1.12E+00	4.33E-01	-2.00E-02	bad-chisq
group_7209	1.00E-02	3.15E-01	1.00E+00	-1.12E+00	4.33E-01	2.00E-02	bad-chisq
group_7208	1.00E-02	3.15E-01	1.00E+00	-1.12E+00	4.33E-01	2.00E-02	bad-chisq
group_7196	1.00E-02	3.15E-01	1.00E+00	-1.12E+00	4.33E-01	2.00E-02	bad-chisq
group_7195	1.00E-02	3.15E-01	1.00E+00	-1.12E+00	4.33E-01	2.00E-02	bad-chisq
group_7194	1.00E-02	3.15E-01	1.00E+00	1.12E+00	4.33E-01	-2.00E-02	bad-chisq
group_7193	1.00E-02	3.15E-01	1.00E+00	-1.12E+00	4.33E-01	2.00E-02	bad-chisq
group_7192	1.00E-02	3.15E-01	1.00E+00	1.12E+00	4.33E-01	-2.00E-02	bad-chisq
group_7179	1.00E-02	3.15E-01	1.00E+00	-1.12E+00	4.33E-01	2.00E-02	bad-chisq
group_7178	1.00E-02	3.15E-01	1.00E+00	1.12E+00	4.33E-01	-2.00E-02	bad-chisq
group_7177	1.00E-02	3.15E-01	1.00E+00	1.12E+00	4.33E-01	-2.00E-02	bad-chisq
group_7176	1.00E-02	3.15E-01	1.00E+00	1.12E+00	4.33E-01	-2.00E-02	bad-chisq
group_7172	1.00E-02	3.15E-01	1.00E+00	-1.12E+00	4.33E-01	2.00E-02	bad-chisq
group_7164	1.00E-02	3.15E-01	1.00E+00	-1.12E+00	4.33E-01	2.00E-02	bad-chisq
group_7163	1.00E-02	3.15E-01	1.00E+00	-1.12E+00	4.33E-01	2.00E-02	bad-chisq
group_7158	1.00E-02	3.15E-01	1.00E+00	-1.12E+00	4.33E-01	2.00E-02	bad-chisq
group_7151	1.00E-02	3.15E-01	1.00E+00	1.12E+00	4.33E-01	-2.00E-02	bad-chisq
group_7147	1.00E-02	3.15E-01	1.00E+00	-1.12E+00	4.33E-01	2.00E-02	bad-chisq
group_7145	1.00E-02	3.15E-01	1.00E+00	1.12E+00	4.33E-01	-2.00E-02	bad-chisq
group_7142	1.00E-02	3.15E-01	1.00E+00	1.12E+00	4.33E-01	-2.00E-02	bad-chisq
group_7135	1.00E-02	3.15E-01	1.00E+00	-1.12E+00	4.33E-01	2.00E-02	bad-chisq
group_7132	1.00E-02	3.15E-01	1.00E+00	1.12E+00	4.33E-01	-2.00E-02	bad-chisq
group_7131	1.00E-02	3.15E-01	1.00E+00	1.12E+00	4.33E-01	-2.00E-02	bad-chisq
group_7117	1.00E-02	3.15E-01	1.00E+00	-1.12E+00	4.33E-01	2.00E-02	bad-chisq
group_7116	1.00E-02	3.15E-01	1.00E+00	1.12E+00	4.33E-01	-2.00E-02	bad-chisq
group_7114	1.00E-02	3.15E-01	1.00E+00	-1.12E+00	4.33E-01	2.00E-02	bad-chisq
group_7110	1.00E-02	3.15E-01	1.00E+00	-1.12E+00	4.33E-01	2.00E-02	bad-chisq
group_7100	1.00E-02	3.15E-01	1.00E+00	-1.12E+00	4.33E-01	2.00E-02	bad-chisq
group_7097	1.00E-02	3.15E-01	1.00E+00	-1.12E+00	4.33E-01	2.00E-02	bad-chisq
group_7096	1.00E-02	3.15E-01	1.00E+00	-1.12E+00	4.33E-01	2.00E-02	bad-chisq
group_7086	1.00E-02	3.15E-01	1.00E+00	-1.12E+00	4.33E-01	2.00E-02	bad-chisq
group_7085	1.00E-02	3.15E-01	1.00E+00	-1.12E+00	4.33E-01	2.00E-02	bad-chisq
group_7084	1.00E-02	3.15E-01	1.00E+00	-1.12E+00	4.33E-01	2.00E-02	bad-chisq
group_7082	1.00E-02	3.15E-01	1.00E+00	-1.12E+00	4.33E-01	2.00E-02	bad-chisq
group_7072	1.00E-02	3.15E-01	1.00E+00	-1.12E+00	4.33E-01	2.00E-02	bad-chisq
group_7070	1.00E-02	3.15E-01	1.00E+00	-1.12E+00	4.33E-01	2.00E-02	bad-chisq
group_7069	1.00E-02	3.15E-01	1.00E+00	1.12E+00	4.33E-01	-2.00E-02	bad-chisq
group_7066	1.00E-02	3.15E-01	1.00E+00	-1.12E+00	4.33E-01	2.00E-02	bad-chisq
group_7062	1.00E-02	3.15E-01	1.00E+00	-1.12E+00	4.33E-01	2.00E-02	bad-chisq
group_7061	1.00E-02	3.15E-01	1.00E+00	-1.12E+00	4.33E-01	2.00E-02	bad-chisq
mceE	1.00E-02	3.15E-01	1.00E+00	-1.12E+00	4.33E-01	2.00E-02	bad-chisq
group_7059	1.00E-02	3.15E-01	1.00E+00	-1.12E+00	4.33E-01	2.00E-02	bad-chisq
group_7058	1.00E-02	3.15E-01	1.00E+00	-1.12E+00	4.33E-01	2.00E-02	bad-chisq
group_7057	1.00E-02	3.15E-01	1.00E+00	-1.12E+00	4.33E-01	2.00E-02	bad-chisq
group_7056	1.00E-02	3.15E-01	1.00E+00	1.12E+00	4.33E-01	-2.00E-02	bad-chisq
group_7055	1.00E-02	3.15E-01	1.00E+00	-1.12E+00	4.33E-01	2.00E-02	bad-chisq
group_7054	1.00E-02	3.15E-01	1.00E+00	-1.12E+00	4.33E-01	2.00E-02	bad-chisq
group_7048	1.00E-02	3.15E-01	1.00E+00	1.12E+00	4.33E-01	-2.00E-02	bad-chisq
group_7047	1.00E-02	3.15E-01	1.00E+00	-1.12E+00	4.33E-01	2.00E-02	bad-chisq
yfiC	1.00E-02	3.15E-01	1.00E+00	1.12E+00	4.33E-01	-2.00E-02	bad-chisq
group_7038	1.00E-02	3.15E-01	1.00E+00	-1.12E+00	4.33E-01	2.00E-02	bad-chisq
group_7029	1.00E-02	3.15E-01	1.00E+00	-1.12E+00	4.33E-01	2.00E-02	bad-chisq
group_7028	1.00E-02	3.15E-01	1.00E+00	-1.12E+00	4.33E-01	2.00E-02	bad-chisq
group_7026	1.00E-02	3.15E-01	1.00E+00	1.12E+00	4.33E-01	-2.00E-02	bad-chisq
group_7025	1.00E-02	3.15E-01	1.00E+00	1.12E+00	4.33E-01	-2.00E-02	bad-chisq
group_7024	1.00E-02	3.15E-01	1.00E+00	1.12E+00	4.33E-01	-2.00E-02	bad-chisq
pduH	1.00E-02	3.15E-01	1.00E+00	-1.12E+00	4.33E-01	2.00E-02	bad-chisq
group_7013	1.00E-02	3.15E-01	1.00E+00	-1.12E+00	4.33E-01	2.00E-02	bad-chisq
group_7012	1.00E-02	3.15E-01	1.00E+00	-1.12E+00	4.33E-01	2.00E-02	bad-chisq
group_7011	1.00E-02	3.15E-01	1.00E+00	1.12E+00	4.33E-01	-2.00E-02	bad-chisq
group_6996	1.00E-02	3.15E-01	1.00E+00	-1.12E+00	4.33E-01	2.00E-02	bad-chisq
group_6993	1.00E-02	3.15E-01	1.00E+00	-1.12E+00	4.33E-01	2.00E-02	bad-chisq
group_6991	1.00E-02	3.15E-01	1.00E+00	-1.12E+00	4.33E-01	2.00E-02	bad-chisq
group_6989	1.00E-02	3.15E-01	1.00E+00	-1.12E+00	4.33E-01	2.00E-02	bad-chisq
group_6980	1.00E-02	3.15E-01	1.00E+00	-1.12E+00	4.33E-01	2.00E-02	bad-chisq
group_6979	1.00E-02	3.15E-01	1.00E+00	1.12E+00	4.33E-01	-2.00E-02	bad-chisq
yafW	1.00E-02	3.15E-01	1.00E+00	-1.12E+00	4.33E-01	2.00E-02	bad-chisq
group_6978	1.00E-02	3.15E-01	1.00E+00	-1.12E+00	4.33E-01	2.00E-02	bad-chisq
group_6977	1.00E-02	3.15E-01	1.00E+00	1.12E+00	4.33E-01	-2.00E-02	bad-chisq
group_6972	1.00E-02	3.15E-01	1.00E+00	-1.12E+00	4.33E-01	2.00E-02	bad-chisq
group_6961	1.00E-02	3.15E-01	1.00E+00	-1.12E+00	4.33E-01	2.00E-02	bad-chisq
group_6960	1.00E-02	3.15E-01	1.00E+00	-1.12E+00	4.33E-01	2.00E-02	bad-chisq
group_6959	1.00E-02	3.15E-01	1.00E+00	1.12E+00	4.33E-01	-2.00E-02	bad-chisq
group_6953	1.00E-02	3.15E-01	1.00E+00	-1.12E+00	4.33E-01	2.00E-02	bad-chisq
group_6945	1.00E-02	3.15E-01	1.00E+00	-1.12E+00	4.33E-01	2.00E-02	bad-chisq
group_6943	1.00E-02	3.15E-01	1.00E+00	1.12E+00	4.33E-01	-2.00E-02	bad-chisq
group_6942	1.00E-02	3.15E-01	1.00E+00	-1.12E+00	4.33E-01	2.00E-02	bad-chisq
tnpA	1.00E-02	3.15E-01	1.00E+00	-1.12E+00	4.33E-01	2.00E-02	bad-chisq
group_6929	1.00E-02	3.15E-01	1.00E+00	1.12E+00	4.33E-01	-2.00E-02	bad-chisq
group_6928	1.00E-02	3.15E-01	1.00E+00	-1.12E+00	4.33E-01	2.00E-02	bad-chisq
group_6927	1.00E-02	3.15E-01	1.00E+00	-1.12E+00	4.33E-01	2.00E-02	bad-chisq
group_6924	1.00E-02	3.15E-01	1.00E+00	1.12E+00	4.33E-01	-2.00E-02	bad-chisq
group_6921	1.00E-02	3.15E-01	1.00E+00	1.12E+00	4.33E-01	-2.00E-02	bad-chisq
group_6913	1.00E-02	3.15E-01	1.00E+00	-1.12E+00	4.33E-01	2.00E-02	bad-chisq
group_6912	1.00E-02	3.15E-01	1.00E+00	-1.12E+00	4.33E-01	2.00E-02	bad-chisq
group_6911	1.00E-02	3.15E-01	1.00E+00	1.12E+00	4.33E-01	-2.00E-02	bad-chisq
group_6910	1.00E-02	3.15E-01	1.00E+00	1.12E+00	4.33E-01	-2.00E-02	bad-chisq
group_6909	1.00E-02	3.15E-01	1.00E+00	1.12E+00	4.33E-01	-2.00E-02	bad-chisq
group_6905	1.00E-02	3.15E-01	1.00E+00	-1.12E+00	4.33E-01	2.00E-02	bad-chisq
group_6899	1.00E-02	3.15E-01	1.00E+00	-1.12E+00	4.33E-01	2.00E-02	bad-chisq
group_6898	1.00E-02	3.15E-01	1.00E+00	-1.12E+00	4.33E-01	2.00E-02	bad-chisq
group_6897	1.00E-02	3.15E-01	1.00E+00	1.12E+00	4.33E-01	-2.00E-02	bad-chisq
group_6887	1.00E-02	3.15E-01	1.00E+00	-1.12E+00	4.33E-01	2.00E-02	bad-chisq
group_6886	1.00E-02	3.15E-01	1.00E+00	-1.12E+00	4.33E-01	2.00E-02	bad-chisq
group_6885	1.00E-02	3.15E-01	1.00E+00	-1.12E+00	4.33E-01	2.00E-02	bad-chisq
group_6884	1.00E-02	3.15E-01	1.00E+00	-1.12E+00	4.33E-01	2.00E-02	bad-chisq
group_6883	1.00E-02	3.15E-01	1.00E+00	-1.12E+00	4.33E-01	2.00E-02	bad-chisq
group_6882	1.00E-02	3.15E-01	1.00E+00	1.12E+00	4.33E-01	-2.00E-02	bad-chisq
group_6881	1.00E-02	3.15E-01	1.00E+00	1.12E+00	4.33E-01	-2.00E-02	bad-chisq
group_6878	1.00E-02	3.15E-01	1.00E+00	-1.12E+00	4.33E-01	2.00E-02	bad-chisq
group_6874	1.00E-02	3.15E-01	1.00E+00	-1.12E+00	4.33E-01	2.00E-02	bad-chisq
group_6873	1.00E-02	3.15E-01	1.00E+00	1.12E+00	4.33E-01	-2.00E-02	bad-chisq
group_6868	1.00E-02	3.15E-01	1.00E+00	-1.12E+00	4.33E-01	2.00E-02	bad-chisq
group_6867	1.00E-02	3.15E-01	1.00E+00	-1.12E+00	4.33E-01	2.00E-02	bad-chisq
group_6866	1.00E-02	3.15E-01	1.00E+00	-1.12E+00	4.33E-01	2.00E-02	bad-chisq
group_6863	1.00E-02	3.15E-01	1.00E+00	-1.12E+00	4.33E-01	2.00E-02	bad-chisq
group_6857	1.00E-02	3.15E-01	1.00E+00	-1.12E+00	4.33E-01	2.00E-02	bad-chisq
group_6856	1.00E-02	3.15E-01	1.00E+00	-1.12E+00	4.33E-01	2.00E-02	bad-chisq
group_6854	1.00E-02	3.15E-01	1.00E+00	-1.12E+00	4.33E-01	2.00E-02	bad-chisq
group_6853	1.00E-02	3.15E-01	1.00E+00	-1.12E+00	4.33E-01	2.00E-02	bad-chisq
group_6843	1.00E-02	3.15E-01	1.00E+00	-1.12E+00	4.33E-01	2.00E-02	bad-chisq
fliJ	1.00E-02	3.15E-01	1.00E+00	1.12E+00	4.33E-01	-2.00E-02	bad-chisq
group_6840	1.00E-02	3.15E-01	1.00E+00	1.12E+00	4.33E-01	-2.00E-02	bad-chisq
group_6839	1.00E-02	3.15E-01	1.00E+00	1.12E+00	4.33E-01	-2.00E-02	bad-chisq
group_6826	1.00E-02	3.15E-01	1.00E+00	-1.12E+00	4.33E-01	2.00E-02	bad-chisq
group_6819	1.00E-02	3.15E-01	1.00E+00	-1.12E+00	4.33E-01	2.00E-02	bad-chisq
group_6818	1.00E-02	3.15E-01	1.00E+00	-1.12E+00	4.33E-01	2.00E-02	bad-chisq
group_6811	1.00E-02	3.15E-01	1.00E+00	-1.12E+00	4.33E-01	2.00E-02	bad-chisq
group_6810	1.00E-02	3.15E-01	1.00E+00	-1.12E+00	4.33E-01	2.00E-02	bad-chisq
group_6806	1.00E-02	3.15E-01	1.00E+00	-1.12E+00	4.33E-01	2.00E-02	bad-chisq
group_6803	1.00E-02	3.15E-01	1.00E+00	1.12E+00	4.33E-01	-2.00E-02	bad-chisq
group_6798	1.00E-02	3.15E-01	1.00E+00	-1.12E+00	4.33E-01	2.00E-02	bad-chisq
group_6797	1.00E-02	3.15E-01	1.00E+00	-1.12E+00	4.33E-01	2.00E-02	bad-chisq
group_6789	1.00E-02	3.15E-01	1.00E+00	1.12E+00	4.33E-01	-2.00E-02	bad-chisq
group_6788	1.00E-02	3.15E-01	1.00E+00	1.12E+00	4.33E-01	-2.00E-02	bad-chisq
group_6787	1.00E-02	3.15E-01	1.00E+00	-1.12E+00	4.33E-01	2.00E-02	bad-chisq
group_6776	1.00E-02	3.15E-01	1.00E+00	-1.12E+00	4.33E-01	2.00E-02	bad-chisq
group_6765	1.00E-02	3.15E-01	1.00E+00	-1.12E+00	4.33E-01	2.00E-02	bad-chisq
group_6764	1.00E-02	3.15E-01	1.00E+00	-1.12E+00	4.33E-01	2.00E-02	bad-chisq
group_6757	1.00E-02	3.15E-01	1.00E+00	1.12E+00	4.33E-01	-2.00E-02	bad-chisq
group_6755	1.00E-02	3.15E-01	1.00E+00	1.12E+00	4.33E-01	-2.00E-02	bad-chisq
group_6754	1.00E-02	3.15E-01	1.00E+00	1.12E+00	4.33E-01	-2.00E-02	bad-chisq
group_6753	1.00E-02	3.15E-01	1.00E+00	-1.12E+00	4.33E-01	2.00E-02	bad-chisq
group_6752	1.00E-02	3.15E-01	1.00E+00	-1.12E+00	4.33E-01	2.00E-02	bad-chisq
group_6748	1.00E-02	3.15E-01	1.00E+00	1.12E+00	4.33E-01	-2.00E-02	bad-chisq
group_6743	1.00E-02	3.15E-01	1.00E+00	1.12E+00	4.33E-01	-2.00E-02	bad-chisq
group_6735	1.00E-02	3.15E-01	1.00E+00	-1.12E+00	4.33E-01	2.00E-02	bad-chisq
group_6734	1.00E-02	3.15E-01	1.00E+00	-1.12E+00	4.33E-01	2.00E-02	bad-chisq
group_6733	1.00E-02	3.15E-01	1.00E+00	1.12E+00	4.33E-01	-2.00E-02	bad-chisq
group_6732	1.00E-02	3.15E-01	1.00E+00	-1.12E+00	4.33E-01	2.00E-02	bad-chisq
group_6727	1.00E-02	3.15E-01	1.00E+00	1.12E+00	4.33E-01	-2.00E-02	bad-chisq
group_6724	1.00E-02	3.15E-01	1.00E+00	-1.12E+00	4.33E-01	2.00E-02	bad-chisq
group_6723	1.00E-02	3.15E-01	1.00E+00	1.12E+00	4.33E-01	-2.00E-02	bad-chisq
group_6722	1.00E-02	3.15E-01	1.00E+00	1.12E+00	4.33E-01	-2.00E-02	bad-chisq
group_6719	1.00E-02	3.15E-01	1.00E+00	-1.12E+00	4.33E-01	2.00E-02	bad-chisq
group_6718	1.00E-02	3.15E-01	1.00E+00	-1.12E+00	4.33E-01	2.00E-02	bad-chisq
group_6710	1.00E-02	3.15E-01	1.00E+00	-1.12E+00	4.33E-01	2.00E-02	bad-chisq
group_6709	1.00E-02	3.15E-01	1.00E+00	1.12E+00	4.33E-01	-2.00E-02	bad-chisq
group_6704	1.00E-02	3.15E-01	1.00E+00	-1.12E+00	4.33E-01	2.00E-02	bad-chisq
group_6696	1.00E-02	3.15E-01	1.00E+00	-1.12E+00	4.33E-01	2.00E-02	bad-chisq
group_6695	1.00E-02	3.15E-01	1.00E+00	-1.12E+00	4.33E-01	2.00E-02	bad-chisq
group_6694	1.00E-02	3.15E-01	1.00E+00	-1.12E+00	4.33E-01	2.00E-02	bad-chisq
group_6692	1.00E-02	3.15E-01	1.00E+00	-1.12E+00	4.33E-01	2.00E-02	bad-chisq
group_6691	1.00E-02	3.15E-01	1.00E+00	1.12E+00	4.33E-01	-2.00E-02	bad-chisq
group_6690	1.00E-02	3.15E-01	1.00E+00	-1.12E+00	4.33E-01	2.00E-02	bad-chisq
group_6688	1.00E-02	3.15E-01	1.00E+00	-1.12E+00	4.33E-01	2.00E-02	bad-chisq
group_6687	1.00E-02	3.15E-01	1.00E+00	-1.12E+00	4.33E-01	2.00E-02	bad-chisq
group_6672	1.00E-02	3.15E-01	1.00E+00	-1.12E+00	4.33E-01	2.00E-02	bad-chisq
group_6667	1.00E-02	3.15E-01	1.00E+00	1.12E+00	4.33E-01	-2.00E-02	bad-chisq
group_6653	1.00E-02	3.15E-01	1.00E+00	-1.12E+00	4.33E-01	2.00E-02	bad-chisq
group_6652	1.00E-02	3.15E-01	1.00E+00	-1.12E+00	4.33E-01	2.00E-02	bad-chisq
group_6650	1.00E-02	3.15E-01	1.00E+00	-1.12E+00	4.33E-01	2.00E-02	bad-chisq
group_6643	1.00E-02	3.15E-01	1.00E+00	-1.12E+00	4.33E-01	2.00E-02	bad-chisq
group_6642	1.00E-02	3.15E-01	1.00E+00	-1.12E+00	4.33E-01	2.00E-02	bad-chisq
group_6636	1.00E-02	3.15E-01	1.00E+00	-1.12E+00	4.33E-01	2.00E-02	bad-chisq
group_6634	1.00E-02	3.15E-01	1.00E+00	-1.12E+00	4.33E-01	2.00E-02	bad-chisq
group_6621	1.00E-02	3.15E-01	1.00E+00	-1.12E+00	4.33E-01	2.00E-02	bad-chisq
group_6620	1.00E-02	3.15E-01	1.00E+00	-1.12E+00	4.33E-01	2.00E-02	bad-chisq
group_6617	1.00E-02	3.15E-01	1.00E+00	-1.12E+00	4.33E-01	2.00E-02	bad-chisq
group_6616	1.00E-02	3.15E-01	1.00E+00	-1.12E+00	4.33E-01	2.00E-02	bad-chisq
group_6615	1.00E-02	3.15E-01	1.00E+00	-1.12E+00	4.33E-01	2.00E-02	bad-chisq
group_6609	1.00E-02	3.15E-01	1.00E+00	-1.12E+00	4.33E-01	2.00E-02	bad-chisq
group_6608	1.00E-02	3.15E-01	1.00E+00	-1.12E+00	4.33E-01	2.00E-02	bad-chisq
group_6607	1.00E-02	3.15E-01	1.00E+00	-1.12E+00	4.33E-01	2.00E-02	bad-chisq
group_6606	1.00E-02	3.15E-01	1.00E+00	-1.12E+00	4.33E-01	2.00E-02	bad-chisq
group_6605	1.00E-02	3.15E-01	1.00E+00	1.12E+00	4.33E-01	-2.00E-02	bad-chisq
group_6604	1.00E-02	3.15E-01	1.00E+00	-1.12E+00	4.33E-01	2.00E-02	bad-chisq
group_6603	1.00E-02	3.15E-01	1.00E+00	-1.12E+00	4.33E-01	2.00E-02	bad-chisq
group_6602	1.00E-02	3.15E-01	1.00E+00	1.12E+00	4.33E-01	-2.00E-02	bad-chisq
group_6601	1.00E-02	3.15E-01	1.00E+00	-1.12E+00	4.33E-01	2.00E-02	bad-chisq
group_6600	1.00E-02	3.15E-01	1.00E+00	-1.12E+00	4.33E-01	2.00E-02	bad-chisq
group_6599	1.00E-02	3.15E-01	1.00E+00	-1.12E+00	4.33E-01	2.00E-02	bad-chisq
group_6598	1.00E-02	3.15E-01	1.00E+00	-1.12E+00	4.33E-01	2.00E-02	bad-chisq
group_6597	1.00E-02	3.15E-01	1.00E+00	-1.12E+00	4.33E-01	2.00E-02	bad-chisq
group_6594	1.00E-02	3.15E-01	1.00E+00	1.12E+00	4.33E-01	-2.00E-02	bad-chisq
group_6591	1.00E-02	3.15E-01	1.00E+00	-1.12E+00	4.33E-01	2.00E-02	bad-chisq
group_6586	1.00E-02	3.15E-01	1.00E+00	1.12E+00	4.33E-01	-2.00E-02	bad-chisq
group_6584	1.00E-02	3.15E-01	1.00E+00	-1.12E+00	4.33E-01	2.00E-02	bad-chisq
group_6583	1.00E-02	3.15E-01	1.00E+00	-1.12E+00	4.33E-01	2.00E-02	bad-chisq
group_6569	1.00E-02	3.15E-01	1.00E+00	-1.12E+00	4.33E-01	2.00E-02	bad-chisq
group_6567	1.00E-02	3.15E-01	1.00E+00	-1.12E+00	4.33E-01	2.00E-02	bad-chisq
group_6566	1.00E-02	3.15E-01	1.00E+00	-1.12E+00	4.33E-01	2.00E-02	bad-chisq
group_6565	1.00E-02	3.15E-01	1.00E+00	1.12E+00	4.33E-01	-2.00E-02	bad-chisq
group_6564	1.00E-02	3.15E-01	1.00E+00	-1.12E+00	4.33E-01	2.00E-02	bad-chisq
group_6563	1.00E-02	3.15E-01	1.00E+00	-1.12E+00	4.33E-01	2.00E-02	bad-chisq
group_6562	1.00E-02	3.15E-01	1.00E+00	-1.12E+00	4.33E-01	2.00E-02	bad-chisq
group_6561	1.00E-02	3.15E-01	1.00E+00	1.12E+00	4.33E-01	-2.00E-02	bad-chisq
group_6560	1.00E-02	3.15E-01	1.00E+00	-1.12E+00	4.33E-01	2.00E-02	bad-chisq
group_6556	1.00E-02	3.15E-01	1.00E+00	-1.12E+00	4.33E-01	2.00E-02	bad-chisq
group_6545	1.00E-02	3.15E-01	1.00E+00	-1.12E+00	4.33E-01	2.00E-02	bad-chisq
group_6544	1.00E-02	3.15E-01	1.00E+00	1.12E+00	4.33E-01	-2.00E-02	bad-chisq
group_6543	1.00E-02	3.15E-01	1.00E+00	-1.12E+00	4.33E-01	2.00E-02	bad-chisq
group_6542	1.00E-02	3.15E-01	1.00E+00	1.12E+00	4.33E-01	-2.00E-02	bad-chisq
group_6531	1.00E-02	3.15E-01	1.00E+00	-1.12E+00	4.33E-01	2.00E-02	bad-chisq
pduK	1.00E-02	3.15E-01	1.00E+00	-1.12E+00	4.33E-01	2.00E-02	bad-chisq
group_6528	1.00E-02	3.15E-01	1.00E+00	-1.12E+00	4.33E-01	2.00E-02	bad-chisq
group_6519	1.00E-02	3.15E-01	1.00E+00	-1.12E+00	4.33E-01	2.00E-02	bad-chisq
group_6518	1.00E-02	3.15E-01	1.00E+00	-1.12E+00	4.33E-01	2.00E-02	bad-chisq
group_6516	1.00E-02	3.15E-01	1.00E+00	-1.12E+00	4.33E-01	2.00E-02	bad-chisq
group_6511	1.00E-02	3.15E-01	1.00E+00	-1.12E+00	4.33E-01	2.00E-02	bad-chisq
group_6510	1.00E-02	3.15E-01	1.00E+00	-1.12E+00	4.33E-01	2.00E-02	bad-chisq
group_6509	1.00E-02	3.15E-01	1.00E+00	-1.12E+00	4.33E-01	2.00E-02	bad-chisq
group_6508	1.00E-02	3.15E-01	1.00E+00	1.12E+00	4.33E-01	-2.00E-02	bad-chisq
group_6507	1.00E-02	3.15E-01	1.00E+00	-1.12E+00	4.33E-01	2.00E-02	bad-chisq
group_6506	1.00E-02	3.15E-01	1.00E+00	-1.12E+00	4.33E-01	2.00E-02	bad-chisq
group_6503	1.00E-02	3.15E-01	1.00E+00	1.12E+00	4.33E-01	-2.00E-02	bad-chisq
group_6501	1.00E-02	3.15E-01	1.00E+00	-1.12E+00	4.33E-01	2.00E-02	bad-chisq
group_6500	1.00E-02	3.15E-01	1.00E+00	-1.12E+00	4.33E-01	2.00E-02	bad-chisq
group_6499	1.00E-02	3.15E-01	1.00E+00	-1.12E+00	4.33E-01	2.00E-02	bad-chisq
group_6497	1.00E-02	3.15E-01	1.00E+00	-1.12E+00	4.33E-01	2.00E-02	bad-chisq
group_6493	1.00E-02	3.15E-01	1.00E+00	-1.12E+00	4.33E-01	2.00E-02	bad-chisq
group_6492	1.00E-02	3.15E-01	1.00E+00	-1.12E+00	4.33E-01	2.00E-02	bad-chisq
group_6491	1.00E-02	3.15E-01	1.00E+00	-1.12E+00	4.33E-01	2.00E-02	bad-chisq
group_6483	1.00E-02	3.15E-01	1.00E+00	-1.12E+00	4.33E-01	2.00E-02	bad-chisq
group_6482	1.00E-02	3.15E-01	1.00E+00	-1.12E+00	4.33E-01	2.00E-02	bad-chisq
group_6481	1.00E-02	3.15E-01	1.00E+00	1.12E+00	4.33E-01	-2.00E-02	bad-chisq
group_6480	1.00E-02	3.15E-01	1.00E+00	-1.12E+00	4.33E-01	2.00E-02	bad-chisq
group_6479	1.00E-02	3.15E-01	1.00E+00	-1.12E+00	4.33E-01	2.00E-02	bad-chisq
group_6467	1.00E-02	3.15E-01	1.00E+00	-1.12E+00	4.33E-01	2.00E-02	bad-chisq
group_6466	1.00E-02	3.15E-01	1.00E+00	1.12E+00	4.33E-01	-2.00E-02	bad-chisq
group_6463	1.00E-02	3.15E-01	1.00E+00	1.12E+00	4.33E-01	-2.00E-02	bad-chisq
group_6450	1.00E-02	3.15E-01	1.00E+00	-1.12E+00	4.33E-01	2.00E-02	bad-chisq
group_6449	1.00E-02	3.15E-01	1.00E+00	-1.12E+00	4.33E-01	2.00E-02	bad-chisq
group_6448	1.00E-02	3.15E-01	1.00E+00	1.12E+00	4.33E-01	-2.00E-02	bad-chisq
group_6445	1.00E-02	3.15E-01	1.00E+00	-1.12E+00	4.33E-01	2.00E-02	bad-chisq
group_6444	1.00E-02	3.15E-01	1.00E+00	1.12E+00	4.33E-01	-2.00E-02	bad-chisq
group_6441	1.00E-02	3.15E-01	1.00E+00	-1.12E+00	4.33E-01	2.00E-02	bad-chisq
group_6440	1.00E-02	3.15E-01	1.00E+00	-1.12E+00	4.33E-01	2.00E-02	bad-chisq
group_6427	1.00E-02	3.15E-01	1.00E+00	-1.12E+00	4.33E-01	2.00E-02	bad-chisq
group_6426	1.00E-02	3.15E-01	1.00E+00	-1.12E+00	4.33E-01	2.00E-02	bad-chisq
group_6425	1.00E-02	3.15E-01	1.00E+00	-1.12E+00	4.33E-01	2.00E-02	bad-chisq
group_6424	1.00E-02	3.15E-01	1.00E+00	1.12E+00	4.33E-01	-2.00E-02	bad-chisq
group_6423	1.00E-02	3.15E-01	1.00E+00	-1.12E+00	4.33E-01	2.00E-02	bad-chisq
group_6421	1.00E-02	3.15E-01	1.00E+00	1.12E+00	4.33E-01	-2.00E-02	bad-chisq
group_6420	1.00E-02	3.15E-01	1.00E+00	-1.12E+00	4.33E-01	2.00E-02	bad-chisq
group_6418	1.00E-02	3.15E-01	1.00E+00	1.12E+00	4.33E-01	-2.00E-02	bad-chisq
group_6416	1.00E-02	3.15E-01	1.00E+00	-1.12E+00	4.33E-01	2.00E-02	bad-chisq
group_6411	1.00E-02	3.15E-01	1.00E+00	-1.12E+00	4.33E-01	2.00E-02	bad-chisq
group_6410	1.00E-02	3.15E-01	1.00E+00	-1.12E+00	4.33E-01	2.00E-02	bad-chisq
group_6408	1.00E-02	3.15E-01	1.00E+00	-1.12E+00	4.33E-01	2.00E-02	bad-chisq
group_6400	1.00E-02	3.15E-01	1.00E+00	1.12E+00	4.33E-01	-2.00E-02	bad-chisq
group_6390	1.00E-02	3.15E-01	1.00E+00	-1.12E+00	4.33E-01	2.00E-02	bad-chisq
group_6389	1.00E-02	3.15E-01	1.00E+00	-1.12E+00	4.33E-01	2.00E-02	bad-chisq
group_6367	1.00E-02	3.15E-01	1.00E+00	-1.12E+00	4.33E-01	2.00E-02	bad-chisq
group_6366	1.00E-02	3.15E-01	1.00E+00	-1.12E+00	4.33E-01	2.00E-02	bad-chisq
group_6365	1.00E-02	3.15E-01	1.00E+00	-1.12E+00	4.33E-01	2.00E-02	bad-chisq
group_6353	1.00E-02	3.15E-01	1.00E+00	-1.12E+00	4.33E-01	2.00E-02	bad-chisq
group_6345	1.00E-02	3.15E-01	1.00E+00	-1.12E+00	4.33E-01	2.00E-02	bad-chisq
group_6344	1.00E-02	3.15E-01	1.00E+00	-1.12E+00	4.33E-01	2.00E-02	bad-chisq
group_6343	1.00E-02	3.15E-01	1.00E+00	-1.12E+00	4.33E-01	2.00E-02	bad-chisq
group_6342	1.00E-02	3.15E-01	1.00E+00	1.12E+00	4.33E-01	-2.00E-02	bad-chisq
group_6341	1.00E-02	3.15E-01	1.00E+00	1.12E+00	4.33E-01	-2.00E-02	bad-chisq
group_6340	1.00E-02	3.15E-01	1.00E+00	-1.12E+00	4.33E-01	2.00E-02	bad-chisq
group_6331	1.00E-02	3.15E-01	1.00E+00	-1.12E+00	4.33E-01	2.00E-02	bad-chisq
mcjB	1.00E-02	3.15E-01	1.00E+00	-1.12E+00	4.33E-01	2.00E-02	bad-chisq
group_6316	1.00E-02	3.15E-01	1.00E+00	-1.12E+00	4.33E-01	2.00E-02	bad-chisq
group_6315	1.00E-02	3.15E-01	1.00E+00	-1.12E+00	4.33E-01	2.00E-02	bad-chisq
pilT	1.00E-02	3.15E-01	1.00E+00	-1.12E+00	4.33E-01	2.00E-02	bad-chisq
group_6298	1.00E-02	3.15E-01	1.00E+00	-1.12E+00	4.33E-01	2.00E-02	bad-chisq
group_6297	1.00E-02	3.15E-01	1.00E+00	-1.12E+00	4.33E-01	2.00E-02	bad-chisq
group_6296	1.00E-02	3.15E-01	1.00E+00	-1.12E+00	4.33E-01	2.00E-02	bad-chisq
group_6293	1.00E-02	3.15E-01	1.00E+00	-1.12E+00	4.33E-01	2.00E-02	bad-chisq
group_6281	1.00E-02	3.15E-01	1.00E+00	-1.12E+00	4.33E-01	2.00E-02	bad-chisq
group_6280	1.00E-02	3.15E-01	1.00E+00	-1.12E+00	4.33E-01	2.00E-02	bad-chisq
group_6276	1.00E-02	3.15E-01	1.00E+00	1.12E+00	4.33E-01	-2.00E-02	bad-chisq
group_6275	1.00E-02	3.15E-01	1.00E+00	1.12E+00	4.33E-01	-2.00E-02	bad-chisq
group_6274	1.00E-02	3.15E-01	1.00E+00	-1.12E+00	4.33E-01	2.00E-02	bad-chisq
group_6268	1.00E-02	3.15E-01	1.00E+00	-1.12E+00	4.33E-01	2.00E-02	bad-chisq
group_6263	1.00E-02	3.15E-01	1.00E+00	-1.12E+00	4.33E-01	2.00E-02	bad-chisq
group_6256	1.00E-02	3.15E-01	1.00E+00	-1.12E+00	4.33E-01	2.00E-02	bad-chisq
group_6255	1.00E-02	3.15E-01	1.00E+00	-1.12E+00	4.33E-01	2.00E-02	bad-chisq
group_6248	1.00E-02	3.15E-01	1.00E+00	-1.12E+00	4.33E-01	2.00E-02	bad-chisq
group_6247	1.00E-02	3.15E-01	1.00E+00	1.12E+00	4.33E-01	-2.00E-02	bad-chisq
group_6246	1.00E-02	3.15E-01	1.00E+00	1.12E+00	4.33E-01	-2.00E-02	bad-chisq
group_6239	1.00E-02	3.15E-01	1.00E+00	-1.12E+00	4.33E-01	2.00E-02	bad-chisq
group_6233	1.00E-02	3.15E-01	1.00E+00	-1.12E+00	4.33E-01	2.00E-02	bad-chisq
group_6224	1.00E-02	3.15E-01	1.00E+00	-1.12E+00	4.33E-01	2.00E-02	bad-chisq
group_6222	1.00E-02	3.15E-01	1.00E+00	1.12E+00	4.33E-01	-2.00E-02	bad-chisq
group_6217	1.00E-02	3.15E-01	1.00E+00	-1.12E+00	4.33E-01	2.00E-02	bad-chisq
ybcI	1.00E-02	3.15E-01	1.00E+00	-1.12E+00	4.33E-01	2.00E-02	bad-chisq
group_6192	1.00E-02	3.15E-01	1.00E+00	-1.12E+00	4.33E-01	2.00E-02	bad-chisq
group_6191	1.00E-02	3.15E-01	1.00E+00	-1.12E+00	4.33E-01	2.00E-02	bad-chisq
group_6188	1.00E-02	3.15E-01	1.00E+00	1.12E+00	4.33E-01	-2.00E-02	bad-chisq
group_6187	1.00E-02	3.15E-01	1.00E+00	-1.12E+00	4.33E-01	2.00E-02	bad-chisq
group_6182	1.00E-02	3.15E-01	1.00E+00	-1.12E+00	4.33E-01	2.00E-02	bad-chisq
group_6172	1.00E-02	3.15E-01	1.00E+00	-1.12E+00	4.33E-01	2.00E-02	bad-chisq
group_6171	1.00E-02	3.15E-01	1.00E+00	-1.12E+00	4.33E-01	2.00E-02	bad-chisq
group_6170	1.00E-02	3.15E-01	1.00E+00	-1.12E+00	4.33E-01	2.00E-02	bad-chisq
group_6165	1.00E-02	3.15E-01	1.00E+00	-1.12E+00	4.33E-01	2.00E-02	bad-chisq
group_6164	1.00E-02	3.15E-01	1.00E+00	-1.12E+00	4.33E-01	2.00E-02	bad-chisq
group_6156	1.00E-02	3.15E-01	1.00E+00	-1.12E+00	4.33E-01	2.00E-02	bad-chisq
group_6155	1.00E-02	3.15E-01	1.00E+00	1.12E+00	4.33E-01	-2.00E-02	bad-chisq
group_6151	1.00E-02	3.15E-01	1.00E+00	-1.12E+00	4.33E-01	2.00E-02	bad-chisq
group_6139	1.00E-02	3.15E-01	1.00E+00	-1.12E+00	4.33E-01	2.00E-02	bad-chisq
group_6133	1.00E-02	3.15E-01	1.00E+00	1.12E+00	4.33E-01	-2.00E-02	bad-chisq
group_6126	1.00E-02	3.15E-01	1.00E+00	-1.12E+00	4.33E-01	2.00E-02	bad-chisq
group_6119	1.00E-02	3.15E-01	1.00E+00	1.12E+00	4.33E-01	-2.00E-02	bad-chisq
group_6117	1.00E-02	3.15E-01	1.00E+00	1.12E+00	4.33E-01	-2.00E-02	bad-chisq
group_6113	1.00E-02	3.15E-01	1.00E+00	-1.12E+00	4.33E-01	2.00E-02	bad-chisq
group_6112	1.00E-02	3.15E-01	1.00E+00	-1.12E+00	4.33E-01	2.00E-02	bad-chisq
gemA	1.00E-02	3.15E-01	1.00E+00	-1.12E+00	4.33E-01	2.00E-02	bad-chisq
group_6106	1.00E-02	3.15E-01	1.00E+00	-1.12E+00	4.33E-01	2.00E-02	bad-chisq
group_6105	1.00E-02	3.15E-01	1.00E+00	-1.12E+00	4.33E-01	2.00E-02	bad-chisq
group_6104	1.00E-02	3.15E-01	1.00E+00	-1.12E+00	4.33E-01	2.00E-02	bad-chisq
group_6102	1.00E-02	3.15E-01	1.00E+00	1.12E+00	4.33E-01	-2.00E-02	bad-chisq
group_6093	1.00E-02	3.15E-01	1.00E+00	-1.12E+00	4.33E-01	2.00E-02	bad-chisq
group_6092	1.00E-02	3.15E-01	1.00E+00	-1.12E+00	4.33E-01	2.00E-02	bad-chisq
group_6090	1.00E-02	3.15E-01	1.00E+00	-1.12E+00	4.33E-01	2.00E-02	bad-chisq
group_6088	1.00E-02	3.15E-01	1.00E+00	1.12E+00	4.33E-01	-2.00E-02	bad-chisq
group_6085	1.00E-02	3.15E-01	1.00E+00	1.12E+00	4.33E-01	-2.00E-02	bad-chisq
group_6074	1.00E-02	3.15E-01	1.00E+00	-1.12E+00	4.33E-01	2.00E-02	bad-chisq
group_6073	1.00E-02	3.15E-01	1.00E+00	-1.12E+00	4.33E-01	2.00E-02	bad-chisq
group_6071	1.00E-02	3.15E-01	1.00E+00	1.12E+00	4.33E-01	-2.00E-02	bad-chisq
group_6060	1.00E-02	3.15E-01	1.00E+00	1.12E+00	4.33E-01	-2.00E-02	bad-chisq
group_6049	1.00E-02	3.15E-01	1.00E+00	-1.12E+00	4.33E-01	2.00E-02	bad-chisq
group_6046	1.00E-02	3.15E-01	1.00E+00	-1.12E+00	4.33E-01	2.00E-02	bad-chisq
group_6037	1.00E-02	3.15E-01	1.00E+00	-1.12E+00	4.33E-01	2.00E-02	bad-chisq
group_6035	1.00E-02	3.15E-01	1.00E+00	1.12E+00	4.33E-01	-2.00E-02	bad-chisq
group_6034	1.00E-02	3.15E-01	1.00E+00	1.12E+00	4.33E-01	-2.00E-02	bad-chisq
group_6033	1.00E-02	3.15E-01	1.00E+00	-1.12E+00	4.33E-01	2.00E-02	bad-chisq
group_6030	1.00E-02	3.15E-01	1.00E+00	-1.12E+00	4.33E-01	2.00E-02	bad-chisq
group_6029	1.00E-02	3.15E-01	1.00E+00	-1.12E+00	4.33E-01	2.00E-02	bad-chisq
group_6027	1.00E-02	3.15E-01	1.00E+00	-1.12E+00	4.33E-01	2.00E-02	bad-chisq
group_6026	1.00E-02	3.15E-01	1.00E+00	-1.12E+00	4.33E-01	2.00E-02	bad-chisq
group_6025	1.00E-02	3.15E-01	1.00E+00	-1.12E+00	4.33E-01	2.00E-02	bad-chisq
group_6024	1.00E-02	3.15E-01	1.00E+00	1.12E+00	4.33E-01	-2.00E-02	bad-chisq
group_6022	1.00E-02	3.15E-01	1.00E+00	-1.12E+00	4.33E-01	2.00E-02	bad-chisq
group_6018	1.00E-02	3.15E-01	1.00E+00	-1.12E+00	4.33E-01	2.00E-02	bad-chisq
group_6015	1.00E-02	3.15E-01	1.00E+00	-1.12E+00	4.33E-01	2.00E-02	bad-chisq
group_6014	1.00E-02	3.15E-01	1.00E+00	-1.12E+00	4.33E-01	2.00E-02	bad-chisq
group_6013	1.00E-02	3.15E-01	1.00E+00	-1.12E+00	4.33E-01	2.00E-02	bad-chisq
group_6009	1.00E-02	3.15E-01	1.00E+00	-1.12E+00	4.33E-01	2.00E-02	bad-chisq
group_6003	1.00E-02	3.15E-01	1.00E+00	-1.12E+00	4.33E-01	2.00E-02	bad-chisq
group_5997	1.00E-02	3.15E-01	1.00E+00	-1.12E+00	4.33E-01	2.00E-02	bad-chisq
group_5996	1.00E-02	3.15E-01	1.00E+00	-1.12E+00	4.33E-01	2.00E-02	bad-chisq
group_5989	1.00E-02	3.15E-01	1.00E+00	-1.12E+00	4.33E-01	2.00E-02	bad-chisq
group_5985	1.00E-02	3.15E-01	1.00E+00	-1.12E+00	4.33E-01	2.00E-02	bad-chisq
group_5981	1.00E-02	3.15E-01	1.00E+00	-1.12E+00	4.33E-01	2.00E-02	bad-chisq
group_5980	1.00E-02	3.15E-01	1.00E+00	-1.12E+00	4.33E-01	2.00E-02	bad-chisq
group_5977	1.00E-02	3.15E-01	1.00E+00	-1.12E+00	4.33E-01	2.00E-02	bad-chisq
group_5976	1.00E-02	3.15E-01	1.00E+00	-1.12E+00	4.33E-01	2.00E-02	bad-chisq
group_5973	1.00E-02	3.15E-01	1.00E+00	1.12E+00	4.33E-01	-2.00E-02	bad-chisq
group_5972	1.00E-02	3.15E-01	1.00E+00	-1.12E+00	4.33E-01	2.00E-02	bad-chisq
group_5971	1.00E-02	3.15E-01	1.00E+00	-1.12E+00	4.33E-01	2.00E-02	bad-chisq
group_5970	1.00E-02	3.15E-01	1.00E+00	-1.12E+00	4.33E-01	2.00E-02	bad-chisq
group_5967	1.00E-02	3.15E-01	1.00E+00	-1.12E+00	4.33E-01	2.00E-02	bad-chisq
group_5964	1.00E-02	3.15E-01	1.00E+00	1.12E+00	4.33E-01	-2.00E-02	bad-chisq
group_5962	1.00E-02	3.15E-01	1.00E+00	-1.12E+00	4.33E-01	2.00E-02	bad-chisq
group_5961	1.00E-02	3.15E-01	1.00E+00	-1.12E+00	4.33E-01	2.00E-02	bad-chisq
group_5960	1.00E-02	3.15E-01	1.00E+00	-1.12E+00	4.33E-01	2.00E-02	bad-chisq
group_5959	1.00E-02	3.15E-01	1.00E+00	1.12E+00	4.33E-01	-2.00E-02	bad-chisq
group_5952	1.00E-02	3.15E-01	1.00E+00	-1.12E+00	4.33E-01	2.00E-02	bad-chisq
group_5950	1.00E-02	3.15E-01	1.00E+00	1.12E+00	4.33E-01	-2.00E-02	bad-chisq
group_5949	1.00E-02	3.15E-01	1.00E+00	-1.12E+00	4.33E-01	2.00E-02	bad-chisq
group_5938	1.00E-02	3.15E-01	1.00E+00	-1.12E+00	4.33E-01	2.00E-02	bad-chisq
group_5937	1.00E-02	3.15E-01	1.00E+00	-1.12E+00	4.33E-01	2.00E-02	bad-chisq
group_5936	1.00E-02	3.15E-01	1.00E+00	-1.12E+00	4.33E-01	2.00E-02	bad-chisq
group_5926	1.00E-02	3.15E-01	1.00E+00	-1.12E+00	4.33E-01	2.00E-02	bad-chisq
tfaE	1.00E-02	3.15E-01	1.00E+00	-1.12E+00	4.33E-01	2.00E-02	bad-chisq
group_5925	1.00E-02	3.15E-01	1.00E+00	-1.12E+00	4.33E-01	2.00E-02	bad-chisq
group_5914	1.00E-02	3.15E-01	1.00E+00	-1.12E+00	4.33E-01	2.00E-02	bad-chisq
group_5913	1.00E-02	3.15E-01	1.00E+00	-1.12E+00	4.33E-01	2.00E-02	bad-chisq
group_5906	1.00E-02	3.15E-01	1.00E+00	-1.12E+00	4.33E-01	2.00E-02	bad-chisq
group_5898	1.00E-02	3.15E-01	1.00E+00	-1.12E+00	4.33E-01	2.00E-02	bad-chisq
group_5897	1.00E-02	3.15E-01	1.00E+00	-1.12E+00	4.33E-01	2.00E-02	bad-chisq
group_5896	1.00E-02	3.15E-01	1.00E+00	-1.12E+00	4.33E-01	2.00E-02	bad-chisq
group_5894	1.00E-02	3.15E-01	1.00E+00	1.12E+00	4.33E-01	-2.00E-02	bad-chisq
group_5893	1.00E-02	3.15E-01	1.00E+00	-1.12E+00	4.33E-01	2.00E-02	bad-chisq
group_5891	1.00E-02	3.15E-01	1.00E+00	-1.12E+00	4.33E-01	2.00E-02	bad-chisq
group_5885	1.00E-02	3.15E-01	1.00E+00	-1.12E+00	4.33E-01	2.00E-02	bad-chisq
group_5881	1.00E-02	3.15E-01	1.00E+00	-1.12E+00	4.33E-01	2.00E-02	bad-chisq
group_5879	1.00E-02	3.15E-01	1.00E+00	-1.12E+00	4.33E-01	2.00E-02	bad-chisq
group_5878	1.00E-02	3.15E-01	1.00E+00	1.12E+00	4.33E-01	-2.00E-02	bad-chisq
group_5875	1.00E-02	3.15E-01	1.00E+00	-1.12E+00	4.33E-01	2.00E-02	bad-chisq
group_5874	1.00E-02	3.15E-01	1.00E+00	-1.12E+00	4.33E-01	2.00E-02	bad-chisq
group_5873	1.00E-02	3.15E-01	1.00E+00	-1.12E+00	4.33E-01	2.00E-02	bad-chisq
group_5870	1.00E-02	3.15E-01	1.00E+00	-1.12E+00	4.33E-01	2.00E-02	bad-chisq
group_5869	1.00E-02	3.15E-01	1.00E+00	1.12E+00	4.33E-01	-2.00E-02	bad-chisq
group_5868	1.00E-02	3.15E-01	1.00E+00	-1.12E+00	4.33E-01	2.00E-02	bad-chisq
group_5860	1.00E-02	3.15E-01	1.00E+00	-1.12E+00	4.33E-01	2.00E-02	bad-chisq
group_5859	1.00E-02	3.15E-01	1.00E+00	-1.12E+00	4.33E-01	2.00E-02	bad-chisq
group_5857	1.00E-02	3.15E-01	1.00E+00	1.12E+00	4.33E-01	-2.00E-02	bad-chisq
group_5856	1.00E-02	3.15E-01	1.00E+00	1.12E+00	4.33E-01	-2.00E-02	bad-chisq
group_5852	1.00E-02	3.15E-01	1.00E+00	-1.12E+00	4.33E-01	2.00E-02	bad-chisq
group_5843	1.00E-02	3.15E-01	1.00E+00	-1.12E+00	4.33E-01	2.00E-02	bad-chisq
group_5838	1.00E-02	3.15E-01	1.00E+00	1.12E+00	4.33E-01	-2.00E-02	bad-chisq
group_5837	1.00E-02	3.15E-01	1.00E+00	1.12E+00	4.33E-01	-2.00E-02	bad-chisq
group_5834	1.00E-02	3.15E-01	1.00E+00	-1.12E+00	4.33E-01	2.00E-02	bad-chisq
group_5833	1.00E-02	3.15E-01	1.00E+00	-1.12E+00	4.33E-01	2.00E-02	bad-chisq
group_5829	1.00E-02	3.15E-01	1.00E+00	-1.12E+00	4.33E-01	2.00E-02	bad-chisq
group_5828	1.00E-02	3.15E-01	1.00E+00	1.12E+00	4.33E-01	-2.00E-02	bad-chisq
group_5827	1.00E-02	3.15E-01	1.00E+00	1.12E+00	4.33E-01	-2.00E-02	bad-chisq
group_5822	1.00E-02	3.15E-01	1.00E+00	-1.12E+00	4.33E-01	2.00E-02	bad-chisq
group_5821	1.00E-02	3.15E-01	1.00E+00	-1.12E+00	4.33E-01	2.00E-02	bad-chisq
group_5820	1.00E-02	3.15E-01	1.00E+00	1.12E+00	4.33E-01	-2.00E-02	bad-chisq
group_5819	1.00E-02	3.15E-01	1.00E+00	1.12E+00	4.33E-01	-2.00E-02	bad-chisq
group_5805	1.00E-02	3.15E-01	1.00E+00	-1.12E+00	4.33E-01	2.00E-02	bad-chisq
group_5801	1.00E-02	3.15E-01	1.00E+00	-1.12E+00	4.33E-01	2.00E-02	bad-chisq
group_5800	1.00E-02	3.15E-01	1.00E+00	-1.12E+00	4.33E-01	2.00E-02	bad-chisq
group_5799	1.00E-02	3.15E-01	1.00E+00	-1.12E+00	4.33E-01	2.00E-02	bad-chisq
group_5798	1.00E-02	3.15E-01	1.00E+00	-1.12E+00	4.33E-01	2.00E-02	bad-chisq
group_5787	1.00E-02	3.15E-01	1.00E+00	-1.12E+00	4.33E-01	2.00E-02	bad-chisq
group_5785	1.00E-02	3.15E-01	1.00E+00	1.12E+00	4.33E-01	-2.00E-02	bad-chisq
yuaU	1.00E-02	3.15E-01	1.00E+00	-1.12E+00	4.33E-01	2.00E-02	bad-chisq
group_5776	1.00E-02	3.15E-01	1.00E+00	-1.12E+00	4.33E-01	2.00E-02	bad-chisq
group_5775	1.00E-02	3.15E-01	1.00E+00	-1.12E+00	4.33E-01	2.00E-02	bad-chisq
group_5774	1.00E-02	3.15E-01	1.00E+00	-1.12E+00	4.33E-01	2.00E-02	bad-chisq
group_5767	1.00E-02	3.15E-01	1.00E+00	1.12E+00	4.33E-01	-2.00E-02	bad-chisq
group_5756	1.00E-02	3.15E-01	1.00E+00	-1.12E+00	4.33E-01	2.00E-02	bad-chisq
group_5755	1.00E-02	3.15E-01	1.00E+00	-1.12E+00	4.33E-01	2.00E-02	bad-chisq
group_5753	1.00E-02	3.15E-01	1.00E+00	-1.12E+00	4.33E-01	2.00E-02	bad-chisq
group_5752	1.00E-02	3.15E-01	1.00E+00	-1.12E+00	4.33E-01	2.00E-02	bad-chisq
group_5751	1.00E-02	3.15E-01	1.00E+00	-1.12E+00	4.33E-01	2.00E-02	bad-chisq
group_5742	1.00E-02	3.15E-01	1.00E+00	1.12E+00	4.33E-01	-2.00E-02	bad-chisq
group_5741	1.00E-02	3.15E-01	1.00E+00	1.12E+00	4.33E-01	-2.00E-02	bad-chisq
group_5739	1.00E-02	3.15E-01	1.00E+00	1.12E+00	4.33E-01	-2.00E-02	bad-chisq
group_5732	1.00E-02	3.15E-01	1.00E+00	1.12E+00	4.33E-01	-2.00E-02	bad-chisq
group_5731	1.00E-02	3.15E-01	1.00E+00	1.12E+00	4.33E-01	-2.00E-02	bad-chisq
group_5726	1.00E-02	3.15E-01	1.00E+00	1.12E+00	4.33E-01	-2.00E-02	bad-chisq
group_5721	1.00E-02	3.15E-01	1.00E+00	-1.12E+00	4.33E-01	2.00E-02	bad-chisq
group_5720	1.00E-02	3.15E-01	1.00E+00	-1.12E+00	4.33E-01	2.00E-02	bad-chisq
group_5719	1.00E-02	3.15E-01	1.00E+00	-1.12E+00	4.33E-01	2.00E-02	bad-chisq
group_5713	1.00E-02	3.15E-01	1.00E+00	-1.12E+00	4.33E-01	2.00E-02	bad-chisq
group_5712	1.00E-02	3.15E-01	1.00E+00	1.12E+00	4.33E-01	-2.00E-02	bad-chisq
group_5710	1.00E-02	3.15E-01	1.00E+00	1.12E+00	4.33E-01	-2.00E-02	bad-chisq
group_5705	1.00E-02	3.15E-01	1.00E+00	-1.12E+00	4.33E-01	2.00E-02	bad-chisq
pilL	1.00E-02	3.15E-01	1.00E+00	-1.12E+00	4.33E-01	2.00E-02	bad-chisq
group_5702	1.00E-02	3.15E-01	1.00E+00	-1.12E+00	4.33E-01	2.00E-02	bad-chisq
group_5701	1.00E-02	3.15E-01	1.00E+00	-1.12E+00	4.33E-01	2.00E-02	bad-chisq
group_5687	1.00E-02	3.15E-01	1.00E+00	1.12E+00	4.33E-01	-2.00E-02	bad-chisq
zinT	1.00E-02	3.15E-01	1.00E+00	-1.12E+00	4.33E-01	2.00E-02	bad-chisq
group_5672	1.00E-02	3.15E-01	1.00E+00	-1.12E+00	4.33E-01	2.00E-02	bad-chisq
group_5659	1.00E-02	3.15E-01	1.00E+00	-1.12E+00	4.33E-01	2.00E-02	bad-chisq
group_5655	1.00E-02	3.15E-01	1.00E+00	1.12E+00	4.33E-01	-2.00E-02	bad-chisq
group_5650	1.00E-02	3.15E-01	1.00E+00	-1.12E+00	4.33E-01	2.00E-02	bad-chisq
group_5647	1.00E-02	3.15E-01	1.00E+00	-1.12E+00	4.33E-01	2.00E-02	bad-chisq
group_5645	1.00E-02	3.15E-01	1.00E+00	-1.12E+00	4.33E-01	2.00E-02	bad-chisq
group_5637	1.00E-02	3.15E-01	1.00E+00	-1.12E+00	4.33E-01	2.00E-02	bad-chisq
group_5636	1.00E-02	3.15E-01	1.00E+00	1.12E+00	4.33E-01	-2.00E-02	bad-chisq
tctD	1.00E-02	3.15E-01	1.00E+00	-1.12E+00	4.33E-01	2.00E-02	bad-chisq
group_5628	1.00E-02	3.15E-01	1.00E+00	1.12E+00	4.33E-01	-2.00E-02	bad-chisq
group_5627	1.00E-02	3.15E-01	1.00E+00	1.12E+00	4.33E-01	-2.00E-02	bad-chisq
group_5626	1.00E-02	3.15E-01	1.00E+00	-1.12E+00	4.33E-01	2.00E-02	bad-chisq
group_5619	1.00E-02	3.15E-01	1.00E+00	-1.12E+00	4.33E-01	2.00E-02	bad-chisq
group_5618	1.00E-02	3.15E-01	1.00E+00	1.12E+00	4.33E-01	-2.00E-02	bad-chisq
group_5617	1.00E-02	3.15E-01	1.00E+00	1.12E+00	4.33E-01	-2.00E-02	bad-chisq
group_5615	1.00E-02	3.15E-01	1.00E+00	-1.12E+00	4.33E-01	2.00E-02	bad-chisq
group_5614	1.00E-02	3.15E-01	1.00E+00	-1.12E+00	4.33E-01	2.00E-02	bad-chisq
group_5608	1.00E-02	3.15E-01	1.00E+00	-1.12E+00	4.33E-01	2.00E-02	bad-chisq
group_5607	1.00E-02	3.15E-01	1.00E+00	1.12E+00	4.33E-01	-2.00E-02	bad-chisq
group_5606	1.00E-02	3.15E-01	1.00E+00	-1.12E+00	4.33E-01	2.00E-02	bad-chisq
group_5605	1.00E-02	3.15E-01	1.00E+00	1.12E+00	4.33E-01	-2.00E-02	bad-chisq
group_5602	1.00E-02	3.15E-01	1.00E+00	-1.12E+00	4.33E-01	2.00E-02	bad-chisq
group_5600	1.00E-02	3.15E-01	1.00E+00	1.12E+00	4.33E-01	-2.00E-02	bad-chisq
group_5592	1.00E-02	3.15E-01	1.00E+00	-1.12E+00	4.33E-01	2.00E-02	bad-chisq
mceF	1.00E-02	3.15E-01	1.00E+00	-1.12E+00	4.33E-01	2.00E-02	bad-chisq
group_5586	1.00E-02	3.15E-01	1.00E+00	-1.12E+00	4.33E-01	2.00E-02	bad-chisq
group_5581	1.00E-02	3.15E-01	1.00E+00	1.12E+00	4.33E-01	-2.00E-02	bad-chisq
group_5579	1.00E-02	3.15E-01	1.00E+00	-1.12E+00	4.33E-01	2.00E-02	bad-chisq
group_5573	1.00E-02	3.15E-01	1.00E+00	-1.12E+00	4.33E-01	2.00E-02	bad-chisq
group_5569	1.00E-02	3.15E-01	1.00E+00	-1.12E+00	4.33E-01	2.00E-02	bad-chisq
group_5567	1.00E-02	3.15E-01	1.00E+00	1.12E+00	4.33E-01	-2.00E-02	bad-chisq
group_5564	1.00E-02	3.15E-01	1.00E+00	-1.12E+00	4.33E-01	2.00E-02	bad-chisq
yfjR	1.00E-02	3.15E-01	1.00E+00	-1.12E+00	4.33E-01	2.00E-02	bad-chisq
yihL	1.00E-02	3.15E-01	1.00E+00	-1.12E+00	4.33E-01	2.00E-02	bad-chisq
group_5537	1.00E-02	3.15E-01	1.00E+00	-1.12E+00	4.33E-01	2.00E-02	bad-chisq
group_5534	1.00E-02	3.15E-01	1.00E+00	-1.12E+00	4.33E-01	2.00E-02	bad-chisq
group_5501	1.00E-02	3.15E-01	1.00E+00	-1.12E+00	4.33E-01	2.00E-02	bad-chisq
group_5500	1.00E-02	3.15E-01	1.00E+00	-1.12E+00	4.33E-01	2.00E-02	bad-chisq
group_5497	1.00E-02	3.15E-01	1.00E+00	-1.12E+00	4.33E-01	2.00E-02	bad-chisq
group_5489	1.00E-02	3.15E-01	1.00E+00	-1.12E+00	4.33E-01	2.00E-02	bad-chisq
group_5488	1.00E-02	3.15E-01	1.00E+00	-1.12E+00	4.33E-01	2.00E-02	bad-chisq
group_5487	1.00E-02	3.15E-01	1.00E+00	-1.12E+00	4.33E-01	2.00E-02	bad-chisq
group_5480	1.00E-02	3.15E-01	1.00E+00	-1.12E+00	4.33E-01	2.00E-02	bad-chisq
group_5478	1.00E-02	3.15E-01	1.00E+00	-1.12E+00	4.33E-01	2.00E-02	bad-chisq
group_5465	1.00E-02	3.15E-01	1.00E+00	-1.12E+00	4.33E-01	2.00E-02	bad-chisq
group_5460	1.00E-02	3.15E-01	1.00E+00	-1.12E+00	4.33E-01	2.00E-02	bad-chisq
group_5459	1.00E-02	3.15E-01	1.00E+00	1.12E+00	4.33E-01	-2.00E-02	bad-chisq
group_5458	1.00E-02	3.15E-01	1.00E+00	-1.12E+00	4.33E-01	2.00E-02	bad-chisq
group_5457	1.00E-02	3.15E-01	1.00E+00	1.12E+00	4.33E-01	-2.00E-02	bad-chisq
group_5454	1.00E-02	3.15E-01	1.00E+00	-1.12E+00	4.33E-01	2.00E-02	bad-chisq
group_5444	1.00E-02	3.15E-01	1.00E+00	-1.12E+00	4.33E-01	2.00E-02	bad-chisq
group_5443	1.00E-02	3.15E-01	1.00E+00	-1.12E+00	4.33E-01	2.00E-02	bad-chisq
yxeO	1.00E-02	3.15E-01	1.00E+00	-1.12E+00	4.33E-01	2.00E-02	bad-chisq
glnQ	1.00E-02	3.15E-01	1.00E+00	-1.12E+00	4.33E-01	2.00E-02	bad-chisq
group_5439	1.00E-02	3.15E-01	1.00E+00	-1.12E+00	4.33E-01	2.00E-02	bad-chisq
group_5430	1.00E-02	3.15E-01	1.00E+00	-1.12E+00	4.33E-01	2.00E-02	bad-chisq
group_5429	1.00E-02	3.15E-01	1.00E+00	-1.12E+00	4.33E-01	2.00E-02	bad-chisq
group_5428	1.00E-02	3.15E-01	1.00E+00	-1.12E+00	4.33E-01	2.00E-02	bad-chisq
group_5424	1.00E-02	3.15E-01	1.00E+00	-1.12E+00	4.33E-01	2.00E-02	bad-chisq
group_5416	1.00E-02	3.15E-01	1.00E+00	-1.12E+00	4.33E-01	2.00E-02	bad-chisq
group_5397	1.00E-02	3.15E-01	1.00E+00	-1.12E+00	4.33E-01	2.00E-02	bad-chisq
group_5391	1.00E-02	3.15E-01	1.00E+00	-1.12E+00	4.33E-01	2.00E-02	bad-chisq
group_5390	1.00E-02	3.15E-01	1.00E+00	1.12E+00	4.33E-01	-2.00E-02	bad-chisq
group_5388	1.00E-02	3.15E-01	1.00E+00	1.12E+00	4.33E-01	-2.00E-02	bad-chisq
group_5386	1.00E-02	3.15E-01	1.00E+00	-1.12E+00	4.33E-01	2.00E-02	bad-chisq
group_5385	1.00E-02	3.15E-01	1.00E+00	-1.12E+00	4.33E-01	2.00E-02	bad-chisq
group_5379	1.00E-02	3.15E-01	1.00E+00	-1.12E+00	4.33E-01	2.00E-02	bad-chisq
group_5378	1.00E-02	3.15E-01	1.00E+00	-1.12E+00	4.33E-01	2.00E-02	bad-chisq
group_5369	1.00E-02	3.15E-01	1.00E+00	-1.12E+00	4.33E-01	2.00E-02	bad-chisq
repL	1.00E-02	3.15E-01	1.00E+00	1.12E+00	4.33E-01	-2.00E-02	bad-chisq
group_5360	1.00E-02	3.15E-01	1.00E+00	1.12E+00	4.33E-01	-2.00E-02	bad-chisq
group_5358	1.00E-02	3.15E-01	1.00E+00	1.12E+00	4.33E-01	-2.00E-02	bad-chisq
group_5356	1.00E-02	3.15E-01	1.00E+00	1.12E+00	4.33E-01	-2.00E-02	bad-chisq
group_5348	1.00E-02	3.15E-01	1.00E+00	-1.12E+00	4.33E-01	2.00E-02	bad-chisq
group_5347	1.00E-02	3.15E-01	1.00E+00	-1.12E+00	4.33E-01	2.00E-02	bad-chisq
group_5344	1.00E-02	3.15E-01	1.00E+00	-1.12E+00	4.33E-01	2.00E-02	bad-chisq
nanR	1.00E-02	3.15E-01	1.00E+00	-1.12E+00	4.33E-01	2.00E-02	bad-chisq
group_5334	1.00E-02	3.15E-01	1.00E+00	-1.12E+00	4.33E-01	2.00E-02	bad-chisq
group_5329	1.00E-02	3.15E-01	1.00E+00	1.12E+00	4.33E-01	-2.00E-02	bad-chisq
group_5321	1.00E-02	3.15E-01	1.00E+00	1.12E+00	4.33E-01	-2.00E-02	bad-chisq
group_5314	1.00E-02	3.15E-01	1.00E+00	-1.12E+00	4.33E-01	2.00E-02	bad-chisq
group_5306	1.00E-02	3.15E-01	1.00E+00	-1.12E+00	4.33E-01	2.00E-02	bad-chisq
group_5303	1.00E-02	3.15E-01	1.00E+00	-1.12E+00	4.33E-01	2.00E-02	bad-chisq
group_5298	1.00E-02	3.15E-01	1.00E+00	-1.12E+00	4.33E-01	2.00E-02	bad-chisq
group_5288	1.00E-02	3.15E-01	1.00E+00	-1.12E+00	4.33E-01	2.00E-02	bad-chisq
group_5287	1.00E-02	3.15E-01	1.00E+00	-1.12E+00	4.33E-01	2.00E-02	bad-chisq
group_5279	1.00E-02	3.15E-01	1.00E+00	-1.12E+00	4.33E-01	2.00E-02	bad-chisq
group_5277	1.00E-02	3.15E-01	1.00E+00	-1.12E+00	4.33E-01	2.00E-02	bad-chisq
group_5269	1.00E-02	3.15E-01	1.00E+00	-1.12E+00	4.33E-01	2.00E-02	bad-chisq
group_5268	1.00E-02	3.15E-01	1.00E+00	1.12E+00	4.33E-01	-2.00E-02	bad-chisq
group_5266	1.00E-02	3.15E-01	1.00E+00	-1.12E+00	4.33E-01	2.00E-02	bad-chisq
group_5265	1.00E-02	3.15E-01	1.00E+00	-1.12E+00	4.33E-01	2.00E-02	bad-chisq
group_5261	1.00E-02	3.15E-01	1.00E+00	-1.12E+00	4.33E-01	2.00E-02	bad-chisq
group_5260	1.00E-02	3.15E-01	1.00E+00	-1.12E+00	4.33E-01	2.00E-02	bad-chisq
group_5257	1.00E-02	3.15E-01	1.00E+00	1.12E+00	4.33E-01	-2.00E-02	bad-chisq
group_5253	1.00E-02	3.15E-01	1.00E+00	-1.12E+00	4.33E-01	2.00E-02	bad-chisq
group_5247	1.00E-02	3.15E-01	1.00E+00	-1.12E+00	4.33E-01	2.00E-02	bad-chisq
group_5246	1.00E-02	3.15E-01	1.00E+00	-1.12E+00	4.33E-01	2.00E-02	bad-chisq
group_5239	1.00E-02	3.15E-01	1.00E+00	-1.12E+00	4.33E-01	2.00E-02	bad-chisq
group_5229	1.00E-02	3.15E-01	1.00E+00	-1.12E+00	4.33E-01	2.00E-02	bad-chisq
group_5212	1.00E-02	3.15E-01	1.00E+00	-1.12E+00	4.33E-01	2.00E-02	bad-chisq
fabG	1.00E-02	3.15E-01	1.00E+00	-1.12E+00	4.33E-01	2.00E-02	bad-chisq
group_5208	1.00E-02	3.15E-01	1.00E+00	-1.12E+00	4.33E-01	2.00E-02	bad-chisq
group_5203	1.00E-02	3.15E-01	1.00E+00	-1.12E+00	4.33E-01	2.00E-02	bad-chisq
group_5200	1.00E-02	3.15E-01	1.00E+00	-1.12E+00	4.33E-01	2.00E-02	bad-chisq
group_5199	1.00E-02	3.15E-01	1.00E+00	1.12E+00	4.33E-01	-2.00E-02	bad-chisq
group_5183	1.00E-02	3.15E-01	1.00E+00	-1.12E+00	4.33E-01	2.00E-02	bad-chisq
lamG	1.00E-02	3.15E-01	1.00E+00	-1.12E+00	4.33E-01	2.00E-02	bad-chisq
group_5180	1.00E-02	3.15E-01	1.00E+00	-1.12E+00	4.33E-01	2.00E-02	bad-chisq
group_5175	1.00E-02	3.15E-01	1.00E+00	-1.12E+00	4.33E-01	2.00E-02	bad-chisq
group_5169	1.00E-02	3.15E-01	1.00E+00	-1.12E+00	4.33E-01	2.00E-02	bad-chisq
group_5166	1.00E-02	3.15E-01	1.00E+00	-1.12E+00	4.33E-01	2.00E-02	bad-chisq
group_5165	1.00E-02	3.15E-01	1.00E+00	-1.12E+00	4.33E-01	2.00E-02	bad-chisq
group_5155	1.00E-02	3.15E-01	1.00E+00	-1.12E+00	4.33E-01	2.00E-02	bad-chisq
group_5154	1.00E-02	3.15E-01	1.00E+00	-1.12E+00	4.33E-01	2.00E-02	bad-chisq
group_5146	1.00E-02	3.15E-01	1.00E+00	1.12E+00	4.33E-01	-2.00E-02	bad-chisq
group_5137	1.00E-02	3.15E-01	1.00E+00	-1.12E+00	4.33E-01	2.00E-02	bad-chisq
group_5133	1.00E-02	3.15E-01	1.00E+00	-1.12E+00	4.33E-01	2.00E-02	bad-chisq
group_5132	1.00E-02	3.15E-01	1.00E+00	-1.12E+00	4.33E-01	2.00E-02	bad-chisq
group_5126	1.00E-02	3.15E-01	1.00E+00	1.12E+00	4.33E-01	-2.00E-02	bad-chisq
group_5123	1.00E-02	3.15E-01	1.00E+00	-1.12E+00	4.33E-01	2.00E-02	bad-chisq
group_5117	1.00E-02	3.15E-01	1.00E+00	1.12E+00	4.33E-01	-2.00E-02	bad-chisq
group_5116	1.00E-02	3.15E-01	1.00E+00	-1.12E+00	4.33E-01	2.00E-02	bad-chisq
group_5113	1.00E-02	3.15E-01	1.00E+00	1.12E+00	4.33E-01	-2.00E-02	bad-chisq
group_5106	1.00E-02	3.15E-01	1.00E+00	1.12E+00	4.33E-01	-2.00E-02	bad-chisq
group_5102	1.00E-02	3.15E-01	1.00E+00	-1.12E+00	4.33E-01	2.00E-02	bad-chisq
group_5101	1.00E-02	3.15E-01	1.00E+00	-1.12E+00	4.33E-01	2.00E-02	bad-chisq
group_5094	1.00E-02	3.15E-01	1.00E+00	1.12E+00	4.33E-01	-2.00E-02	bad-chisq
group_5093	1.00E-02	3.15E-01	1.00E+00	1.12E+00	4.33E-01	-2.00E-02	bad-chisq
yubA	1.00E-02	3.15E-01	1.00E+00	-1.12E+00	4.33E-01	2.00E-02	bad-chisq
group_5066	1.00E-02	3.15E-01	1.00E+00	-1.12E+00	4.33E-01	2.00E-02	bad-chisq
group_5064	1.00E-02	3.15E-01	1.00E+00	-1.12E+00	4.33E-01	2.00E-02	bad-chisq
group_5061	1.00E-02	3.15E-01	1.00E+00	-1.12E+00	4.33E-01	2.00E-02	bad-chisq
group_5048	1.00E-02	3.15E-01	1.00E+00	-1.12E+00	4.33E-01	2.00E-02	bad-chisq
group_5039	1.00E-02	3.15E-01	1.00E+00	-1.12E+00	4.33E-01	2.00E-02	bad-chisq
group_5029	1.00E-02	3.15E-01	1.00E+00	1.12E+00	4.33E-01	-2.00E-02	bad-chisq
group_5028	1.00E-02	3.15E-01	1.00E+00	-1.12E+00	4.33E-01	2.00E-02	bad-chisq
yfjP	1.00E-02	3.15E-01	1.00E+00	1.12E+00	4.33E-01	-2.00E-02	bad-chisq
group_5027	1.00E-02	3.15E-01	1.00E+00	-1.12E+00	4.33E-01	2.00E-02	bad-chisq
group_5026	1.00E-02	3.15E-01	1.00E+00	-1.12E+00	4.33E-01	2.00E-02	bad-chisq
group_5017	1.00E-02	3.15E-01	1.00E+00	-1.12E+00	4.33E-01	2.00E-02	bad-chisq
group_5008	1.00E-02	3.15E-01	1.00E+00	1.12E+00	4.33E-01	-2.00E-02	bad-chisq
group_5007	1.00E-02	3.15E-01	1.00E+00	-1.12E+00	4.33E-01	2.00E-02	bad-chisq
group_5002	1.00E-02	3.15E-01	1.00E+00	-1.12E+00	4.33E-01	2.00E-02	bad-chisq
group_4999	1.00E-02	3.15E-01	1.00E+00	1.12E+00	4.33E-01	-2.00E-02	bad-chisq
group_4997	1.00E-02	3.15E-01	1.00E+00	-1.12E+00	4.33E-01	2.00E-02	bad-chisq
group_4989	1.00E-02	3.15E-01	1.00E+00	-1.12E+00	4.33E-01	2.00E-02	bad-chisq
group_4987	1.00E-02	3.15E-01	1.00E+00	-1.12E+00	4.33E-01	2.00E-02	bad-chisq
group_4982	1.00E-02	3.15E-01	1.00E+00	-1.12E+00	4.33E-01	2.00E-02	bad-chisq
group_4976	1.00E-02	3.15E-01	1.00E+00	-1.12E+00	4.33E-01	2.00E-02	bad-chisq
group_4974	1.00E-02	3.15E-01	1.00E+00	-1.12E+00	4.33E-01	2.00E-02	bad-chisq
group_4967	1.00E-02	3.15E-01	1.00E+00	-1.12E+00	4.33E-01	2.00E-02	bad-chisq
group_4961	1.00E-02	3.15E-01	1.00E+00	-1.12E+00	4.33E-01	2.00E-02	bad-chisq
group_4960	1.00E-02	3.15E-01	1.00E+00	-1.12E+00	4.33E-01	2.00E-02	bad-chisq
group_4959	1.00E-02	3.15E-01	1.00E+00	-1.12E+00	4.33E-01	2.00E-02	bad-chisq
group_4950	1.00E-02	3.15E-01	1.00E+00	1.12E+00	4.33E-01	-2.00E-02	bad-chisq
gltC	1.00E-02	3.15E-01	1.00E+00	-1.12E+00	4.33E-01	2.00E-02	bad-chisq
group_4948	1.00E-02	3.15E-01	1.00E+00	-1.12E+00	4.33E-01	2.00E-02	bad-chisq
group_4947	1.00E-02	3.15E-01	1.00E+00	-1.12E+00	4.33E-01	2.00E-02	bad-chisq
group_4942	1.00E-02	3.15E-01	1.00E+00	-1.12E+00	4.33E-01	2.00E-02	bad-chisq
group_4941	1.00E-02	3.15E-01	1.00E+00	-1.12E+00	4.33E-01	2.00E-02	bad-chisq
group_4940	1.00E-02	3.15E-01	1.00E+00	-1.12E+00	4.33E-01	2.00E-02	bad-chisq
group_4939	1.00E-02	3.15E-01	1.00E+00	-1.12E+00	4.33E-01	2.00E-02	bad-chisq
group_4938	1.00E-02	3.15E-01	1.00E+00	-1.12E+00	4.33E-01	2.00E-02	bad-chisq
group_4935	1.00E-02	3.15E-01	1.00E+00	-1.12E+00	4.33E-01	2.00E-02	bad-chisq
group_4927	1.00E-02	3.15E-01	1.00E+00	-1.12E+00	4.33E-01	2.00E-02	bad-chisq
group_4922	1.00E-02	3.15E-01	1.00E+00	-1.12E+00	4.33E-01	2.00E-02	bad-chisq
group_4917	1.00E-02	3.15E-01	1.00E+00	-1.12E+00	4.33E-01	2.00E-02	bad-chisq
group_4915	1.00E-02	3.15E-01	1.00E+00	-1.12E+00	4.33E-01	2.00E-02	bad-chisq
group_4913	1.00E-02	3.15E-01	1.00E+00	-1.12E+00	4.33E-01	2.00E-02	bad-chisq
group_4911	1.00E-02	3.15E-01	1.00E+00	-1.12E+00	4.33E-01	2.00E-02	bad-chisq
group_4910	1.00E-02	3.15E-01	1.00E+00	1.12E+00	4.33E-01	-2.00E-02	bad-chisq
group_4896	1.00E-02	3.15E-01	1.00E+00	-1.12E+00	4.33E-01	2.00E-02	bad-chisq
group_4893	1.00E-02	3.15E-01	1.00E+00	1.12E+00	4.33E-01	-2.00E-02	bad-chisq
group_4892	1.00E-02	3.15E-01	1.00E+00	-1.12E+00	4.33E-01	2.00E-02	bad-chisq
group_4885	1.00E-02	3.15E-01	1.00E+00	-1.12E+00	4.33E-01	2.00E-02	bad-chisq
group_4883	1.00E-02	3.15E-01	1.00E+00	-1.12E+00	4.33E-01	2.00E-02	bad-chisq
group_4881	1.00E-02	3.15E-01	1.00E+00	-1.12E+00	4.33E-01	2.00E-02	bad-chisq
ycjO	1.00E-02	3.15E-01	1.00E+00	-1.12E+00	4.33E-01	2.00E-02	bad-chisq
group_4873	1.00E-02	3.15E-01	1.00E+00	-1.12E+00	4.33E-01	2.00E-02	bad-chisq
group_4872	1.00E-02	3.15E-01	1.00E+00	-1.12E+00	4.33E-01	2.00E-02	bad-chisq
group_4871	1.00E-02	3.15E-01	1.00E+00	1.12E+00	4.33E-01	-2.00E-02	bad-chisq
group_4868	1.00E-02	3.15E-01	1.00E+00	-1.12E+00	4.33E-01	2.00E-02	bad-chisq
group_4860	1.00E-02	3.15E-01	1.00E+00	-1.12E+00	4.33E-01	2.00E-02	bad-chisq
group_4857	1.00E-02	3.15E-01	1.00E+00	-1.12E+00	4.33E-01	2.00E-02	bad-chisq
group_4850	1.00E-02	3.15E-01	1.00E+00	-1.12E+00	4.33E-01	2.00E-02	bad-chisq
group_4849	1.00E-02	3.15E-01	1.00E+00	-1.12E+00	4.33E-01	2.00E-02	bad-chisq
group_4848	1.00E-02	3.15E-01	1.00E+00	1.12E+00	4.33E-01	-2.00E-02	bad-chisq
group_4847	1.00E-02	3.15E-01	1.00E+00	1.12E+00	4.33E-01	-2.00E-02	bad-chisq
group_4846	1.00E-02	3.15E-01	1.00E+00	1.12E+00	4.33E-01	-2.00E-02	bad-chisq
group_4840	1.00E-02	3.15E-01	1.00E+00	1.12E+00	4.33E-01	-2.00E-02	bad-chisq
group_4838	1.00E-02	3.15E-01	1.00E+00	-1.12E+00	4.33E-01	2.00E-02	bad-chisq
group_4827	1.00E-02	3.15E-01	1.00E+00	-1.12E+00	4.33E-01	2.00E-02	bad-chisq
group_4822	1.00E-02	3.15E-01	1.00E+00	-1.12E+00	4.33E-01	2.00E-02	bad-chisq
group_4817	1.00E-02	3.15E-01	1.00E+00	-1.12E+00	4.33E-01	2.00E-02	bad-chisq
group_4816	1.00E-02	3.15E-01	1.00E+00	1.12E+00	4.33E-01	-2.00E-02	bad-chisq
group_4800	1.00E-02	3.15E-01	1.00E+00	-1.12E+00	4.33E-01	2.00E-02	bad-chisq
group_4792	1.00E-02	3.15E-01	1.00E+00	1.12E+00	4.33E-01	-2.00E-02	bad-chisq
group_4781	1.00E-02	3.15E-01	1.00E+00	-1.12E+00	4.33E-01	2.00E-02	bad-chisq
group_4780	1.00E-02	3.15E-01	1.00E+00	-1.12E+00	4.33E-01	2.00E-02	bad-chisq
group_4765	1.00E-02	3.15E-01	1.00E+00	-1.12E+00	4.33E-01	2.00E-02	bad-chisq
group_4764	1.00E-02	3.15E-01	1.00E+00	-1.12E+00	4.33E-01	2.00E-02	bad-chisq
group_4763	1.00E-02	3.15E-01	1.00E+00	1.12E+00	4.33E-01	-2.00E-02	bad-chisq
group_4760	1.00E-02	3.15E-01	1.00E+00	-1.12E+00	4.33E-01	2.00E-02	bad-chisq
group_4753	1.00E-02	3.15E-01	1.00E+00	1.12E+00	4.33E-01	-2.00E-02	bad-chisq
group_4748	1.00E-02	3.15E-01	1.00E+00	-1.12E+00	4.33E-01	2.00E-02	bad-chisq
group_4744	1.00E-02	3.15E-01	1.00E+00	-1.12E+00	4.33E-01	2.00E-02	bad-chisq
group_4743	1.00E-02	3.15E-01	1.00E+00	1.12E+00	4.33E-01	-2.00E-02	bad-chisq
group_4740	1.00E-02	3.15E-01	1.00E+00	-1.12E+00	4.33E-01	2.00E-02	bad-chisq
group_4721	1.00E-02	3.15E-01	1.00E+00	-1.12E+00	4.33E-01	2.00E-02	bad-chisq
group_4720	1.00E-02	3.15E-01	1.00E+00	1.12E+00	4.33E-01	-2.00E-02	bad-chisq
group_4718	1.00E-02	3.15E-01	1.00E+00	1.12E+00	4.33E-01	-2.00E-02	bad-chisq
group_4705	1.00E-02	3.15E-01	1.00E+00	-1.12E+00	4.33E-01	2.00E-02	bad-chisq
group_4697	1.00E-02	3.15E-01	1.00E+00	-1.12E+00	4.33E-01	2.00E-02	bad-chisq
group_4690	1.00E-02	3.15E-01	1.00E+00	1.12E+00	4.33E-01	-2.00E-02	bad-chisq
ydjH	1.00E-02	3.15E-01	1.00E+00	-1.12E+00	4.33E-01	2.00E-02	bad-chisq
group_4686	1.00E-02	3.15E-01	1.00E+00	-1.12E+00	4.33E-01	2.00E-02	bad-chisq
group_4677	1.00E-02	3.15E-01	1.00E+00	-1.12E+00	4.33E-01	2.00E-02	bad-chisq
group_4667	1.00E-02	3.15E-01	1.00E+00	1.12E+00	4.33E-01	-2.00E-02	bad-chisq
group_4662	1.00E-02	3.15E-01	1.00E+00	-1.12E+00	4.33E-01	2.00E-02	bad-chisq
group_4661	1.00E-02	3.15E-01	1.00E+00	-1.12E+00	4.33E-01	2.00E-02	bad-chisq
group_4650	1.00E-02	3.15E-01	1.00E+00	-1.12E+00	4.33E-01	2.00E-02	bad-chisq
group_4649	1.00E-02	3.15E-01	1.00E+00	-1.12E+00	4.33E-01	2.00E-02	bad-chisq
group_4648	1.00E-02	3.15E-01	1.00E+00	-1.12E+00	4.33E-01	2.00E-02	bad-chisq
group_4647	1.00E-02	3.15E-01	1.00E+00	-1.12E+00	4.33E-01	2.00E-02	bad-chisq
group_4636	1.00E-02	3.15E-01	1.00E+00	-1.12E+00	4.33E-01	2.00E-02	bad-chisq
group_4635	1.00E-02	3.15E-01	1.00E+00	-1.12E+00	4.33E-01	2.00E-02	bad-chisq
group_4628	1.00E-02	3.15E-01	1.00E+00	-1.12E+00	4.33E-01	2.00E-02	bad-chisq
yihM	1.00E-02	3.15E-01	1.00E+00	-1.12E+00	4.33E-01	2.00E-02	bad-chisq
group_4626	1.00E-02	3.15E-01	1.00E+00	-1.12E+00	4.33E-01	2.00E-02	bad-chisq
group_4623	1.00E-02	3.15E-01	1.00E+00	-1.12E+00	4.33E-01	2.00E-02	bad-chisq
group_4617	1.00E-02	3.15E-01	1.00E+00	-1.12E+00	4.33E-01	2.00E-02	bad-chisq
group_4607	1.00E-02	3.15E-01	1.00E+00	-1.12E+00	4.33E-01	2.00E-02	bad-chisq
group_4604	1.00E-02	3.15E-01	1.00E+00	-1.12E+00	4.33E-01	2.00E-02	bad-chisq
group_4598	1.00E-02	3.15E-01	1.00E+00	-1.12E+00	4.33E-01	2.00E-02	bad-chisq
group_4591	1.00E-02	3.15E-01	1.00E+00	-1.12E+00	4.33E-01	2.00E-02	bad-chisq
group_4589	1.00E-02	3.15E-01	1.00E+00	1.12E+00	4.33E-01	-2.00E-02	bad-chisq
group_4568	1.00E-02	3.15E-01	1.00E+00	1.12E+00	4.33E-01	-2.00E-02	bad-chisq
group_4563	1.00E-02	3.15E-01	1.00E+00	1.12E+00	4.33E-01	-2.00E-02	bad-chisq
group_4562	1.00E-02	3.15E-01	1.00E+00	1.12E+00	4.33E-01	-2.00E-02	bad-chisq
group_4555	1.00E-02	3.15E-01	1.00E+00	1.12E+00	4.33E-01	-2.00E-02	bad-chisq
group_4540	1.00E-02	3.15E-01	1.00E+00	1.12E+00	4.33E-01	-2.00E-02	bad-chisq
group_4535	1.00E-02	3.15E-01	1.00E+00	-1.12E+00	4.33E-01	2.00E-02	bad-chisq
group_4531	1.00E-02	3.15E-01	1.00E+00	-1.12E+00	4.33E-01	2.00E-02	bad-chisq
group_4515	1.00E-02	3.15E-01	1.00E+00	-1.12E+00	4.33E-01	2.00E-02	bad-chisq
group_4508	1.00E-02	3.15E-01	1.00E+00	-1.12E+00	4.33E-01	2.00E-02	bad-chisq
group_4499	1.00E-02	3.15E-01	1.00E+00	-1.12E+00	4.33E-01	2.00E-02	bad-chisq
group_4477	1.00E-02	3.15E-01	1.00E+00	-1.12E+00	4.33E-01	2.00E-02	bad-chisq
group_4475	1.00E-02	3.15E-01	1.00E+00	-1.12E+00	4.33E-01	2.00E-02	bad-chisq
nlhH	1.00E-02	3.15E-01	1.00E+00	-1.12E+00	4.33E-01	2.00E-02	bad-chisq
group_4366	1.00E-02	3.15E-01	1.00E+00	-1.12E+00	4.33E-01	2.00E-02	bad-chisq
group_4362	1.00E-02	3.15E-01	1.00E+00	1.12E+00	4.33E-01	-2.00E-02	bad-chisq
group_4353	1.00E-02	3.15E-01	1.00E+00	1.12E+00	4.33E-01	-2.00E-02	bad-chisq
group_4314	1.00E-02	3.15E-01	1.00E+00	-1.12E+00	4.33E-01	2.00E-02	bad-chisq
group_4298	1.00E-02	3.15E-01	1.00E+00	-1.12E+00	4.33E-01	2.00E-02	bad-chisq
group_4286	1.00E-02	3.15E-01	1.00E+00	-1.12E+00	4.33E-01	2.00E-02	bad-chisq
group_4278	1.00E-02	3.15E-01	1.00E+00	-1.12E+00	4.33E-01	2.00E-02	bad-chisq
group_4217	1.00E-02	3.15E-01	1.00E+00	-1.12E+00	4.33E-01	2.00E-02	bad-chisq
group_4174	1.00E-02	3.15E-01	1.00E+00	-1.12E+00	4.33E-01	2.00E-02	bad-chisq
group_4147	1.00E-02	3.15E-01	1.00E+00	-1.12E+00	4.33E-01	2.00E-02	bad-chisq
group_4146	1.00E-02	3.15E-01	1.00E+00	-1.12E+00	4.33E-01	2.00E-02	bad-chisq
group_4145	1.00E-02	3.15E-01	1.00E+00	-1.12E+00	4.33E-01	2.00E-02	bad-chisq
group_4129	1.00E-02	3.15E-01	1.00E+00	-1.12E+00	4.33E-01	2.00E-02	bad-chisq
group_4110	1.00E-02	3.15E-01	1.00E+00	-1.12E+00	4.33E-01	2.00E-02	bad-chisq
group_4083	1.00E-02	3.15E-01	1.00E+00	-1.12E+00	4.33E-01	2.00E-02	bad-chisq
group_4076	1.00E-02	3.15E-01	1.00E+00	-1.12E+00	4.33E-01	2.00E-02	bad-chisq
group_4065	1.00E-02	3.15E-01	1.00E+00	-1.12E+00	4.33E-01	2.00E-02	bad-chisq
group_4041	1.00E-02	3.15E-01	1.00E+00	-1.12E+00	4.33E-01	2.00E-02	bad-chisq
group_4011	1.00E-02	3.15E-01	1.00E+00	-1.12E+00	4.33E-01	2.00E-02	bad-chisq
group_3972	1.00E-02	3.15E-01	1.00E+00	-1.12E+00	4.33E-01	2.00E-02	bad-chisq
group_3956	1.00E-02	3.15E-01	1.00E+00	-1.12E+00	4.33E-01	2.00E-02	bad-chisq
group_3936	1.00E-02	3.15E-01	1.00E+00	-1.12E+00	4.33E-01	2.00E-02	bad-chisq
group_3918	1.00E-02	3.15E-01	1.00E+00	-1.12E+00	4.33E-01	2.00E-02	bad-chisq
group_3915	1.00E-02	3.15E-01	1.00E+00	-1.12E+00	4.33E-01	2.00E-02	bad-chisq
group_3885	1.00E-02	3.15E-01	1.00E+00	-1.12E+00	4.33E-01	2.00E-02	bad-chisq
group_3856	1.00E-02	3.15E-01	1.00E+00	-1.12E+00	4.33E-01	2.00E-02	bad-chisq
group_3837	1.00E-02	3.15E-01	1.00E+00	1.12E+00	4.33E-01	-2.00E-02	bad-chisq
ugpC	1.00E-02	3.15E-01	1.00E+00	-1.12E+00	4.33E-01	2.00E-02	bad-chisq
group_3791	1.00E-02	3.15E-01	1.00E+00	-1.12E+00	4.33E-01	2.00E-02	bad-chisq
group_3784	1.00E-02	3.15E-01	1.00E+00	-1.12E+00	4.33E-01	2.00E-02	bad-chisq
group_3750	1.00E-02	3.15E-01	1.00E+00	-1.12E+00	4.33E-01	2.00E-02	bad-chisq
group_3745	1.00E-02	3.15E-01	1.00E+00	-1.12E+00	4.33E-01	2.00E-02	bad-chisq
group_3732	1.00E-02	3.15E-01	1.00E+00	-1.12E+00	4.33E-01	2.00E-02	bad-chisq
group_3706	1.00E-02	3.15E-01	1.00E+00	-1.12E+00	4.33E-01	2.00E-02	bad-chisq
group_3675	1.00E-02	3.15E-01	1.00E+00	-1.12E+00	4.33E-01	2.00E-02	bad-chisq
group_3669	1.00E-02	3.15E-01	1.00E+00	1.12E+00	4.33E-01	-2.00E-02	bad-chisq
group_3655	1.00E-02	3.15E-01	1.00E+00	1.12E+00	4.33E-01	-2.00E-02	bad-chisq
group_3626	1.00E-02	3.15E-01	1.00E+00	-1.12E+00	4.33E-01	2.00E-02	bad-chisq
group_3621	1.00E-02	3.15E-01	1.00E+00	-1.12E+00	4.33E-01	2.00E-02	bad-chisq
group_3597	1.00E-02	3.15E-01	1.00E+00	1.12E+00	4.33E-01	-2.00E-02	bad-chisq
group_3576	1.00E-02	3.15E-01	1.00E+00	-1.12E+00	4.33E-01	2.00E-02	bad-chisq
group_3544	1.00E-02	3.15E-01	1.00E+00	-1.12E+00	4.33E-01	2.00E-02	bad-chisq
irrE	1.00E-02	3.15E-01	1.00E+00	-1.12E+00	4.33E-01	2.00E-02	bad-chisq
yxeP	1.00E-02	3.15E-01	1.00E+00	-1.12E+00	4.33E-01	2.00E-02	bad-chisq
group_3513	1.00E-02	3.15E-01	1.00E+00	-1.12E+00	4.33E-01	2.00E-02	bad-chisq
group_3466	1.00E-02	3.15E-01	1.00E+00	-1.12E+00	4.33E-01	2.00E-02	bad-chisq
group_3422	1.00E-02	3.15E-01	1.00E+00	-1.12E+00	4.33E-01	2.00E-02	bad-chisq
group_3412	1.00E-02	3.15E-01	1.00E+00	-1.12E+00	4.33E-01	2.00E-02	bad-chisq
group_3390	1.00E-02	3.15E-01	1.00E+00	-1.12E+00	4.33E-01	2.00E-02	bad-chisq
group_3377	1.00E-02	3.15E-01	1.00E+00	-1.12E+00	4.33E-01	2.00E-02	bad-chisq
group_3364	1.00E-02	3.15E-01	1.00E+00	1.12E+00	4.33E-01	-2.00E-02	bad-chisq
group_3348	1.00E-02	3.15E-01	1.00E+00	1.12E+00	4.33E-01	-2.00E-02	bad-chisq
group_3324	1.00E-02	3.15E-01	1.00E+00	1.12E+00	4.33E-01	-2.00E-02	bad-chisq
group_3283	1.00E-02	3.15E-01	1.00E+00	-1.12E+00	4.33E-01	2.00E-02	bad-chisq
group_3232	1.00E-02	3.15E-01	1.00E+00	1.12E+00	4.33E-01	-2.00E-02	bad-chisq
group_3230	1.00E-02	3.15E-01	1.00E+00	1.12E+00	4.33E-01	-2.00E-02	bad-chisq
group_3229	1.00E-02	3.15E-01	1.00E+00	-1.12E+00	4.33E-01	2.00E-02	bad-chisq
group_3208	1.00E-02	3.15E-01	1.00E+00	-1.12E+00	4.33E-01	2.00E-02	bad-chisq
group_3200	1.00E-02	3.15E-01	1.00E+00	1.12E+00	4.33E-01	-2.00E-02	bad-chisq
group_3172	1.00E-02	3.15E-01	1.00E+00	-1.12E+00	4.33E-01	2.00E-02	bad-chisq
group_3162	1.00E-02	3.15E-01	1.00E+00	-1.12E+00	4.33E-01	2.00E-02	bad-chisq
group_3146	1.00E-02	3.15E-01	1.00E+00	-1.12E+00	4.33E-01	2.00E-02	bad-chisq
group_3134	1.00E-02	3.15E-01	1.00E+00	-1.12E+00	4.33E-01	2.00E-02	bad-chisq
group_3128	1.00E-02	3.15E-01	1.00E+00	-1.12E+00	4.33E-01	2.00E-02	bad-chisq
group_3124	1.00E-02	3.15E-01	1.00E+00	-1.12E+00	4.33E-01	2.00E-02	bad-chisq
group_3117	1.00E-02	3.15E-01	1.00E+00	-1.12E+00	4.33E-01	2.00E-02	bad-chisq
group_3051	1.00E-02	3.15E-01	1.00E+00	-1.12E+00	4.33E-01	2.00E-02	bad-chisq
group_3032	1.00E-02	3.15E-01	1.00E+00	-1.12E+00	4.33E-01	2.00E-02	bad-chisq
group_3023	1.00E-02	3.15E-01	1.00E+00	-1.12E+00	4.33E-01	2.00E-02	bad-chisq
group_3020	1.00E-02	3.15E-01	1.00E+00	-1.12E+00	4.33E-01	2.00E-02	bad-chisq
group_3002	1.00E-02	3.15E-01	1.00E+00	-1.12E+00	4.33E-01	2.00E-02	bad-chisq
group_2987	1.00E-02	3.15E-01	1.00E+00	-1.12E+00	4.33E-01	2.00E-02	bad-chisq
group_2981	1.00E-02	3.15E-01	1.00E+00	-1.12E+00	4.33E-01	2.00E-02	bad-chisq
group_2927	1.00E-02	3.15E-01	1.00E+00	1.12E+00	4.33E-01	-2.00E-02	bad-chisq
group_2904	1.00E-02	3.15E-01	1.00E+00	-1.12E+00	4.33E-01	2.00E-02	bad-chisq
group_2903	1.00E-02	3.15E-01	1.00E+00	-1.12E+00	4.33E-01	2.00E-02	bad-chisq
group_2902	1.00E-02	3.15E-01	1.00E+00	1.12E+00	4.33E-01	-2.00E-02	bad-chisq
group_2879	1.00E-02	3.15E-01	1.00E+00	-1.12E+00	4.33E-01	2.00E-02	bad-chisq
group_2876	1.00E-02	3.15E-01	1.00E+00	1.12E+00	4.33E-01	-2.00E-02	bad-chisq
group_2864	1.00E-02	3.15E-01	1.00E+00	-1.12E+00	4.33E-01	2.00E-02	bad-chisq
group_2863	1.00E-02	3.15E-01	1.00E+00	-1.12E+00	4.33E-01	2.00E-02	bad-chisq
group_2804	1.00E-02	3.15E-01	1.00E+00	-1.12E+00	4.33E-01	2.00E-02	bad-chisq
group_2800	1.00E-02	3.15E-01	1.00E+00	1.12E+00	4.33E-01	-2.00E-02	bad-chisq
group_2775	1.00E-02	3.15E-01	1.00E+00	1.12E+00	4.33E-01	-2.00E-02	bad-chisq
group_2772	1.00E-02	3.15E-01	1.00E+00	1.12E+00	4.33E-01	-2.00E-02	bad-chisq
group_2770	1.00E-02	3.15E-01	1.00E+00	1.12E+00	4.33E-01	-2.00E-02	bad-chisq
group_2733	1.00E-02	3.15E-01	1.00E+00	1.12E+00	4.33E-01	-2.00E-02	bad-chisq
group_2732	1.00E-02	3.15E-01	1.00E+00	1.12E+00	4.33E-01	-2.00E-02	bad-chisq
iroD	1.00E-02	3.15E-01	1.00E+00	-1.12E+00	4.33E-01	2.00E-02	bad-chisq
group_2689	1.00E-02	3.15E-01	1.00E+00	-1.12E+00	4.33E-01	2.00E-02	bad-chisq
group_2676	1.00E-02	3.15E-01	1.00E+00	1.12E+00	4.33E-01	-2.00E-02	bad-chisq
group_2642	1.00E-02	3.15E-01	1.00E+00	-1.12E+00	4.33E-01	2.00E-02	bad-chisq
group_2633	1.00E-02	3.15E-01	1.00E+00	-1.12E+00	4.33E-01	2.00E-02	bad-chisq
group_2612	1.00E-02	3.15E-01	1.00E+00	-1.12E+00	4.33E-01	2.00E-02	bad-chisq
group_2595	1.00E-02	3.15E-01	1.00E+00	-1.12E+00	4.33E-01	2.00E-02	bad-chisq
group_2588	1.00E-02	3.15E-01	1.00E+00	-1.12E+00	4.33E-01	2.00E-02	bad-chisq
intA	1.00E-02	3.15E-01	1.00E+00	1.12E+00	4.33E-01	-2.00E-02	bad-chisq
yihN	1.00E-02	3.15E-01	1.00E+00	-1.12E+00	4.33E-01	2.00E-02	bad-chisq
impB	1.00E-02	3.15E-01	1.00E+00	-1.12E+00	4.33E-01	2.00E-02	bad-chisq
group_2528	1.00E-02	3.15E-01	1.00E+00	-1.12E+00	4.33E-01	2.00E-02	bad-chisq
group_2494	1.00E-02	3.15E-01	1.00E+00	1.12E+00	4.33E-01	-2.00E-02	bad-chisq
group_2488	1.00E-02	3.15E-01	1.00E+00	-1.12E+00	4.33E-01	2.00E-02	bad-chisq
cvaA	1.00E-02	3.15E-01	1.00E+00	-1.12E+00	4.33E-01	2.00E-02	bad-chisq
group_2446	1.00E-02	3.15E-01	1.00E+00	1.12E+00	4.33E-01	-2.00E-02	bad-chisq
group_2442	1.00E-02	3.15E-01	1.00E+00	-1.12E+00	4.33E-01	2.00E-02	bad-chisq
group_2434	1.00E-02	3.15E-01	1.00E+00	-1.12E+00	4.33E-01	2.00E-02	bad-chisq
mceH	1.00E-02	3.15E-01	1.00E+00	-1.12E+00	4.33E-01	2.00E-02	bad-chisq
group_2413	1.00E-02	3.15E-01	1.00E+00	-1.12E+00	4.33E-01	2.00E-02	bad-chisq
group_2383	1.00E-02	3.15E-01	1.00E+00	-1.12E+00	4.33E-01	2.00E-02	bad-chisq
group_2381	1.00E-02	3.15E-01	1.00E+00	-1.12E+00	4.33E-01	2.00E-02	bad-chisq
group_2333	1.00E-02	3.15E-01	1.00E+00	-1.12E+00	4.33E-01	2.00E-02	bad-chisq
group_2318	1.00E-02	3.15E-01	1.00E+00	-1.12E+00	4.33E-01	2.00E-02	bad-chisq
group_2253	1.00E-02	3.15E-01	1.00E+00	1.12E+00	4.33E-01	-2.00E-02	bad-chisq
group_2247	1.00E-02	3.15E-01	1.00E+00	-1.12E+00	4.33E-01	2.00E-02	bad-chisq
group_2246	1.00E-02	3.15E-01	1.00E+00	1.12E+00	4.33E-01	-2.00E-02	bad-chisq
group_2193	1.00E-02	3.15E-01	1.00E+00	1.12E+00	4.33E-01	-2.00E-02	bad-chisq
group_2184	1.00E-02	3.15E-01	1.00E+00	-1.12E+00	4.33E-01	2.00E-02	bad-chisq
group_2180	1.00E-02	3.15E-01	1.00E+00	-1.12E+00	4.33E-01	2.00E-02	bad-chisq
group_2173	1.00E-02	3.15E-01	1.00E+00	-1.12E+00	4.33E-01	2.00E-02	bad-chisq
group_2171	1.00E-02	3.15E-01	1.00E+00	-1.12E+00	4.33E-01	2.00E-02	bad-chisq
group_2156	1.00E-02	3.15E-01	1.00E+00	-1.12E+00	4.33E-01	2.00E-02	bad-chisq
group_2121	1.00E-02	3.15E-01	1.00E+00	-1.12E+00	4.33E-01	2.00E-02	bad-chisq
group_2097	1.00E-02	3.15E-01	1.00E+00	-1.12E+00	4.33E-01	2.00E-02	bad-chisq
group_2080	1.00E-02	3.15E-01	1.00E+00	-1.12E+00	4.33E-01	2.00E-02	bad-chisq
group_2065	1.00E-02	3.15E-01	1.00E+00	1.12E+00	4.33E-01	-2.00E-02	bad-chisq
group_2063	1.00E-02	3.15E-01	1.00E+00	-1.12E+00	4.33E-01	2.00E-02	bad-chisq
group_2050	1.00E-02	3.15E-01	1.00E+00	-1.12E+00	4.33E-01	2.00E-02	bad-chisq
group_2033	1.00E-02	3.15E-01	1.00E+00	-1.12E+00	4.33E-01	2.00E-02	bad-chisq
group_1981	1.00E-02	3.15E-01	1.00E+00	1.12E+00	4.33E-01	-2.00E-02	bad-chisq
group_1952	1.00E-02	3.15E-01	1.00E+00	-1.12E+00	4.33E-01	2.00E-02	bad-chisq
group_1873	1.00E-02	3.15E-01	1.00E+00	1.12E+00	4.33E-01	-2.00E-02	bad-chisq
group_1846	1.00E-02	3.15E-01	1.00E+00	-1.12E+00	4.33E-01	2.00E-02	bad-chisq
group_1844	1.00E-02	3.15E-01	1.00E+00	-1.12E+00	4.33E-01	2.00E-02	bad-chisq
group_1836	1.00E-02	3.15E-01	1.00E+00	-1.12E+00	4.33E-01	2.00E-02	bad-chisq
group_1833	1.00E-02	3.15E-01	1.00E+00	1.12E+00	4.33E-01	-2.00E-02	bad-chisq
group_1831	1.00E-02	3.15E-01	1.00E+00	-1.12E+00	4.33E-01	2.00E-02	bad-chisq
group_1795	1.00E-02	3.15E-01	1.00E+00	-1.12E+00	4.33E-01	2.00E-02	bad-chisq
group_1780	1.00E-02	3.15E-01	1.00E+00	-1.12E+00	4.33E-01	2.00E-02	bad-chisq
group_1776	1.00E-02	3.15E-01	1.00E+00	-1.12E+00	4.33E-01	2.00E-02	bad-chisq
group_1706	1.00E-02	3.15E-01	1.00E+00	-1.12E+00	4.33E-01	2.00E-02	bad-chisq
group_1679	1.00E-02	3.15E-01	1.00E+00	-1.12E+00	4.33E-01	2.00E-02	bad-chisq
group_1669	1.00E-02	3.15E-01	1.00E+00	-1.12E+00	4.33E-01	2.00E-02	bad-chisq
group_1661	1.00E-02	3.15E-01	1.00E+00	-1.12E+00	4.33E-01	2.00E-02	bad-chisq
group_1626	1.00E-02	3.15E-01	1.00E+00	-1.12E+00	4.33E-01	2.00E-02	bad-chisq
group_1601	1.00E-02	3.15E-01	1.00E+00	1.12E+00	4.33E-01	-2.00E-02	bad-chisq
pilV	1.00E-02	3.15E-01	1.00E+00	1.12E+00	4.33E-01	-2.00E-02	bad-chisq
group_1584	1.00E-02	3.15E-01	1.00E+00	-1.12E+00	4.33E-01	2.00E-02	bad-chisq
group_1575	1.00E-02	3.15E-01	1.00E+00	-1.12E+00	4.33E-01	2.00E-02	bad-chisq
group_1563	1.00E-02	3.15E-01	1.00E+00	-1.12E+00	4.33E-01	2.00E-02	bad-chisq
group_1557	1.00E-02	3.15E-01	1.00E+00	1.12E+00	4.33E-01	-2.00E-02	bad-chisq
group_1556	1.00E-02	3.15E-01	1.00E+00	-1.12E+00	4.33E-01	2.00E-02	bad-chisq
nanT	1.00E-02	3.15E-01	1.00E+00	-1.12E+00	4.33E-01	2.00E-02	bad-chisq
group_1522	1.00E-02	3.15E-01	1.00E+00	-1.12E+00	4.33E-01	2.00E-02	bad-chisq
group_1507	1.00E-02	3.15E-01	1.00E+00	-1.12E+00	4.33E-01	2.00E-02	bad-chisq
group_1506	1.00E-02	3.15E-01	1.00E+00	-1.12E+00	4.33E-01	2.00E-02	bad-chisq
group_1488	1.00E-02	3.15E-01	1.00E+00	-1.12E+00	4.33E-01	2.00E-02	bad-chisq
group_1473	1.00E-02	3.15E-01	1.00E+00	-1.12E+00	4.33E-01	2.00E-02	bad-chisq
rhiT	1.00E-02	3.15E-01	1.00E+00	-1.12E+00	4.33E-01	2.00E-02	bad-chisq
group_1453	1.00E-02	3.15E-01	1.00E+00	-1.12E+00	4.33E-01	2.00E-02	bad-chisq
group_1449	1.00E-02	3.15E-01	1.00E+00	-1.12E+00	4.33E-01	2.00E-02	bad-chisq
group_1440	1.00E-02	3.15E-01	1.00E+00	-1.12E+00	4.33E-01	2.00E-02	bad-chisq
group_1438	1.00E-02	3.15E-01	1.00E+00	-1.12E+00	4.33E-01	2.00E-02	bad-chisq
group_1434	1.00E-02	3.15E-01	1.00E+00	1.12E+00	4.33E-01	-2.00E-02	bad-chisq
group_1414	1.00E-02	3.15E-01	1.00E+00	-1.12E+00	4.33E-01	2.00E-02	bad-chisq
group_1412	1.00E-02	3.15E-01	1.00E+00	-1.12E+00	4.33E-01	2.00E-02	bad-chisq
group_1357	1.00E-02	3.15E-01	1.00E+00	-1.12E+00	4.33E-01	2.00E-02	bad-chisq
group_1333	1.00E-02	3.15E-01	1.00E+00	-1.12E+00	4.33E-01	2.00E-02	bad-chisq
group_1332	1.00E-02	3.15E-01	1.00E+00	-1.12E+00	4.33E-01	2.00E-02	bad-chisq
group_1326	1.00E-02	3.15E-01	1.00E+00	-1.12E+00	4.33E-01	2.00E-02	bad-chisq
group_1313	1.00E-02	3.15E-01	1.00E+00	1.12E+00	4.33E-01	-2.00E-02	bad-chisq
group_1299	1.00E-02	3.15E-01	1.00E+00	-1.12E+00	4.33E-01	2.00E-02	bad-chisq
group_1298	1.00E-02	3.15E-01	1.00E+00	-1.12E+00	4.33E-01	2.00E-02	bad-chisq
group_1295	1.00E-02	3.15E-01	1.00E+00	-1.12E+00	4.33E-01	2.00E-02	bad-chisq
group_1290	1.00E-02	3.15E-01	1.00E+00	-1.12E+00	4.33E-01	2.00E-02	bad-chisq
group_1289	1.00E-02	3.15E-01	1.00E+00	-1.12E+00	4.33E-01	2.00E-02	bad-chisq
group_1285	1.00E-02	3.15E-01	1.00E+00	-1.12E+00	4.33E-01	2.00E-02	bad-chisq
group_1279	1.00E-02	3.15E-01	1.00E+00	-1.12E+00	4.33E-01	2.00E-02	bad-chisq
group_1262	1.00E-02	3.15E-01	1.00E+00	-1.12E+00	4.33E-01	2.00E-02	bad-chisq
group_1254	1.00E-02	3.15E-01	1.00E+00	1.12E+00	4.33E-01	-2.00E-02	bad-chisq
group_1251	1.00E-02	3.15E-01	1.00E+00	-1.12E+00	4.33E-01	2.00E-02	bad-chisq
group_1250	1.00E-02	3.15E-01	1.00E+00	-1.12E+00	4.33E-01	2.00E-02	bad-chisq
group_1247	1.00E-02	3.15E-01	1.00E+00	-1.12E+00	4.33E-01	2.00E-02	bad-chisq
group_1229	1.00E-02	3.15E-01	1.00E+00	-1.12E+00	4.33E-01	2.00E-02	bad-chisq
group_1211	1.00E-02	3.15E-01	1.00E+00	1.12E+00	4.33E-01	-2.00E-02	bad-chisq
group_1198	1.00E-02	3.15E-01	1.00E+00	-1.12E+00	4.33E-01	2.00E-02	bad-chisq
thiF	1.00E-02	3.15E-01	1.00E+00	1.12E+00	4.33E-01	-2.00E-02	bad-chisq
group_1152	1.00E-02	3.15E-01	1.00E+00	-1.12E+00	4.33E-01	2.00E-02	bad-chisq
group_1145	1.00E-02	3.15E-01	1.00E+00	-1.12E+00	4.33E-01	2.00E-02	bad-chisq
phoU	1.00E-02	3.15E-01	1.00E+00	-1.12E+00	4.33E-01	2.00E-02	bad-chisq
group_1102	1.00E-02	3.15E-01	1.00E+00	-1.12E+00	4.33E-01	2.00E-02	bad-chisq
group_1072	1.00E-02	3.15E-01	1.00E+00	-1.12E+00	4.33E-01	2.00E-02	bad-chisq
group_1062	1.00E-02	3.15E-01	1.00E+00	-1.12E+00	4.33E-01	2.00E-02	bad-chisq
bglH	1.00E-02	3.15E-01	1.00E+00	-1.12E+00	4.33E-01	2.00E-02	bad-chisq
group_1060	1.00E-02	3.15E-01	1.00E+00	-1.12E+00	4.33E-01	2.00E-02	bad-chisq
group_1056	1.00E-02	3.15E-01	1.00E+00	1.12E+00	4.33E-01	-2.00E-02	bad-chisq
group_1037	1.00E-02	3.15E-01	1.00E+00	-1.12E+00	4.33E-01	2.00E-02	bad-chisq
group_1032	1.00E-02	3.15E-01	1.00E+00	1.12E+00	4.33E-01	-2.00E-02	bad-chisq
recF	1.00E-02	3.15E-01	1.00E+00	-1.12E+00	4.33E-01	2.00E-02	bad-chisq
group_975	1.00E-02	3.15E-01	1.00E+00	1.12E+00	4.33E-01	-2.00E-02	bad-chisq
group_971	1.00E-02	3.15E-01	1.00E+00	-1.12E+00	4.33E-01	2.00E-02	bad-chisq
group_960	1.00E-02	3.15E-01	1.00E+00	-1.12E+00	4.33E-01	2.00E-02	bad-chisq
group_945	1.00E-02	3.15E-01	1.00E+00	-1.12E+00	4.33E-01	2.00E-02	bad-chisq
group_904	1.00E-02	3.15E-01	1.00E+00	1.12E+00	4.33E-01	-2.00E-02	bad-chisq
group_893	1.00E-02	3.15E-01	1.00E+00	-1.12E+00	4.33E-01	2.00E-02	bad-chisq
group_887	1.00E-02	3.15E-01	1.00E+00	-1.12E+00	4.33E-01	2.00E-02	bad-chisq
group_881	1.00E-02	3.15E-01	1.00E+00	-1.12E+00	4.33E-01	2.00E-02	bad-chisq
group_872	1.00E-02	3.15E-01	1.00E+00	-1.12E+00	4.33E-01	2.00E-02	bad-chisq
group_864	1.00E-02	3.15E-01	1.00E+00	-1.12E+00	4.33E-01	2.00E-02	bad-chisq
group_857	1.00E-02	3.15E-01	1.00E+00	-1.12E+00	4.33E-01	2.00E-02	bad-chisq
group_856	1.00E-02	3.15E-01	1.00E+00	-1.12E+00	4.33E-01	2.00E-02	bad-chisq
group_835	1.00E-02	3.15E-01	1.00E+00	-1.12E+00	4.33E-01	2.00E-02	bad-chisq
group_829	1.00E-02	3.15E-01	1.00E+00	-1.12E+00	4.33E-01	2.00E-02	bad-chisq
group_824	1.00E-02	3.15E-01	1.00E+00	-1.12E+00	4.33E-01	2.00E-02	bad-chisq
group_807	1.00E-02	3.15E-01	1.00E+00	-1.12E+00	4.33E-01	2.00E-02	bad-chisq
group_798	1.00E-02	3.15E-01	1.00E+00	1.12E+00	4.33E-01	-2.00E-02	bad-chisq
group_776	1.00E-02	3.15E-01	1.00E+00	-1.12E+00	4.33E-01	2.00E-02	bad-chisq
group_771	1.00E-02	3.15E-01	1.00E+00	-1.12E+00	4.33E-01	2.00E-02	bad-chisq
group_766	1.00E-02	3.15E-01	1.00E+00	-1.12E+00	4.33E-01	2.00E-02	bad-chisq
group_759	1.00E-02	3.15E-01	1.00E+00	1.12E+00	4.33E-01	-2.00E-02	bad-chisq
group_758	1.00E-02	3.15E-01	1.00E+00	-1.12E+00	4.33E-01	2.00E-02	bad-chisq
group_754	1.00E-02	3.15E-01	1.00E+00	-1.12E+00	4.33E-01	2.00E-02	bad-chisq
group_735	1.00E-02	3.15E-01	1.00E+00	1.12E+00	4.33E-01	-2.00E-02	bad-chisq
group_726	1.00E-02	3.15E-01	1.00E+00	1.12E+00	4.33E-01	-2.00E-02	bad-chisq
group_682	1.00E-02	3.15E-01	1.00E+00	-1.12E+00	4.33E-01	2.00E-02	bad-chisq
group_673	1.00E-02	3.15E-01	1.00E+00	-1.12E+00	4.33E-01	2.00E-02	bad-chisq
group_659	1.00E-02	3.15E-01	1.00E+00	-1.12E+00	4.33E-01	2.00E-02	bad-chisq
group_629	1.00E-02	3.15E-01	1.00E+00	1.12E+00	4.33E-01	-2.00E-02	bad-chisq
group_627	1.00E-02	3.15E-01	1.00E+00	-1.12E+00	4.33E-01	2.00E-02	bad-chisq
group_622	1.00E-02	3.15E-01	1.00E+00	-1.12E+00	4.33E-01	2.00E-02	bad-chisq
group_601	1.00E-02	3.15E-01	1.00E+00	-1.12E+00	4.33E-01	2.00E-02	bad-chisq
group_575	1.00E-02	3.15E-01	1.00E+00	-1.12E+00	4.33E-01	2.00E-02	bad-chisq
yeeB	1.00E-02	3.15E-01	1.00E+00	-1.12E+00	4.33E-01	2.00E-02	bad-chisq
aaeB	1.00E-02	3.15E-01	1.00E+00	-1.12E+00	4.33E-01	2.00E-02	bad-chisq
group_555	1.00E-02	3.15E-01	1.00E+00	-1.12E+00	4.33E-01	2.00E-02	bad-chisq
group_549	1.00E-02	3.15E-01	1.00E+00	-1.12E+00	4.33E-01	2.00E-02	bad-chisq
group_539	1.00E-02	3.15E-01	1.00E+00	-1.12E+00	4.33E-01	2.00E-02	bad-chisq
group_530	1.00E-02	3.15E-01	1.00E+00	-1.12E+00	4.33E-01	2.00E-02	bad-chisq
group_524	1.00E-02	3.15E-01	1.00E+00	-1.12E+00	4.33E-01	2.00E-02	bad-chisq
mchF	1.00E-02	3.15E-01	1.00E+00	-1.12E+00	4.33E-01	2.00E-02	bad-chisq
group_514	1.00E-02	3.15E-01	1.00E+00	-1.12E+00	4.33E-01	2.00E-02	bad-chisq
group_512	1.00E-02	3.15E-01	1.00E+00	1.12E+00	4.33E-01	-2.00E-02	bad-chisq
group_510	1.00E-02	3.15E-01	1.00E+00	-1.12E+00	4.33E-01	2.00E-02	bad-chisq
group_499	1.00E-02	3.15E-01	1.00E+00	1.12E+00	4.33E-01	-2.00E-02	bad-chisq
group_466	1.00E-02	3.15E-01	1.00E+00	-1.12E+00	4.33E-01	2.00E-02	bad-chisq
group_459	1.00E-02	3.15E-01	1.00E+00	-1.12E+00	4.33E-01	2.00E-02	bad-chisq
group_448	1.00E-02	3.15E-01	1.00E+00	-1.12E+00	4.33E-01	2.00E-02	bad-chisq
group_437	1.00E-02	3.15E-01	1.00E+00	-1.12E+00	4.33E-01	2.00E-02	bad-chisq
group_430	1.00E-02	3.15E-01	1.00E+00	-1.12E+00	4.33E-01	2.00E-02	bad-chisq
group_428	1.00E-02	3.15E-01	1.00E+00	-1.12E+00	4.33E-01	2.00E-02	bad-chisq
group_418	1.00E-02	3.15E-01	1.00E+00	1.12E+00	4.33E-01	-2.00E-02	bad-chisq
group_417	1.00E-02	3.15E-01	1.00E+00	1.12E+00	4.33E-01	-2.00E-02	bad-chisq
group_403	1.00E-02	3.15E-01	1.00E+00	-1.12E+00	4.33E-01	2.00E-02	bad-chisq
group_401	1.00E-02	3.15E-01	1.00E+00	-1.12E+00	4.33E-01	2.00E-02	bad-chisq
group_399	1.00E-02	3.15E-01	1.00E+00	1.12E+00	4.33E-01	-2.00E-02	bad-chisq
group_396	1.00E-02	3.15E-01	1.00E+00	1.12E+00	4.33E-01	-2.00E-02	bad-chisq
group_384	1.00E-02	3.15E-01	1.00E+00	1.12E+00	4.33E-01	-2.00E-02	bad-chisq
group_383	1.00E-02	3.15E-01	1.00E+00	-1.12E+00	4.33E-01	2.00E-02	bad-chisq
group_382	1.00E-02	3.15E-01	1.00E+00	1.12E+00	4.33E-01	-2.00E-02	bad-chisq
group_338	1.00E-02	3.15E-01	1.00E+00	-1.12E+00	4.33E-01	2.00E-02	bad-chisq
group_326	1.00E-02	3.15E-01	1.00E+00	-1.12E+00	4.33E-01	2.00E-02	bad-chisq
group_322	1.00E-02	3.15E-01	1.00E+00	1.12E+00	4.33E-01	-2.00E-02	bad-chisq
group_316	1.00E-02	3.15E-01	1.00E+00	1.12E+00	4.33E-01	-2.00E-02	bad-chisq
group_311	1.00E-02	3.15E-01	1.00E+00	-1.12E+00	4.33E-01	2.00E-02	bad-chisq
group_276	1.00E-02	3.15E-01	1.00E+00	-1.12E+00	4.33E-01	2.00E-02	bad-chisq
group_260	1.00E-02	3.15E-01	1.00E+00	-1.12E+00	4.33E-01	2.00E-02	bad-chisq
group_246	1.00E-02	3.15E-01	1.00E+00	-1.12E+00	4.33E-01	2.00E-02	bad-chisq
group_235	1.00E-02	3.15E-01	1.00E+00	-1.12E+00	4.33E-01	2.00E-02	bad-chisq
group_234	1.00E-02	3.15E-01	1.00E+00	-1.12E+00	4.33E-01	2.00E-02	bad-chisq
group_233	1.00E-02	3.15E-01	1.00E+00	-1.12E+00	4.33E-01	2.00E-02	bad-chisq
group_211	1.00E-02	3.15E-01	1.00E+00	-1.12E+00	4.33E-01	2.00E-02	bad-chisq
group_207	1.00E-02	3.15E-01	1.00E+00	-1.12E+00	4.33E-01	2.00E-02	bad-chisq
group_188	1.00E-02	3.15E-01	1.00E+00	1.12E+00	4.33E-01	-2.00E-02	bad-chisq
group_187	1.00E-02	3.15E-01	1.00E+00	1.12E+00	4.33E-01	-2.00E-02	bad-chisq
group_174	1.00E-02	3.15E-01	1.00E+00	-1.12E+00	4.33E-01	2.00E-02	bad-chisq
srfB	1.00E-02	3.15E-01	1.00E+00	-1.12E+00	4.33E-01	2.00E-02	bad-chisq
group_146	1.00E-02	3.15E-01	1.00E+00	-1.12E+00	4.33E-01	2.00E-02	bad-chisq
group_138	1.00E-02	3.15E-01	1.00E+00	-1.12E+00	4.33E-01	2.00E-02	bad-chisq
group_136	1.00E-02	3.15E-01	1.00E+00	-1.12E+00	4.33E-01	2.00E-02	bad-chisq
group_130	1.00E-02	3.15E-01	1.00E+00	-1.12E+00	4.33E-01	2.00E-02	bad-chisq
group_125	1.00E-02	3.15E-01	1.00E+00	1.12E+00	4.33E-01	-2.00E-02	bad-chisq
group_67	1.00E-02	3.15E-01	1.00E+00	-1.12E+00	4.33E-01	2.00E-02	bad-chisq
group_55	1.00E-02	3.15E-01	1.00E+00	-1.12E+00	4.33E-01	2.00E-02	bad-chisq
group_46	1.00E-02	3.15E-01	1.00E+00	-1.12E+00	4.33E-01	2.00E-02	bad-chisq
group_43	1.00E-02	3.15E-01	1.00E+00	-1.12E+00	4.33E-01	2.00E-02	bad-chisq
prkC	1.00E-02	3.15E-01	1.00E+00	-1.12E+00	4.33E-01	2.00E-02	bad-chisq
group_25	1.00E-02	3.15E-01	1.00E+00	-1.12E+00	4.33E-01	2.00E-02	bad-chisq
group_24	1.00E-02	3.15E-01	1.00E+00	-1.12E+00	4.33E-01	2.00E-02	bad-chisq
group_16	1.00E-02	3.15E-01	1.00E+00	-1.12E+00	4.33E-01	2.00E-02	bad-chisq
group_15	1.00E-02	3.15E-01	1.00E+00	-1.12E+00	4.33E-01	2.00E-02	bad-chisq
group_4	1.00E-02	3.15E-01	1.00E+00	1.12E+00	4.33E-01	-2.00E-02	bad-chisq
