variant	af	filter-pvalue	lrt-pvalue	beta	beta-std-err	intercept	PC1	PC2	notes
group_4159	9.90E-01	3.15E-01	1.00E+00	1.15E+00	4.96E+00	-1.12E+00	-1.23E+00	1.39E-02	bad-chisq
tagU	9.90E-01	3.15E-01	1.00E+00	7.41E-01	4.97E+00	-7.19E-01	-5.80E-01	2.14E-01	bad-chisq
group_4030	9.90E-01	3.15E-01	1.00E+00	1.09E+00	4.96E+00	-1.06E+00	-1.18E+00	1.23E-01	bad-chisq
group_3934	9.90E-01	3.15E-01	1.00E+00	-1.08E+00	4.96E+00	1.07E+00	-1.17E+00	1.63E-01	bad-chisq
copY	9.90E-01	3.15E-01	1.00E+00	1.15E+00	4.96E+00	-1.12E+00	-1.23E+00	1.39E-02	bad-chisq
arlS	9.90E-01	3.15E-01	1.00E+00	7.41E-01	4.97E+00	-7.19E-01	-5.80E-01	2.14E-01	bad-chisq
group_3553	9.90E-01	3.15E-01	1.00E+00	-1.09E+00	4.96E+00	1.08E+00	-1.20E+00	3.83E-02	bad-chisq
group_3363	9.90E-01	3.15E-01	1.00E+00	1.16E+00	4.96E+00	-1.13E+00	-1.24E+00	1.04E-02	bad-chisq
group_3300	9.90E-01	3.15E-01	1.00E+00	1.15E+00	4.96E+00	-1.12E+00	-1.24E+00	1.67E-02	bad-chisq
group_3205	9.90E-01	3.15E-01	1.00E+00	1.19E+00	4.96E+00	-1.17E+00	-1.26E+00	1.24E-01	bad-chisq
group_3196	9.90E-01	3.15E-01	1.00E+00	1.09E+00	4.96E+00	-1.06E+00	-1.18E+00	1.23E-01	bad-chisq
group_3168	9.90E-01	3.15E-01	1.00E+00	1.09E+00	4.96E+00	-1.06E+00	-1.18E+00	1.23E-01	bad-chisq
group_3015	9.90E-01	3.15E-01	1.00E+00	-1.13E+00	4.96E+00	1.12E+00	-1.19E+00	1.83E-01	bad-chisq
group_3009	9.90E-01	3.15E-01	1.00E+00	7.41E-01	4.97E+00	-7.19E-01	-5.80E-01	2.14E-01	bad-chisq
group_3002	9.90E-01	3.15E-01	1.00E+00	1.20E+00	4.96E+00	-1.17E+00	-1.25E+00	1.50E-01	bad-chisq
group_2987	9.90E-01	3.15E-01	1.00E+00	7.41E-01	4.97E+00	-7.19E-01	-5.80E-01	2.14E-01	bad-chisq
group_2918	9.90E-01	3.15E-01	1.00E+00	-1.09E+00	4.96E+00	1.08E+00	-1.20E+00	3.83E-02	bad-chisq
cpsC	9.90E-01	3.15E-01	1.00E+00	7.41E-01	4.97E+00	-7.19E-01	-5.80E-01	2.14E-01	bad-chisq
group_2899	9.90E-01	3.15E-01	1.00E+00	7.41E-01	4.97E+00	-7.19E-01	-5.80E-01	2.14E-01	bad-chisq
group_2599	9.90E-01	3.15E-01	1.00E+00	1.18E+00	4.96E+00	-1.15E+00	-1.25E+00	1.02E-03	bad-chisq
group_2539	9.90E-01	3.15E-01	1.00E+00	1.16E+00	4.96E+00	-1.13E+00	-1.25E+00	4.44E-02	bad-chisq
group_2444	9.90E-01	3.15E-01	1.00E+00	7.41E-01	4.97E+00	-7.19E-01	-5.80E-01	2.14E-01	bad-chisq
group_2438	9.90E-01	3.15E-01	1.00E+00	1.11E+00	4.96E+00	-1.08E+00	-1.18E+00	1.56E-01	bad-chisq
group_2434	9.90E-01	3.15E-01	1.00E+00	1.09E+00	4.96E+00	-1.06E+00	-1.18E+00	1.23E-01	bad-chisq
group_2430	9.90E-01	3.15E-01	1.00E+00	1.11E+00	4.96E+00	-1.08E+00	-1.18E+00	1.56E-01	bad-chisq
group_2427	9.90E-01	3.15E-01	1.00E+00	1.09E+00	4.96E+00	-1.06E+00	-1.18E+00	1.23E-01	bad-chisq
group_2419	9.90E-01	3.15E-01	1.00E+00	1.11E+00	4.96E+00	-1.08E+00	-1.18E+00	1.56E-01	bad-chisq
group_2413	9.90E-01	3.15E-01	1.00E+00	1.09E+00	4.96E+00	-1.06E+00	-1.18E+00	1.23E-01	bad-chisq
group_2406	9.90E-01	3.15E-01	1.00E+00	1.11E+00	4.96E+00	-1.08E+00	-1.18E+00	1.56E-01	bad-chisq
group_2384	9.90E-01	3.15E-01	1.00E+00	1.11E+00	4.96E+00	-1.08E+00	-1.18E+00	1.56E-01	bad-chisq
group_2339	9.90E-01	3.15E-01	1.00E+00	-1.12E+00	4.96E+00	1.11E+00	-1.21E+00	1.49E-01	bad-chisq
group_2337	9.90E-01	3.15E-01	1.00E+00	7.41E-01	4.97E+00	-7.19E-01	-5.80E-01	2.14E-01	bad-chisq
cpsD	9.90E-01	3.15E-01	1.00E+00	7.41E-01	4.97E+00	-7.19E-01	-5.80E-01	2.14E-01	bad-chisq
group_2089	9.90E-01	3.15E-01	1.00E+00	7.41E-01	4.97E+00	-7.19E-01	-5.80E-01	2.14E-01	bad-chisq
group_2062	9.90E-01	3.15E-01	1.00E+00	-1.13E+00	4.96E+00	1.12E+00	-1.19E+00	1.83E-01	bad-chisq
group_1877	9.90E-01	3.15E-01	1.00E+00	-1.12E+00	4.96E+00	1.11E+00	-1.21E+00	1.49E-01	bad-chisq
group_1817	9.90E-01	3.15E-01	1.00E+00	1.17E+00	4.96E+00	-1.14E+00	-1.25E+00	6.87E-03	bad-chisq
group_1805	9.90E-01	3.15E-01	1.00E+00	7.41E-01	4.97E+00	-7.19E-01	-5.80E-01	2.14E-01	bad-chisq
group_1777	9.90E-01	3.15E-01	1.00E+00	-1.11E+00	4.96E+00	1.10E+00	-1.22E+00	2.48E-02	bad-chisq
group_1702	9.90E-01	3.15E-01	1.00E+00	-1.11E+00	4.96E+00	1.10E+00	-1.22E+00	2.48E-02	bad-chisq
group_1581	9.90E-01	3.15E-01	1.00E+00	-1.12E+00	4.96E+00	1.11E+00	-1.21E+00	1.50E-01	bad-chisq
group_1482	9.90E-01	3.15E-01	1.00E+00	1.19E+00	4.96E+00	-1.17E+00	-1.26E+00	1.24E-01	bad-chisq
group_1415	9.90E-01	3.15E-01	1.00E+00	1.19E+00	4.96E+00	-1.17E+00	-1.26E+00	1.24E-01	bad-chisq
group_1407	9.90E-01	3.15E-01	1.00E+00	1.09E+00	4.96E+00	-1.06E+00	-1.18E+00	1.23E-01	bad-chisq
group_1251	9.90E-01	3.15E-01	1.00E+00	1.19E+00	4.96E+00	-1.17E+00	-1.26E+00	1.24E-01	bad-chisq
group_1225	9.90E-01	3.15E-01	1.00E+00	1.20E+00	4.96E+00	-1.17E+00	-1.25E+00	1.50E-01	bad-chisq
group_1197	9.90E-01	3.15E-01	1.00E+00	-1.08E+00	4.96E+00	1.07E+00	-1.17E+00	1.63E-01	bad-chisq
group_1130	9.90E-01	3.15E-01	1.00E+00	7.41E-01	4.97E+00	-7.19E-01	-5.80E-01	2.14E-01	bad-chisq
group_1107	9.90E-01	3.15E-01	1.00E+00	7.41E-01	4.97E+00	-7.19E-01	-5.80E-01	2.14E-01	bad-chisq
group_1074	9.90E-01	3.15E-01	1.00E+00	1.15E+00	4.96E+00	-1.12E+00	-1.24E+00	1.67E-02	bad-chisq
group_1069	9.90E-01	3.15E-01	1.00E+00	-1.08E+00	4.96E+00	1.07E+00	-1.17E+00	1.63E-01	bad-chisq
ugpE	9.90E-01	3.15E-01	1.00E+00	-1.12E+00	4.96E+00	1.11E+00	-1.21E+00	1.50E-01	bad-chisq
group_953	9.90E-01	3.15E-01	1.00E+00	-1.08E+00	4.96E+00	1.07E+00	-1.17E+00	1.63E-01	bad-chisq
radC	9.90E-01	3.15E-01	1.00E+00	1.19E+00	4.96E+00	-1.17E+00	-1.26E+00	1.24E-01	bad-chisq
group_779	9.90E-01	3.15E-01	1.00E+00	-1.09E+00	4.96E+00	1.08E+00	-1.20E+00	3.83E-02	bad-chisq
group_734	9.90E-01	3.15E-01	1.00E+00	1.15E+00	4.96E+00	-1.12E+00	-1.23E+00	1.39E-02	bad-chisq
group_728	9.90E-01	3.15E-01	1.00E+00	1.19E+00	4.96E+00	-1.17E+00	-1.26E+00	1.24E-01	bad-chisq
ygiK	9.90E-01	3.15E-01	1.00E+00	1.09E+00	4.96E+00	-1.06E+00	-1.18E+00	1.23E-01	bad-chisq
group_557	9.90E-01	3.15E-01	1.00E+00	1.21E+00	4.96E+00	-1.18E+00	-1.25E+00	1.75E-01	bad-chisq
group_545	9.90E-01	3.15E-01	1.00E+00	7.41E-01	4.97E+00	-7.19E-01	-5.80E-01	2.14E-01	bad-chisq
group_480	9.90E-01	3.15E-01	1.00E+00	1.16E+00	4.96E+00	-1.13E+00	-1.25E+00	4.44E-02	bad-chisq
group_400	9.90E-01	3.15E-01	1.00E+00	1.16E+00	4.96E+00	-1.13E+00	-1.25E+00	4.44E-02	bad-chisq
group_367	9.90E-01	3.15E-01	1.00E+00	7.41E-01	4.97E+00	-7.19E-01	-5.80E-01	2.14E-01	bad-chisq
group_334	9.90E-01	3.15E-01	1.00E+00	-1.13E+00	4.96E+00	1.12E+00	-1.19E+00	1.83E-01	bad-chisq
group_293	9.90E-01	3.15E-01	1.00E+00	1.15E+00	4.96E+00	-1.12E+00	-1.23E+00	1.39E-02	bad-chisq
group_182	9.90E-01	3.15E-01	1.00E+00	1.19E+00	4.96E+00	-1.17E+00	-1.26E+00	1.24E-01	bad-chisq
group_131	9.90E-01	3.15E-01	1.00E+00	1.19E+00	4.96E+00	-1.17E+00	-1.26E+00	1.24E-01	bad-chisq
copB	9.90E-01	3.15E-01	1.00E+00	1.15E+00	4.96E+00	-1.12E+00	-1.23E+00	1.39E-02	bad-chisq
copZ	9.90E-01	3.15E-01	1.00E+00	1.15E+00	4.96E+00	-1.12E+00	-1.23E+00	1.39E-02	bad-chisq
group_20	9.90E-01	3.15E-01	1.00E+00	1.19E+00	4.96E+00	-1.17E+00	-1.26E+00	1.24E-01	bad-chisq
group_4143	9.80E-01	1.53E-01	1.00E+00	8.60E+00	4.93E+00	-8.42E+00	7.18E+00	3.59E-02	bad-chisq
group_4107	9.80E-01	1.53E-01	1.00E+00	8.60E+00	4.93E+00	-8.42E+00	7.18E+00	3.59E-02	bad-chisq
group_4074	9.80E-01	1.53E-01	1.00E+00	8.60E+00	4.93E+00	-8.42E+00	7.18E+00	3.59E-02	bad-chisq
group_4044	9.80E-01	1.53E-01	1.00E+00	8.60E+00	4.93E+00	-8.42E+00	7.18E+00	3.59E-02	bad-chisq
group_4031	9.80E-01	1.53E-01	1.00E+00	8.60E+00	4.93E+00	-8.42E+00	7.18E+00	3.59E-02	bad-chisq
group_3970	9.80E-01	1.53E-01	1.00E+00	8.60E+00	4.93E+00	-8.42E+00	7.18E+00	3.59E-02	bad-chisq
group_3833	9.80E-01	1.53E-01	1.00E+00	8.60E+00	4.93E+00	-8.42E+00	7.18E+00	3.59E-02	bad-chisq
group_3808	9.80E-01	1.53E-01	1.00E+00	8.60E+00	4.93E+00	-8.42E+00	7.18E+00	3.59E-02	bad-chisq
group_3752	9.80E-01	1.53E-01	1.00E+00	8.60E+00	4.93E+00	-8.42E+00	7.18E+00	3.59E-02	bad-chisq
group_3726	9.80E-01	1.53E-01	1.00E+00	8.60E+00	4.93E+00	-8.42E+00	7.18E+00	3.59E-02	bad-chisq
group_3710	9.80E-01	1.53E-01	1.00E+00	8.60E+00	4.93E+00	-8.42E+00	7.18E+00	3.59E-02	bad-chisq
group_3681	9.80E-01	1.53E-01	1.00E+00	8.60E+00	4.93E+00	-8.42E+00	7.18E+00	3.59E-02	bad-chisq
group_3672	9.80E-01	1.53E-01	1.00E+00	8.60E+00	4.93E+00	-8.42E+00	7.18E+00	3.59E-02	bad-chisq
group_3665	9.80E-01	1.53E-01	1.00E+00	8.60E+00	4.93E+00	-8.42E+00	7.18E+00	3.59E-02	bad-chisq
group_3659	9.80E-01	1.53E-01	1.00E+00	8.60E+00	4.93E+00	-8.42E+00	7.18E+00	3.59E-02	bad-chisq
group_3634	9.80E-01	1.53E-01	1.00E+00	8.60E+00	4.93E+00	-8.42E+00	7.18E+00	3.59E-02	bad-chisq
group_3615	9.80E-01	1.53E-01	1.00E+00	8.60E+00	4.93E+00	-8.42E+00	7.18E+00	3.59E-02	bad-chisq
group_3613	9.80E-01	1.53E-01	1.00E+00	8.60E+00	4.93E+00	-8.42E+00	7.18E+00	3.59E-02	bad-chisq
group_3612	9.80E-01	1.53E-01	1.00E+00	8.60E+00	4.93E+00	-8.42E+00	7.18E+00	3.59E-02	bad-chisq
group_3529	9.80E-01	1.53E-01	1.00E+00	8.60E+00	4.93E+00	-8.42E+00	7.18E+00	3.59E-02	bad-chisq
group_3528	9.80E-01	1.53E-01	1.00E+00	8.60E+00	4.93E+00	-8.42E+00	7.18E+00	3.59E-02	bad-chisq
group_3525	9.80E-01	1.53E-01	1.00E+00	8.60E+00	4.93E+00	-8.42E+00	7.18E+00	3.59E-02	bad-chisq
group_3519	9.80E-01	1.53E-01	1.00E+00	8.60E+00	4.93E+00	-8.42E+00	7.18E+00	3.59E-02	bad-chisq
group_3459	9.80E-01	1.53E-01	1.00E+00	8.60E+00	4.93E+00	-8.42E+00	7.18E+00	3.59E-02	bad-chisq
group_3433	9.80E-01	1.53E-01	1.00E+00	8.60E+00	4.93E+00	-8.42E+00	7.18E+00	3.59E-02	bad-chisq
group_3379	9.80E-01	1.53E-01	1.00E+00	8.60E+00	4.93E+00	-8.42E+00	7.18E+00	3.59E-02	bad-chisq
group_3371	9.80E-01	1.53E-01	1.00E+00	8.60E+00	4.93E+00	-8.42E+00	7.18E+00	3.59E-02	bad-chisq
group_3366	9.80E-01	1.53E-01	1.00E+00	8.60E+00	4.93E+00	-8.42E+00	7.18E+00	3.59E-02	bad-chisq
group_3345	9.80E-01	1.53E-01	1.00E+00	8.60E+00	4.93E+00	-8.42E+00	7.18E+00	3.59E-02	bad-chisq
group_3250	9.80E-01	1.53E-01	1.00E+00	8.60E+00	4.93E+00	-8.42E+00	7.18E+00	3.59E-02	bad-chisq
ydeA	9.80E-01	1.53E-01	1.00E+00	8.60E+00	4.93E+00	-8.42E+00	7.18E+00	3.59E-02	bad-chisq
group_3142	9.80E-01	1.53E-01	1.00E+00	8.60E+00	4.93E+00	-8.42E+00	7.18E+00	3.59E-02	bad-chisq
group_3127	9.80E-01	1.53E-01	1.00E+00	8.60E+00	4.93E+00	-8.42E+00	7.18E+00	3.59E-02	bad-chisq
group_3079	9.80E-01	1.53E-01	1.00E+00	8.60E+00	4.93E+00	-8.42E+00	7.18E+00	3.59E-02	bad-chisq
group_3076	9.80E-01	1.53E-01	1.00E+00	8.60E+00	4.93E+00	-8.42E+00	7.18E+00	3.59E-02	bad-chisq
hrtA	9.80E-01	1.53E-01	1.00E+00	8.60E+00	4.93E+00	-8.42E+00	7.18E+00	3.59E-02	bad-chisq
group_2974	9.80E-01	1.53E-01	1.00E+00	8.60E+00	4.93E+00	-8.42E+00	7.18E+00	3.59E-02	bad-chisq
group_2894	9.80E-01	1.53E-01	1.00E+00	8.60E+00	4.93E+00	-8.42E+00	7.18E+00	3.59E-02	bad-chisq
group_2889	9.80E-01	1.53E-01	1.00E+00	8.60E+00	4.93E+00	-8.42E+00	7.18E+00	3.59E-02	bad-chisq
group_2800	9.80E-01	1.53E-01	1.00E+00	8.60E+00	4.93E+00	-8.42E+00	7.18E+00	3.59E-02	bad-chisq
group_2777	9.80E-01	1.53E-01	1.00E+00	8.60E+00	4.93E+00	-8.42E+00	7.18E+00	3.59E-02	bad-chisq
group_2744	9.80E-01	1.53E-01	1.00E+00	8.60E+00	4.93E+00	-8.42E+00	7.18E+00	3.59E-02	bad-chisq
ulaE	9.80E-01	1.53E-01	1.00E+00	1.35E+00	4.94E+00	-1.30E+00	-6.10E-01	-2.09E-01	bad-chisq
group_2724	9.80E-01	1.53E-01	1.00E+00	8.60E+00	4.93E+00	-8.42E+00	7.18E+00	3.59E-02	bad-chisq
group_2722	9.80E-01	1.53E-01	3.79E-01	1.67E+00	4.93E+00	-1.62E+00	-1.22E+00	-3.93E-02	bad-chisq
group_2714	9.80E-01	1.53E-01	1.00E+00	8.60E+00	4.93E+00	-8.42E+00	7.18E+00	3.59E-02	bad-chisq
group_2698	9.80E-01	1.53E-01	1.00E+00	8.60E+00	4.93E+00	-8.42E+00	7.18E+00	3.59E-02	bad-chisq
czcR	9.80E-01	1.53E-01	1.00E+00	8.60E+00	4.93E+00	-8.42E+00	7.18E+00	3.59E-02	bad-chisq
group_2644	9.80E-01	1.53E-01	1.00E+00	8.60E+00	4.93E+00	-8.42E+00	7.18E+00	3.59E-02	bad-chisq
group_2606	9.80E-01	1.53E-01	1.00E+00	8.60E+00	4.93E+00	-8.42E+00	7.18E+00	3.59E-02	bad-chisq
group_2560	9.80E-01	1.53E-01	1.00E+00	1.42E+00	4.94E+00	-1.38E+00	-4.10E-01	3.55E-01	bad-chisq
group_2534	9.80E-01	1.53E-01	1.00E+00	8.60E+00	4.93E+00	-8.42E+00	7.18E+00	3.59E-02	bad-chisq
group_2511	9.80E-01	1.53E-01	1.00E+00	8.60E+00	4.93E+00	-8.42E+00	7.18E+00	3.59E-02	bad-chisq
group_2374	9.80E-01	1.53E-01	1.00E+00	8.60E+00	4.93E+00	-8.42E+00	7.18E+00	3.59E-02	bad-chisq
ycjS	9.80E-01	1.53E-01	1.00E+00	8.60E+00	4.93E+00	-8.42E+00	7.18E+00	3.59E-02	bad-chisq
ycjW	9.80E-01	1.53E-01	1.00E+00	8.60E+00	4.93E+00	-8.42E+00	7.18E+00	3.59E-02	bad-chisq
group_2332	9.80E-01	1.53E-01	1.00E+00	8.60E+00	4.93E+00	-8.42E+00	7.18E+00	3.59E-02	bad-chisq
group_2325	9.80E-01	1.53E-01	1.00E+00	8.60E+00	4.93E+00	-8.42E+00	7.18E+00	3.59E-02	bad-chisq
group_2234	9.80E-01	1.53E-01	1.00E+00	8.60E+00	4.93E+00	-8.42E+00	7.18E+00	3.59E-02	bad-chisq
group_2052	9.80E-01	1.53E-01	1.00E+00	8.60E+00	4.93E+00	-8.42E+00	7.18E+00	3.59E-02	bad-chisq
group_2002	9.80E-01	1.53E-01	3.54E-01	1.70E+00	4.93E+00	-1.65E+00	-1.28E+00	-4.35E-03	bad-chisq
group_1976	9.80E-01	1.53E-01	3.54E-01	1.70E+00	4.93E+00	-1.65E+00	-1.28E+00	-4.35E-03	bad-chisq
group_1864	9.80E-01	1.53E-01	3.54E-01	1.70E+00	4.93E+00	-1.65E+00	-1.28E+00	-4.35E-03	bad-chisq
group_1863	9.80E-01	1.53E-01	3.54E-01	1.70E+00	4.93E+00	-1.65E+00	-1.28E+00	-4.35E-03	bad-chisq
group_1835	9.80E-01	1.53E-01	1.00E+00	8.60E+00	4.93E+00	-8.42E+00	7.18E+00	3.59E-02	bad-chisq
group_1725	9.80E-01	1.53E-01	1.00E+00	8.60E+00	4.93E+00	-8.42E+00	7.18E+00	3.59E-02	bad-chisq
group_1619	9.80E-01	1.53E-01	1.00E+00	8.60E+00	4.93E+00	-8.42E+00	7.18E+00	3.59E-02	bad-chisq
group_1617	9.80E-01	1.53E-01	1.00E+00	8.60E+00	4.93E+00	-8.42E+00	7.18E+00	3.59E-02	bad-chisq
group_1585	9.80E-01	1.53E-01	1.00E+00	8.60E+00	4.93E+00	-8.42E+00	7.18E+00	3.59E-02	bad-chisq
group_1518	9.80E-01	1.53E-01	1.00E+00	8.60E+00	4.93E+00	-8.42E+00	7.18E+00	3.59E-02	bad-chisq
group_1517	9.80E-01	1.53E-01	1.00E+00	8.60E+00	4.93E+00	-8.42E+00	7.18E+00	3.59E-02	bad-chisq
group_1471	9.80E-01	1.53E-01	1.00E+00	8.60E+00	4.93E+00	-8.42E+00	7.18E+00	3.59E-02	bad-chisq
group_1312	9.80E-01	1.53E-01	4.16E-01	-1.62E+00	4.94E+00	1.59E+00	-1.16E+00	-5.71E-02	bad-chisq
group_1273	9.80E-01	1.53E-01	1.00E+00	8.60E+00	4.93E+00	-8.42E+00	7.18E+00	3.59E-02	bad-chisq
group_1240	9.80E-01	1.53E-01	3.93E-01	-1.64E+00	4.93E+00	1.61E+00	-1.21E+00	-7.09E-03	bad-chisq
merR	9.80E-01	1.53E-01	1.00E+00	8.60E+00	4.93E+00	-8.42E+00	7.18E+00	3.59E-02	bad-chisq
group_1182	9.80E-01	1.53E-01	1.00E+00	8.60E+00	4.93E+00	-8.42E+00	7.18E+00	3.59E-02	bad-chisq
group_1160	9.80E-01	1.53E-01	1.00E+00	8.60E+00	4.93E+00	-8.42E+00	7.18E+00	3.59E-02	bad-chisq
group_1038	9.80E-01	1.53E-01	1.00E+00	8.60E+00	4.93E+00	-8.42E+00	7.18E+00	3.59E-02	bad-chisq
group_956	9.80E-01	1.53E-01	1.00E+00	8.60E+00	4.93E+00	-8.42E+00	7.18E+00	3.59E-02	bad-chisq
group_951	9.80E-01	1.53E-01	1.00E+00	8.60E+00	4.93E+00	-8.42E+00	7.18E+00	3.59E-02	bad-chisq
group_916	9.80E-01	1.53E-01	1.00E+00	8.60E+00	4.93E+00	-8.42E+00	7.18E+00	3.59E-02	bad-chisq
group_881	9.80E-01	1.53E-01	1.00E+00	8.60E+00	4.93E+00	-8.42E+00	7.18E+00	3.59E-02	bad-chisq
group_871	9.80E-01	1.53E-01	1.00E+00	8.60E+00	4.93E+00	-8.42E+00	7.18E+00	3.59E-02	bad-chisq
scm	9.80E-01	1.53E-01	1.00E+00	8.60E+00	4.93E+00	-8.42E+00	7.18E+00	3.59E-02	bad-chisq
group_652	9.80E-01	1.53E-01	4.32E-01	-1.57E+00	4.94E+00	1.54E+00	-1.11E+00	9.48E-02	bad-chisq
group_629	9.80E-01	1.53E-01	1.00E+00	8.60E+00	4.93E+00	-8.42E+00	7.18E+00	3.59E-02	bad-chisq
group_324	9.80E-01	1.53E-01	3.59E-01	1.71E+00	4.93E+00	-1.66E+00	-1.21E+00	2.46E-01	bad-chisq
group_295	9.80E-01	1.53E-01	1.00E+00	8.60E+00	4.93E+00	-8.42E+00	7.18E+00	3.59E-02	bad-chisq
group_53	9.80E-01	1.53E-01	3.93E-01	-1.64E+00	4.93E+00	1.61E+00	-1.21E+00	-7.09E-03	bad-chisq
group_4201	9.70E-01	5.58E-01	1.00E+00	-6.13E-01	4.92E+00	5.98E-01	-1.79E+00	6.53E-02	bad-chisq
group_4200	9.70E-01	5.58E-01	1.00E+00	-6.13E-01	4.92E+00	5.98E-01	-1.79E+00	6.53E-02	bad-chisq
group_4199	9.70E-01	5.58E-01	1.00E+00	-6.13E-01	4.92E+00	5.98E-01	-1.79E+00	6.53E-02	bad-chisq
group_4198	9.70E-01	5.58E-01	1.00E+00	-6.13E-01	4.92E+00	5.98E-01	-1.79E+00	6.53E-02	bad-chisq
group_4197	9.70E-01	5.58E-01	1.00E+00	-6.13E-01	4.92E+00	5.98E-01	-1.79E+00	6.53E-02	bad-chisq
group_4196	9.70E-01	5.58E-01	1.00E+00	-6.13E-01	4.92E+00	5.98E-01	-1.79E+00	6.53E-02	bad-chisq
group_4195	9.70E-01	5.58E-01	1.00E+00	-6.13E-01	4.92E+00	5.98E-01	-1.79E+00	6.53E-02	bad-chisq
group_4194	9.70E-01	5.58E-01	1.00E+00	-6.13E-01	4.92E+00	5.98E-01	-1.79E+00	6.53E-02	bad-chisq
group_4177	9.70E-01	7.86E-02	1.00E+00	1.72E+00	4.92E+00	-1.65E+00	4.42E-01	-1.75E-02	bad-chisq
group_3775	9.70E-01	5.58E-01	1.00E+00	5.64E-01	4.91E+00	-5.34E-01	-1.23E+00	1.21E-01	bad-chisq
group_3687	9.70E-01	7.86E-02	1.00E+00	1.67E+00	4.92E+00	-1.61E+00	3.75E-01	-5.59E-02	bad-chisq
group_3629	9.70E-01	7.86E-02	1.00E+00	2.00E+00	4.92E+00	-1.92E+00	7.94E-01	1.22E-01	bad-chisq
group_3620	9.70E-01	5.58E-01	1.00E+00	5.64E-01	4.91E+00	-5.34E-01	-1.23E+00	1.21E-01	bad-chisq
group_3402	9.70E-01	7.86E-02	1.00E+00	2.00E+00	4.92E+00	-1.92E+00	7.94E-01	1.22E-01	bad-chisq
group_2962	9.70E-01	7.86E-02	1.00E+00	2.00E+00	4.92E+00	-1.92E+00	7.94E-01	1.22E-01	bad-chisq
group_2782	9.70E-01	7.86E-02	1.00E+00	2.00E+00	4.92E+00	-1.92E+00	7.94E-01	1.22E-01	bad-chisq
group_2239	9.70E-01	7.86E-02	1.00E+00	1.74E+00	4.92E+00	-1.67E+00	4.72E-01	-2.24E-02	bad-chisq
group_2131	9.70E-01	7.86E-02	1.00E+00	2.00E+00	4.92E+00	-1.92E+00	7.94E-01	1.22E-01	bad-chisq
group_2115	9.70E-01	7.86E-02	1.00E+00	2.00E+00	4.92E+00	-1.92E+00	7.94E-01	1.22E-01	bad-chisq
group_2105	9.70E-01	7.86E-02	1.00E+00	2.00E+00	4.92E+00	-1.92E+00	7.94E-01	1.22E-01	bad-chisq
acm	9.70E-01	7.86E-02	1.32E-01	-2.03E+00	4.91E+00	1.98E+00	-1.15E+00	2.96E-01	bad-chisq
group_1822	9.70E-01	7.86E-02	1.00E+00	2.00E+00	4.92E+00	-1.92E+00	7.94E-01	1.22E-01	bad-chisq
group_1769	9.70E-01	5.58E-01	1.00E+00	-5.02E-01	4.91E+00	4.91E-01	-1.21E+00	7.46E-02	bad-chisq
group_1750	9.70E-01	5.58E-01	1.00E+00	-6.04E-01	4.92E+00	5.89E-01	-1.78E+00	1.37E-01	bad-chisq
group_1676	9.70E-01	5.58E-01	1.00E+00	-5.02E-01	4.91E+00	4.91E-01	-1.21E+00	7.46E-02	bad-chisq
group_1148	9.70E-01	7.86E-02	1.28E-01	2.01E+00	4.91E+00	-1.94E+00	-1.21E+00	1.02E-01	bad-chisq
copG	9.70E-01	5.58E-01	1.00E+00	5.64E-01	4.91E+00	-5.34E-01	-1.23E+00	1.21E-01	bad-chisq
group_1033	9.70E-01	7.86E-02	1.21E-01	2.11E+00	4.90E+00	-2.03E+00	-1.18E+00	3.80E-01	bad-chisq
group_982	9.70E-01	5.58E-01	5.25E-01	-1.21E+00	4.91E+00	1.18E+00	-1.78E+00	-1.15E-01	bad-chisq
group_879	9.70E-01	7.86E-02	1.00E+00	2.00E+00	4.92E+00	-1.92E+00	7.94E-01	1.22E-01	bad-chisq
relE	9.70E-01	5.58E-01	1.00E+00	5.64E-01	4.91E+00	-5.34E-01	-1.23E+00	1.21E-01	bad-chisq
group_539	9.70E-01	7.86E-02	1.00E+00	2.00E+00	4.92E+00	-1.92E+00	7.94E-01	1.22E-01	bad-chisq
abrB	9.70E-01	5.58E-01	1.00E+00	5.64E-01	4.91E+00	-5.34E-01	-1.23E+00	1.21E-01	bad-chisq
spaA	9.70E-01	5.58E-01	1.00E+00	-6.04E-01	4.92E+00	5.89E-01	-1.78E+00	1.37E-01	bad-chisq
group_211	9.70E-01	7.86E-02	1.00E+00	2.00E+00	4.92E+00	-1.92E+00	7.94E-01	1.22E-01	bad-chisq
group_141	9.70E-01	5.58E-01	1.00E+00	-5.01E-01	4.91E+00	4.91E-01	-1.20E+00	4.63E-02	bad-chisq
group_4148	9.60E-01	1.00E+00	1.00E+00	2.87E-02	4.88E+00	-1.84E-02	-1.22E+00	8.79E-02	bad-chisq
group_4131	9.60E-01	1.00E+00	6.49E-01	-1.15E+00	4.90E+00	1.11E+00	-2.29E+00	8.98E-02	bad-chisq
group_3913	9.60E-01	1.00E+00	1.00E+00	5.08E-02	4.88E+00	-3.96E-02	-1.22E+00	9.18E-02	bad-chisq
group_3870	9.60E-01	4.12E-02	2.04E-01	2.61E+00	4.89E+00	-2.49E+00	1.42E+00	2.01E-01	bad-chisq
group_3825	9.60E-01	1.00E+00	1.00E+00	1.38E-02	4.88E+00	-4.05E-03	-1.22E+00	8.64E-02	bad-chisq
group_3641	9.60E-01	4.12E-02	2.04E-01	2.61E+00	4.89E+00	-2.49E+00	1.42E+00	2.01E-01	bad-chisq
group_3493	9.60E-01	4.12E-02	2.04E-01	2.61E+00	4.89E+00	-2.49E+00	1.42E+00	2.01E-01	bad-chisq
group_3464	9.60E-01	4.12E-02	2.22E-01	2.25E+00	4.89E+00	-2.15E+00	9.96E-01	-9.47E-03	bad-chisq
group_3377	9.60E-01	4.12E-02	2.22E-01	2.25E+00	4.89E+00	-2.15E+00	9.96E-01	-9.47E-03	bad-chisq
group_2133	9.60E-01	4.12E-02	2.04E-01	2.61E+00	4.89E+00	-2.49E+00	1.42E+00	2.01E-01	bad-chisq
group_2005	9.60E-01	1.00E+00	1.00E+00	3.64E-02	4.88E+00	-2.57E-02	-1.22E+00	8.54E-02	bad-chisq
group_1988	9.60E-01	1.00E+00	1.00E+00	3.64E-02	4.88E+00	-2.57E-02	-1.22E+00	8.54E-02	bad-chisq
pstS	9.60E-01	1.00E+00	1.00E+00	3.64E-02	4.88E+00	-2.57E-02	-1.22E+00	8.54E-02	bad-chisq
group_1611	9.60E-01	3.07E-01	3.41E-01	9.51E-01	4.88E+00	-8.99E-01	-1.25E+00	2.08E-01	bad-chisq
group_1603	9.60E-01	1.00E+00	1.00E+00	1.38E-02	4.88E+00	-4.05E-03	-1.22E+00	8.64E-02	bad-chisq
group_1526	9.60E-01	1.00E+00	1.00E+00	2.20E-02	4.88E+00	-1.19E-02	-1.22E+00	8.95E-02	bad-chisq
group_1201	9.60E-01	3.07E-01	3.55E-01	9.32E-01	4.88E+00	-8.80E-01	-1.21E+00	2.13E-01	bad-chisq
group_1136	9.60E-01	1.00E+00	1.00E+00	1.38E-02	4.88E+00	-4.05E-03	-1.22E+00	8.64E-02	bad-chisq
group_350	9.60E-01	4.12E-02	2.04E-01	2.61E+00	4.89E+00	-2.49E+00	1.42E+00	2.01E-01	bad-chisq
group_345	9.60E-01	4.12E-02	2.04E-01	2.61E+00	4.89E+00	-2.49E+00	1.42E+00	2.01E-01	bad-chisq
group_4111	9.50E-01	1.69E-01	3.14E-01	9.11E-01	4.87E+00	-8.53E-01	-8.42E-01	8.66E-02	bad-chisq
group_4037	9.50E-01	1.69E-01	6.32E-01	7.42E-01	4.87E+00	-6.90E-01	-5.29E-01	3.19E-02	bad-chisq
group_4026	9.50E-01	1.69E-01	6.48E-01	7.63E-01	4.87E+00	-7.10E-01	-4.89E-01	1.25E-01	bad-chisq
group_3730	9.50E-01	6.46E-01	2.26E-01	-1.48E+00	4.87E+00	1.41E+00	-2.56E+00	1.58E-01	bad-chisq
group_3643	9.50E-01	2.18E-02	6.88E-02	2.74E+00	4.86E+00	-2.60E+00	1.47E+00	2.58E-01	bad-chisq
group_3292	9.50E-01	6.46E-01	5.49E-01	3.71E-01	4.86E+00	-3.41E-01	-1.22E+00	1.09E-01	bad-chisq
group_3257	9.50E-01	6.46E-01	5.49E-01	3.71E-01	4.86E+00	-3.41E-01	-1.22E+00	1.09E-01	bad-chisq
group_2847	9.50E-01	2.18E-02	6.88E-02	2.74E+00	4.86E+00	-2.60E+00	1.47E+00	2.58E-01	bad-chisq
group_2846	9.50E-01	6.46E-01	5.49E-01	3.71E-01	4.86E+00	-3.41E-01	-1.22E+00	1.09E-01	bad-chisq
group_2773	9.50E-01	1.69E-01	3.11E-01	9.23E-01	4.86E+00	-8.63E-01	-7.77E-01	1.85E-01	bad-chisq
group_2770	9.50E-01	1.69E-01	3.11E-01	9.23E-01	4.86E+00	-8.63E-01	-7.77E-01	1.85E-01	bad-chisq
group_2749	9.50E-01	6.46E-01	5.42E-01	3.79E-01	4.86E+00	-3.48E-01	-1.23E+00	9.58E-02	bad-chisq
group_2732	9.50E-01	6.46E-01	5.49E-01	3.71E-01	4.86E+00	-3.41E-01	-1.22E+00	1.09E-01	bad-chisq
group_2713	9.50E-01	6.46E-01	5.42E-01	3.79E-01	4.86E+00	-3.48E-01	-1.23E+00	9.58E-02	bad-chisq
group_2699	9.50E-01	6.46E-01	5.42E-01	3.79E-01	4.86E+00	-3.48E-01	-1.23E+00	9.58E-02	bad-chisq
group_2650	9.50E-01	6.46E-01	5.49E-01	3.71E-01	4.86E+00	-3.41E-01	-1.22E+00	1.09E-01	bad-chisq
group_2629	9.50E-01	6.46E-01	5.49E-01	3.71E-01	4.86E+00	-3.41E-01	-1.22E+00	1.09E-01	bad-chisq
group_2147	9.50E-01	6.46E-01	5.49E-01	3.71E-01	4.86E+00	-3.41E-01	-1.22E+00	1.09E-01	bad-chisq
group_2144	9.50E-01	6.46E-01	5.49E-01	3.71E-01	4.86E+00	-3.41E-01	-1.22E+00	1.09E-01	bad-chisq
group_2032	9.50E-01	6.46E-01	5.42E-01	3.79E-01	4.86E+00	-3.48E-01	-1.23E+00	9.58E-02	bad-chisq
xerS	9.50E-01	6.46E-01	5.52E-01	3.63E-01	4.86E+00	-3.33E-01	-1.22E+00	9.21E-02	bad-chisq
group_1887	9.50E-01	1.69E-01	7.08E-01	7.72E-01	4.87E+00	-7.19E-01	-4.46E-01	1.26E-01	bad-chisq
group_1735	9.50E-01	6.46E-01	5.73E-01	-3.43E-01	4.86E+00	3.32E-01	-1.20E+00	1.27E-01	bad-chisq
group_1624	9.50E-01	6.46E-01	5.51E-01	4.00E-01	4.86E+00	-3.68E-01	-1.22E+00	1.53E-01	bad-chisq
yrhK	9.50E-01	2.18E-02	2.50E-02	-2.45E+00	4.86E+00	2.36E+00	-1.03E+00	9.18E-02	bad-chisq
group_1513	9.50E-01	6.46E-01	5.49E-01	3.71E-01	4.86E+00	-3.41E-01	-1.22E+00	1.09E-01	bad-chisq
group_1508	9.50E-01	6.46E-01	5.49E-01	3.71E-01	4.86E+00	-3.41E-01	-1.22E+00	1.09E-01	bad-chisq
group_1480	9.50E-01	2.18E-02	2.50E-02	-2.45E+00	4.86E+00	2.36E+00	-1.03E+00	9.18E-02	bad-chisq
group_1200	9.50E-01	1.69E-01	3.14E-01	9.11E-01	4.87E+00	-8.53E-01	-8.42E-01	8.66E-02	bad-chisq
group_914	9.50E-01	6.46E-01	5.62E-01	3.61E-01	4.86E+00	-3.31E-01	-1.20E+00	1.26E-01	bad-chisq
group_913	9.50E-01	6.46E-01	5.49E-01	3.71E-01	4.86E+00	-3.41E-01	-1.22E+00	1.09E-01	bad-chisq
corA	9.50E-01	6.46E-01	5.49E-01	3.71E-01	4.86E+00	-3.41E-01	-1.22E+00	1.09E-01	bad-chisq
group_448	9.50E-01	6.46E-01	5.49E-01	3.71E-01	4.86E+00	-3.41E-01	-1.22E+00	1.09E-01	bad-chisq
group_438	9.50E-01	6.46E-01	5.49E-01	3.71E-01	4.86E+00	-3.41E-01	-1.22E+00	1.09E-01	bad-chisq
group_225	9.50E-01	2.18E-02	2.46E-02	-2.46E+00	4.86E+00	2.36E+00	-1.04E+00	1.51E-01	bad-chisq
group_4079	9.40E-01	4.00E-01	1.00E+00	1.83E-01	4.85E+00	-1.61E-01	-1.04E+00	1.04E-01	bad-chisq
group_3959	9.40E-01	1.15E-02	2.05E-02	3.46E+00	4.83E+00	-3.28E+00	2.22E+00	4.70E-01	bad-chisq
group_3717	9.40E-01	1.15E-02	2.05E-02	3.46E+00	4.83E+00	-3.28E+00	2.22E+00	4.70E-01	bad-chisq
group_3654	9.40E-01	9.21E-02	2.60E-01	1.09E+00	4.84E+00	-1.01E+00	-2.22E-01	1.62E-01	bad-chisq
group_3049	9.40E-01	1.15E-02	2.05E-02	3.46E+00	4.83E+00	-3.28E+00	2.22E+00	4.70E-01	bad-chisq
group_2883	9.40E-01	1.15E-02	2.05E-02	3.46E+00	4.83E+00	-3.28E+00	2.22E+00	4.70E-01	bad-chisq
sgrA	9.40E-01	9.21E-02	1.54E-01	1.19E+00	4.84E+00	-1.10E+00	-6.46E-01	2.38E-01	bad-chisq
group_2746	9.40E-01	4.00E-01	3.20E-01	6.41E-01	4.83E+00	-5.89E-01	-1.22E+00	1.13E-01	bad-chisq
group_2096	9.40E-01	4.00E-01	3.53E-01	-6.15E-01	4.83E+00	5.83E-01	-1.19E+00	-3.85E-02	bad-chisq
entA	9.40E-01	1.15E-02	2.77E-02	2.71E+00	4.83E+00	-2.55E+00	1.27E+00	3.04E-01	bad-chisq
group_2044	9.40E-01	4.00E-01	3.33E-01	-6.15E-01	4.83E+00	5.83E-01	-1.22E+00	6.51E-02	bad-chisq
group_1846	9.40E-01	9.21E-02	1.55E-01	1.18E+00	4.84E+00	-1.10E+00	-7.47E-01	-7.04E-02	bad-chisq
group_1810	9.40E-01	4.00E-01	3.53E-01	-6.15E-01	4.83E+00	5.83E-01	-1.19E+00	-3.85E-02	bad-chisq
group_1795	9.40E-01	4.00E-01	3.53E-01	-6.15E-01	4.83E+00	5.83E-01	-1.19E+00	-3.85E-02	bad-chisq
group_1763	9.40E-01	4.00E-01	3.53E-01	-6.15E-01	4.83E+00	5.83E-01	-1.19E+00	-3.85E-02	bad-chisq
group_1680	9.40E-01	1.15E-02	2.05E-02	3.46E+00	4.83E+00	-3.28E+00	2.22E+00	4.70E-01	bad-chisq
group_1548	9.40E-01	4.00E-01	1.00E+00	1.64E-01	4.85E+00	-1.43E-01	-1.06E+00	6.11E-02	bad-chisq
msrR	9.40E-01	4.00E-01	3.53E-01	-6.15E-01	4.83E+00	5.83E-01	-1.19E+00	-3.85E-02	bad-chisq
group_1207	9.40E-01	1.00E+00	5.86E-01	2.64E-02	4.83E+00	-1.56E-02	-1.21E+00	9.41E-02	bad-chisq
group_1192	9.40E-01	4.00E-01	1.00E+00	1.83E-01	4.85E+00	-1.61E-01	-1.04E+00	1.04E-01	bad-chisq
group_1145	9.40E-01	1.00E+00	5.64E-01	1.85E-02	4.83E+00	-8.23E-03	-1.22E+00	8.98E-02	bad-chisq
group_1142	9.40E-01	1.00E+00	5.64E-01	1.85E-02	4.83E+00	-8.23E-03	-1.22E+00	8.98E-02	bad-chisq
mreD	9.40E-01	1.00E+00	5.58E-01	1.31E-02	4.83E+00	-3.18E-03	-1.22E+00	8.80E-02	bad-chisq
group_765	9.40E-01	9.21E-02	2.72E-01	1.09E+00	4.84E+00	-1.01E+00	-1.83E-01	5.32E-02	bad-chisq
group_748	9.40E-01	1.15E-02	2.05E-02	3.46E+00	4.83E+00	-3.28E+00	2.22E+00	4.70E-01	bad-chisq
group_623	9.40E-01	1.15E-02	2.05E-02	3.46E+00	4.83E+00	-3.28E+00	2.22E+00	4.70E-01	bad-chisq
group_499	9.40E-01	4.00E-01	3.25E-01	6.37E-01	4.83E+00	-5.86E-01	-1.21E+00	1.36E-01	bad-chisq
group_165	9.40E-01	1.15E-02	2.05E-02	3.46E+00	4.83E+00	-3.28E+00	2.22E+00	4.70E-01	bad-chisq
group_52	9.40E-01	1.00E+00	5.74E-01	5.90E-02	4.83E+00	-4.63E-02	-1.22E+00	9.69E-02	bad-chisq
group_45	9.40E-01	1.15E-02	2.05E-02	3.46E+00	4.83E+00	-3.28E+00	2.22E+00	4.70E-01	bad-chisq
group_32	9.40E-01	4.00E-01	3.33E-01	-6.15E-01	4.83E+00	5.83E-01	-1.22E+00	6.51E-02	bad-chisq
group_4000	9.30E-01	2.40E-01	1.56E-02	-2.95E+00	4.81E+00	2.78E+00	-4.51E+00	3.57E-01	bad-chisq
group_3961	9.30E-01	2.40E-01	4.83E-01	5.15E-01	4.82E+00	-4.66E-01	-7.15E-01	1.14E-01	bad-chisq
group_3865	9.30E-01	6.95E-01	4.25E-01	3.08E-01	4.80E+00	-2.75E-01	-1.23E+00	1.32E-01	bad-chisq
group_3778	9.30E-01	2.40E-01	4.62E-01	5.15E-01	4.82E+00	-4.66E-01	-7.38E-01	1.07E-01	bad-chisq
group_3510	9.30E-01	2.40E-01	1.56E-02	-2.95E+00	4.81E+00	2.78E+00	-4.51E+00	3.57E-01	bad-chisq
group_3506	9.30E-01	5.00E-02	1.28E-01	1.37E+00	4.81E+00	-1.26E+00	1.22E-01	7.21E-02	bad-chisq
group_3331	9.30E-01	2.40E-01	4.62E-01	5.15E-01	4.82E+00	-4.66E-01	-7.38E-01	1.07E-01	bad-chisq
group_3212	9.30E-01	2.40E-01	8.28E-02	-1.45E+00	4.80E+00	1.35E+00	-2.44E+00	1.78E-01	bad-chisq
group_2858	9.30E-01	6.08E-03	1.02E-02	3.19E+00	4.81E+00	-3.00E+00	1.87E+00	2.64E-01	bad-chisq
group_2840	9.30E-01	6.08E-03	6.81E-03	3.94E+00	4.80E+00	-3.73E+00	2.70E+00	5.66E-01	bad-chisq
group_2500	9.30E-01	6.08E-03	6.81E-03	3.94E+00	4.80E+00	-3.73E+00	2.70E+00	5.66E-01	bad-chisq
group_2423	9.30E-01	2.40E-01	1.56E-02	-2.95E+00	4.81E+00	2.78E+00	-4.51E+00	3.57E-01	bad-chisq
group_2248	9.30E-01	6.08E-03	6.81E-03	3.94E+00	4.80E+00	-3.73E+00	2.70E+00	5.66E-01	bad-chisq
group_2224	9.30E-01	2.40E-01	1.56E-02	-2.95E+00	4.81E+00	2.78E+00	-4.51E+00	3.57E-01	bad-chisq
group_2011	9.30E-01	6.08E-03	6.81E-03	3.94E+00	4.80E+00	-3.73E+00	2.70E+00	5.66E-01	bad-chisq
group_1825	9.30E-01	6.08E-03	6.81E-03	3.94E+00	4.80E+00	-3.73E+00	2.70E+00	5.66E-01	bad-chisq
group_1715	9.30E-01	2.40E-01	1.56E-02	-2.95E+00	4.81E+00	2.78E+00	-4.51E+00	3.57E-01	bad-chisq
group_1714	9.30E-01	2.40E-01	4.83E-01	5.15E-01	4.82E+00	-4.66E-01	-7.15E-01	1.14E-01	bad-chisq
group_1583	9.30E-01	2.40E-01	1.56E-02	-2.95E+00	4.81E+00	2.78E+00	-4.51E+00	3.57E-01	bad-chisq
group_1416	9.30E-01	6.95E-01	5.57E-01	7.29E-02	4.81E+00	-5.80E-02	-1.17E+00	1.02E-01	bad-chisq
group_1231	9.30E-01	6.95E-01	6.52E-01	-2.32E-01	4.82E+00	2.23E-01	-1.45E+00	7.74E-02	bad-chisq
group_1071	9.30E-01	2.40E-01	1.56E-02	-2.95E+00	4.81E+00	2.78E+00	-4.51E+00	3.57E-01	bad-chisq
group_347	9.30E-01	2.40E-01	1.56E-02	-2.95E+00	4.81E+00	2.78E+00	-4.51E+00	3.57E-01	bad-chisq
group_4019	9.20E-01	4.61E-01	5.82E-01	1.14E-01	4.79E+00	-9.53E-02	-1.10E+00	9.59E-02	bad-chisq
group_3869	9.20E-01	4.61E-01	5.82E-01	1.14E-01	4.79E+00	-9.53E-02	-1.10E+00	9.59E-02	bad-chisq
group_3866	9.20E-01	4.61E-01	5.66E-01	1.30E-01	4.79E+00	-1.09E-01	-1.09E+00	9.97E-02	bad-chisq
group_3757	9.20E-01	4.61E-01	5.82E-01	1.14E-01	4.79E+00	-9.53E-02	-1.10E+00	9.59E-02	bad-chisq
group_3435	9.20E-01	4.61E-01	5.82E-01	1.14E-01	4.79E+00	-9.53E-02	-1.10E+00	9.59E-02	bad-chisq
group_3274	9.20E-01	1.00E+00	3.87E-01	-5.56E-01	4.79E+00	5.17E-01	-1.77E+00	1.63E-01	bad-chisq
group_3048	9.20E-01	4.61E-01	5.62E-01	1.17E-01	4.79E+00	-9.77E-02	-1.11E+00	7.74E-02	bad-chisq
group_2733	9.20E-01	4.61E-01	5.82E-01	1.14E-01	4.79E+00	-9.53E-02	-1.10E+00	9.59E-02	bad-chisq
group_2582	9.20E-01	1.00E+00	3.87E-01	-5.56E-01	4.79E+00	5.17E-01	-1.77E+00	1.63E-01	bad-chisq
group_2205	9.20E-01	4.61E-01	5.82E-01	1.14E-01	4.79E+00	-9.53E-02	-1.10E+00	9.59E-02	bad-chisq
group_926	9.20E-01	3.19E-03	3.80E-03	3.61E+00	4.77E+00	-3.39E+00	2.37E+00	2.76E-01	bad-chisq
yqeC	9.10E-01	2.95E-01	5.86E-01	4.36E-01	8.08E-01	-4.09E-01	-1.88E+00	7.29E-02	
group_3347	9.10E-01	7.27E-01	4.70E-01	-1.58E-01	4.77E+00	1.51E-01	-1.36E+00	1.05E-01	bad-chisq
group_2407	9.10E-01	2.95E-01	5.86E-01	4.36E-01	8.08E-01	-4.09E-01	-1.88E+00	7.29E-02	
rpiR	9.10E-01	2.95E-01	5.86E-01	4.36E-01	8.08E-01	-4.09E-01	-1.88E+00	7.29E-02	
group_384	9.10E-01	1.66E-03	1.93E-03	3.13E+00	4.74E+00	-2.90E+00	1.48E+00	4.40E-01	bad-chisq
group_4081	9.00E-01	5.05E-01	8.62E-01	1.28E-01	7.40E-01	-1.28E-01	-2.20E+00	8.05E-02	
group_2866	9.00E-01	1.82E-01	3.81E-01	6.74E-01	7.85E-01	-6.20E-01	-1.60E+00	7.81E-02	
group_2783	9.00E-01	1.82E-01	3.81E-01	6.74E-01	7.85E-01	-6.20E-01	-1.60E+00	7.81E-02	
group_2497	9.00E-01	4.55E-02	2.95E-02	1.64E+00	8.34E-01	-1.51E+00	-2.68E+00	-3.04E-01	
group_1183	9.00E-01	1.82E-01	3.81E-01	6.74E-01	7.85E-01	-6.20E-01	-1.60E+00	7.81E-02	
group_620	9.00E-01	5.05E-01	8.48E-01	1.41E-01	7.38E-01	-1.40E-01	-2.20E+00	7.22E-02	
tnpB	9.00E-01	5.05E-01	2.16E-01	-9.48E-01	8.04E-01	8.48E-01	-3.00E+00	4.51E-02	
group_3795	8.90E-01	1.10E-01	2.09E-01	9.49E-01	7.82E-01	-8.59E-01	-1.34E+00	3.30E-01	
group_3570	8.90E-01	1.10E-01	2.09E-01	9.49E-01	7.82E-01	-8.59E-01	-1.34E+00	3.30E-01	
group_2171	8.90E-01	7.49E-01	8.37E-01	-1.45E-01	7.07E-01	1.17E-01	-2.45E+00	9.49E-02	
group_1191	8.90E-01	3.38E-01	6.06E-01	3.64E-01	7.10E-01	-3.37E-01	-1.98E+00	9.98E-02	
group_810	8.90E-01	1.10E-01	7.56E-02	1.28E+00	7.56E-01	-1.16E+00	-2.62E+00	-4.85E-01	
group_4307	8.80E-01	5.38E-01	6.21E-01	3.46E-01	7.03E-01	-3.17E-01	-2.15E+00	2.77E-01	
group_4306	8.80E-01	5.38E-01	6.21E-01	3.46E-01	7.03E-01	-3.17E-01	-2.15E+00	2.77E-01	
group_3997	8.80E-01	2.18E-01	1.82E-01	-9.01E-01	6.93E-01	7.76E-01	-2.70E+00	-3.14E-01	
group_3969	8.80E-01	2.18E-01	4.05E-01	5.82E-01	7.08E-01	-5.25E-01	-1.71E+00	2.19E-01	
group_3549	8.80E-01	2.18E-01	4.05E-01	5.89E-01	7.16E-01	-5.31E-01	-1.68E+00	2.46E-01	
group_3423	8.80E-01	2.18E-01	4.05E-01	5.89E-01	7.16E-01	-5.31E-01	-1.68E+00	2.46E-01	
group_2531	8.80E-01	2.18E-01	4.05E-01	5.89E-01	7.16E-01	-5.31E-01	-1.68E+00	2.46E-01	
group_1230	8.80E-01	6.48E-02	1.01E-02	-2.05E+00	9.66E-01	1.84E+00	-3.90E+00	1.59E-01	
group_1174	8.80E-01	2.18E-01	1.82E-01	-9.01E-01	6.93E-01	7.76E-01	-2.70E+00	-3.14E-01	
group_3271	8.70E-01	1.37E-01	2.71E-01	7.30E-01	6.78E-01	-6.49E-01	-1.56E+00	6.97E-02	
group_3065	8.70E-01	7.66E-01	9.23E-01	6.11E-02	6.31E-01	-6.55E-02	-2.28E+00	1.09E-01	
group_2291	8.70E-01	7.66E-01	9.23E-01	6.11E-02	6.31E-01	-6.55E-02	-2.28E+00	1.09E-01	
group_2227	8.70E-01	7.66E-01	9.23E-01	6.11E-02	6.31E-01	-6.55E-02	-2.28E+00	1.09E-01	
group_1328	8.70E-01	1.11E-04	2.51E-05	-3.60E+00	4.60E+00	3.31E+00	-9.77E-01	-3.75E-01	bad-chisq
group_834	8.70E-01	1.11E-04	2.51E-05	-3.60E+00	4.60E+00	3.31E+00	-9.77E-01	-3.75E-01	bad-chisq
gmuD	8.70E-01	1.11E-04	2.51E-05	-3.60E+00	4.60E+00	3.31E+00	-9.77E-01	-3.75E-01	bad-chisq
group_59	8.70E-01	7.66E-01	9.13E-01	-7.02E-02	6.39E-01	4.88E-02	-2.36E+00	8.19E-02	
group_4043	8.60E-01	5.64E-01	2.16E-01	-8.54E-01	7.06E-01	7.19E-01	-3.44E+00	-2.90E-01	
group_3384	8.60E-01	5.64E-01	2.16E-01	-8.54E-01	7.06E-01	7.19E-01	-3.44E+00	-2.90E-01	
group_2963	8.60E-01	5.47E-05	1.01E-05	-3.72E+00	4.57E+00	3.40E+00	-9.33E-01	-4.68E-01	bad-chisq
group_2402	8.60E-01	5.64E-01	2.16E-01	-8.54E-01	7.06E-01	7.19E-01	-3.44E+00	-2.90E-01	
group_1830	8.60E-01	8.38E-02	1.59E-01	9.08E-01	6.67E-01	-7.97E-01	-1.42E+00	2.07E-01	
group_1692	8.60E-01	5.47E-05	1.01E-05	-3.72E+00	4.57E+00	3.40E+00	-9.33E-01	-4.68E-01	bad-chisq
sstT	8.60E-01	5.47E-05	1.01E-05	-3.72E+00	4.57E+00	3.40E+00	-9.33E-01	-4.68E-01	bad-chisq
group_1374	8.60E-01	5.47E-05	1.01E-05	-3.72E+00	4.57E+00	3.40E+00	-9.33E-01	-4.68E-01	bad-chisq
group_1327	8.60E-01	5.47E-05	1.01E-05	-3.72E+00	4.57E+00	3.40E+00	-9.33E-01	-4.68E-01	bad-chisq
group_1086	8.60E-01	5.64E-01	2.16E-01	-8.54E-01	7.06E-01	7.19E-01	-3.44E+00	-2.90E-01	
group_1001	8.60E-01	5.64E-01	2.16E-01	-8.54E-01	7.06E-01	7.19E-01	-3.44E+00	-2.90E-01	
group_669	8.60E-01	5.47E-05	1.01E-05	-3.72E+00	4.57E+00	3.40E+00	-9.33E-01	-4.68E-01	bad-chisq
msrA	8.60E-01	5.47E-05	1.01E-05	-3.72E+00	4.57E+00	3.40E+00	-9.33E-01	-4.68E-01	bad-chisq
group_255	8.60E-01	5.47E-05	1.01E-05	-3.72E+00	4.57E+00	3.40E+00	-9.33E-01	-4.68E-01	bad-chisq
group_4144	8.50E-01	7.79E-01	9.35E-01	-4.94E-02	6.03E-01	2.97E-02	-2.35E+00	7.71E-02	
group_4021	8.50E-01	1.61E-01	2.89E-01	6.44E-01	6.17E-01	-5.61E-01	-1.73E+00	1.29E-01	
group_3985	8.50E-01	1.61E-01	2.89E-01	6.44E-01	6.17E-01	-5.61E-01	-1.73E+00	1.29E-01	
group_3812	8.50E-01	7.79E-01	9.35E-01	-4.94E-02	6.03E-01	2.97E-02	-2.35E+00	7.71E-02	
group_3786	8.50E-01	2.07E-03	3.04E-04	2.65E+00	8.61E-01	-2.33E+00	-2.45E+00	1.69E+00	
group_3055	8.50E-01	1.61E-01	2.60E-01	7.15E-01	6.45E-01	-6.22E-01	-1.68E+00	3.73E-01	
group_1030	8.50E-01	4.01E-01	6.59E-01	2.76E-01	6.26E-01	-2.47E-01	-2.07E+00	-1.97E-02	
group_40	8.50E-01	1.61E-01	2.91E-01	6.41E-01	6.17E-01	-5.59E-01	-1.73E+00	1.19E-01	
group_3790	8.40E-01	1.00E+00	7.44E-01	-1.88E-01	5.76E-01	1.46E-01	-2.40E+00	1.23E-01	
group_3370	8.40E-01	1.02E-01	1.86E-01	8.06E-01	6.23E-01	-6.91E-01	-1.46E+00	2.79E-01	
group_3114	8.40E-01	5.85E-01	8.61E-01	1.03E-01	5.85E-01	-9.89E-02	-2.24E+00	6.24E-02	
group_2672	8.40E-01	1.06E-03	2.83E-04	-2.44E+00	8.16E-01	2.08E+00	-3.89E+00	8.90E-01	
group_2488	8.40E-01	1.06E-03	1.57E-04	2.70E+00	8.50E-01	-2.35E+00	-2.48E+00	1.63E+00	
group_2015	8.40E-01	2.75E-01	2.55E-01	6.31E-01	5.62E-01	-5.43E-01	-2.33E+00	9.72E-02	
group_1599	8.40E-01	2.75E-01	2.00E-01	-7.36E-01	5.87E-01	6.09E-01	-2.59E+00	-3.24E-02	
group_3741	8.30E-01	6.24E-02	8.12E-02	1.06E+00	6.27E-01	-9.01E-01	-1.72E+00	6.11E-01	
group_3512	8.30E-01	7.90E-01	9.05E-01	-6.74E-02	5.66E-01	4.35E-02	-2.37E+00	8.09E-02	
group_2012	8.30E-01	6.24E-02	8.12E-02	1.06E+00	6.27E-01	-9.01E-01	-1.72E+00	6.11E-01	
group_4171	8.20E-01	1.00E+00	7.33E-01	-2.08E-01	6.11E-01	1.59E-01	-2.47E+00	-5.26E-02	
group_3992	8.20E-01	1.00E+00	7.33E-01	-2.08E-01	6.11E-01	1.59E-01	-2.47E+00	-5.26E-02	
group_2451	8.20E-01	1.00E+00	7.33E-01	-2.08E-01	6.11E-01	1.59E-01	-2.47E+00	-5.26E-02	
group_2340	8.20E-01	1.00E+00	7.33E-01	-2.08E-01	6.11E-01	1.59E-01	-2.47E+00	-5.26E-02	
group_2206	8.20E-01	1.00E+00	7.33E-01	-2.08E-01	6.11E-01	1.59E-01	-2.47E+00	-5.26E-02	
group_1737	8.20E-01	1.00E+00	7.16E-01	-2.23E-01	6.13E-01	1.71E-01	-2.50E+00	-6.16E-02	
group_1709	8.20E-01	1.00E+00	7.16E-01	-2.23E-01	6.13E-01	1.71E-01	-2.50E+00	-6.16E-02	
group_1608	8.20E-01	1.00E+00	7.16E-01	-2.23E-01	6.13E-01	1.71E-01	-2.50E+00	-6.16E-02	
group_1510	8.20E-01	1.00E+00	7.16E-01	-2.23E-01	6.13E-01	1.71E-01	-2.50E+00	-6.16E-02	
group_1253	8.20E-01	2.98E-01	1.63E-01	8.10E-01	5.91E-01	-6.85E-01	-2.95E+00	5.99E-01	
mmcQ	8.20E-01	2.98E-01	1.63E-01	8.10E-01	5.91E-01	-6.85E-01	-2.95E+00	5.99E-01	
mntC~~~scaB	8.20E-01	1.00E+00	7.33E-01	-2.08E-01	6.11E-01	1.59E-01	-2.47E+00	-5.26E-02	
mtsA	8.20E-01	1.00E+00	7.33E-01	-2.08E-01	6.11E-01	1.59E-01	-2.47E+00	-5.26E-02	
group_967	8.20E-01	1.00E+00	7.33E-01	-2.08E-01	6.11E-01	1.59E-01	-2.47E+00	-5.26E-02	
znuA	8.20E-01	1.00E+00	7.33E-01	-2.08E-01	6.11E-01	1.59E-01	-2.47E+00	-5.26E-02	
fss3~~~ecbA	8.20E-01	1.00E+00	7.16E-01	-2.23E-01	6.13E-01	1.71E-01	-2.50E+00	-6.16E-02	
group_194	8.20E-01	1.00E+00	7.33E-01	-2.08E-01	6.11E-01	1.59E-01	-2.47E+00	-5.26E-02	
group_66	8.20E-01	1.00E+00	7.33E-01	-2.08E-01	6.11E-01	1.59E-01	-2.47E+00	-5.26E-02	
group_4140	8.10E-01	7.99E-01	5.25E-01	-3.85E-01	6.07E-01	3.00E-01	-2.62E+00	-1.90E-01	
group_3810	8.10E-01	4.44E-01	2.30E-01	-6.86E-01	5.80E-01	5.45E-01	-2.92E+00	-2.39E-01	
group_3785	8.10E-01	7.99E-01	5.25E-01	-3.85E-01	6.07E-01	3.00E-01	-2.62E+00	-1.90E-01	
group_2680	8.10E-01	1.32E-04	8.54E-05	2.47E+00	7.83E-01	-2.11E+00	-1.73E+00	4.48E-03	
group_2416	8.10E-01	5.05E-03	5.70E-04	-2.18E+00	7.52E-01	1.82E+00	-4.03E+00	-3.42E-01	
group_2240	8.10E-01	4.44E-01	3.97E-01	4.48E-01	5.32E-01	-3.76E-01	-2.40E+00	-8.56E-02	
group_1944	8.10E-01	2.18E-02	3.29E-03	-1.77E+00	6.75E-01	1.46E+00	-4.15E+00	-2.13E-01	
group_1926	8.10E-01	7.99E-01	5.25E-01	-3.85E-01	6.07E-01	3.00E-01	-2.62E+00	-1.90E-01	
group_1068	8.10E-01	7.44E-02	1.48E-02	-1.47E+00	6.45E-01	1.19E+00	-4.07E+00	-5.45E-01	
entF	8.10E-01	2.18E-02	3.68E-02	1.16E+00	5.80E-01	-9.63E-01	-1.63E+00	-6.46E-02	
group_4157	8.00E-01	6.17E-01	3.62E-01	-5.39E-01	5.95E-01	4.19E-01	-2.77E+00	-3.03E-01	
group_4104	8.00E-01	6.17E-01	3.62E-01	-5.39E-01	5.95E-01	4.19E-01	-2.77E+00	-3.03E-01	
group_4072	8.00E-01	6.17E-01	3.62E-01	-5.39E-01	5.95E-01	4.19E-01	-2.77E+00	-3.03E-01	
group_4071	8.00E-01	6.17E-01	3.62E-01	-5.39E-01	5.95E-01	4.19E-01	-2.77E+00	-3.03E-01	
group_3939	8.00E-01	6.17E-01	3.62E-01	-5.39E-01	5.95E-01	4.19E-01	-2.77E+00	-3.03E-01	
group_3930	8.00E-01	6.17E-01	4.54E-01	-4.38E-01	5.93E-01	3.34E-01	-2.71E+00	-2.44E-01	
group_3492	8.00E-01	1.00E+00	9.11E-01	6.20E-02	5.55E-01	-6.19E-02	-2.32E+00	1.34E-01	
group_3432	8.00E-01	6.17E-01	3.62E-01	-5.39E-01	5.95E-01	4.19E-01	-2.77E+00	-3.03E-01	
mptD	8.00E-01	6.17E-01	3.62E-01	-5.39E-01	5.95E-01	4.19E-01	-2.77E+00	-3.03E-01	
group_2082	8.00E-01	1.00E+00	9.11E-01	6.20E-02	5.55E-01	-6.19E-02	-2.32E+00	1.34E-01	
group_1956	8.00E-01	1.00E+00	9.11E-01	6.20E-02	5.55E-01	-6.19E-02	-2.32E+00	1.34E-01	
group_1883	8.00E-01	6.17E-01	3.62E-01	-5.39E-01	5.95E-01	4.19E-01	-2.77E+00	-3.03E-01	
group_1858	8.00E-01	1.00E+00	9.11E-01	6.20E-02	5.55E-01	-6.19E-02	-2.32E+00	1.34E-01	
group_1849	8.00E-01	6.17E-01	3.62E-01	-5.39E-01	5.95E-01	4.19E-01	-2.77E+00	-3.03E-01	
group_1840	8.00E-01	6.17E-01	3.62E-01	-5.39E-01	5.95E-01	4.19E-01	-2.77E+00	-3.03E-01	
group_1827	8.00E-01	1.00E+00	9.11E-01	6.20E-02	5.55E-01	-6.19E-02	-2.32E+00	1.34E-01	
group_1826	8.00E-01	6.17E-01	3.62E-01	-5.39E-01	5.95E-01	4.19E-01	-2.77E+00	-3.03E-01	
group_1780	8.00E-01	6.17E-01	3.62E-01	-5.39E-01	5.95E-01	4.19E-01	-2.77E+00	-3.03E-01	
group_1760	8.00E-01	1.00E+00	9.11E-01	6.20E-02	5.55E-01	-6.19E-02	-2.32E+00	1.34E-01	
group_1744	8.00E-01	6.17E-01	3.62E-01	-5.39E-01	5.95E-01	4.19E-01	-2.77E+00	-3.03E-01	
group_1704	8.00E-01	6.17E-01	3.62E-01	-5.39E-01	5.95E-01	4.19E-01	-2.77E+00	-3.03E-01	
group_1662	8.00E-01	1.00E+00	9.11E-01	6.20E-02	5.55E-01	-6.19E-02	-2.32E+00	1.34E-01	
group_1494	8.00E-01	6.17E-01	3.62E-01	-5.39E-01	5.95E-01	4.19E-01	-2.77E+00	-3.03E-01	
group_1493	8.00E-01	6.17E-01	3.62E-01	-5.39E-01	5.95E-01	4.19E-01	-2.77E+00	-3.03E-01	
group_1347	8.00E-01	1.00E+00	9.11E-01	6.20E-02	5.55E-01	-6.19E-02	-2.32E+00	1.34E-01	
group_955	8.00E-01	1.00E+00	9.11E-01	6.20E-02	5.55E-01	-6.19E-02	-2.32E+00	1.34E-01	
group_775	8.00E-01	6.17E-01	3.62E-01	-5.39E-01	5.95E-01	4.19E-01	-2.77E+00	-3.03E-01	
group_730	8.00E-01	6.17E-01	3.02E-01	-6.05E-01	5.93E-01	4.68E-01	-3.12E+00	-2.80E-01	
group_31	8.00E-01	6.17E-01	3.62E-01	-5.39E-01	5.95E-01	4.19E-01	-2.77E+00	-3.03E-01	
group_24	8.00E-01	6.17E-01	3.62E-01	-5.39E-01	5.95E-01	4.19E-01	-2.77E+00	-3.03E-01	
group_4121	7.90E-01	8.06E-01	5.54E-01	-3.34E-01	5.67E-01	2.52E-01	-2.57E+00	-1.41E-01	
group_1620	7.90E-01	8.06E-01	5.56E-01	-3.35E-01	5.70E-01	2.53E-01	-2.57E+00	-1.47E-01	
group_1572	7.90E-01	2.20E-01	3.65E-01	4.70E-01	5.22E-01	-3.84E-01	-1.88E+00	4.31E-02	
group_771	7.90E-01	8.06E-01	5.51E-01	-3.40E-01	5.71E-01	2.56E-01	-2.58E+00	-1.52E-01	
group_3720	7.80E-01	1.00E+00	7.44E-01	-1.70E-01	5.20E-01	1.20E-01	-2.41E+00	1.68E-01	
group_3397	7.80E-01	3.34E-01	1.77E-01	-7.11E-01	5.35E-01	5.45E-01	-2.89E+00	-1.99E-01	
group_1697	7.80E-01	1.58E-02	9.79E-03	1.44E+00	5.86E-01	-1.14E+00	-1.77E+00	1.01E+00	
group_1498	7.80E-01	5.35E-02	2.67E-02	-1.15E+00	5.41E-01	8.83E-01	-3.36E+00	5.57E-02	
group_1196	7.80E-01	3.34E-01	1.45E-01	-8.45E-01	5.89E-01	6.47E-01	-3.11E+00	-5.76E-01	
group_1133	7.80E-01	1.00E+00	7.15E-01	-2.02E-01	5.53E-01	1.44E-01	-2.52E+00	-4.22E-02	
group_974	7.80E-01	5.35E-02	2.67E-02	-1.15E+00	5.41E-01	8.83E-01	-3.36E+00	5.57E-02	
group_504	7.80E-01	3.77E-03	5.61E-03	1.50E+00	5.80E-01	-1.21E+00	-1.37E+00	-3.80E-01	
adhR	7.70E-01	8.12E-01	9.55E-01	-3.08E-02	5.40E-01	1.13E-02	-2.34E+00	6.92E-02	
group_3861	7.70E-01	8.12E-01	9.55E-01	-3.08E-02	5.40E-01	1.13E-02	-2.34E+00	6.92E-02	
group_3842	7.70E-01	6.03E-07	9.14E-08	3.46E+00	4.20E+00	-2.85E+00	1.31E+00	-1.08E+00	bad-chisq
group_3640	7.70E-01	8.12E-01	9.55E-01	-3.08E-02	5.40E-01	1.13E-02	-2.34E+00	6.92E-02	
group_1504	7.70E-01	4.76E-01	2.74E-01	-5.85E-01	5.40E-01	4.39E-01	-2.80E+00	-2.75E-01	
group_1429	7.70E-01	3.65E-04	2.34E-04	1.99E+00	6.09E-01	-1.61E+00	-2.97E+00	-3.44E-01	
group_899	7.70E-01	4.76E-01	3.86E-01	5.04E-01	5.85E-01	-4.03E-01	-2.31E+00	5.80E-01	
group_776	7.70E-01	4.76E-01	2.74E-01	-5.85E-01	5.40E-01	4.39E-01	-2.80E+00	-2.75E-01	
group_4064	7.60E-01	1.60E-01	6.09E-02	-1.02E+00	5.57E-01	7.66E-01	-3.18E+00	-6.24E-01	
group_3582	7.60E-01	1.60E-01	1.37E-01	-7.42E-01	5.08E-01	5.45E-01	-2.81E+00	-2.75E-01	
group_3420	7.60E-01	1.60E-01	6.09E-02	-1.02E+00	5.57E-01	7.66E-01	-3.18E+00	-6.24E-01	
group_2793	7.60E-01	1.60E-01	1.37E-01	-7.42E-01	5.08E-01	5.45E-01	-2.81E+00	-2.75E-01	
group_2616	7.60E-01	1.60E-01	1.37E-01	-7.42E-01	5.08E-01	5.45E-01	-2.81E+00	-2.75E-01	
group_1935	7.60E-01	1.60E-01	1.37E-01	-7.42E-01	5.08E-01	5.45E-01	-2.81E+00	-2.75E-01	
group_1861	7.60E-01	1.60E-01	6.09E-02	-1.02E+00	5.57E-01	7.66E-01	-3.18E+00	-6.24E-01	
group_1733	7.60E-01	1.60E-01	1.37E-01	-7.42E-01	5.08E-01	5.45E-01	-2.81E+00	-2.75E-01	
group_1631	7.60E-01	6.40E-01	8.36E-01	1.11E-01	5.38E-01	-9.69E-02	-2.21E+00	1.71E-01	
group_1589	7.60E-01	1.60E-01	1.37E-01	-7.42E-01	5.08E-01	5.45E-01	-2.81E+00	-2.75E-01	
group_1248	7.60E-01	1.00E+00	8.81E-01	-7.41E-02	4.94E-01	4.36E-02	-2.36E+00	5.70E-02	
group_1084	7.60E-01	1.60E-01	1.37E-01	-7.42E-01	5.08E-01	5.45E-01	-2.81E+00	-2.75E-01	
group_489	7.60E-01	1.60E-01	1.37E-01	-7.42E-01	5.08E-01	5.45E-01	-2.81E+00	-2.75E-01	
group_280	7.60E-01	2.83E-06	6.08E-08	3.65E+00	8.79E-01	-3.01E+00	-5.31E+00	-2.53E+00	
group_191	7.60E-01	1.00E+00	8.81E-01	-7.41E-02	4.94E-01	4.36E-02	-2.36E+00	5.70E-02	
binR	7.50E-01	4.88E-01	5.69E-01	3.03E-01	5.34E-01	-2.41E-01	-2.18E+00	3.32E-01	
group_4050	7.50E-01	8.17E-01	5.44E-01	-3.04E-01	5.02E-01	2.15E-01	-2.65E+00	-4.38E-02	
group_3986	7.50E-01	8.17E-01	5.44E-01	-3.04E-01	5.02E-01	2.15E-01	-2.65E+00	-4.38E-02	
group_3924	7.50E-01	8.17E-01	5.44E-01	-3.04E-01	5.02E-01	2.15E-01	-2.65E+00	-4.38E-02	
group_3918	7.50E-01	8.17E-01	5.44E-01	-3.04E-01	5.02E-01	2.15E-01	-2.65E+00	-4.38E-02	
group_3917	7.50E-01	8.17E-01	5.44E-01	-3.04E-01	5.02E-01	2.15E-01	-2.65E+00	-4.38E-02	
group_3392	7.50E-01	8.17E-01	5.44E-01	-3.04E-01	5.02E-01	2.15E-01	-2.65E+00	-4.38E-02	
group_3159	7.50E-01	8.17E-01	5.44E-01	-3.04E-01	5.02E-01	2.15E-01	-2.65E+00	-4.38E-02	
group_3131	7.50E-01	8.17E-01	5.44E-01	-3.04E-01	5.02E-01	2.15E-01	-2.65E+00	-4.38E-02	
group_2756	7.50E-01	8.17E-01	5.44E-01	-3.04E-01	5.02E-01	2.15E-01	-2.65E+00	-4.38E-02	
group_2303	7.50E-01	8.17E-01	5.44E-01	-3.04E-01	5.02E-01	2.15E-01	-2.65E+00	-4.38E-02	
group_2297	7.50E-01	8.17E-01	5.44E-01	-3.04E-01	5.02E-01	2.15E-01	-2.65E+00	-4.38E-02	
group_2176	7.50E-01	8.17E-01	5.44E-01	-3.04E-01	5.02E-01	2.15E-01	-2.65E+00	-4.38E-02	
group_1947	7.50E-01	8.17E-01	5.44E-01	-3.04E-01	5.02E-01	2.15E-01	-2.65E+00	-4.38E-02	
group_1875	7.50E-01	4.88E-01	5.20E-01	3.19E-01	4.98E-01	-2.51E-01	-2.18E+00	2.73E-01	
group_1058	7.50E-01	8.17E-01	5.44E-01	-3.04E-01	5.02E-01	2.15E-01	-2.65E+00	-4.38E-02	
group_1037	7.50E-01	8.17E-01	5.44E-01	-3.04E-01	5.02E-01	2.15E-01	-2.65E+00	-4.38E-02	
group_874	7.50E-01	8.17E-01	5.44E-01	-3.04E-01	5.02E-01	2.15E-01	-2.65E+00	-4.38E-02	
group_787	7.50E-01	1.11E-02	4.36E-03	1.47E+00	5.42E-01	-1.14E+00	-3.32E+00	-7.53E-01	
group_724	7.50E-01	8.17E-01	5.44E-01	-3.04E-01	5.02E-01	2.15E-01	-2.65E+00	-4.38E-02	
group_421	7.50E-01	8.17E-01	5.44E-01	-3.04E-01	5.02E-01	2.15E-01	-2.65E+00	-4.38E-02	
group_121	7.50E-01	8.17E-01	5.44E-01	-3.04E-01	5.02E-01	2.15E-01	-2.65E+00	-4.38E-02	
group_2109	7.40E-01	3.62E-01	1.53E-01	-7.30E-01	5.20E-01	5.22E-01	-3.43E+00	-2.65E-01	
group_1558	7.40E-01	6.82E-02	2.51E-02	-1.10E+00	5.07E-01	8.08E-01	-3.30E+00	2.48E-02	
group_1258	7.40E-01	6.82E-02	7.05E-02	-8.46E-01	4.77E-01	6.14E-01	-2.46E+00	-3.16E-02	
group_1028	7.40E-01	3.62E-01	3.92E-01	-3.99E-01	4.69E-01	2.83E-01	-2.24E+00	2.10E-01	
group_892	7.40E-01	1.00E+00	7.33E-01	-1.65E-01	4.86E-01	1.10E-01	-2.48E+00	3.24E-02	
uvrC	7.40E-01	1.00E+00	7.28E-01	-1.65E-01	4.76E-01	1.10E-01	-2.47E+00	1.13E-01	
group_4048	7.30E-01	4.99E-01	2.57E-01	-5.60E-01	4.99E-01	3.93E-01	-3.11E+00	-1.45E-01	
group_3546	7.30E-01	2.60E-01	2.08E-01	5.80E-01	4.64E-01	-4.37E-01	-2.55E+00	-5.52E-02	
group_3367	7.30E-01	8.22E-01	5.84E-01	-2.60E-01	4.75E-01	1.77E-01	-2.50E+00	1.79E-01	
group_3267	7.30E-01	1.32E-02	2.31E-03	-1.54E+00	5.38E-01	1.12E+00	-4.42E+00	-8.37E-03	
group_1457	7.30E-01	1.15E-01	1.18E-01	-7.34E-01	4.77E-01	5.25E-01	-2.22E+00	3.82E-01	
group_1076	7.30E-01	1.15E-01	1.26E-01	7.11E-01	4.70E-01	-5.33E-01	-2.14E+00	2.48E-01	
group_817	7.30E-01	1.15E-01	3.54E-02	-1.05E+00	5.13E-01	7.48E-01	-3.88E+00	-2.27E-01	
group_4018	7.20E-01	1.00E+00	7.90E-01	-1.22E-01	4.58E-01	7.54E-02	-2.39E+00	1.01E-01	
group_4007	7.20E-01	6.56E-01	4.31E-01	-3.76E-01	4.79E-01	2.58E-01	-2.69E+00	-7.34E-02	
group_4002	7.20E-01	1.00E+00	7.90E-01	-1.22E-01	4.58E-01	7.54E-02	-2.39E+00	1.01E-01	
group_3881	7.20E-01	6.56E-01	8.56E-01	8.54E-02	4.71E-01	-7.38E-02	-2.24E+00	1.24E-01	
group_3601	7.20E-01	1.00E+00	7.90E-01	-1.22E-01	4.58E-01	7.54E-02	-2.39E+00	1.01E-01	
group_2979	7.20E-01	1.00E+00	7.90E-01	-1.22E-01	4.58E-01	7.54E-02	-2.39E+00	1.01E-01	
group_1965	7.20E-01	7.48E-02	1.02E-01	7.55E-01	4.68E-01	-5.63E-01	-2.10E+00	2.15E-01	
uvrA	7.20E-01	3.73E-01	4.20E-01	-3.68E-01	4.58E-01	2.52E-01	-2.26E+00	-3.48E-02	
group_1489	7.20E-01	1.00E+00	7.90E-01	-1.22E-01	4.58E-01	7.54E-02	-2.39E+00	1.01E-01	
group_893	7.20E-01	6.56E-01	8.56E-01	8.54E-02	4.71E-01	-7.38E-02	-2.24E+00	1.24E-01	
group_759	7.20E-01	1.00E+00	7.90E-01	-1.22E-01	4.58E-01	7.54E-02	-2.39E+00	1.01E-01	
group_206	7.20E-01	1.00E+00	7.90E-01	-1.22E-01	4.58E-01	7.54E-02	-2.39E+00	1.01E-01	
group_4118	7.10E-01	8.26E-01	9.78E-01	-1.24E-02	4.52E-01	-3.64E-03	-2.32E+00	9.07E-02	
group_4009	7.10E-01	5.09E-01	3.12E-01	-4.86E-01	4.84E-01	3.32E-01	-2.78E+00	-1.81E-01	
group_3059	7.10E-01	8.26E-01	9.78E-01	-1.24E-02	4.52E-01	-3.64E-03	-2.32E+00	9.07E-02	
group_1924	7.10E-01	8.26E-01	9.78E-01	-1.24E-02	4.52E-01	-3.64E-03	-2.32E+00	9.07E-02	
group_1659	7.10E-01	9.47E-04	1.02E-03	1.61E+00	5.24E-01	-1.19E+00	-1.92E+00	-6.73E-01	
group_1523	7.10E-01	4.73E-02	7.40E-02	8.18E-01	4.65E-01	-5.98E-01	-1.84E+00	2.38E-02	
group_1272	7.10E-01	8.26E-01	9.64E-01	-2.08E-02	4.67E-01	2.30E-03	-2.33E+00	8.12E-02	
group_898	7.10E-01	1.23E-01	8.48E-02	9.93E-01	5.93E-01	-7.27E-01	-2.03E+00	1.21E+00	
group_661	7.10E-01	8.26E-01	9.78E-01	-1.24E-02	4.52E-01	-3.64E-03	-2.32E+00	9.07E-02	
group_540	7.10E-01	8.26E-01	9.83E-01	-9.41E-03	4.51E-01	-5.74E-03	-2.32E+00	9.04E-02	
yajD	7.10E-01	8.26E-01	9.78E-01	-1.24E-02	4.52E-01	-3.64E-03	-2.32E+00	9.07E-02	
group_305	7.10E-01	8.26E-01	9.78E-01	-1.24E-02	4.52E-01	-3.64E-03	-2.32E+00	9.07E-02	
group_4266	7.00E-01	1.00E+00	9.30E-01	-3.96E-02	4.52E-01	1.52E-02	-2.33E+00	7.47E-02	
group_4168	7.00E-01	1.00E+00	8.29E-01	1.14E-01	5.27E-01	-9.23E-02	-2.35E+00	2.10E-01	
mdcA	7.00E-01	1.00E+00	8.29E-01	1.14E-01	5.27E-01	-9.23E-02	-2.35E+00	2.10E-01	
group_3602	7.00E-01	6.63E-01	8.33E-01	9.43E-02	4.46E-01	-7.86E-02	-2.26E+00	8.90E-02	
group_2615	7.00E-01	1.00E+00	8.29E-01	1.14E-01	5.27E-01	-9.23E-02	-2.35E+00	2.10E-01	
group_2027	7.00E-01	6.63E-01	5.56E-01	3.16E-01	5.41E-01	-2.36E-01	-2.44E+00	4.26E-01	
group_2024	7.00E-01	6.63E-01	5.56E-01	3.16E-01	5.41E-01	-2.36E-01	-2.44E+00	4.26E-01	
group_1091	7.00E-01	6.63E-01	8.33E-01	9.43E-02	4.46E-01	-7.86E-02	-2.26E+00	8.90E-02	
group_863	7.00E-01	1.00E+00	8.29E-01	1.14E-01	5.27E-01	-9.23E-02	-2.35E+00	2.10E-01	
group_745	7.00E-01	1.00E+00	8.29E-01	1.14E-01	5.27E-01	-9.23E-02	-2.35E+00	2.10E-01	
group_533	7.00E-01	1.90E-01	7.72E-02	-8.41E-01	4.85E-01	5.73E-01	-3.47E+00	-2.41E-01	
group_435	7.00E-01	1.00E+00	8.29E-01	1.14E-01	5.27E-01	-9.23E-02	-2.35E+00	2.10E-01	
group_164	7.00E-01	1.00E+00	8.29E-01	1.14E-01	5.27E-01	-9.23E-02	-2.35E+00	2.10E-01	
ermB	7.00E-01	2.25E-03	1.02E-03	1.64E+00	5.36E-01	-1.20E+00	-2.95E+00	1.20E+00	
group_4218	6.90E-01	5.17E-01	7.01E-01	1.72E-01	4.48E-01	-1.31E-01	-2.16E+00	1.25E-01	
group_1101	6.90E-01	5.17E-01	4.46E-01	-3.35E-01	4.41E-01	2.18E-01	-2.45E+00	1.01E-01	
group_1009	6.90E-01	1.30E-01	5.95E-02	-8.57E-01	4.63E-01	5.81E-01	-3.15E+00	6.76E-02	
group_641	6.90E-01	1.30E-01	1.20E-01	7.96E-01	5.22E-01	-5.68E-01	-2.03E+00	8.26E-01	
group_301	6.90E-01	4.94E-03	7.79E-04	-1.67E+00	5.29E-01	1.15E+00	-4.09E+00	-8.48E-01	
group_3457	6.80E-01	1.98E-01	8.58E-02	-7.89E-01	4.67E-01	5.20E-01	-3.39E+00	-1.30E-01	
group_1427	6.80E-01	3.21E-02	1.69E-02	-1.09E+00	4.70E-01	7.28E-01	-3.23E+00	-2.94E-01	
group_1180	6.80E-01	1.00E+00	9.74E-01	1.58E-02	4.89E-01	-2.32E-02	-2.31E+00	1.04E-01	
group_1057	6.80E-01	1.98E-01	8.39E-02	-8.00E-01	4.70E-01	5.27E-01	-3.44E+00	-1.87E-01	
group_473	6.80E-01	1.98E-01	8.39E-02	-8.00E-01	4.70E-01	5.27E-01	-3.44E+00	-1.87E-01	
group_1628	6.70E-01	1.37E-01	3.87E-02	1.21E+00	6.08E-01	-8.33E-01	-2.67E+00	1.68E+00	
group_640	6.70E-01	5.56E-02	5.61E-02	-8.45E-01	4.50E-01	5.54E-01	-2.28E+00	4.17E-01	
group_639	6.70E-01	1.37E-01	9.72E-02	-7.33E-01	4.48E-01	4.76E-01	-2.76E+00	3.03E-01	
dfrG	6.60E-01	9.13E-02	3.43E-02	-9.65E-01	4.66E-01	6.22E-01	-3.55E+00	-2.79E-01	
group_1306	6.60E-01	3.12E-03	1.57E-03	-1.55E+00	5.19E-01	1.01E+00	-2.74E+00	-1.23E+00	
group_4286	6.50E-01	5.92E-02	2.92E-02	-9.76E-01	4.57E-01	6.29E-01	-2.92E+00	-3.35E-01	
group_4265	6.50E-01	5.92E-02	2.92E-02	-9.76E-01	4.57E-01	6.29E-01	-2.92E+00	-3.35E-01	
group_4252	6.50E-01	8.34E-01	6.13E-01	-2.36E-01	4.66E-01	1.40E-01	-2.55E+00	-7.97E-02	
group_1531	6.50E-01	8.34E-01	9.16E-01	-4.48E-02	4.24E-01	1.66E-02	-2.30E+00	7.93E-02	
group_4288	6.40E-01	3.72E-02	3.65E-02	8.92E-01	4.33E-01	-5.89E-01	-2.43E+00	6.57E-02	
group_4251	6.40E-01	4.05E-01	4.99E-01	2.94E-01	4.37E-01	-2.01E-01	-2.16E+00	2.21E-01	
group_3909	6.40E-01	1.00E+00	8.68E-01	7.06E-02	4.26E-01	-5.79E-02	-2.36E+00	7.03E-02	
group_3676	6.40E-01	2.11E-01	1.04E-01	-7.13E-01	4.44E-01	4.41E-01	-3.20E+00	-5.88E-02	
group_1469	6.40E-01	1.00E+00	8.68E-01	7.06E-02	4.26E-01	-5.79E-02	-2.36E+00	7.03E-02	
group_1163	6.40E-01	4.05E-01	3.99E-01	-4.00E-01	4.75E-01	2.44E-01	-2.29E+00	-2.74E-01	
prgO	6.40E-01	4.05E-01	3.99E-01	-4.00E-01	4.75E-01	2.44E-01	-2.29E+00	-2.74E-01	
group_1109	6.40E-01	3.72E-02	5.13E-02	8.46E-01	4.40E-01	-5.60E-01	-2.06E+00	-1.94E-01	
group_668	6.40E-01	1.00E+00	8.68E-01	7.06E-02	4.26E-01	-5.79E-02	-2.36E+00	7.03E-02	
group_44	6.40E-01	4.05E-01	3.99E-01	-4.00E-01	4.75E-01	2.44E-01	-2.29E+00	-2.74E-01	
group_1237	6.30E-01	3.00E-01	2.79E-01	-5.14E-01	4.77E-01	3.11E-01	-2.34E+00	-3.91E-01	
group_1219	6.30E-01	3.00E-01	3.34E-01	-4.09E-01	4.25E-01	2.45E-01	-2.23E+00	2.20E-01	
group_4172	6.20E-01	2.16E-01	2.58E-01	-4.80E-01	4.26E-01	2.86E-01	-2.09E+00	2.57E-01	
group_3182	6.20E-01	3.94E-02	5.27E-02	8.36E-01	4.37E-01	-5.36E-01	-2.08E+00	-2.49E-01	
group_2988	6.20E-01	3.94E-02	5.27E-02	8.36E-01	4.37E-01	-5.36E-01	-2.08E+00	-2.49E-01	
group_2577	6.20E-01	3.94E-02	5.27E-02	8.36E-01	4.37E-01	-5.36E-01	-2.08E+00	-2.49E-01	
group_2569	6.20E-01	3.94E-02	5.27E-02	8.36E-01	4.37E-01	-5.36E-01	-2.08E+00	-2.49E-01	
group_2040	6.20E-01	3.92E-03	2.93E-04	-1.79E+00	5.32E-01	1.09E+00	-4.26E+00	1.69E+00	
group_2033	6.20E-01	6.80E-01	7.09E-01	1.55E-01	4.16E-01	-1.09E-01	-2.29E+00	9.35E-02	
group_1666	6.20E-01	1.00E+00	8.07E-01	-1.03E-01	4.23E-01	5.13E-02	-2.39E+00	7.40E-02	
group_1044	6.20E-01	3.94E-02	5.27E-02	8.36E-01	4.37E-01	-5.36E-01	-2.08E+00	-2.49E-01	
group_882	6.20E-01	3.94E-02	5.27E-02	8.36E-01	4.37E-01	-5.36E-01	-2.08E+00	-2.49E-01	
group_760	6.20E-01	3.94E-02	5.27E-02	8.36E-01	4.37E-01	-5.36E-01	-2.08E+00	-2.49E-01	
group_509	6.20E-01	3.94E-02	5.27E-02	8.36E-01	4.37E-01	-5.36E-01	-2.08E+00	-2.49E-01	
group_203	6.20E-01	3.94E-02	5.27E-02	8.36E-01	4.37E-01	-5.36E-01	-2.08E+00	-2.49E-01	
group_67	6.20E-01	3.94E-02	5.27E-02	8.36E-01	4.37E-01	-5.36E-01	-2.08E+00	-2.49E-01	
group_3723	6.10E-01	2.10E-03	9.75E-04	-1.54E+00	4.92E-01	9.22E-01	-2.42E+00	1.32E+00	
group_3518	6.10E-01	2.10E-03	9.75E-04	-1.54E+00	4.92E-01	9.22E-01	-2.42E+00	1.32E+00	
group_2264	6.10E-01	2.10E-03	9.75E-04	-1.54E+00	4.92E-01	9.22E-01	-2.42E+00	1.32E+00	
group_1911	6.00E-01	6.83E-01	7.69E-01	-1.42E-01	4.84E-01	7.21E-02	-2.29E+00	-6.17E-02	
group_1708	6.00E-01	6.83E-01	5.07E-01	-2.77E-01	4.18E-01	1.54E-01	-2.53E+00	1.12E-01	
group_998	6.00E-01	1.43E-02	2.68E-03	-1.37E+00	4.82E-01	7.91E-01	-5.19E+00	-5.52E-01	
group_4253	5.90E-01	1.55E-01	8.22E-02	-7.41E-01	4.31E-01	4.23E-01	-3.06E+00	-1.52E-01	
group_4132	5.90E-01	8.21E-03	1.29E-03	-1.50E+00	4.90E-01	8.73E-01	-3.73E+00	1.27E+00	
group_2019	5.90E-01	8.21E-03	3.00E-03	1.30E+00	4.54E-01	-7.87E-01	-3.01E+00	8.41E-01	
group_4257	5.80E-01	6.85E-01	5.48E-01	-2.62E-01	4.37E-01	1.40E-01	-2.46E+00	-8.60E-02	
group_2762	5.80E-01	1.19E-03	1.32E-04	-1.78E+00	4.98E-01	1.02E+00	-3.98E+00	1.37E+00	
group_2252	5.80E-01	5.07E-05	4.15E-05	-1.76E+00	4.56E-01	1.00E+00	-3.37E+00	8.42E-02	
group_2022	5.80E-01	1.05E-01	1.12E-01	6.56E-01	4.15E-01	-3.92E-01	-2.23E+00	-6.32E-03	
group_1876	5.80E-01	1.19E-03	8.05E-04	-1.42E+00	4.39E-01	8.18E-01	-2.78E+00	2.03E-01	
group_1221	5.80E-01	1.19E-03	1.32E-04	-1.78E+00	4.98E-01	1.02E+00	-3.98E+00	1.37E+00	
yorD	5.80E-01	1.05E-01	1.49E-01	5.97E-01	4.16E-01	-3.59E-01	-1.95E+00	1.09E-01	
group_584	5.80E-01	1.19E-03	1.32E-04	-1.78E+00	4.98E-01	1.02E+00	-3.98E+00	1.37E+00	
group_4275	5.70E-01	5.45E-01	4.19E-01	-3.49E-01	4.33E-01	1.87E-01	-2.51E+00	-1.30E-01	
group_3999	5.70E-01	2.45E-03	3.59E-04	-1.61E+00	4.80E-01	8.80E-01	-5.68E+00	-5.30E-01	
group_3732	5.70E-01	2.45E-03	3.59E-04	-1.61E+00	4.80E-01	8.80E-01	-5.68E+00	-5.30E-01	
group_3722	5.70E-01	2.63E-02	6.81E-03	-1.22E+00	4.65E-01	6.80E-01	-3.44E+00	9.62E-01	
group_3567	5.70E-01	8.40E-01	9.72E-01	-1.45E-02	4.15E-01	-4.23E-03	-2.32E+00	8.71E-02	
group_3566	5.70E-01	1.57E-01	1.89E-01	-5.78E-01	4.43E-01	3.17E-01	-2.08E+00	-3.34E-01	
group_3210	5.70E-01	5.45E-01	3.75E-01	-4.06E-01	4.60E-01	2.18E-01	-2.66E+00	-2.69E-01	
group_3149	5.70E-01	2.45E-03	3.59E-04	-1.61E+00	4.80E-01	8.80E-01	-5.68E+00	-5.30E-01	
group_2405	5.70E-01	2.45E-03	3.59E-04	-1.61E+00	4.80E-01	8.80E-01	-5.68E+00	-5.30E-01	
group_1745	5.70E-01	5.45E-01	4.75E-01	-3.54E-01	4.97E-01	1.89E-01	-2.39E+00	-3.21E-01	
group_897	5.70E-01	2.45E-03	2.54E-03	1.28E+00	4.39E-01	-7.60E-01	-2.35E+00	5.62E-01	
group_579	5.70E-01	2.45E-03	3.59E-04	-1.61E+00	4.80E-01	8.80E-01	-5.68E+00	-5.30E-01	
group_4267	5.60E-01	4.20E-01	3.11E-01	-4.34E-01	4.30E-01	2.31E-01	-2.56E+00	-1.68E-01	
group_4161	5.60E-01	2.27E-01	2.57E-01	4.77E-01	4.23E-01	-2.82E-01	-2.20E+00	3.25E-01	
group_4126	5.60E-01	2.27E-01	6.72E-02	-1.21E+00	6.90E-01	6.53E-01	-2.99E+00	-1.86E+00	
group_4110	5.60E-01	4.40E-02	3.12E-03	2.01E+00	7.65E-01	-1.18E+00	-3.64E+00	3.34E+00	
group_3919	5.60E-01	1.07E-01	2.86E-02	-1.44E+00	7.07E-01	7.57E-01	-3.64E+00	-2.23E+00	
group_3854	5.60E-01	4.40E-02	3.12E-03	2.01E+00	7.65E-01	-1.18E+00	-3.64E+00	3.34E+00	
group_3852	5.60E-01	4.40E-02	3.12E-03	2.01E+00	7.65E-01	-1.18E+00	-3.64E+00	3.34E+00	
group_3593	5.60E-01	4.40E-02	3.12E-03	2.01E+00	7.65E-01	-1.18E+00	-3.64E+00	3.34E+00	
group_3475	5.60E-01	4.40E-02	3.12E-03	2.01E+00	7.65E-01	-1.18E+00	-3.64E+00	3.34E+00	
group_3299	5.60E-01	1.27E-03	1.76E-04	-1.68E+00	4.78E-01	9.03E-01	-5.79E+00	-4.63E-01	
group_3115	5.60E-01	1.07E-01	2.86E-02	-1.44E+00	7.07E-01	7.57E-01	-3.64E+00	-2.23E+00	
iclR	5.60E-01	1.07E-01	2.86E-02	-1.44E+00	7.07E-01	7.57E-01	-3.64E+00	-2.23E+00	
group_2637	5.60E-01	6.87E-01	5.18E-01	-2.96E-01	4.59E-01	1.53E-01	-2.55E+00	-1.77E-01	
group_2278	5.60E-01	2.27E-01	2.57E-01	4.77E-01	4.23E-01	-2.82E-01	-2.20E+00	3.25E-01	
group_2014	5.60E-01	4.20E-01	5.49E-01	2.54E-01	4.24E-01	-1.55E-01	-2.15E+00	-4.20E-02	
group_1395	5.60E-01	1.07E-01	2.86E-02	-1.44E+00	7.07E-01	7.57E-01	-3.64E+00	-2.23E+00	
group_1394	5.60E-01	1.07E-01	2.86E-02	-1.44E+00	7.07E-01	7.57E-01	-3.64E+00	-2.23E+00	
group_1157	5.60E-01	1.07E-01	2.86E-02	-1.44E+00	7.07E-01	7.57E-01	-3.64E+00	-2.23E+00	
group_1156	5.60E-01	1.07E-01	2.86E-02	-1.44E+00	7.07E-01	7.57E-01	-3.64E+00	-2.23E+00	
group_865	5.60E-01	4.40E-02	4.16E-02	-8.55E-01	4.26E-01	4.60E-01	-2.53E+00	4.57E-01	
group_851	5.60E-01	1.07E-01	2.86E-02	-1.44E+00	7.07E-01	7.57E-01	-3.64E+00	-2.23E+00	
group_807	5.60E-01	4.40E-02	3.12E-03	2.01E+00	7.65E-01	-1.18E+00	-3.64E+00	3.34E+00	
group_484	5.60E-01	1.07E-01	2.86E-02	-1.44E+00	7.07E-01	7.57E-01	-3.64E+00	-2.23E+00	
group_443	5.60E-01	1.07E-01	2.86E-02	-1.44E+00	7.07E-01	7.57E-01	-3.64E+00	-2.23E+00	
group_442	5.60E-01	1.07E-01	2.86E-02	-1.44E+00	7.07E-01	7.57E-01	-3.64E+00	-2.23E+00	
group_8	5.60E-01	2.27E-01	6.72E-02	-1.21E+00	6.90E-01	6.53E-01	-2.99E+00	-1.86E+00	
group_4011	5.50E-01	3.15E-01	3.78E-01	3.58E-01	4.07E-01	-2.11E-01	-2.24E+00	7.29E-02	
group_3946	5.50E-01	8.41E-01	6.83E-01	-2.03E-01	4.98E-01	9.88E-02	-2.45E+00	-1.47E-01	
group_3899	5.50E-01	3.15E-01	3.78E-01	3.58E-01	4.07E-01	-2.11E-01	-2.24E+00	7.29E-02	
group_3401	5.50E-01	1.59E-01	1.82E-01	5.60E-01	4.21E-01	-3.23E-01	-2.18E+00	3.51E-01	
group_3277	5.50E-01	3.15E-01	3.78E-01	3.58E-01	4.07E-01	-2.11E-01	-2.24E+00	7.29E-02	
group_3228	5.50E-01	8.41E-01	6.83E-01	-2.03E-01	4.98E-01	9.88E-02	-2.45E+00	-1.47E-01	
group_3160	5.50E-01	8.41E-01	6.83E-01	-2.03E-01	4.98E-01	9.88E-02	-2.45E+00	-1.47E-01	
group_2860	5.50E-01	3.15E-01	3.78E-01	3.58E-01	4.07E-01	-2.11E-01	-2.24E+00	7.29E-02	
group_2690	5.50E-01	3.15E-01	3.78E-01	3.58E-01	4.07E-01	-2.11E-01	-2.24E+00	7.29E-02	
group_2274	5.50E-01	1.59E-01	9.12E-02	7.09E-01	4.23E-01	-4.05E-01	-2.86E+00	3.86E-01	
group_2117	5.50E-01	3.15E-01	3.78E-01	3.58E-01	4.07E-01	-2.11E-01	-2.24E+00	7.29E-02	
group_1929	5.50E-01	8.41E-01	7.62E-01	-1.40E-01	4.64E-01	6.55E-02	-2.34E+00	-4.98E-02	
group_1868	5.50E-01	8.97E-03	4.23E-03	-1.23E+00	4.45E-01	6.49E-01	-3.65E+00	6.14E-01	
ftsW	5.50E-01	5.46E-01	6.33E-01	-1.95E-01	4.08E-01	9.45E-02	-2.24E+00	1.31E-01	
group_1563	5.50E-01	3.15E-01	3.78E-01	3.58E-01	4.07E-01	-2.11E-01	-2.24E+00	7.29E-02	
group_1514	5.50E-01	7.04E-02	7.16E-02	-7.48E-01	4.19E-01	3.94E-01	-2.44E+00	3.64E-01	
group_1418	5.50E-01	8.41E-01	6.83E-01	-2.03E-01	4.98E-01	9.88E-02	-2.45E+00	-1.47E-01	
group_1349	5.50E-01	8.41E-01	6.83E-01	-2.03E-01	4.98E-01	9.88E-02	-2.45E+00	-1.47E-01	
group_1275	5.50E-01	3.15E-01	3.78E-01	3.58E-01	4.07E-01	-2.11E-01	-2.24E+00	7.29E-02	
group_1244	5.50E-01	8.41E-01	7.62E-01	-1.40E-01	4.64E-01	6.55E-02	-2.34E+00	-4.98E-02	
yfhO	5.50E-01	3.15E-01	8.93E-02	-1.09E+00	6.73E-01	5.68E-01	-3.79E+00	-1.62E+00	
group_1050	5.50E-01	1.59E-01	1.82E-01	5.60E-01	4.21E-01	-3.23E-01	-2.18E+00	3.51E-01	
group_1042	5.50E-01	1.59E-01	9.12E-02	7.09E-01	4.23E-01	-4.05E-01	-2.86E+00	3.86E-01	
group_947	5.50E-01	8.41E-01	7.62E-01	-1.40E-01	4.64E-01	6.55E-02	-2.34E+00	-4.98E-02	
group_845	5.50E-01	1.59E-01	9.12E-02	7.09E-01	4.23E-01	-4.05E-01	-2.86E+00	3.86E-01	
group_682	5.50E-01	1.59E-01	9.12E-02	7.09E-01	4.23E-01	-4.05E-01	-2.86E+00	3.86E-01	
mazF	5.50E-01	3.15E-01	3.78E-01	3.58E-01	4.07E-01	-2.11E-01	-2.24E+00	7.29E-02	
group_462	5.50E-01	3.15E-01	3.78E-01	3.58E-01	4.07E-01	-2.11E-01	-2.24E+00	7.29E-02	
group_132	5.50E-01	1.59E-01	9.12E-02	7.09E-01	4.23E-01	-4.05E-01	-2.86E+00	3.86E-01	
group_4109	5.40E-01	6.88E-01	5.17E-01	-2.66E-01	4.11E-01	1.30E-01	-2.54E+00	5.69E-02	
group_3948	5.40E-01	1.08E-01	1.52E-02	1.67E+00	7.54E-01	-9.52E-01	-3.48E+00	2.85E+00	
ecbA	5.40E-01	1.08E-01	1.52E-02	1.67E+00	7.54E-01	-9.52E-01	-3.48E+00	2.85E+00	
group_3480	5.40E-01	4.22E-01	1.60E-01	-9.09E-01	6.74E-01	4.66E-01	-3.45E+00	-1.36E+00	
group_1953	5.40E-01	6.88E-01	1.92E-01	1.42E+00	1.17E+00	-8.04E-01	-3.60E+00	2.85E+00	
group_1910	5.40E-01	1.08E-01	1.52E-02	1.67E+00	7.54E-01	-9.52E-01	-3.48E+00	2.85E+00	
group_1886	5.40E-01	2.29E-01	1.89E-01	5.76E-01	4.41E-01	-3.23E-01	-2.23E+00	5.32E-01	
group_1653	5.40E-01	1.61E-02	5.65E-03	-1.29E+00	4.84E-01	6.78E-01	-3.09E+00	-1.12E+00	
group_1387	5.40E-01	1.08E-01	1.52E-02	1.67E+00	7.54E-01	-9.52E-01	-3.48E+00	2.85E+00	
group_1372	5.40E-01	1.08E-01	1.52E-02	1.67E+00	7.54E-01	-9.52E-01	-3.48E+00	2.85E+00	
group_1305	5.40E-01	1.61E-02	5.65E-03	-1.29E+00	4.84E-01	6.78E-01	-3.09E+00	-1.12E+00	
group_684	5.40E-01	1.08E-01	1.52E-02	1.67E+00	7.54E-01	-9.52E-01	-3.48E+00	2.85E+00	
aph2I~~~aac6Ie~~~aph2Ia	5.40E-01	1.00E+00	8.38E-01	-8.33E-02	4.07E-01	3.25E-02	-2.37E+00	8.72E-02	
group_318	5.40E-01	1.08E-01	1.52E-02	1.67E+00	7.54E-01	-9.52E-01	-3.48E+00	2.85E+00	
group_297	5.40E-01	1.33E-03	9.51E-04	-1.43E+00	4.51E-01	7.51E-01	-2.61E+00	8.87E-01	
group_204	5.40E-01	1.61E-02	5.65E-03	-1.29E+00	4.84E-01	6.78E-01	-3.09E+00	-1.12E+00	
group_17	5.40E-01	1.08E-01	1.52E-02	1.67E+00	7.54E-01	-9.52E-01	-3.48E+00	2.85E+00	
group_15	5.40E-01	1.08E-01	1.52E-02	1.67E+00	7.54E-01	-9.52E-01	-3.48E+00	2.85E+00	
group_4006	5.30E-01	5.48E-01	5.44E-02	2.31E+00	1.28E+00	-1.28E+00	-4.68E+00	4.68E+00	
group_3958	5.30E-01	8.41E-01	7.55E-01	-1.29E-01	4.14E-01	5.66E-02	-2.34E+00	3.36E-02	
group_3715	5.30E-01	8.41E-01	9.23E-01	4.00E-02	4.13E-01	-3.38E-02	-2.30E+00	1.07E-01	
group_3502	5.30E-01	5.48E-01	5.44E-02	2.31E+00	1.28E+00	-1.28E+00	-4.68E+00	4.68E+00	
group_3400	5.30E-01	5.48E-01	5.44E-02	2.31E+00	1.28E+00	-1.28E+00	-4.68E+00	4.68E+00	
group_3010	5.30E-01	7.13E-02	7.94E-02	7.30E-01	4.20E-01	-4.03E-01	-2.23E+00	3.96E-01	
group_2465	5.30E-01	5.48E-01	5.44E-02	2.31E+00	1.28E+00	-1.28E+00	-4.68E+00	4.68E+00	
group_2270	5.30E-01	8.41E-01	9.23E-01	4.00E-02	4.13E-01	-3.38E-02	-2.30E+00	1.07E-01	
group_2083	5.30E-01	5.48E-01	5.44E-02	2.31E+00	1.28E+00	-1.28E+00	-4.68E+00	4.68E+00	
group_2041	5.30E-01	1.61E-01	1.77E-01	-5.49E-01	4.09E-01	2.81E-01	-2.16E+00	1.57E-02	
group_1963	5.30E-01	7.13E-02	4.87E-02	-8.20E-01	4.22E-01	4.14E-01	-3.00E+00	3.32E-01	
group_1458	5.30E-01	7.13E-02	8.62E-02	-7.02E-01	4.13E-01	3.57E-01	-2.26E+00	-7.86E-02	
group_1426	5.30E-01	7.13E-02	7.94E-02	7.30E-01	4.20E-01	-4.03E-01	-2.23E+00	3.96E-01	
group_1382	5.30E-01	7.13E-02	7.94E-02	7.30E-01	4.20E-01	-4.03E-01	-2.23E+00	3.96E-01	
group_1175	5.30E-01	7.13E-02	7.94E-02	7.30E-01	4.20E-01	-4.03E-01	-2.23E+00	3.96E-01	
bppU	5.30E-01	5.48E-01	3.97E-01	-3.54E-01	4.20E-01	1.75E-01	-2.52E+00	2.60E-01	
group_4278	5.20E-01	1.09E-01	5.46E-02	-8.51E-01	4.49E-01	4.27E-01	-3.02E+00	-5.61E-01	
group_4096	5.20E-01	4.23E-01	2.08E-02	2.62E+00	1.24E+00	-1.44E+00	-5.11E+00	5.26E+00	
group_4093	5.20E-01	6.89E-01	4.54E-01	-4.53E-01	6.13E-01	2.20E-01	-2.73E+00	-6.01E-01	
group_3584	5.20E-01	6.89E-01	2.34E-01	1.17E+00	1.05E+00	-6.41E-01	-3.17E+00	2.33E+00	
group_3559	5.20E-01	4.23E-01	2.79E-02	2.40E+00	1.21E+00	-1.31E+00	-4.75E+00	4.78E+00	
group_3500	5.20E-01	4.23E-01	2.08E-02	2.62E+00	1.24E+00	-1.44E+00	-5.11E+00	5.26E+00	
group_3014	5.20E-01	1.00E+00	9.21E-01	-4.06E-02	4.11E-01	8.88E-03	-2.32E+00	7.47E-02	
group_2553	5.20E-01	4.23E-01	2.26E-02	2.56E+00	1.23E+00	-1.40E+00	-4.97E+00	5.13E+00	
group_2395	5.20E-01	4.23E-01	2.79E-02	2.40E+00	1.21E+00	-1.31E+00	-4.75E+00	4.78E+00	
group_1906	5.20E-01	1.63E-02	1.04E-02	-1.08E+00	4.30E-01	5.38E-01	-3.03E+00	4.94E-01	
yoeB	5.20E-01	6.89E-01	8.48E-01	8.09E-02	4.21E-01	-5.45E-02	-2.27E+00	4.52E-02	
group_1282	5.20E-01	3.15E-04	1.58E-04	1.70E+00	4.78E-01	-9.16E-01	-2.50E+00	1.30E+00	
group_1218	5.20E-01	6.89E-01	8.48E-01	8.09E-02	4.21E-01	-5.45E-02	-2.27E+00	4.52E-02	
pfkB	5.20E-01	1.00E+00	9.21E-01	-4.06E-02	4.11E-01	8.88E-03	-2.32E+00	7.47E-02	
group_4291	5.10E-01	1.61E-01	9.14E-02	-7.39E-01	4.43E-01	3.62E-01	-2.89E+00	-4.49E-01	
group_4256	5.10E-01	7.18E-02	3.26E-02	-9.50E-01	4.53E-01	4.69E-01	-3.09E+00	-6.56E-01	
group_3639	5.10E-01	8.41E-01	7.63E-01	-1.24E-01	4.09E-01	5.12E-02	-2.33E+00	4.70E-02	
group_3346	5.10E-01	1.61E-01	2.16E-01	5.04E-01	4.09E-01	-2.69E-01	-2.01E+00	1.55E-01	
group_2757	5.10E-01	1.61E-01	1.91E-01	5.35E-01	4.11E-01	-2.87E-01	-2.18E+00	2.45E-01	
group_2718	5.10E-01	1.61E-01	1.91E-01	5.35E-01	4.11E-01	-2.87E-01	-2.18E+00	2.45E-01	
group_2701	5.10E-01	1.61E-01	1.91E-01	5.35E-01	4.11E-01	-2.87E-01	-2.18E+00	2.45E-01	
group_2669	5.10E-01	1.61E-01	1.91E-01	5.35E-01	4.11E-01	-2.87E-01	-2.18E+00	2.45E-01	
group_2441	5.10E-01	1.61E-01	1.91E-01	5.35E-01	4.11E-01	-2.87E-01	-2.18E+00	2.45E-01	
group_2440	5.10E-01	1.61E-01	1.91E-01	5.35E-01	4.11E-01	-2.87E-01	-2.18E+00	2.45E-01	
group_2108	5.10E-01	1.61E-01	1.91E-01	5.35E-01	4.11E-01	-2.87E-01	-2.18E+00	2.45E-01	
group_1927	5.10E-01	3.17E-01	4.32E-01	3.24E-01	4.13E-01	-1.77E-01	-2.07E+00	-1.14E-02	
group_1831	5.10E-01	1.61E-01	1.91E-01	5.35E-01	4.11E-01	-2.87E-01	-2.18E+00	2.45E-01	
group_1660	5.10E-01	2.78E-02	1.36E-02	-1.02E+00	4.21E-01	5.07E-01	-3.13E+00	-1.25E-02	
group_1568	5.10E-01	1.61E-01	1.91E-01	5.35E-01	4.11E-01	-2.87E-01	-2.18E+00	2.45E-01	
group_1485	5.10E-01	8.41E-01	8.28E-01	-8.73E-02	4.03E-01	3.21E-02	-2.32E+00	9.29E-02	
group_1342	5.10E-01	6.72E-04	4.91E-04	-1.50E+00	4.49E-01	7.35E-01	-2.85E+00	8.23E-01	
group_1016	5.10E-01	1.61E-01	1.91E-01	5.35E-01	4.11E-01	-2.87E-01	-2.18E+00	2.45E-01	
fusA	5.10E-01	1.61E-01	1.91E-01	5.35E-01	4.11E-01	-2.87E-01	-2.18E+00	2.45E-01	
group_665	5.10E-01	1.61E-01	1.53E-01	6.62E-01	4.70E-01	-3.57E-01	-2.45E+00	-5.71E-01	
group_542	5.10E-01	9.31E-03	1.19E-02	1.05E+00	4.26E-01	-5.52E-01	-2.04E+00	-3.32E-01	
group_4108	5.00E-01	6.89E-01	3.13E-01	8.11E-01	8.35E-01	-4.27E-01	-2.75E+00	1.55E+00	
group_3735	5.00E-01	6.89E-01	7.65E-01	1.26E-01	4.23E-01	-7.58E-02	-2.27E+00	1.67E-01	
group_2018	5.00E-01	1.10E-01	1.51E-01	5.86E-01	4.10E-01	-3.05E-01	-2.00E+00	1.17E-02	
group_1500	5.00E-01	3.18E-04	3.58E-05	2.11E+00	5.74E-01	-1.11E+00	-3.11E+00	2.44E+00	
group_1103	5.00E-01	4.24E-01	2.67E-01	5.26E-01	4.78E-01	-2.78E-01	-2.78E+00	-4.63E-01	
group_4178	4.90E-01	1.61E-01	1.53E-02	1.89E+00	8.55E-01	-9.74E-01	-4.13E+00	-3.27E+00	
group_2458	4.90E-01	8.41E-01	5.54E-01	4.34E-01	7.43E-01	-2.29E-01	-2.49E+00	8.41E-01	
group_1919	4.90E-01	5.48E-01	6.83E-01	1.67E-01	4.10E-01	-9.42E-02	-2.21E+00	3.89E-02	
group_1222	4.90E-01	1.61E-01	1.53E-02	1.89E+00	8.55E-01	-9.74E-01	-4.13E+00	-3.27E+00	
ant6Ia	4.90E-01	7.18E-02	6.64E-02	7.59E-01	4.18E-01	-3.85E-01	-2.33E+00	3.74E-01	
group_4164	4.80E-01	4.23E-01	1.07E-01	1.18E+00	7.76E-01	-5.97E-01	-3.10E+00	2.13E+00	
aph3IIIa	4.80E-01	1.63E-02	7.28E-03	1.20E+00	4.64E-01	-6.03E-01	-3.19E+00	1.02E+00	
group_2009	4.80E-01	4.23E-01	5.38E-01	2.53E-01	4.10E-01	-1.33E-01	-2.17E+00	1.74E-02	
group_1997	4.80E-01	4.23E-01	5.38E-01	2.53E-01	4.10E-01	-1.33E-01	-2.17E+00	1.74E-02	
group_1979	4.80E-01	4.23E-01	3.21E-01	-4.37E-01	4.42E-01	1.98E-01	-2.53E+00	-2.65E-01	
group_1902	4.80E-01	4.23E-01	5.38E-01	2.53E-01	4.10E-01	-1.33E-01	-2.17E+00	1.74E-02	
group_1897	4.80E-01	4.23E-01	5.38E-01	2.53E-01	4.10E-01	-1.33E-01	-2.17E+00	1.74E-02	
group_1756	4.80E-01	2.30E-01	2.03E-01	-5.39E-01	4.26E-01	2.45E-01	-2.45E+00	-2.37E-01	
group_1547	4.80E-01	4.23E-01	3.05E-01	-4.24E-01	4.15E-01	1.91E-01	-2.55E+00	2.61E-01	
group_1322	4.80E-01	2.30E-01	2.88E-01	4.31E-01	4.06E-01	-2.19E-01	-2.14E+00	1.09E-01	
group_321	4.80E-01	2.30E-01	2.88E-01	4.31E-01	4.06E-01	-2.19E-01	-2.14E+00	1.09E-01	
group_3290	4.70E-01	3.16E-01	4.17E-01	3.35E-01	4.14E-01	-1.69E-01	-2.09E+00	-3.18E-02	
group_2023	4.70E-01	5.48E-01	5.11E-01	2.66E-01	4.05E-01	-1.38E-01	-2.39E+00	8.57E-02	
group_1922	4.70E-01	1.61E-01	1.36E-01	-6.24E-01	4.22E-01	2.78E-01	-2.50E+00	3.94E-01	
group_1879	4.70E-01	3.16E-01	1.74E-01	-6.15E-01	4.57E-01	2.75E-01	-2.72E+00	6.38E-01	
group_1807	4.70E-01	1.61E-01	2.13E-01	5.07E-01	4.09E-01	-2.50E-01	-2.03E+00	1.15E-01	
group_1570	4.70E-01	3.16E-01	3.32E-01	-3.98E-01	4.11E-01	1.75E-01	-2.29E+00	-3.84E-02	
group_1463	4.70E-01	3.16E-01	3.32E-01	-3.98E-01	4.11E-01	1.75E-01	-2.29E+00	-3.84E-02	
group_949	4.70E-01	3.16E-01	2.21E-01	-5.73E-01	4.71E-01	2.57E-01	-2.54E+00	-5.00E-01	
group_842	4.70E-01	5.48E-01	5.44E-02	-2.31E+00	1.28E+00	1.02E+00	-4.68E+00	4.68E+00	
group_306	4.70E-01	5.48E-01	5.44E-02	-2.31E+00	1.28E+00	1.02E+00	-4.68E+00	4.68E+00	
group_4744	4.60E-01	4.48E-02	1.87E-02	-1.00E+00	4.35E-01	4.40E-01	-3.57E+00	-3.56E-01	
group_4743	4.60E-01	4.48E-02	1.87E-02	-1.00E+00	4.35E-01	4.40E-01	-3.57E+00	-3.56E-01	
cpsL	4.60E-01	6.88E-01	4.07E-01	5.31E-01	6.48E-01	-2.61E-01	-2.52E+00	9.39E-01	
group_3740	4.60E-01	6.88E-01	8.47E-01	7.92E-02	4.10E-01	-4.86E-02	-2.26E+00	7.05E-02	
group_3431	4.60E-01	4.22E-01	1.32E-01	1.01E+00	6.96E-01	-4.88E-01	-2.91E+00	1.74E+00	
group_2036	4.60E-01	4.48E-02	4.07E-02	8.87E-01	4.41E-01	-4.24E-01	-2.22E+00	6.94E-01	
group_1984	4.60E-01	2.29E-01	1.24E-01	-6.62E-01	4.34E-01	2.88E-01	-2.88E+00	4.97E-01	
group_1983	4.60E-01	1.00E+00	8.25E-01	-9.16E-02	4.14E-01	2.95E-02	-2.37E+00	1.26E-01	
group_1896	4.60E-01	1.33E-03	1.73E-04	1.93E+00	5.67E-01	-9.36E-01	-3.14E+00	2.32E+00	
group_1845	4.60E-01	1.33E-03	1.73E-04	1.93E+00	5.67E-01	-9.36E-01	-3.14E+00	2.32E+00	
group_1476	4.60E-01	4.97E-03	2.61E-03	1.27E+00	4.34E-01	-6.02E-01	-3.11E+00	5.11E-01	
group_1262	4.60E-01	6.88E-01	1.92E-01	-1.42E+00	1.17E+00	6.14E-01	-3.60E+00	2.85E+00	
group_691	4.60E-01	4.97E-03	2.61E-03	1.27E+00	4.34E-01	-6.02E-01	-3.11E+00	5.11E-01	
group_688	4.60E-01	1.33E-03	1.73E-04	1.93E+00	5.67E-01	-9.36E-01	-3.14E+00	2.32E+00	
group_4442	4.50E-01	2.57E-03	4.95E-04	1.75E+00	5.44E-01	-8.27E-01	-2.99E+00	2.03E+00	
group_4441	4.50E-01	2.57E-03	4.95E-04	1.75E+00	5.44E-01	-8.27E-01	-2.99E+00	2.03E+00	
group_4440	4.50E-01	2.57E-03	4.95E-04	1.75E+00	5.44E-01	-8.27E-01	-2.99E+00	2.03E+00	
group_4439	4.50E-01	2.57E-03	4.95E-04	1.75E+00	5.44E-01	-8.27E-01	-2.99E+00	2.03E+00	
group_4438	4.50E-01	2.57E-03	4.95E-04	1.75E+00	5.44E-01	-8.27E-01	-2.99E+00	2.03E+00	
group_4437	4.50E-01	2.57E-03	4.95E-04	1.75E+00	5.44E-01	-8.27E-01	-2.99E+00	2.03E+00	
group_4427	4.50E-01	2.57E-03	4.95E-04	1.75E+00	5.44E-01	-8.27E-01	-2.99E+00	2.03E+00	
group_4426	4.50E-01	2.57E-03	4.95E-04	1.75E+00	5.44E-01	-8.27E-01	-2.99E+00	2.03E+00	
group_4425	4.50E-01	2.57E-03	4.95E-04	1.75E+00	5.44E-01	-8.27E-01	-2.99E+00	2.03E+00	
group_4423	4.50E-01	2.57E-03	4.95E-04	1.75E+00	5.44E-01	-8.27E-01	-2.99E+00	2.03E+00	
group_4422	4.50E-01	2.57E-03	4.95E-04	1.75E+00	5.44E-01	-8.27E-01	-2.99E+00	2.03E+00	
group_4421	4.50E-01	2.57E-03	4.95E-04	1.75E+00	5.44E-01	-8.27E-01	-2.99E+00	2.03E+00	
group_4420	4.50E-01	2.57E-03	4.95E-04	1.75E+00	5.44E-01	-8.27E-01	-2.99E+00	2.03E+00	
group_4419	4.50E-01	2.57E-03	4.95E-04	1.75E+00	5.44E-01	-8.27E-01	-2.99E+00	2.03E+00	
group_4418	4.50E-01	2.57E-03	4.95E-04	1.75E+00	5.44E-01	-8.27E-01	-2.99E+00	2.03E+00	
group_4417	4.50E-01	2.57E-03	4.95E-04	1.75E+00	5.44E-01	-8.27E-01	-2.99E+00	2.03E+00	
group_4416	4.50E-01	2.57E-03	4.95E-04	1.75E+00	5.44E-01	-8.27E-01	-2.99E+00	2.03E+00	
group_4414	4.50E-01	2.57E-03	4.95E-04	1.75E+00	5.44E-01	-8.27E-01	-2.99E+00	2.03E+00	
group_4413	4.50E-01	2.57E-03	4.95E-04	1.75E+00	5.44E-01	-8.27E-01	-2.99E+00	2.03E+00	
group_3789	4.50E-01	2.57E-03	2.45E-03	1.27E+00	4.32E-01	-5.92E-01	-2.61E+00	4.68E-01	
group_3699	4.50E-01	1.59E-01	9.12E-02	-7.09E-01	4.23E-01	3.04E-01	-2.86E+00	3.86E-01	
group_3596	4.50E-01	8.41E-01	9.92E-01	-4.08E-03	4.14E-01	-1.06E-02	-2.31E+00	9.15E-02	
group_3466	4.50E-01	2.57E-03	2.45E-03	1.27E+00	4.32E-01	-5.92E-01	-2.61E+00	4.68E-01	
group_3336	4.50E-01	8.41E-01	9.49E-01	2.66E-02	4.17E-01	-2.44E-02	-2.30E+00	1.02E-01	
group_3097	4.50E-01	2.57E-03	2.45E-03	1.27E+00	4.32E-01	-5.92E-01	-2.61E+00	4.68E-01	
group_2510	4.50E-01	1.59E-01	9.12E-02	-7.09E-01	4.23E-01	3.04E-01	-2.86E+00	3.86E-01	
group_2342	4.50E-01	2.57E-03	2.45E-03	1.27E+00	4.32E-01	-5.92E-01	-2.61E+00	4.68E-01	
group_2037	4.50E-01	1.59E-01	7.61E-02	-9.39E-01	5.43E-01	4.03E-01	-2.78E+00	-1.14E+00	
group_2016	4.50E-01	8.41E-01	9.92E-01	-4.08E-03	4.14E-01	-1.06E-02	-2.31E+00	9.15E-02	
group_1980	4.50E-01	8.41E-01	9.92E-01	-4.08E-03	4.14E-01	-1.06E-02	-2.31E+00	9.15E-02	
group_1968	4.50E-01	1.59E-01	2.22E-01	5.00E-01	4.11E-01	-2.35E-01	-1.96E+00	4.86E-02	
group_1857	4.50E-01	1.59E-01	9.12E-02	-7.09E-01	4.23E-01	3.04E-01	-2.86E+00	3.86E-01	
group_1594	4.50E-01	8.41E-01	8.10E-01	-9.76E-02	4.07E-01	3.11E-02	-2.34E+00	7.45E-02	
group_1577	4.50E-01	2.57E-03	2.45E-03	1.27E+00	4.32E-01	-5.92E-01	-2.61E+00	4.68E-01	
group_1276	4.50E-01	8.41E-01	8.61E-01	7.24E-02	4.15E-01	-4.56E-02	-2.32E+00	1.23E-01	
group_1203	4.50E-01	3.15E-01	3.06E-01	4.21E-01	4.13E-01	-2.01E-01	-2.29E+00	2.28E-01	
group_1125	4.50E-01	8.41E-01	9.92E-01	-4.08E-03	4.14E-01	-1.06E-02	-2.31E+00	9.15E-02	
group_4415	4.40E-01	4.80E-03	1.23E-03	1.60E+00	5.29E-01	-7.38E-01	-2.88E+00	1.82E+00	
group_4053	4.40E-01	6.87E-01	4.12E-01	5.01E-01	6.17E-01	-2.37E-01	-2.55E+00	8.57E-01	
group_3975	4.40E-01	6.87E-01	6.59E-01	-1.80E-01	4.09E-01	6.61E-02	-2.37E+00	5.61E-02	
group_3925	4.40E-01	1.00E+00	8.88E-01	-5.87E-02	4.17E-01	1.34E-02	-2.34E+00	6.38E-02	
group_3608	4.40E-01	1.00E+00	8.88E-01	-5.87E-02	4.17E-01	1.34E-02	-2.34E+00	6.38E-02	
group_2911	4.40E-01	1.00E+00	8.88E-01	-5.87E-02	4.17E-01	1.34E-02	-2.34E+00	6.38E-02	
group_2839	4.40E-01	1.00E+00	8.88E-01	-5.87E-02	4.17E-01	1.34E-02	-2.34E+00	6.38E-02	
group_2498	4.40E-01	2.27E-01	1.35E-01	-6.27E-01	4.23E-01	2.60E-01	-2.84E+00	3.37E-01	
group_1576	4.40E-01	6.87E-01	5.34E-01	2.69E-01	4.34E-01	-1.31E-01	-2.51E+00	-8.55E-02	
group_1162	4.40E-01	4.80E-03	6.00E-04	-1.84E+00	5.92E-01	7.42E-01	-5.14E+00	-2.19E+00	
group_1100	4.40E-01	6.87E-01	6.59E-01	-1.80E-01	4.09E-01	6.61E-02	-2.37E+00	5.61E-02	
group_1011	4.40E-01	1.00E+00	7.92E-01	-1.13E-01	4.29E-01	3.66E-02	-2.41E+00	1.57E-01	
group_747	4.40E-01	1.00E+00	8.88E-01	-5.87E-02	4.17E-01	1.34E-02	-2.34E+00	6.38E-02	
group_224	4.40E-01	4.20E-01	3.08E-01	-4.19E-01	4.12E-01	1.71E-01	-2.59E+00	1.66E-01	
group_64	4.40E-01	6.87E-01	6.59E-01	-1.80E-01	4.09E-01	6.61E-02	-2.37E+00	5.61E-02	
group_4742	4.30E-01	2.63E-02	1.03E-02	-1.11E+00	4.41E-01	4.51E-01	-3.67E+00	-4.15E-01	
group_4246	4.30E-01	6.91E-02	4.59E-02	-8.26E-01	4.18E-01	3.42E-01	-2.73E+00	-6.80E-02	
group_4090	4.30E-01	8.64E-03	9.96E-03	1.07E+00	4.25E-01	-4.74E-01	-2.18E+00	3.34E-01	
group_4008	4.30E-01	5.45E-01	2.73E-01	6.57E-01	6.09E-01	-3.00E-01	-2.63E+00	1.08E+00	
group_3800	4.30E-01	5.45E-01	2.56E-01	7.19E-01	6.44E-01	-3.28E-01	-2.64E+00	1.22E+00	
group_3792	4.30E-01	5.45E-01	1.91E-01	-8.39E-01	6.67E-01	3.38E-01	-3.23E+00	1.41E+00	
group_3768	4.30E-01	8.64E-03	9.96E-03	1.07E+00	4.25E-01	-4.74E-01	-2.18E+00	3.34E-01	
group_3637	4.30E-01	8.64E-03	9.96E-03	1.07E+00	4.25E-01	-4.74E-01	-2.18E+00	3.34E-01	
group_3471	4.30E-01	8.64E-03	9.96E-03	1.07E+00	4.25E-01	-4.74E-01	-2.18E+00	3.34E-01	
group_3414	4.30E-01	8.64E-03	9.96E-03	1.07E+00	4.25E-01	-4.74E-01	-2.18E+00	3.34E-01	
group_3296	4.30E-01	3.13E-01	3.78E-01	3.61E-01	4.11E-01	-1.68E-01	-2.20E+00	1.29E-02	
group_3111	4.30E-01	5.45E-01	6.14E-01	2.51E-01	4.99E-01	-1.21E-01	-2.26E+00	-2.04E-01	
group_2814	4.30E-01	8.64E-03	9.96E-03	1.07E+00	4.25E-01	-4.74E-01	-2.18E+00	3.34E-01	
msmG	4.30E-01	8.64E-03	9.96E-03	1.07E+00	4.25E-01	-4.74E-01	-2.18E+00	3.34E-01	
msmF	4.30E-01	8.64E-03	9.96E-03	1.07E+00	4.25E-01	-4.74E-01	-2.18E+00	3.34E-01	
group_2535	4.30E-01	2.63E-02	1.01E-02	-1.09E+00	4.32E-01	4.41E-01	-3.78E+00	2.34E-01	
group_2334	4.30E-01	8.64E-03	9.96E-03	1.07E+00	4.25E-01	-4.74E-01	-2.18E+00	3.34E-01	
group_2292	4.30E-01	5.45E-01	1.91E-01	-8.39E-01	6.67E-01	3.38E-01	-3.23E+00	1.41E+00	
group_1958	4.30E-01	5.45E-01	4.68E-01	-4.25E-01	5.94E-01	1.67E-01	-2.24E+00	7.10E-01	
group_1938	4.30E-01	6.91E-02	3.85E-02	1.00E+00	4.96E-01	-4.42E-01	-2.31E+00	-9.73E-01	
arpR	4.30E-01	8.64E-03	5.74E-03	1.17E+00	4.32E-01	-5.10E-01	-2.59E+00	4.57E-01	
group_1895	4.30E-01	8.64E-03	1.80E-03	-1.62E+00	5.61E-01	6.38E-01	-4.58E+00	-1.80E+00	
group_1656	4.30E-01	8.64E-03	9.96E-03	1.07E+00	4.25E-01	-4.74E-01	-2.18E+00	3.34E-01	
group_1497	4.30E-01	8.64E-03	9.96E-03	1.07E+00	4.25E-01	-4.74E-01	-2.18E+00	3.34E-01	
group_1250	4.30E-01	3.13E-01	1.33E-01	-8.14E-01	5.59E-01	3.27E-01	-3.35E+00	-9.86E-01	
group_1093	4.30E-01	8.64E-03	9.96E-03	1.07E+00	4.25E-01	-4.74E-01	-2.18E+00	3.34E-01	
group_1054	4.30E-01	8.64E-03	9.96E-03	1.07E+00	4.25E-01	-4.74E-01	-2.18E+00	3.34E-01	
group_961	4.30E-01	8.40E-01	8.13E-01	1.03E-01	4.34E-01	-5.68E-02	-2.34E+00	1.80E-02	
group_296	4.30E-01	8.64E-03	9.96E-03	1.07E+00	4.25E-01	-4.74E-01	-2.18E+00	3.34E-01	
group_42	4.30E-01	5.45E-01	1.91E-01	-8.39E-01	6.67E-01	3.38E-01	-3.23E+00	1.41E+00	
group_4424	4.20E-01	1.50E-02	5.96E-03	1.33E+00	5.07E-01	-5.86E-01	-2.70E+00	1.46E+00	
group_4309	4.20E-01	4.18E-01	2.86E-01	-4.45E-01	4.19E-01	1.72E-01	-2.68E+00	2.28E-01	
group_3929	4.20E-01	1.50E-02	2.80E-03	-1.67E+00	6.06E-01	6.47E-01	-4.23E+00	-2.12E+00	
group_3922	4.20E-01	1.50E-02	2.80E-03	-1.67E+00	6.06E-01	6.47E-01	-4.23E+00	-2.12E+00	
group_3237	4.20E-01	6.85E-01	5.48E-01	-2.51E-01	4.18E-01	9.27E-02	-2.44E+00	1.88E-01	
vanRA	4.20E-01	1.21E-09	2.18E-10	3.04E+00	5.64E-01	-1.23E+00	-2.83E+00	-1.15E+00	
vanHA	4.20E-01	1.21E-09	2.18E-10	3.04E+00	5.64E-01	-1.23E+00	-2.83E+00	-1.15E+00	
vanA	4.20E-01	1.21E-09	2.18E-10	3.04E+00	5.64E-01	-1.23E+00	-2.83E+00	-1.15E+00	
vanSA	4.20E-01	1.21E-09	2.18E-10	3.04E+00	5.64E-01	-1.23E+00	-2.83E+00	-1.15E+00	
group_2035	4.20E-01	6.85E-01	5.48E-01	-2.51E-01	4.18E-01	9.27E-02	-2.44E+00	1.88E-01	
group_1564	4.20E-01	1.19E-03	3.64E-04	-1.52E+00	4.43E-01	6.10E-01	-3.85E+00	1.81E-01	
group_1158	4.20E-01	1.50E-02	2.80E-03	-1.67E+00	6.06E-01	6.47E-01	-4.23E+00	-2.12E+00	
group_1002	4.20E-01	2.24E-01	1.08E-01	7.80E-01	4.94E-01	-3.44E-01	-2.70E+00	9.29E-01	
group_958	4.20E-01	1.50E-02	2.80E-03	-1.67E+00	6.06E-01	6.47E-01	-4.23E+00	-2.12E+00	
group_867	4.20E-01	1.50E-02	2.80E-03	-1.67E+00	6.06E-01	6.47E-01	-4.23E+00	-2.12E+00	
group_821	4.20E-01	4.28E-02	1.31E-02	-1.16E+00	4.83E-01	4.58E-01	-3.85E+00	-9.22E-01	
vanXA	4.20E-01	1.21E-09	2.18E-10	3.04E+00	5.64E-01	-1.23E+00	-2.83E+00	-1.15E+00	
group_4271	4.10E-01	1.96E-05	2.33E-06	-2.13E+00	4.89E-01	8.10E-01	-5.38E+00	-6.06E-01	
group_3996	4.10E-01	1.55E-01	2.94E-02	-1.31E+00	6.37E-01	4.98E-01	-4.48E+00	-1.81E+00	
group_3952	4.10E-01	6.73E-02	8.16E-02	7.74E-01	4.50E-01	-3.28E-01	-1.91E+00	-4.63E-01	
group_1852	4.10E-01	5.47E-04	9.70E-05	-1.79E+00	4.93E-01	7.00E-01	-4.00E+00	-1.17E+00	
group_1844	4.10E-01	5.47E-04	9.70E-05	-1.79E+00	4.93E-01	7.00E-01	-4.00E+00	-1.17E+00	
sat4	4.10E-01	5.42E-01	4.70E-01	3.16E-01	4.39E-01	-1.43E-01	-2.38E+00	3.12E-01	
group_1425	4.10E-01	2.29E-03	7.67E-04	1.62E+00	5.11E-01	-6.87E-01	-2.43E+00	1.62E+00	
group_1336	4.10E-01	8.39E-01	9.96E-01	2.58E-03	5.45E-01	-1.35E-02	-2.31E+00	8.65E-02	
group_4395	4.00E-01	1.43E-02	1.58E-02	1.02E+00	4.33E-01	-4.20E-01	-2.12E+00	4.33E-01	
group_3991	4.00E-01	1.00E+00	9.03E-01	-5.02E-02	4.11E-01	7.76E-03	-2.32E+00	9.54E-02	
group_2877	4.00E-01	4.14E-01	2.61E-01	-4.83E-01	4.31E-01	1.77E-01	-2.81E+00	3.09E-01	
group_1942	4.00E-01	4.14E-01	3.42E-01	4.18E-01	4.42E-01	-1.81E-01	-2.43E+00	3.80E-01	
group_1520	4.00E-01	4.12E-02	1.08E-02	-1.46E+00	6.15E-01	5.38E-01	-3.97E+00	-1.91E+00	
epsL	4.00E-01	1.00E+00	9.52E-01	-2.76E-02	4.61E-01	-1.33E-03	-2.32E+00	6.45E-02	
group_992	4.00E-01	1.00E+00	7.90E-01	-1.25E-01	4.70E-01	3.71E-02	-2.39E+00	2.10E-01	
group_826	4.00E-01	4.14E-01	2.61E-01	-4.83E-01	4.31E-01	1.77E-01	-2.81E+00	3.09E-01	
group_4394	3.90E-01	7.69E-03	8.51E-03	1.12E+00	4.37E-01	-4.46E-01	-2.11E+00	4.19E-01	
group_4303	3.90E-01	8.38E-01	6.05E-01	-2.37E-01	4.59E-01	7.85E-02	-2.52E+00	2.87E-01	
group_4176	3.90E-01	1.51E-01	7.76E-02	-8.86E-01	5.13E-01	3.30E-01	-2.34E+00	1.08E+00	
group_3635	3.90E-01	8.38E-01	7.05E-01	-1.57E-01	4.17E-01	4.88E-02	-2.39E+00	1.27E-01	
group_3495	3.90E-01	5.39E-01	4.94E-01	-3.36E-01	4.93E-01	1.17E-01	-2.40E+00	-2.75E-01	
group_3354	3.90E-01	2.10E-03	1.85E-03	1.37E+00	4.55E-01	-5.40E-01	-2.10E+00	7.41E-01	
group_2228	3.90E-01	1.67E-05	4.25E-07	-2.63E+00	6.07E-01	9.44E-01	-5.50E+00	-2.39E+00	
group_1915	3.90E-01	5.39E-01	6.11E-01	-2.38E-01	4.70E-01	8.01E-02	-2.17E+00	3.06E-01	
group_1847	3.90E-01	8.38E-01	8.39E-01	-8.87E-02	4.38E-01	2.22E-02	-2.30E+00	1.49E-01	
group_1837	3.90E-01	8.38E-01	8.39E-01	-8.87E-02	4.38E-01	2.22E-02	-2.30E+00	1.49E-01	
group_1833	3.90E-01	9.80E-05	6.87E-06	-2.22E+00	5.52E-01	8.08E-01	-4.68E+00	-1.82E+00	
group_1823	3.90E-01	8.38E-01	8.39E-01	-8.87E-02	4.38E-01	2.22E-02	-2.30E+00	1.49E-01	
group_1797	3.90E-01	1.67E-05	4.25E-07	-2.63E+00	6.07E-01	9.44E-01	-5.50E+00	-2.39E+00	
group_1632	3.90E-01	1.67E-05	4.25E-07	-2.63E+00	6.07E-01	9.44E-01	-5.50E+00	-2.39E+00	
group_1361	3.90E-01	1.67E-05	4.25E-07	-2.63E+00	6.07E-01	9.44E-01	-5.50E+00	-2.39E+00	
group_1223	3.90E-01	1.67E-05	4.25E-07	-2.63E+00	6.07E-01	9.44E-01	-5.50E+00	-2.39E+00	
group_515	3.90E-01	5.39E-01	3.67E-01	-3.86E-01	4.30E-01	1.35E-01	-2.68E+00	2.56E-01	
group_344	3.90E-01	1.67E-05	4.25E-07	-2.63E+00	6.07E-01	9.44E-01	-5.50E+00	-2.39E+00	
group_1	3.90E-01	1.67E-05	4.25E-07	-2.63E+00	6.07E-01	9.44E-01	-5.50E+00	-2.39E+00	
yvoA	3.80E-01	1.00E+00	7.80E-01	-1.27E-01	4.55E-01	3.51E-02	-2.42E+00	1.88E-01	
group_4301	3.80E-01	1.00E+00	7.80E-01	-1.27E-01	4.55E-01	3.51E-02	-2.42E+00	1.88E-01	
group_4300	3.80E-01	1.00E+00	7.80E-01	-1.27E-01	4.55E-01	3.51E-02	-2.42E+00	1.88E-01	
group_4298	3.80E-01	1.00E+00	7.80E-01	-1.27E-01	4.55E-01	3.51E-02	-2.42E+00	1.88E-01	
group_4102	3.80E-01	9.93E-02	7.94E-02	7.44E-01	4.29E-01	-2.96E-01	-2.58E+00	2.85E-01	
group_4069	3.80E-01	2.16E-01	2.69E-01	4.71E-01	4.28E-01	-1.89E-01	-2.02E+00	2.61E-01	
hicA	3.80E-01	2.16E-01	2.69E-01	4.71E-01	4.28E-01	-1.89E-01	-2.02E+00	2.61E-01	
group_3845	3.80E-01	2.16E-01	2.69E-01	4.71E-01	4.28E-01	-1.89E-01	-2.02E+00	2.61E-01	
group_3692	3.80E-01	6.80E-01	5.44E-01	3.79E-01	6.28E-01	-1.58E-01	-2.47E+00	-4.76E-01	
group_3673	3.80E-01	2.16E-01	2.69E-01	4.71E-01	4.28E-01	-1.89E-01	-2.02E+00	2.61E-01	
group_3524	3.80E-01	1.00E+00	8.46E-01	-8.13E-02	4.18E-01	1.81E-02	-2.37E+00	8.07E-02	
group_3422	3.80E-01	6.80E-01	5.44E-01	3.79E-01	6.28E-01	-1.58E-01	-2.47E+00	-4.76E-01	
group_3421	3.80E-01	1.34E-02	6.74E-03	-1.16E+00	4.39E-01	4.20E-01	-3.16E+00	-1.91E-01	
group_3416	3.80E-01	2.16E-01	2.59E-01	4.74E-01	4.22E-01	-1.93E-01	-2.20E+00	-4.15E-02	
group_2494	3.80E-01	6.80E-01	5.44E-01	3.79E-01	6.28E-01	-1.58E-01	-2.47E+00	-4.76E-01	
ccmA	3.80E-01	1.00E+00	8.46E-01	-8.13E-02	4.18E-01	1.81E-02	-2.37E+00	8.07E-02	
group_2301	3.80E-01	1.34E-02	6.74E-03	-1.16E+00	4.39E-01	4.20E-01	-3.16E+00	-1.91E-01	
group_1990	3.80E-01	2.09E-04	2.02E-04	1.63E+00	4.62E-01	-6.14E-01	-2.02E+00	5.18E-01	
group_1747	3.80E-01	5.83E-06	1.23E-07	-2.77E+00	6.21E-01	9.61E-01	-5.59E+00	-2.43E+00	
group_1591	3.80E-01	6.80E-01	6.88E-01	-1.76E-01	4.39E-01	5.48E-02	-2.26E+00	2.03E-01	
group_1579	3.80E-01	2.16E-01	2.69E-01	4.71E-01	4.28E-01	-1.89E-01	-2.02E+00	2.61E-01	
group_1559	3.80E-01	2.16E-01	1.13E-01	7.92E-01	5.07E-01	-3.14E-01	-2.41E+00	9.50E-01	
group_1171	3.80E-01	4.10E-01	3.26E-01	-5.60E-01	5.86E-01	1.93E-01	-2.67E+00	-6.73E-01	
umuC~~~impB	3.80E-01	4.10E-01	2.84E-01	-4.63E-01	4.34E-01	1.62E-01	-2.61E+00	3.28E-01	
group_1115	3.80E-01	6.80E-01	5.44E-01	3.79E-01	6.28E-01	-1.58E-01	-2.47E+00	-4.76E-01	
group_1023	3.80E-01	2.16E-01	2.69E-01	4.71E-01	4.28E-01	-1.89E-01	-2.02E+00	2.61E-01	
group_963	3.80E-01	6.80E-01	6.57E-01	-1.86E-01	4.20E-01	5.73E-02	-2.38E+00	3.91E-02	
group_4741	3.70E-01	7.09E-03	2.77E-03	-1.30E+00	4.46E-01	4.50E-01	-3.65E+00	1.64E-01	
clpA	3.70E-01	5.34E-01	6.69E-01	1.83E-01	4.29E-01	-7.89E-02	-2.15E+00	1.51E-01	
group_4105	3.70E-01	3.00E-01	2.06E-01	-5.35E-01	4.25E-01	1.82E-01	-2.75E+00	1.43E-01	
hicB	3.70E-01	3.00E-01	3.66E-01	3.88E-01	4.31E-01	-1.54E-01	-2.07E+00	2.45E-01	
impB~~~umuC	3.70E-01	4.30E-04	1.58E-06	-3.12E+00	8.05E-01	1.05E+00	-7.65E+00	-4.24E+00	
group_3848	3.70E-01	3.00E-01	3.54E-01	4.37E-01	4.73E-01	-1.73E-01	-2.11E+00	-3.04E-01	
group_3701	3.70E-01	5.34E-01	6.69E-01	1.83E-01	4.29E-01	-7.89E-02	-2.15E+00	1.51E-01	
group_3611	3.70E-01	1.47E-01	1.85E-01	5.67E-01	4.31E-01	-2.20E-01	-1.97E+00	2.80E-01	
group_3594	3.70E-01	1.47E-01	1.85E-01	5.67E-01	4.31E-01	-2.20E-01	-1.97E+00	2.80E-01	
group_3585	3.70E-01	7.09E-03	6.65E-03	1.20E+00	4.55E-01	-4.52E-01	-2.03E+00	6.91E-01	
group_3544	3.70E-01	8.36E-01	7.43E-01	2.16E-01	6.59E-01	-9.30E-02	-2.41E+00	-2.41E-01	
group_3364	3.70E-01	7.09E-03	6.65E-03	1.20E+00	4.55E-01	-4.52E-01	-2.03E+00	6.91E-01	
group_3307	3.70E-01	1.47E-01	1.85E-01	5.67E-01	4.31E-01	-2.20E-01	-1.97E+00	2.80E-01	
group_3269	3.70E-01	5.34E-01	6.82E-01	-1.73E-01	4.23E-01	5.15E-02	-2.21E+00	6.35E-02	
group_3179	3.70E-01	8.36E-01	7.43E-01	2.16E-01	6.59E-01	-9.30E-02	-2.41E+00	-2.41E-01	
group_2942	3.70E-01	8.36E-01	7.43E-01	2.16E-01	6.59E-01	-9.30E-02	-2.41E+00	-2.41E-01	
group_2861	3.70E-01	5.34E-01	6.69E-01	1.83E-01	4.29E-01	-7.89E-02	-2.15E+00	1.51E-01	
group_2653	3.70E-01	5.34E-01	5.01E-01	-3.39E-01	5.04E-01	1.12E-01	-2.37E+00	-2.85E-01	
group_2581	3.70E-01	3.00E-01	3.54E-01	4.37E-01	4.73E-01	-1.73E-01	-2.11E+00	-3.04E-01	
group_2515	3.70E-01	7.09E-03	6.65E-03	1.20E+00	4.55E-01	-4.52E-01	-2.03E+00	6.91E-01	
group_2344	3.70E-01	3.00E-01	3.54E-01	4.37E-01	4.73E-01	-1.73E-01	-2.11E+00	-3.04E-01	
fliS	3.70E-01	5.34E-01	6.69E-01	1.83E-01	4.29E-01	-7.89E-02	-2.15E+00	1.51E-01	
group_2175	3.70E-01	4.30E-04	1.58E-06	-3.12E+00	8.05E-01	1.05E+00	-7.65E+00	-4.24E+00	
group_2049	3.70E-01	1.47E-01	1.10E-01	-7.63E-01	4.84E-01	2.66E-01	-2.46E+00	-6.29E-01	
group_1949	3.70E-01	3.00E-01	3.70E-01	3.82E-01	4.28E-01	-1.52E-01	-2.07E+00	2.16E-01	
group_1893	3.70E-01	8.36E-01	8.91E-01	5.81E-02	4.24E-01	-3.41E-02	-2.30E+00	1.12E-01	
group_1277	3.70E-01	3.00E-01	1.97E-01	-6.72E-01	5.27E-01	2.35E-01	-2.54E+00	-7.10E-01	
relG	3.70E-01	1.47E-01	1.85E-01	5.67E-01	4.31E-01	-2.20E-01	-1.97E+00	2.80E-01	
group_1017	3.70E-01	1.47E-01	1.85E-01	5.67E-01	4.31E-01	-2.20E-01	-1.97E+00	2.80E-01	
group_766	3.70E-01	3.00E-01	3.66E-01	3.88E-01	4.31E-01	-1.54E-01	-2.07E+00	2.45E-01	
group_757	3.70E-01	1.89E-03	2.09E-03	1.33E+00	4.47E-01	-4.95E-01	-2.16E+00	2.95E-01	
group_704	3.70E-01	7.09E-03	6.65E-03	1.20E+00	4.55E-01	-4.52E-01	-2.03E+00	6.91E-01	
yqaJ	3.70E-01	5.34E-01	5.01E-01	-3.39E-01	5.04E-01	1.12E-01	-2.37E+00	-2.85E-01	
group_418	3.70E-01	3.00E-01	3.54E-01	4.37E-01	4.73E-01	-1.73E-01	-2.11E+00	-3.04E-01	
group_252	3.70E-01	4.30E-04	1.58E-06	-3.12E+00	8.05E-01	1.05E+00	-7.65E+00	-4.24E+00	
group_4173	3.60E-01	4.05E-01	4.73E-01	3.44E-01	4.81E-01	-1.36E-01	-2.17E+00	-2.37E-01	
group_4106	3.60E-01	2.11E-01	2.22E-01	5.16E-01	4.24E-01	-2.01E-01	-2.39E+00	1.66E-01	
group_4061	3.60E-01	4.05E-01	4.73E-01	3.44E-01	4.81E-01	-1.36E-01	-2.17E+00	-2.37E-01	
group_3974	3.60E-01	6.77E-01	5.37E-01	-3.06E-01	4.98E-01	9.65E-02	-2.52E+00	-2.31E-01	
group_3964	3.60E-01	4.05E-01	4.73E-01	3.44E-01	4.81E-01	-1.36E-01	-2.17E+00	-2.37E-01	
tetM~~~tetO	3.60E-01	4.05E-01	4.73E-01	3.44E-01	4.81E-01	-1.36E-01	-2.17E+00	-2.37E-01	
group_3916	3.60E-01	4.05E-01	4.73E-01	3.44E-01	4.81E-01	-1.36E-01	-2.17E+00	-2.37E-01	
group_3878	3.60E-01	4.05E-01	4.73E-01	3.44E-01	4.81E-01	-1.36E-01	-2.17E+00	-2.37E-01	
group_3877	3.60E-01	2.11E-01	2.22E-01	5.16E-01	4.24E-01	-2.01E-01	-2.39E+00	1.66E-01	
group_3836	3.60E-01	3.09E-05	2.45E-06	-2.34E+00	5.59E-01	7.73E-01	-4.39E+00	-1.67E+00	
group_3675	3.60E-01	2.11E-01	2.22E-01	5.16E-01	4.24E-01	-2.01E-01	-2.39E+00	1.66E-01	
group_3669	3.60E-01	6.77E-01	7.09E-01	2.35E-01	6.33E-01	-9.84E-02	-2.33E+00	-2.58E-01	
group_3551	3.60E-01	2.11E-01	2.22E-01	5.16E-01	4.24E-01	-2.01E-01	-2.39E+00	1.66E-01	
group_3509	3.60E-01	3.09E-05	2.45E-06	-2.34E+00	5.59E-01	7.73E-01	-4.39E+00	-1.67E+00	
group_3482	3.60E-01	3.72E-02	1.38E-02	1.26E+00	5.35E-01	-4.84E-01	-2.92E+00	1.47E+00	
group_3469	3.60E-01	4.05E-01	4.73E-01	3.44E-01	4.81E-01	-1.36E-01	-2.17E+00	-2.37E-01	
group_3333	3.60E-01	3.09E-05	2.45E-06	-2.34E+00	5.59E-01	7.73E-01	-4.39E+00	-1.67E+00	
group_3302	3.60E-01	4.05E-01	2.67E-01	-4.87E-01	4.41E-01	1.60E-01	-2.71E+00	3.38E-01	
group_3227	3.60E-01	4.05E-01	4.73E-01	3.44E-01	4.81E-01	-1.36E-01	-2.17E+00	-2.37E-01	
group_3143	3.60E-01	4.05E-01	4.73E-01	3.44E-01	4.81E-01	-1.36E-01	-2.17E+00	-2.37E-01	
group_2956	3.60E-01	2.11E-01	2.22E-01	5.16E-01	4.24E-01	-2.01E-01	-2.39E+00	1.66E-01	
group_2909	3.60E-01	4.05E-01	4.73E-01	3.44E-01	4.81E-01	-1.36E-01	-2.17E+00	-2.37E-01	
group_2792	3.60E-01	2.11E-01	2.22E-01	5.16E-01	4.24E-01	-2.01E-01	-2.39E+00	1.66E-01	
group_2512	3.60E-01	6.77E-01	5.37E-01	-3.06E-01	4.98E-01	9.65E-02	-2.52E+00	-2.31E-01	
group_2496	3.60E-01	2.11E-01	2.22E-01	5.16E-01	4.24E-01	-2.01E-01	-2.39E+00	1.66E-01	
group_2442	3.60E-01	3.09E-05	2.45E-06	-2.34E+00	5.59E-01	7.73E-01	-4.39E+00	-1.67E+00	
group_2054	3.60E-01	4.05E-01	4.73E-01	3.44E-01	4.81E-01	-1.36E-01	-2.17E+00	-2.37E-01	
group_1972	3.60E-01	4.05E-01	2.86E-01	-5.34E-01	5.10E-01	1.72E-01	-2.66E+00	6.50E-01	
group_1913	3.60E-01	4.05E-01	4.73E-01	3.44E-01	4.81E-01	-1.36E-01	-2.17E+00	-2.37E-01	
group_1859	3.60E-01	4.05E-01	4.73E-01	3.44E-01	4.81E-01	-1.36E-01	-2.17E+00	-2.37E-01	
group_1843	3.60E-01	3.09E-05	2.45E-06	-2.34E+00	5.59E-01	7.73E-01	-4.39E+00	-1.67E+00	
group_1794	3.60E-01	4.05E-01	4.73E-01	3.44E-01	4.81E-01	-1.36E-01	-2.17E+00	-2.37E-01	
group_1670	3.60E-01	4.05E-01	4.73E-01	3.44E-01	4.81E-01	-1.36E-01	-2.17E+00	-2.37E-01	
group_1638	3.60E-01	6.77E-01	6.83E-01	-1.79E-01	4.39E-01	5.22E-02	-2.28E+00	1.91E-01	
group_1423	3.60E-01	3.09E-05	2.45E-06	-2.34E+00	5.59E-01	7.73E-01	-4.39E+00	-1.67E+00	
group_1252	3.60E-01	3.09E-05	2.45E-06	-2.34E+00	5.59E-01	7.73E-01	-4.39E+00	-1.67E+00	
group_1246	3.60E-01	3.09E-05	2.45E-06	-2.34E+00	5.59E-01	7.73E-01	-4.39E+00	-1.67E+00	
group_1242	3.60E-01	9.56E-02	3.99E-02	1.09E+00	5.49E-01	-4.20E-01	-2.89E+00	1.38E+00	
group_1239	3.60E-01	4.05E-01	4.73E-01	3.44E-01	4.81E-01	-1.36E-01	-2.17E+00	-2.37E-01	
group_1229	3.60E-01	3.09E-05	2.45E-06	-2.34E+00	5.59E-01	7.73E-01	-4.39E+00	-1.67E+00	
group_1187	3.60E-01	3.09E-05	2.45E-06	-2.34E+00	5.59E-01	7.73E-01	-4.39E+00	-1.67E+00	
group_1036	3.60E-01	4.05E-01	4.73E-01	3.44E-01	4.81E-01	-1.36E-01	-2.17E+00	-2.37E-01	
group_1013	3.60E-01	4.05E-01	2.62E-01	-4.93E-01	4.41E-01	1.61E-01	-2.75E+00	3.38E-01	
group_969	3.60E-01	1.00E+00	9.23E-01	-4.64E-02	4.82E-01	4.23E-03	-2.33E+00	4.48E-02	
group_939	3.60E-01	3.09E-05	2.45E-06	-2.34E+00	5.59E-01	7.73E-01	-4.39E+00	-1.67E+00	
group_885	3.60E-01	3.09E-05	2.45E-06	-2.34E+00	5.59E-01	7.73E-01	-4.39E+00	-1.67E+00	
group_850	3.60E-01	3.09E-05	2.45E-06	-2.34E+00	5.59E-01	7.73E-01	-4.39E+00	-1.67E+00	
group_849	3.60E-01	3.09E-05	2.45E-06	-2.34E+00	5.59E-01	7.73E-01	-4.39E+00	-1.67E+00	
group_812	3.60E-01	3.09E-05	2.45E-06	-2.34E+00	5.59E-01	7.73E-01	-4.39E+00	-1.67E+00	
group_726	3.60E-01	3.09E-05	2.45E-06	-2.34E+00	5.59E-01	7.73E-01	-4.39E+00	-1.67E+00	
group_676	3.60E-01	4.05E-01	4.73E-01	3.44E-01	4.81E-01	-1.36E-01	-2.17E+00	-2.37E-01	
group_675	3.60E-01	3.09E-05	2.45E-06	-2.34E+00	5.59E-01	7.73E-01	-4.39E+00	-1.67E+00	
group_672	3.60E-01	3.09E-05	2.45E-06	-2.34E+00	5.59E-01	7.73E-01	-4.39E+00	-1.67E+00	
group_451	3.60E-01	6.77E-01	5.37E-01	-3.06E-01	4.98E-01	9.65E-02	-2.52E+00	-2.31E-01	
group_376	3.60E-01	3.09E-05	2.45E-06	-2.34E+00	5.59E-01	7.73E-01	-4.39E+00	-1.67E+00	
group_317	3.60E-01	3.09E-05	2.45E-06	-2.34E+00	5.59E-01	7.73E-01	-4.39E+00	-1.67E+00	
group_212	3.60E-01	4.05E-01	4.73E-01	3.44E-01	4.81E-01	-1.36E-01	-2.17E+00	-2.37E-01	
group_77	3.60E-01	3.09E-05	2.45E-06	-2.34E+00	5.59E-01	7.73E-01	-4.39E+00	-1.67E+00	
group_25	3.60E-01	3.09E-05	2.45E-06	-2.34E+00	5.59E-01	7.73E-01	-4.39E+00	-1.67E+00	
group_4411	3.50E-01	5.29E-01	5.47E-01	2.61E-01	4.33E-01	-1.05E-01	-2.31E+00	2.04E-01	
group_4371	3.50E-01	6.79E-05	5.58E-05	1.81E+00	4.82E-01	-6.24E-01	-2.66E+00	2.09E-01	
group_4175	3.50E-01	8.34E-01	6.96E-01	-1.99E-01	5.10E-01	5.63E-02	-2.45E+00	-1.27E-01	
group_4149	3.50E-01	2.95E-01	3.84E-01	3.77E-01	4.34E-01	-1.42E-01	-2.01E+00	1.96E-01	
group_4138	3.50E-01	8.34E-01	7.41E-01	2.08E-01	6.32E-01	-8.60E-02	-2.40E+00	-2.13E-01	
group_4066	3.50E-01	8.34E-01	6.96E-01	-1.99E-01	5.10E-01	5.63E-02	-2.45E+00	-1.27E-01	
group_3953	3.50E-01	2.95E-01	3.84E-01	3.77E-01	4.34E-01	-1.42E-01	-2.01E+00	1.96E-01	
group_3886	3.50E-01	8.34E-01	6.96E-01	-1.99E-01	5.10E-01	5.63E-02	-2.45E+00	-1.27E-01	
group_3782	3.50E-01	2.95E-01	3.84E-01	3.77E-01	4.34E-01	-1.42E-01	-2.01E+00	1.96E-01	
group_3751	3.50E-01	2.95E-01	3.84E-01	3.77E-01	4.34E-01	-1.42E-01	-2.01E+00	1.96E-01	
group_3649	3.50E-01	2.95E-01	3.84E-01	3.77E-01	4.34E-01	-1.42E-01	-2.01E+00	1.96E-01	
group_3558	3.50E-01	2.95E-01	3.84E-01	3.77E-01	4.34E-01	-1.42E-01	-2.01E+00	1.96E-01	
group_3474	3.50E-01	2.95E-01	3.84E-01	3.77E-01	4.34E-01	-1.42E-01	-2.01E+00	1.96E-01	
group_3462	3.50E-01	6.42E-03	2.03E-04	-2.21E+00	6.61E-01	7.07E-01	-6.13E+00	-2.75E+00	
group_3389	3.50E-01	2.95E-01	3.84E-01	3.77E-01	4.34E-01	-1.42E-01	-2.01E+00	1.96E-01	
group_3381	3.50E-01	2.95E-01	3.84E-01	3.77E-01	4.34E-01	-1.42E-01	-2.01E+00	1.96E-01	
group_3355	3.50E-01	2.95E-01	3.84E-01	3.77E-01	4.34E-01	-1.42E-01	-2.01E+00	1.96E-01	
group_3324	3.50E-01	2.95E-01	3.84E-01	3.77E-01	4.34E-01	-1.42E-01	-2.01E+00	1.96E-01	
group_3304	3.50E-01	2.95E-01	3.84E-01	3.77E-01	4.34E-01	-1.42E-01	-2.01E+00	1.96E-01	
group_3286	3.50E-01	5.92E-02	2.24E-02	-1.12E+00	5.07E-01	3.65E-01	-3.39E+00	-9.43E-01	
group_3268	3.50E-01	2.95E-01	3.84E-01	3.77E-01	4.34E-01	-1.42E-01	-2.01E+00	1.96E-01	
group_3258	3.50E-01	2.95E-01	3.84E-01	3.77E-01	4.34E-01	-1.42E-01	-2.01E+00	1.96E-01	
group_3224	3.50E-01	2.95E-01	3.84E-01	3.77E-01	4.34E-01	-1.42E-01	-2.01E+00	1.96E-01	
group_3173	3.50E-01	8.34E-01	6.96E-01	-1.99E-01	5.10E-01	5.63E-02	-2.45E+00	-1.27E-01	
sinI	3.50E-01	5.92E-02	4.63E-02	8.79E-01	4.49E-01	-3.20E-01	-2.70E+00	-2.83E-01	
group_2878	3.50E-01	2.95E-01	3.84E-01	3.77E-01	4.34E-01	-1.42E-01	-2.01E+00	1.96E-01	
group_2863	3.50E-01	2.95E-01	3.84E-01	3.77E-01	4.34E-01	-1.42E-01	-2.01E+00	1.96E-01	
group_2834	3.50E-01	1.66E-03	3.77E-06	-3.20E+00	8.32E-01	1.04E+00	-8.27E+00	-4.59E+00	
group_2817	3.50E-01	2.95E-01	3.84E-01	3.77E-01	4.34E-01	-1.42E-01	-2.01E+00	1.96E-01	
group_2816	3.50E-01	2.95E-01	3.84E-01	3.77E-01	4.34E-01	-1.42E-01	-2.01E+00	1.96E-01	
group_2710	3.50E-01	2.95E-01	3.84E-01	3.77E-01	4.34E-01	-1.42E-01	-2.01E+00	1.96E-01	
group_2655	3.50E-01	8.34E-01	6.96E-01	-1.99E-01	5.10E-01	5.63E-02	-2.45E+00	-1.27E-01	
rusA	3.50E-01	2.95E-01	3.84E-01	3.77E-01	4.34E-01	-1.42E-01	-2.01E+00	1.96E-01	
group_2617	3.50E-01	2.95E-01	3.84E-01	3.77E-01	4.34E-01	-1.42E-01	-2.01E+00	1.96E-01	
group_2450	3.50E-01	1.07E-05	5.43E-07	-2.57E+00	5.91E-01	8.11E-01	-4.70E+00	-1.90E+00	
group_2315	3.50E-01	8.34E-01	6.96E-01	-1.99E-01	5.10E-01	5.63E-02	-2.45E+00	-1.27E-01	
group_2085	3.50E-01	8.34E-01	6.96E-01	-1.99E-01	5.10E-01	5.63E-02	-2.45E+00	-1.27E-01	
group_2004	3.50E-01	1.42E-01	8.73E-02	-7.72E-01	4.58E-01	2.53E-01	-2.88E+00	-3.98E-01	
group_1995	3.50E-01	2.95E-01	3.84E-01	3.77E-01	4.34E-01	-1.42E-01	-2.01E+00	1.96E-01	
group_1957	3.50E-01	2.11E-02	1.89E-02	1.03E+00	4.50E-01	-3.76E-01	-2.47E+00	5.30E-01	
group_1872	3.50E-01	2.95E-01	3.84E-01	3.77E-01	4.34E-01	-1.42E-01	-2.01E+00	1.96E-01	
group_1757	3.50E-01	8.34E-01	6.96E-01	-1.99E-01	5.10E-01	5.63E-02	-2.45E+00	-1.27E-01	
group_1755	3.50E-01	8.34E-01	8.53E-01	-8.15E-02	4.40E-01	1.61E-02	-2.29E+00	1.34E-01	
group_1739	3.50E-01	2.95E-01	3.84E-01	3.77E-01	4.34E-01	-1.42E-01	-2.01E+00	1.96E-01	
group_1734	3.50E-01	2.95E-01	3.84E-01	3.77E-01	4.34E-01	-1.42E-01	-2.01E+00	1.96E-01	
group_1690	3.50E-01	2.95E-01	3.84E-01	3.77E-01	4.34E-01	-1.42E-01	-2.01E+00	1.96E-01	
group_1654	3.50E-01	2.95E-01	3.84E-01	3.77E-01	4.34E-01	-1.42E-01	-2.01E+00	1.96E-01	
group_1612	3.50E-01	2.95E-01	3.84E-01	3.77E-01	4.34E-01	-1.42E-01	-2.01E+00	1.96E-01	
group_1601	3.50E-01	2.95E-01	3.84E-01	3.77E-01	4.34E-01	-1.42E-01	-2.01E+00	1.96E-01	
group_1578	3.50E-01	2.95E-01	3.28E-01	4.79E-01	4.92E-01	-1.80E-01	-2.15E+00	-3.78E-01	
group_1553	3.50E-01	2.95E-01	2.17E-01	-5.32E-01	4.33E-01	1.71E-01	-2.66E+00	-6.74E-02	
group_1539	3.50E-01	2.95E-01	3.84E-01	3.77E-01	4.34E-01	-1.42E-01	-2.01E+00	1.96E-01	
group_1528	3.50E-01	2.95E-01	3.84E-01	3.77E-01	4.34E-01	-1.42E-01	-2.01E+00	1.96E-01	
group_1525	3.50E-01	5.92E-02	4.63E-02	8.79E-01	4.49E-01	-3.20E-01	-2.70E+00	-2.83E-01	
group_1506	3.50E-01	2.95E-01	3.84E-01	3.77E-01	4.34E-01	-1.42E-01	-2.01E+00	1.96E-01	
group_1505	3.50E-01	8.34E-01	6.96E-01	-1.99E-01	5.10E-01	5.63E-02	-2.45E+00	-1.27E-01	
group_1501	3.50E-01	8.34E-01	6.96E-01	-1.99E-01	5.10E-01	5.63E-02	-2.45E+00	-1.27E-01	
group_1464	3.50E-01	2.95E-01	3.84E-01	3.77E-01	4.34E-01	-1.42E-01	-2.01E+00	1.96E-01	
group_1454	3.50E-01	2.95E-01	3.84E-01	3.77E-01	4.34E-01	-1.42E-01	-2.01E+00	1.96E-01	
group_1357	3.50E-01	1.66E-03	3.77E-06	-3.20E+00	8.32E-01	1.04E+00	-8.27E+00	-4.59E+00	
group_1215	3.50E-01	8.34E-01	6.80E-01	1.88E-01	4.56E-01	-7.79E-02	-2.42E+00	-3.77E-02	
group_1168	3.50E-01	2.95E-01	3.84E-01	3.77E-01	4.34E-01	-1.42E-01	-2.01E+00	1.96E-01	
group_1149	3.50E-01	8.34E-01	6.96E-01	-1.99E-01	5.10E-01	5.63E-02	-2.45E+00	-1.27E-01	
group_1126	3.50E-01	2.95E-01	3.84E-01	3.77E-01	4.34E-01	-1.42E-01	-2.01E+00	1.96E-01	
group_1113	3.50E-01	8.34E-01	6.80E-01	1.88E-01	4.56E-01	-7.79E-02	-2.42E+00	-3.77E-02	
group_1048	3.50E-01	2.95E-01	3.84E-01	3.77E-01	4.34E-01	-1.42E-01	-2.01E+00	1.96E-01	
group_1040	3.50E-01	8.34E-01	7.69E-01	1.28E-01	4.34E-01	-5.75E-02	-2.36E+00	3.70E-02	
group_1015	3.50E-01	2.95E-01	3.84E-01	3.77E-01	4.34E-01	-1.42E-01	-2.01E+00	1.96E-01	
group_1014	3.50E-01	2.95E-01	3.84E-01	3.77E-01	4.34E-01	-1.42E-01	-2.01E+00	1.96E-01	
group_988	3.50E-01	2.95E-01	3.84E-01	3.77E-01	4.34E-01	-1.42E-01	-2.01E+00	1.96E-01	
group_933	3.50E-01	2.95E-01	3.84E-01	3.77E-01	4.34E-01	-1.42E-01	-2.01E+00	1.96E-01	
group_907	3.50E-01	2.95E-01	3.84E-01	3.77E-01	4.34E-01	-1.42E-01	-2.01E+00	1.96E-01	
group_841	3.50E-01	8.34E-01	6.96E-01	-1.99E-01	5.10E-01	5.63E-02	-2.45E+00	-1.27E-01	
group_839	3.50E-01	2.95E-01	3.84E-01	3.77E-01	4.34E-01	-1.42E-01	-2.01E+00	1.96E-01	
group_816	3.50E-01	8.34E-01	6.96E-01	-1.99E-01	5.10E-01	5.63E-02	-2.45E+00	-1.27E-01	
group_789	3.50E-01	8.34E-01	6.96E-01	-1.99E-01	5.10E-01	5.63E-02	-2.45E+00	-1.27E-01	
group_658	3.50E-01	2.95E-01	3.84E-01	3.77E-01	4.34E-01	-1.42E-01	-2.01E+00	1.96E-01	
group_657	3.50E-01	2.95E-01	3.84E-01	3.77E-01	4.34E-01	-1.42E-01	-2.01E+00	1.96E-01	
group_656	3.50E-01	2.95E-01	3.84E-01	3.77E-01	4.34E-01	-1.42E-01	-2.01E+00	1.96E-01	
group_624	3.50E-01	8.34E-01	6.96E-01	-1.99E-01	5.10E-01	5.63E-02	-2.45E+00	-1.27E-01	
group_588	3.50E-01	2.95E-01	3.84E-01	3.77E-01	4.34E-01	-1.42E-01	-2.01E+00	1.96E-01	
group_516	3.50E-01	2.95E-01	3.84E-01	3.77E-01	4.34E-01	-1.42E-01	-2.01E+00	1.96E-01	
group_470	3.50E-01	2.95E-01	3.84E-01	3.77E-01	4.34E-01	-1.42E-01	-2.01E+00	1.96E-01	
group_461	3.50E-01	2.95E-01	3.84E-01	3.77E-01	4.34E-01	-1.42E-01	-2.01E+00	1.96E-01	
group_445	3.50E-01	2.95E-01	3.84E-01	3.77E-01	4.34E-01	-1.42E-01	-2.01E+00	1.96E-01	
group_444	3.50E-01	2.95E-01	3.84E-01	3.77E-01	4.34E-01	-1.42E-01	-2.01E+00	1.96E-01	
group_399	3.50E-01	2.95E-01	3.84E-01	3.77E-01	4.34E-01	-1.42E-01	-2.01E+00	1.96E-01	
tcpC	3.50E-01	5.29E-01	3.87E-01	-4.80E-01	5.58E-01	1.54E-01	-2.31E+00	6.99E-01	
group_284	3.50E-01	2.95E-01	3.84E-01	3.77E-01	4.34E-01	-1.42E-01	-2.01E+00	1.96E-01	
group_273	3.50E-01	2.95E-01	2.25E-01	6.17E-01	5.12E-01	-2.27E-01	-2.34E+00	-5.69E-01	
group_126	3.50E-01	2.95E-01	3.84E-01	3.77E-01	4.34E-01	-1.42E-01	-2.01E+00	1.96E-01	
lysM	3.50E-01	2.95E-01	3.84E-01	3.77E-01	4.34E-01	-1.42E-01	-2.01E+00	1.96E-01	
group_41	3.50E-01	8.34E-01	6.96E-01	-1.99E-01	5.10E-01	5.63E-02	-2.45E+00	-1.27E-01	
group_6	3.50E-01	2.95E-01	3.84E-01	3.77E-01	4.34E-01	-1.42E-01	-2.01E+00	1.96E-01	
group_4412	3.40E-01	3.98E-01	4.03E-01	3.66E-01	4.39E-01	-1.39E-01	-2.33E+00	2.59E-01	
group_4410	3.40E-01	3.98E-01	4.03E-01	3.66E-01	4.39E-01	-1.39E-01	-2.33E+00	2.59E-01	
group_4409	3.40E-01	3.98E-01	4.03E-01	3.66E-01	4.39E-01	-1.39E-01	-2.33E+00	2.59E-01	
group_4311	3.40E-01	9.13E-02	1.08E-01	7.08E-01	4.45E-01	-2.52E-01	-2.16E+00	-2.24E-01	
group_4153	3.40E-01	3.98E-01	5.07E-01	2.89E-01	4.37E-01	-1.09E-01	-2.07E+00	1.80E-01	
group_4139	3.40E-01	6.73E-01	4.27E-01	-4.31E-01	5.47E-01	1.32E-01	-2.57E+00	6.15E-01	
group_4115	3.40E-01	2.05E-01	2.18E-01	-5.41E-01	4.42E-01	1.69E-01	-2.34E+00	-1.40E-01	
group_4088	3.40E-01	6.73E-01	4.27E-01	-4.31E-01	5.47E-01	1.32E-01	-2.57E+00	6.15E-01	
group_4085	3.40E-01	3.98E-01	5.07E-01	2.89E-01	4.37E-01	-1.09E-01	-2.07E+00	1.80E-01	
group_4041	3.40E-01	2.42E-05	1.78E-06	-2.42E+00	5.78E-01	7.43E-01	-4.46E+00	-1.69E+00	
group_3950	3.40E-01	9.13E-02	7.97E-02	7.94E-01	4.60E-01	-2.85E-01	-2.36E+00	5.94E-01	
group_3889	3.40E-01	3.41E-06	1.39E-07	-2.74E+00	6.13E-01	8.28E-01	-4.77E+00	-1.93E+00	
group_3884	3.40E-01	3.98E-01	5.07E-01	2.89E-01	4.37E-01	-1.09E-01	-2.07E+00	1.80E-01	
group_3766	3.40E-01	3.98E-01	5.07E-01	2.89E-01	4.37E-01	-1.09E-01	-2.07E+00	1.80E-01	
group_3313	3.40E-01	3.41E-06	1.39E-07	-2.74E+00	6.13E-01	8.28E-01	-4.77E+00	-1.93E+00	
group_3306	3.40E-01	2.05E-01	2.72E-01	4.76E-01	4.36E-01	-1.71E-01	-1.95E+00	1.99E-01	
group_2875	3.40E-01	3.98E-01	5.09E-01	2.86E-01	4.34E-01	-1.08E-01	-2.08E+00	1.54E-01	
group_2794	3.40E-01	3.98E-01	3.37E-01	4.70E-01	4.94E-01	-1.76E-01	-2.37E+00	5.49E-01	
group_2414	3.40E-01	2.42E-05	2.34E-06	-2.35E+00	5.62E-01	7.27E-01	-4.15E+00	-1.50E+00	
group_2269	3.40E-01	1.00E+00	9.14E-01	-5.55E-02	5.12E-01	6.33E-03	-2.34E+00	2.97E-02	
group_2180	3.40E-01	2.42E-05	1.78E-06	-2.42E+00	5.78E-01	7.43E-01	-4.46E+00	-1.69E+00	
group_2139	3.40E-01	3.98E-01	5.09E-01	2.86E-01	4.34E-01	-1.08E-01	-2.08E+00	1.54E-01	
group_1940	3.40E-01	3.98E-01	4.49E-01	-3.41E-01	4.52E-01	1.04E-01	-2.18E+00	-1.18E-01	
group_1917	3.40E-01	6.73E-01	5.53E-01	2.67E-01	4.50E-01	-1.04E-01	-2.42E+00	2.50E-01	
group_1813	3.40E-01	6.73E-01	4.27E-01	-4.31E-01	5.47E-01	1.32E-01	-2.57E+00	6.15E-01	
group_1560	3.40E-01	1.00E+00	8.51E-01	9.02E-02	4.80E-01	-4.35E-02	-2.36E+00	1.70E-01	
group_1533	3.40E-01	1.00E+00	8.86E-01	-6.10E-02	4.26E-01	8.22E-03	-2.34E+00	8.62E-02	
group_1479	3.40E-01	3.98E-01	5.19E-01	2.80E-01	4.36E-01	-1.06E-01	-2.06E+00	1.60E-01	
group_1399	3.40E-01	9.13E-02	5.74E-02	-8.44E-01	4.50E-01	2.70E-01	-2.85E+00	-3.06E-01	
group_1278	3.40E-01	6.73E-01	4.27E-01	-4.31E-01	5.47E-01	1.32E-01	-2.57E+00	6.15E-01	
group_1255	3.40E-01	6.73E-01	4.27E-01	-4.31E-01	5.47E-01	1.32E-01	-2.57E+00	6.15E-01	
group_1214	3.40E-01	6.73E-01	6.44E-01	2.13E-01	4.61E-01	-8.45E-02	-2.33E+00	-6.76E-02	
group_1185	3.40E-01	3.98E-01	5.07E-01	2.89E-01	4.37E-01	-1.09E-01	-2.07E+00	1.80E-01	
group_894	3.40E-01	3.48E-02	2.96E-02	1.02E+00	4.82E-01	-3.63E-01	-2.44E+00	-6.97E-01	
group_772	3.40E-01	6.73E-01	4.27E-01	-4.31E-01	5.47E-01	1.32E-01	-2.57E+00	6.15E-01	
ardA	3.40E-01	6.73E-01	4.27E-01	-4.31E-01	5.47E-01	1.32E-01	-2.57E+00	6.15E-01	
group_670	3.40E-01	6.73E-01	4.27E-01	-4.31E-01	5.47E-01	1.32E-01	-2.57E+00	6.15E-01	
group_423	3.40E-01	1.00E+00	9.14E-01	-5.55E-02	5.12E-01	6.33E-03	-2.34E+00	2.97E-02	
group_140	3.40E-01	2.42E-05	1.78E-06	-2.42E+00	5.78E-01	7.43E-01	-4.46E+00	-1.69E+00	
ytxH	3.40E-01	6.73E-01	4.27E-01	-4.31E-01	5.47E-01	1.32E-01	-2.57E+00	6.15E-01	
group_4162	3.30E-01	1.37E-01	3.36E-02	-1.24E+00	6.13E-01	3.78E-01	-4.08E+00	-1.52E+00	
group_4122	3.30E-01	1.37E-01	3.36E-02	-1.24E+00	6.13E-01	3.78E-01	-4.08E+00	-1.52E+00	
group_3968	3.30E-01	1.93E-02	1.07E-03	2.06E+00	6.83E-01	-7.17E-01	-3.71E+00	-2.71E+00	
tetM	3.30E-01	5.23E-01	6.21E-01	2.45E-01	4.95E-01	-9.28E-02	-2.20E+00	-1.45E-01	
group_3867	3.30E-01	1.37E-01	3.36E-02	-1.24E+00	6.13E-01	3.78E-01	-4.08E+00	-1.52E+00	
group_3813	3.30E-01	1.37E-01	3.36E-02	-1.24E+00	6.13E-01	3.78E-01	-4.08E+00	-1.52E+00	
group_3796	3.30E-01	1.37E-01	3.36E-02	-1.24E+00	6.13E-01	3.78E-01	-4.08E+00	-1.52E+00	
group_3721	3.30E-01	5.56E-02	3.12E-02	-9.58E-01	4.53E-01	2.98E-01	-2.85E+00	4.58E-01	
group_3714	3.30E-01	1.37E-01	3.36E-02	-1.24E+00	6.13E-01	3.78E-01	-4.08E+00	-1.52E+00	
group_3573	3.30E-01	1.37E-01	3.36E-02	-1.24E+00	6.13E-01	3.78E-01	-4.08E+00	-1.52E+00	
group_3348	3.30E-01	1.37E-01	3.36E-02	-1.24E+00	6.13E-01	3.78E-01	-4.08E+00	-1.52E+00	
group_3282	3.30E-01	5.56E-02	1.12E-02	1.35E+00	5.52E-01	-4.66E-01	-3.06E+00	1.56E+00	
group_3254	3.30E-01	1.37E-01	3.36E-02	-1.24E+00	6.13E-01	3.78E-01	-4.08E+00	-1.52E+00	
group_3174	3.30E-01	1.37E-01	5.50E-02	-9.93E-01	5.32E-01	3.04E-01	-3.38E+00	-9.52E-01	
group_3161	3.30E-01	1.37E-01	3.36E-02	-1.24E+00	6.13E-01	3.78E-01	-4.08E+00	-1.52E+00	
group_3001	3.30E-01	1.37E-01	3.36E-02	-1.24E+00	6.13E-01	3.78E-01	-4.08E+00	-1.52E+00	
group_2766	3.30E-01	5.56E-02	3.60E-02	-9.13E-01	4.43E-01	2.84E-01	-2.79E+00	1.45E-01	
group_2449	3.30E-01	1.93E-02	1.07E-03	2.06E+00	6.83E-01	-7.17E-01	-3.71E+00	-2.71E+00	
group_2428	3.30E-01	1.93E-02	1.07E-03	2.06E+00	6.83E-01	-7.17E-01	-3.71E+00	-2.71E+00	
group_2181	3.30E-01	1.37E-01	3.36E-02	-1.24E+00	6.13E-01	3.78E-01	-4.08E+00	-1.52E+00	
group_2112	3.30E-01	1.37E-01	3.36E-02	-1.24E+00	6.13E-01	3.78E-01	-4.08E+00	-1.52E+00	
group_2061	3.30E-01	1.37E-01	3.36E-02	-1.24E+00	6.13E-01	3.78E-01	-4.08E+00	-1.52E+00	
group_1914	3.30E-01	8.32E-01	7.69E-01	1.36E-01	4.64E-01	-5.76E-02	-2.36E+00	-8.54E-03	
group_1908	3.30E-01	1.37E-01	3.36E-02	-1.24E+00	6.13E-01	3.78E-01	-4.08E+00	-1.52E+00	
group_1742	3.30E-01	1.37E-01	3.36E-02	-1.24E+00	6.13E-01	3.78E-01	-4.08E+00	-1.52E+00	
group_1622	3.30E-01	2.88E-01	3.75E-01	3.89E-01	4.40E-01	-1.38E-01	-2.00E+00	1.99E-01	
repB	3.30E-01	5.23E-01	6.47E-01	2.00E-01	4.38E-01	-7.72E-02	-2.15E+00	1.47E-01	
group_1344	3.30E-01	1.37E-01	3.36E-02	-1.24E+00	6.13E-01	3.78E-01	-4.08E+00	-1.52E+00	
tetL	3.30E-01	8.32E-01	8.42E-01	1.03E-01	5.15E-01	-4.60E-02	-2.30E+00	-2.00E-02	
group_1198	3.30E-01	2.88E-01	3.75E-01	3.89E-01	4.40E-01	-1.38E-01	-2.00E+00	1.99E-01	
group_1188	3.30E-01	1.37E-01	3.36E-02	-1.24E+00	6.13E-01	3.78E-01	-4.08E+00	-1.52E+00	
group_1166	3.30E-01	8.32E-01	7.87E-01	1.25E-01	4.63E-01	-5.37E-02	-2.34E+00	5.65E-04	
group_1155	3.30E-01	5.56E-02	1.12E-02	1.35E+00	5.52E-01	-4.66E-01	-3.06E+00	1.56E+00	
group_1150	3.30E-01	1.00E-06	3.50E-08	-2.92E+00	6.35E-01	8.38E-01	-4.71E+00	-1.88E+00	
group_1134	3.30E-01	1.37E-01	3.36E-02	-1.24E+00	6.13E-01	3.78E-01	-4.08E+00	-1.52E+00	
group_1111	3.30E-01	1.37E-01	3.36E-02	-1.24E+00	6.13E-01	3.78E-01	-4.08E+00	-1.52E+00	
group_1059	3.30E-01	5.56E-02	3.60E-02	-9.13E-01	4.43E-01	2.84E-01	-2.79E+00	1.45E-01	
group_873	3.30E-01	1.37E-01	3.36E-02	-1.24E+00	6.13E-01	3.78E-01	-4.08E+00	-1.52E+00	
group_832	3.30E-01	1.37E-01	3.36E-02	-1.24E+00	6.13E-01	3.78E-01	-4.08E+00	-1.52E+00	
group_558	3.30E-01	5.56E-02	3.60E-02	-9.13E-01	4.43E-01	2.84E-01	-2.79E+00	1.45E-01	
group_521	3.30E-01	1.37E-01	3.36E-02	-1.24E+00	6.13E-01	3.78E-01	-4.08E+00	-1.52E+00	
group_431	3.30E-01	2.88E-01	3.75E-01	3.87E-01	4.38E-01	-1.37E-01	-2.01E+00	1.72E-01	
group_398	3.30E-01	1.37E-01	3.36E-02	-1.24E+00	6.13E-01	3.78E-01	-4.08E+00	-1.52E+00	
group_228	3.30E-01	1.37E-01	3.36E-02	-1.24E+00	6.13E-01	3.78E-01	-4.08E+00	-1.52E+00	
group_103	3.30E-01	1.37E-01	3.36E-02	-1.24E+00	6.13E-01	3.78E-01	-4.08E+00	-1.52E+00	
group_102	3.30E-01	1.37E-01	3.36E-02	-1.24E+00	6.13E-01	3.78E-01	-4.08E+00	-1.52E+00	
group_4282	3.20E-01	6.04E-04	4.35E-04	1.61E+00	4.88E-01	-5.23E-01	-3.17E+00	4.09E-01	
arsD	3.20E-01	1.81E-05	5.94E-08	-3.49E+00	8.12E-01	9.79E-01	-6.81E+00	-4.07E+00	
group_4023	3.20E-01	1.81E-05	5.94E-08	-3.49E+00	8.12E-01	9.79E-01	-6.81E+00	-4.07E+00	
vanYA	3.20E-01	2.68E-07	9.15E-08	2.73E+00	6.07E-01	-7.68E-01	-1.77E+00	-7.67E-01	
group_3779	3.20E-01	1.98E-01	1.36E-01	-6.67E-01	4.52E-01	1.97E-01	-2.78E+00	-2.00E-01	
group_3339	3.20E-01	1.81E-05	5.94E-08	-3.49E+00	8.12E-01	9.79E-01	-6.81E+00	-4.07E+00	
group_2991	3.20E-01	6.04E-04	4.36E-05	2.26E+00	6.11E-01	-7.69E-01	-3.43E+00	2.50E+00	
group_2892	3.20E-01	1.98E-01	1.36E-01	-6.67E-01	4.52E-01	1.97E-01	-2.78E+00	-2.00E-01	
group_2831	3.20E-01	1.98E-01	1.36E-01	-6.67E-01	4.52E-01	1.97E-01	-2.78E+00	-2.00E-01	
group_2331	3.20E-01	2.69E-03	1.18E-03	1.64E+00	5.36E-01	-5.40E-01	-2.75E+00	-1.33E+00	
group_1961	3.20E-01	8.63E-02	7.51E-02	8.94E-01	5.12E-01	-3.00E-01	-2.24E+00	-7.54E-01	
group_1778	3.20E-01	8.63E-02	9.77E-02	7.52E-01	4.60E-01	-2.52E-01	-2.18E+00	-3.11E-01	
group_1646	3.20E-01	6.68E-01	6.37E-01	2.41E-01	5.12E-01	-8.89E-02	-2.31E+00	-1.57E-01	
group_1532	3.20E-01	1.98E-01	1.55E-01	6.24E-01	4.44E-01	-2.13E-01	-2.62E+00	1.57E-01	
group_1465	3.20E-01	6.68E-01	6.72E-01	2.07E-01	4.89E-01	-7.82E-02	-2.30E+00	-9.58E-02	
group_1417	3.20E-01	1.01E-02	5.16E-03	-1.28E+00	4.73E-01	3.84E-01	-3.00E+00	-4.57E-01	
group_1268	3.20E-01	1.01E-02	1.06E-03	2.05E+00	6.85E-01	-7.14E-01	-3.65E+00	-2.70E+00	
group_1003	3.20E-01	6.68E-01	6.38E-01	2.28E-01	4.86E-01	-8.66E-02	-2.32E+00	2.92E-01	
group_4274	3.10E-01	2.80E-01	2.27E-01	-5.28E-01	4.40E-01	1.51E-01	-2.49E+00	7.59E-02	
group_4241	3.10E-01	2.80E-01	2.80E-01	-4.80E-01	4.46E-01	1.34E-01	-2.39E+00	-5.57E-02	
group_4240	3.10E-01	2.80E-01	2.80E-01	-4.80E-01	4.46E-01	1.34E-01	-2.39E+00	-5.57E-02	
group_4232	3.10E-01	2.80E-01	2.80E-01	-4.80E-01	4.46E-01	1.34E-01	-2.39E+00	-5.57E-02	
group_4230	3.10E-01	2.80E-01	2.80E-01	-4.80E-01	4.46E-01	1.34E-01	-2.39E+00	-5.57E-02	
group_4067	3.10E-01	1.74E-02	3.14E-03	1.80E+00	6.52E-01	-6.02E-01	-3.42E+00	-2.24E+00	
group_3910	3.10E-01	4.94E-03	4.72E-06	-3.61E+00	9.27E-01	1.07E+00	-8.95E+00	-5.52E+00	
group_3834	3.10E-01	4.94E-03	4.72E-06	-3.61E+00	9.27E-01	1.07E+00	-8.95E+00	-5.52E+00	
group_3750	3.10E-01	5.17E-02	5.12E-02	8.65E-01	4.52E-01	-2.84E-01	-2.63E+00	-4.81E-02	
group_3426	3.10E-01	1.74E-02	3.14E-03	1.80E+00	6.52E-01	-6.02E-01	-3.42E+00	-2.24E+00	
group_3378	3.10E-01	1.30E-01	9.39E-02	-7.38E-01	4.45E-01	2.14E-01	-2.64E+00	1.53E-01	
group_2907	3.10E-01	5.61E-06	2.85E-09	-4.20E+00	9.29E-01	1.13E+00	-8.34E+00	-5.16E+00	
group_2640	3.10E-01	1.30E-01	1.27E-01	7.02E-01	4.66E-01	-2.34E-01	-2.50E+00	-3.13E-01	
group_1764	3.10E-01	5.17E-02	4.84E-02	-8.90E-01	4.60E-01	2.53E-01	-2.66E+00	-1.93E-01	
group_1625	3.10E-01	5.17E-01	4.26E-01	-3.57E-01	4.50E-01	9.85E-02	-2.39E+00	2.55E-01	
group_1557	3.10E-01	2.80E-01	2.12E-01	6.30E-01	5.11E-01	-2.13E-01	-2.46E+00	6.95E-01	
group_1468	3.10E-01	1.30E-01	1.03E-01	-7.20E-01	4.46E-01	2.11E-01	-2.43E+00	2.49E-01	
group_1292	3.10E-01	5.17E-02	5.12E-02	8.65E-01	4.52E-01	-2.84E-01	-2.63E+00	-4.81E-02	
group_1238	3.10E-01	2.80E-01	2.09E-01	-5.76E-01	4.62E-01	1.64E-01	-2.62E+00	-2.36E-01	
group_697	3.10E-01	5.17E-02	2.06E-02	1.23E+00	5.50E-01	-4.09E-01	-2.79E+00	1.39E+00	
group_573	3.10E-01	5.17E-02	4.88E-03	-1.85E+00	7.02E-01	5.52E-01	-2.64E+00	2.66E+00	
tnp	3.10E-01	3.99E-05	5.60E-06	-2.21E+00	5.44E-01	5.85E-01	-5.51E+00	-3.21E-01	
group_4377	3.00E-01	2.25E-03	2.09E-03	1.41E+00	4.82E-01	-4.26E-01	-2.63E+00	1.46E-01	
group_4260	3.00E-01	1.90E-01	1.49E-01	-6.38E-01	4.46E-01	1.78E-01	-2.55E+00	5.85E-02	
group_4238	3.00E-01	1.90E-01	1.89E-01	-5.91E-01	4.53E-01	1.61E-01	-2.42E+00	-9.13E-02	
group_4237	3.00E-01	1.90E-01	1.92E-01	-5.86E-01	4.52E-01	1.60E-01	-2.39E+00	-8.10E-02	
group_4235	3.00E-01	1.90E-01	1.89E-01	-5.91E-01	4.53E-01	1.61E-01	-2.42E+00	-9.13E-02	
group_4231	3.00E-01	3.83E-01	2.97E-01	-4.65E-01	4.48E-01	1.25E-01	-2.60E+00	-2.59E-02	
group_4125	3.00E-01	1.27E-05	5.10E-06	2.27E+00	5.71E-01	-6.63E-01	-4.41E+00	4.34E-01	
group_3674	3.00E-01	2.91E-02	4.30E-03	1.64E+00	6.07E-01	-5.14E-01	-3.67E+00	-1.77E+00	
pisK	3.00E-01	1.27E-05	5.10E-06	2.27E+00	5.71E-01	-6.63E-01	-4.41E+00	4.34E-01	
group_3657	3.00E-01	8.09E-02	4.95E-02	-9.02E-01	4.67E-01	2.51E-01	-2.94E+00	-2.92E-01	
group_3656	3.00E-01	8.09E-02	4.95E-02	-9.02E-01	4.67E-01	2.51E-01	-2.94E+00	-2.92E-01	
group_3563	3.00E-01	6.63E-01	6.48E-01	2.37E-01	5.19E-01	-8.39E-02	-2.26E+00	3.29E-01	
group_3393	3.00E-01	1.27E-05	5.10E-06	2.27E+00	5.71E-01	-6.63E-01	-4.41E+00	4.34E-01	
group_3391	3.00E-01	2.91E-02	1.26E-02	-1.22E+00	5.06E-01	3.40E-01	-3.16E+00	-7.93E-01	
group_3356	3.00E-01	1.27E-05	5.10E-06	2.27E+00	5.71E-01	-6.63E-01	-4.41E+00	4.34E-01	
group_3211	3.00E-01	8.57E-05	4.55E-05	2.02E+00	5.44E-01	-5.83E-01	-2.64E+00	-8.71E-01	
group_2989	3.00E-01	6.63E-01	6.48E-01	2.37E-01	5.19E-01	-8.39E-02	-2.26E+00	3.29E-01	
group_2884	3.00E-01	8.09E-02	4.95E-02	-9.02E-01	4.67E-01	2.51E-01	-2.94E+00	-2.92E-01	
group_2849	3.00E-01	6.63E-01	6.48E-01	2.37E-01	5.19E-01	-8.39E-02	-2.26E+00	3.29E-01	
group_2832	3.00E-01	8.09E-02	4.95E-02	-9.02E-01	4.67E-01	2.51E-01	-2.94E+00	-2.92E-01	
group_2811	3.00E-01	8.09E-02	4.95E-02	-9.02E-01	4.67E-01	2.51E-01	-2.94E+00	-2.92E-01	
group_2656	3.00E-01	6.63E-01	6.48E-01	2.37E-01	5.19E-01	-8.39E-02	-2.26E+00	3.29E-01	
group_2564	3.00E-01	6.63E-01	6.48E-01	2.37E-01	5.19E-01	-8.39E-02	-2.26E+00	3.29E-01	
group_2490	3.00E-01	8.09E-02	4.38E-02	1.04E+00	5.30E-01	-3.34E-01	-2.62E+00	1.09E+00	
group_2433	3.00E-01	6.63E-01	6.48E-01	2.37E-01	5.19E-01	-8.39E-02	-2.26E+00	3.29E-01	
kdgK	3.00E-01	6.63E-01	6.48E-01	2.37E-01	5.19E-01	-8.39E-02	-2.26E+00	3.29E-01	
group_2328	3.00E-01	1.00E+00	7.72E-01	-1.51E-01	5.22E-01	3.21E-02	-2.42E+00	2.42E-01	
group_2306	3.00E-01	1.27E-05	5.10E-06	2.27E+00	5.71E-01	-6.63E-01	-4.41E+00	4.34E-01	
group_2092	3.00E-01	6.63E-01	6.48E-01	2.37E-01	5.19E-01	-8.39E-02	-2.26E+00	3.29E-01	
group_2072	3.00E-01	2.91E-02	4.30E-03	1.64E+00	6.07E-01	-5.14E-01	-3.67E+00	-1.77E+00	
group_2056	3.00E-01	6.63E-01	6.12E-01	-2.28E-01	4.49E-01	5.63E-02	-2.35E+00	-3.27E-03	
group_1951	3.00E-01	6.63E-01	6.03E-01	2.36E-01	4.55E-01	-8.30E-02	-2.33E+00	1.96E-01	
group_1941	3.00E-01	6.63E-01	6.14E-01	2.52E-01	5.01E-01	-8.97E-02	-2.34E+00	3.20E-01	
group_1878	3.00E-01	1.27E-05	5.10E-06	2.27E+00	5.71E-01	-6.63E-01	-4.41E+00	4.34E-01	
group_1848	3.00E-01	6.63E-01	6.48E-01	2.37E-01	5.19E-01	-8.39E-02	-2.26E+00	3.29E-01	
group_1609	3.00E-01	1.27E-05	5.10E-06	2.27E+00	5.71E-01	-6.63E-01	-4.41E+00	4.34E-01	
group_1597	3.00E-01	8.09E-02	4.95E-02	-9.02E-01	4.67E-01	2.51E-01	-2.94E+00	-2.92E-01	
group_1338	3.00E-01	2.91E-02	4.30E-03	1.64E+00	6.07E-01	-5.14E-01	-3.67E+00	-1.77E+00	
group_1337	3.00E-01	2.25E-03	3.78E-04	1.92E+00	5.80E-01	-6.04E-01	-3.07E+00	1.95E+00	
traG~~~traM	3.00E-01	1.00E+00	9.65E-01	-2.20E-02	4.98E-01	-5.93E-03	-2.31E+00	1.09E-01	
group_1172	3.00E-01	6.63E-01	4.10E-01	-4.52E-01	5.54E-01	1.20E-01	-2.64E+00	6.00E-01	
group_1153	3.00E-01	6.63E-01	5.52E-01	-2.64E-01	4.45E-01	6.60E-02	-2.47E+00	3.00E-02	
group_1127	3.00E-01	2.91E-02	4.30E-03	1.64E+00	6.07E-01	-5.14E-01	-3.67E+00	-1.77E+00	
arpU	3.00E-01	1.90E-01	1.46E-01	-6.52E-01	4.52E-01	1.81E-01	-2.60E+00	-1.05E-01	
group_942	3.00E-01	1.27E-05	5.10E-06	2.27E+00	5.71E-01	-6.63E-01	-4.41E+00	4.34E-01	
group_642	3.00E-01	8.57E-05	4.55E-05	2.02E+00	5.44E-01	-5.83E-01	-2.64E+00	-8.71E-01	
group_519	3.00E-01	8.09E-02	6.23E-02	8.63E-01	4.72E-01	-2.71E-01	-2.68E+00	-3.04E-01	
lagD	3.00E-01	1.27E-05	5.10E-06	2.27E+00	5.71E-01	-6.63E-01	-4.41E+00	4.34E-01	
group_177	3.00E-01	8.09E-02	4.95E-02	-9.02E-01	4.67E-01	2.51E-01	-2.94E+00	-2.92E-01	
group_144	3.00E-01	6.63E-01	6.65E-01	-2.02E-01	4.66E-01	4.93E-02	-2.27E+00	-3.76E-02	
group_4372	2.90E-01	2.82E-05	1.71E-05	2.12E+00	5.54E-01	-5.71E-01	-2.54E+00	3.82E-01	
group_4234	2.90E-01	2.71E-01	2.68E-01	-5.03E-01	4.57E-01	1.31E-01	-2.42E+00	-7.76E-02	
group_3956	2.90E-01	1.53E-02	7.98E-03	-1.23E+00	4.80E-01	3.29E-01	-3.15E+00	-2.51E-01	
group_3951	2.90E-01	8.26E-01	5.73E-01	-3.09E-01	5.52E-01	7.53E-02	-2.54E+00	4.29E-01	
group_3894	2.90E-01	2.82E-05	2.07E-07	-3.30E+00	7.79E-01	8.24E-01	-6.10E+00	-3.48E+00	
vanZA	2.90E-01	3.69E-06	1.61E-06	2.49E+00	6.06E-01	-6.40E-01	-1.92E+00	-7.35E-01	
group_3505	2.90E-01	4.73E-02	7.10E-03	1.60E+00	6.22E-01	-4.91E-01	-3.78E+00	-1.78E+00	
group_3481	2.90E-01	1.53E-02	1.92E-04	-2.68E+00	7.91E-01	7.20E-01	-6.84E+00	-3.78E+00	
group_3310	2.90E-01	1.53E-02	1.92E-04	-2.68E+00	7.91E-01	7.20E-01	-6.84E+00	-3.78E+00	
group_3309	2.90E-01	1.53E-02	1.92E-04	-2.68E+00	7.91E-01	7.20E-01	-6.84E+00	-3.78E+00	
group_1975	2.90E-01	4.73E-02	6.03E-02	8.58E-01	4.65E-01	-2.54E-01	-1.87E+00	2.85E-01	
group_1969	2.90E-01	1.53E-02	1.92E-04	-2.68E+00	7.91E-01	7.20E-01	-6.84E+00	-3.78E+00	
group_1860	2.90E-01	1.53E-02	1.92E-04	-2.68E+00	7.91E-01	7.20E-01	-6.84E+00	-3.78E+00	
group_1507	2.90E-01	4.73E-02	6.03E-02	8.58E-01	4.65E-01	-2.54E-01	-1.87E+00	2.85E-01	
group_1105	2.90E-01	8.26E-01	7.72E-01	1.35E-01	4.67E-01	-5.13E-02	-2.31E+00	1.66E-01	
mefH	2.90E-01	1.53E-02	1.92E-04	-2.68E+00	7.91E-01	7.20E-01	-6.84E+00	-3.78E+00	
group_4305	2.80E-01	3.73E-01	2.77E-01	-4.97E-01	4.59E-01	1.24E-01	-2.60E+00	2.29E-01	
group_4236	2.80E-01	1.81E-01	1.79E-01	-6.20E-01	4.66E-01	1.57E-01	-2.43E+00	-1.25E-01	
group_4233	2.80E-01	1.81E-01	1.77E-01	-6.22E-01	4.65E-01	1.57E-01	-2.45E+00	-1.19E-01	
group_4227	2.80E-01	1.81E-01	1.77E-01	-6.22E-01	4.65E-01	1.57E-01	-2.45E+00	-1.19E-01	
group_3736	2.80E-01	7.48E-02	1.93E-02	1.37E+00	6.09E-01	-4.00E-01	-3.07E+00	-1.46E+00	
group_3621	2.80E-01	6.10E-05	6.33E-05	-2.00E+00	5.56E-01	4.87E-01	-1.69E+00	3.62E-01	
group_3560	2.80E-01	2.59E-02	3.57E-02	9.73E-01	4.75E-01	-2.73E-01	-1.73E+00	2.09E-01	
epsF	2.80E-01	3.73E-01	3.30E-01	5.04E-01	5.21E-01	-1.55E-01	-2.25E+00	5.56E-01	
group_3217	2.80E-01	1.81E-01	1.77E-01	-6.22E-01	4.65E-01	1.57E-01	-2.45E+00	-1.19E-01	
group_3166	2.80E-01	7.48E-02	1.93E-02	1.37E+00	6.09E-01	-4.00E-01	-3.07E+00	-1.46E+00	
group_2542	2.80E-01	6.56E-01	7.39E-01	-1.56E-01	4.69E-01	3.13E-02	-2.26E+00	1.25E-02	
group_2376	2.80E-01	6.10E-05	6.33E-05	-2.00E+00	5.56E-01	4.87E-01	-1.69E+00	3.62E-01	
group_2080	2.80E-01	3.73E-01	3.56E-01	4.37E-01	4.76E-01	-1.37E-01	-2.34E+00	3.49E-01	
group_2076	2.80E-01	1.81E-01	1.77E-01	-6.22E-01	4.65E-01	1.57E-01	-2.45E+00	-1.19E-01	
group_1970	2.80E-01	1.81E-01	1.77E-01	-6.22E-01	4.65E-01	1.57E-01	-2.45E+00	-1.19E-01	
group_1889	2.80E-01	3.73E-01	4.06E-01	4.20E-01	5.07E-01	-1.30E-01	-2.24E+00	-2.65E-01	
group_1719	2.80E-01	6.10E-05	6.33E-05	-2.00E+00	5.56E-01	4.87E-01	-1.69E+00	3.62E-01	
group_1530	2.80E-01	1.81E-01	1.61E-01	6.39E-01	4.62E-01	-1.87E-01	-2.32E+00	1.78E-01	
group_1259	2.80E-01	2.59E-02	2.56E-02	1.05E+00	4.82E-01	-3.04E-01	-2.47E+00	-3.13E-01	
group_1170	2.80E-01	1.81E-01	8.50E-02	-9.60E-01	5.73E-01	2.46E-01	-3.09E+00	-9.42E-01	
group_1161	2.80E-01	6.56E-01	4.25E-01	-4.24E-01	5.35E-01	1.03E-01	-2.63E+00	5.06E-01	
group_1102	2.80E-01	3.66E-04	1.55E-04	1.95E+00	5.65E-01	-5.39E-01	-2.84E+00	-1.15E+00	
group_361	2.80E-01	6.10E-05	6.33E-05	-2.00E+00	5.56E-01	4.87E-01	-1.69E+00	3.62E-01	
group_244	2.80E-01	6.10E-05	6.33E-05	-2.00E+00	5.56E-01	4.87E-01	-1.69E+00	3.62E-01	
group_242	2.80E-01	6.10E-05	6.33E-05	-2.00E+00	5.56E-01	4.87E-01	-1.69E+00	3.62E-01	
group_46	2.80E-01	3.73E-01	3.02E-01	-4.81E-01	4.68E-01	1.21E-01	-2.53E+00	-1.38E-01	
group_4370	2.70E-01	1.87E-05	8.02E-06	2.32E+00	6.02E-01	-5.69E-01	-2.71E+00	6.40E-01	
group_4310	2.70E-01	8.22E-01	8.80E-01	6.85E-02	4.54E-01	-3.11E-02	-2.31E+00	7.90E-02	
group_4259	2.70E-01	4.26E-02	5.58E-02	8.88E-01	4.74E-01	-2.44E-01	-1.93E+00	4.57E-02	
group_4243	2.70E-01	2.60E-01	1.90E-01	-6.08E-01	4.68E-01	1.48E-01	-2.72E+00	-8.33E-02	
aph2I~~~aph2Ia	2.70E-01	3.41E-03	2.90E-03	1.42E+00	5.03E-01	-3.87E-01	-2.83E+00	1.45E-01	
group_3984	2.70E-01	8.22E-01	9.59E-01	2.49E-02	4.87E-01	-1.91E-02	-2.30E+00	7.34E-02	
group_3945	2.70E-01	8.22E-01	6.75E-01	-2.03E-01	4.85E-01	4.21E-02	-2.40E+00	2.22E-01	
group_3933	2.70E-01	8.22E-01	9.59E-01	2.49E-02	4.87E-01	-1.91E-02	-2.30E+00	7.34E-02	
group_3882	2.70E-01	1.29E-04	7.42E-05	-1.99E+00	5.58E-01	4.59E-01	-2.99E+00	3.03E-01	
group_3840	2.70E-01	8.22E-01	7.45E-01	-1.53E-01	4.70E-01	2.87E-02	-2.37E+00	1.62E-02	
group_3662	2.70E-01	1.29E-04	7.42E-05	-1.99E+00	5.58E-01	4.59E-01	-2.99E+00	3.03E-01	
group_3626	2.70E-01	1.29E-04	7.42E-05	-1.99E+00	5.58E-01	4.59E-01	-2.99E+00	3.03E-01	
group_3550	2.70E-01	1.15E-01	7.33E-02	-8.33E-01	4.72E-01	2.05E-01	-2.96E+00	-7.49E-02	
group_3523	2.70E-01	8.22E-01	9.51E-01	3.10E-02	5.03E-01	-2.08E-02	-2.30E+00	6.54E-02	
group_3409	2.70E-01	8.22E-01	9.59E-01	2.49E-02	4.87E-01	-1.91E-02	-2.30E+00	7.34E-02	
group_3365	2.70E-01	1.29E-04	8.10E-05	2.00E+00	5.63E-01	-5.08E-01	-2.47E+00	-5.79E-01	
group_3303	2.70E-01	1.15E-01	9.77E-02	7.71E-01	4.73E-01	-2.14E-01	-2.32E+00	2.30E-01	
group_3280	2.70E-01	8.22E-01	7.27E-01	-1.76E-01	5.04E-01	3.47E-02	-2.40E+00	-5.06E-02	
group_3246	2.70E-01	8.22E-01	9.59E-01	2.49E-02	4.87E-01	-1.91E-02	-2.30E+00	7.34E-02	
group_3199	2.70E-01	2.60E-01	1.88E-01	-6.10E-01	4.67E-01	1.48E-01	-2.74E+00	-6.64E-02	
group_3197	2.70E-01	8.22E-01	9.59E-01	2.49E-02	4.87E-01	-1.91E-02	-2.30E+00	7.34E-02	
group_3107	2.70E-01	2.60E-01	2.18E-01	6.39E-01	5.23E-01	-1.87E-01	-2.26E+00	6.51E-01	
group_3103	2.70E-01	8.22E-01	9.59E-01	2.49E-02	4.87E-01	-1.91E-02	-2.30E+00	7.34E-02	
group_2898	2.70E-01	1.29E-04	7.42E-05	-1.99E+00	5.58E-01	4.59E-01	-2.99E+00	3.03E-01	
group_2470	2.70E-01	2.60E-01	3.19E-01	4.57E-01	4.61E-01	-1.34E-01	-2.09E+00	1.52E-01	
group_2394	2.70E-01	8.22E-01	7.26E-01	-1.72E-01	4.90E-01	3.35E-02	-2.40E+00	-2.88E-02	
group_2211	2.70E-01	8.22E-01	9.59E-01	2.49E-02	4.87E-01	-1.91E-02	-2.30E+00	7.34E-02	
group_2192	2.70E-01	8.22E-01	9.59E-01	2.49E-02	4.87E-01	-1.91E-02	-2.30E+00	7.34E-02	
group_2151	2.70E-01	4.26E-02	5.53E-03	-1.72E+00	6.59E-01	4.22E-01	-4.59E+00	-1.99E+00	
group_2111	2.70E-01	4.26E-02	6.87E-03	-1.63E+00	6.43E-01	3.98E-01	-4.35E+00	-1.80E+00	
group_2086	2.70E-01	2.60E-01	1.70E-01	7.70E-01	5.70E-01	-2.27E-01	-2.43E+00	9.23E-01	
group_2063	2.70E-01	4.99E-01	3.66E-01	-4.18E-01	4.64E-01	9.76E-02	-2.63E+00	2.00E-01	
group_2048	2.70E-01	1.15E-01	7.66E-02	-9.80E-01	5.66E-01	2.46E-01	-2.37E+00	-8.95E-01	
group_2020	2.70E-01	8.22E-01	7.45E-01	-1.47E-01	4.54E-01	2.74E-02	-2.35E+00	6.98E-02	
group_1671	2.70E-01	1.32E-02	2.66E-03	1.54E+00	5.43E-01	-4.10E-01	-3.87E+00	-5.93E-01	
group_1310	2.70E-01	2.60E-01	1.29E-01	-8.77E-01	5.92E-01	2.15E-01	-3.09E+00	-8.90E-01	
group_1208	2.70E-01	2.60E-01	1.29E-01	-8.77E-01	5.92E-01	2.15E-01	-3.09E+00	-8.90E-01	
group_1167	2.70E-01	3.41E-03	2.64E-03	1.48E+00	5.22E-01	-4.02E-01	-2.59E+00	-6.15E-01	
group_1063	2.70E-01	8.22E-01	9.59E-01	2.49E-02	4.87E-01	-1.91E-02	-2.30E+00	7.34E-02	
group_996	2.70E-01	4.99E-01	6.34E-01	-2.34E-01	4.92E-01	5.04E-02	-2.16E+00	2.29E-01	
group_783	2.70E-01	7.28E-04	1.96E-04	1.89E+00	5.59E-01	-4.91E-01	-3.97E+00	-9.82E-02	
group_782	2.70E-01	7.28E-04	1.96E-04	1.89E+00	5.59E-01	-4.91E-01	-3.97E+00	-9.82E-02	
group_636	2.70E-01	2.60E-01	1.88E-01	-6.10E-01	4.67E-01	1.48E-01	-2.74E+00	-6.64E-02	
group_635	2.70E-01	8.22E-01	9.59E-01	2.49E-02	4.87E-01	-1.91E-02	-2.30E+00	7.34E-02	
group_535	2.70E-01	1.29E-04	9.91E-05	1.94E+00	5.52E-01	-4.88E-01	-2.35E+00	-3.76E-02	
group_219	2.70E-01	2.60E-01	1.29E-01	-8.77E-01	5.92E-01	2.15E-01	-3.09E+00	-8.90E-01	
group_138	2.70E-01	1.29E-04	9.91E-05	1.94E+00	5.52E-01	-4.88E-01	-2.35E+00	-3.76E-02	
group_23	2.70E-01	8.22E-01	9.88E-01	7.78E-03	5.35E-01	-1.45E-02	-2.31E+00	8.25E-02	
group_4449	2.60E-01	1.71E-01	1.20E-01	-7.34E-01	4.78E-01	1.73E-01	-2.79E+00	-1.30E-01	
group_4447	2.60E-01	1.71E-01	1.20E-01	-7.34E-01	4.78E-01	1.73E-01	-2.79E+00	-1.30E-01	
group_4444	2.60E-01	1.71E-01	1.20E-01	-7.34E-01	4.78E-01	1.73E-01	-2.79E+00	-1.30E-01	
group_4443	2.60E-01	1.71E-01	1.20E-01	-7.34E-01	4.78E-01	1.73E-01	-2.79E+00	-1.30E-01	
group_4373	2.60E-01	4.07E-05	1.83E-05	2.25E+00	6.04E-01	-5.34E-01	-2.79E+00	6.28E-01	
group_4270	2.60E-01	1.71E-01	1.28E-01	-7.06E-01	4.69E-01	1.68E-01	-2.63E+00	1.24E-01	
group_4247	2.60E-01	2.26E-02	1.99E-02	1.12E+00	4.97E-01	-3.00E-01	-2.44E+00	4.85E-01	
group_4095	2.60E-01	1.41E-03	1.02E-03	-1.62E+00	5.31E-01	3.68E-01	-2.94E+00	3.19E-01	
group_4075	2.60E-01	2.26E-02	2.40E-02	-1.17E+00	5.34E-01	2.81E-01	-1.68E+00	8.24E-01	
group_3888	2.60E-01	1.00E+00	9.54E-01	-3.17E-02	5.43E-01	-4.21E-03	-2.32E+00	5.90E-02	
group_3688	2.60E-01	1.71E-01	1.20E-01	-7.34E-01	4.78E-01	1.73E-01	-2.79E+00	-1.30E-01	
group_3483	2.60E-01	4.07E-05	2.32E-05	-2.34E+00	6.35E-01	5.16E-01	-1.54E+00	-1.08E+00	
group_3437	2.60E-01	2.26E-02	2.40E-02	-1.17E+00	5.34E-01	2.81E-01	-1.68E+00	8.24E-01	
group_3259	2.60E-01	3.62E-01	3.21E-01	5.22E-01	5.29E-01	-1.49E-01	-2.25E+00	5.48E-01	
group_3043	2.60E-01	1.71E-01	1.31E-01	7.91E-01	5.32E-01	-2.21E-01	-2.28E+00	7.65E-01	
group_2971	2.60E-01	2.65E-04	7.82E-05	-1.99E+00	5.59E-01	4.52E-01	-3.39E+00	3.60E-01	
group_2859	2.60E-01	1.41E-03	1.36E-03	1.57E+00	5.24E-01	-3.94E-01	-2.28E+00	-1.97E-02	
group_2815	2.60E-01	1.71E-01	1.11E-01	8.44E-01	5.39E-01	-2.39E-01	-2.62E+00	8.36E-01	
group_2753	2.60E-01	5.12E-06	2.77E-06	-2.60E+00	6.74E-01	5.45E-01	-1.35E+00	7.04E-01	
group_2729	2.60E-01	1.41E-03	1.00E-03	1.62E+00	5.30E-01	-4.20E-01	-3.08E+00	3.39E-01	
group_2341	2.60E-01	2.65E-04	7.82E-05	-1.99E+00	5.59E-01	4.52E-01	-3.39E+00	3.60E-01	
group_2296	2.60E-01	1.71E-01	1.20E-01	-7.34E-01	4.78E-01	1.73E-01	-2.79E+00	-1.30E-01	
group_2282	2.60E-01	2.65E-04	8.08E-05	-1.98E+00	5.57E-01	4.49E-01	-3.49E+00	3.01E-02	
group_2194	2.60E-01	2.65E-04	7.82E-05	-1.99E+00	5.59E-01	4.52E-01	-3.39E+00	3.60E-01	
group_2169	2.60E-01	2.65E-04	7.82E-05	-1.99E+00	5.59E-01	4.52E-01	-3.39E+00	3.60E-01	
group_2060	2.60E-01	6.48E-01	6.74E-01	2.06E-01	4.89E-01	-6.61E-02	-2.26E+00	2.20E-01	
group_1674	2.60E-01	6.22E-03	2.22E-03	1.57E+00	5.46E-01	-4.00E-01	-3.03E+00	-6.88E-01	
group_1541	2.60E-01	4.46E-08	4.74E-09	3.45E+00	1.17E+00	-6.36E-01	-7.17E-01	1.61E-01	bad-chisq
group_1534	2.60E-01	1.71E-01	1.56E-01	7.33E-01	5.24E-01	-2.06E-01	-2.44E+00	-5.02E-01	
group_1412	2.60E-01	1.71E-01	1.11E-01	8.44E-01	5.39E-01	-2.39E-01	-2.62E+00	8.36E-01	
group_1352	2.60E-01	3.62E-01	3.51E-01	4.52E-01	4.87E-01	-1.31E-01	-2.30E+00	3.50E-01	
group_1151	2.60E-01	1.00E+00	9.54E-01	-3.17E-02	5.43E-01	-4.21E-03	-2.32E+00	5.90E-02	
group_995	2.60E-01	2.26E-02	2.08E-02	-1.28E+00	5.76E-01	3.05E-01	-1.88E+00	-1.01E+00	
group_952	2.60E-01	6.82E-02	7.49E-02	8.31E-01	4.76E-01	-2.26E-01	-2.31E+00	2.35E-02	
group_830	2.60E-01	6.22E-03	2.57E-03	1.53E+00	5.42E-01	-4.04E-01	-3.63E+00	-5.51E-01	
group_492	2.60E-01	1.71E-01	1.11E-01	8.44E-01	5.39E-01	-2.39E-01	-2.62E+00	8.36E-01	
group_467	2.60E-01	1.71E-01	1.20E-01	-7.34E-01	4.78E-01	1.73E-01	-2.79E+00	-1.30E-01	
group_127	2.60E-01	2.65E-04	7.82E-05	-1.99E+00	5.59E-01	4.52E-01	-3.39E+00	3.60E-01	
group_4304	2.50E-01	8.17E-01	6.33E-01	-2.41E-01	5.05E-01	4.66E-02	-2.46E+00	2.53E-01	
group_4141	2.50E-01	1.14E-05	3.25E-06	-2.76E+00	7.14E-01	5.58E-01	-1.79E+00	-1.43E+00	
group_3811	2.50E-01	4.88E-01	5.77E-01	2.86E-01	5.13E-01	-8.31E-02	-2.19E+00	-1.20E-01	
group_3713	2.50E-01	1.06E-01	2.17E-02	-1.50E+00	6.81E-01	3.38E-01	-4.16E+00	-1.75E+00	
group_3700	2.50E-01	4.88E-01	5.77E-01	2.86E-01	5.13E-01	-8.31E-02	-2.19E+00	-1.20E-01	
group_3664	2.50E-01	1.06E-01	2.17E-02	-1.50E+00	6.81E-01	3.38E-01	-4.16E+00	-1.75E+00	
group_3651	2.50E-01	1.11E-02	1.28E-02	1.22E+00	5.11E-01	-3.00E-01	-1.83E+00	3.78E-01	
group_3644	2.50E-01	3.77E-02	2.19E-02	1.17E+00	5.31E-01	-3.03E-01	-3.07E+00	-5.40E-01	
group_3436	2.50E-01	1.11E-02	1.26E-02	-1.29E+00	5.42E-01	2.97E-01	-1.55E+00	7.70E-01	
group_3403	2.50E-01	8.17E-01	9.00E-01	6.08E-02	4.85E-01	-2.75E-02	-2.28E+00	1.21E-01	
group_3283	2.50E-01	1.06E-01	2.17E-02	-1.50E+00	6.81E-01	3.38E-01	-4.16E+00	-1.75E+00	
group_3175	2.50E-01	1.06E-01	7.03E-02	-8.67E-01	4.88E-01	1.97E-01	-2.87E+00	-1.38E-01	
group_2473	2.50E-01	1.06E-01	7.72E-02	-8.41E-01	4.84E-01	1.93E-01	-2.69E+00	-9.77E-02	
group_2432	2.50E-01	1.06E-01	2.17E-02	-1.50E+00	6.81E-01	3.38E-01	-4.16E+00	-1.75E+00	
group_2347	2.50E-01	4.88E-01	2.66E-01	-6.45E-01	5.88E-01	1.44E-01	-2.76E+00	7.73E-01	
group_2345	2.50E-01	1.06E-01	7.54E-02	9.38E-01	5.38E-01	-2.49E-01	-2.31E+00	8.46E-01	
group_2261	2.50E-01	1.06E-01	7.54E-02	9.38E-01	5.38E-01	-2.49E-01	-2.31E+00	8.46E-01	
group_2053	2.50E-01	8.17E-01	8.58E-01	8.78E-02	4.92E-01	-3.44E-02	-2.29E+00	1.42E-01	
group_2029	2.50E-01	1.11E-02	7.19E-03	1.42E+00	5.54E-01	-3.64E-01	-2.53E+00	-9.23E-01	
group_1991	2.50E-01	4.88E-01	4.19E-01	-4.10E-01	5.10E-01	8.96E-02	-2.43E+00	-2.06E-01	
group_1954	2.50E-01	1.11E-02	8.15E-04	-2.10E+00	6.79E-01	4.67E-01	-5.06E+00	-2.23E+00	
group_1921	2.50E-01	1.11E-02	9.79E-03	1.28E+00	5.20E-01	-3.26E-01	-2.55E+00	-4.27E-01	
group_1900	2.50E-01	1.06E-01	2.17E-02	-1.50E+00	6.81E-01	3.38E-01	-4.16E+00	-1.75E+00	
group_1899	2.50E-01	1.06E-01	2.17E-02	-1.50E+00	6.81E-01	3.38E-01	-4.16E+00	-1.75E+00	
group_1790	2.50E-01	1.11E-02	8.15E-04	-2.10E+00	6.79E-01	4.67E-01	-5.06E+00	-2.23E+00	
group_1700	2.50E-01	1.06E-01	6.75E-02	8.88E-01	4.97E-01	-2.33E-01	-2.88E+00	-1.04E-01	
trmB	2.50E-01	1.06E-01	7.72E-02	-8.41E-01	4.84E-01	1.93E-01	-2.69E+00	-9.77E-02	
group_957	2.50E-01	1.06E-01	2.17E-02	-1.50E+00	6.81E-01	3.38E-01	-4.16E+00	-1.75E+00	
group_877	2.50E-01	8.64E-05	4.49E-05	2.15E+00	6.02E-01	-5.01E-01	-3.25E+00	-2.21E-01	
group_862	2.50E-01	1.06E-01	6.74E-02	8.90E-01	4.98E-01	-2.33E-01	-2.88E+00	-1.28E-01	
group_856	2.50E-01	3.77E-02	4.00E-02	9.78E-01	4.89E-01	-2.53E-01	-2.36E+00	6.56E-02	
group_838	2.50E-01	8.17E-01	9.00E-01	6.08E-02	4.85E-01	-2.75E-02	-2.28E+00	1.21E-01	
group_722	2.50E-01	1.06E-01	2.17E-02	-1.50E+00	6.81E-01	3.38E-01	-4.16E+00	-1.75E+00	
group_549	2.50E-01	2.68E-03	2.03E-03	1.57E+00	5.45E-01	-3.89E-01	-2.48E+00	-6.22E-01	
group_382	2.50E-01	1.06E-01	7.72E-02	-8.41E-01	4.84E-01	1.93E-01	-2.69E+00	-9.77E-02	
group_142	2.50E-01	5.32E-04	4.24E-04	1.78E+00	5.54E-01	-4.22E-01	-2.45E+00	1.73E-01	
group_4375	2.40E-01	1.79E-04	1.11E-04	2.04E+00	6.00E-01	-4.50E-01	-2.54E+00	3.65E-01	
group_4287	2.40E-01	1.79E-04	8.26E-05	2.10E+00	6.14E-01	-4.91E-01	-4.14E+00	2.35E-01	
group_4283	2.40E-01	1.79E-04	8.26E-05	2.10E+00	6.14E-01	-4.91E-01	-4.14E+00	2.35E-01	
group_4280	2.40E-01	1.79E-04	8.26E-05	2.10E+00	6.14E-01	-4.91E-01	-4.14E+00	2.35E-01	
group_4262	2.40E-01	1.79E-04	8.26E-05	2.10E+00	6.14E-01	-4.91E-01	-4.14E+00	2.35E-01	
group_4255	2.40E-01	1.79E-04	8.26E-05	2.10E+00	6.14E-01	-4.91E-01	-4.14E+00	2.35E-01	
group_4091	2.40E-01	6.40E-01	6.16E-01	2.55E-01	5.09E-01	-7.47E-02	-2.32E+00	2.61E-01	
group_3788	2.40E-01	6.10E-02	4.15E-02	-9.94E-01	5.00E-01	2.18E-01	-2.77E+00	-1.71E-01	
group_3716	2.40E-01	6.10E-02	4.04E-02	1.09E+00	5.47E-01	-2.76E-01	-2.34E+00	9.14E-01	
group_3663	2.40E-01	6.10E-02	4.15E-02	-9.94E-01	5.00E-01	2.18E-01	-2.77E+00	-1.71E-01	
group_3541	2.40E-01	1.92E-02	2.29E-02	-1.19E+00	5.41E-01	2.60E-01	-1.69E+00	6.89E-01	
group_3430	2.40E-01	1.60E-01	1.27E-01	8.07E-01	5.36E-01	-2.08E-01	-2.28E+00	7.09E-01	
group_3208	2.40E-01	1.60E-01	1.57E-01	7.42E-01	5.31E-01	-1.91E-01	-2.30E+00	-4.56E-01	
group_3185	2.40E-01	4.96E-03	3.91E-03	1.44E+00	5.31E-01	-3.50E-01	-2.93E+00	2.22E-01	
group_3095	2.40E-01	2.83E-06	7.58E-07	2.92E+00	7.77E-01	-5.57E-01	-2.51E+00	-4.73E-03	
group_2920	2.40E-01	6.40E-01	7.10E-01	1.82E-01	4.90E-01	-5.57E-02	-2.23E+00	1.75E-01	
group_2802	2.40E-01	4.96E-03	1.65E-03	-1.66E+00	5.64E-01	3.53E-01	-3.51E+00	-8.03E-01	
group_2624	2.40E-01	1.60E-01	4.94E-02	-1.26E+00	6.63E-01	2.72E-01	-3.70E+00	-1.39E+00	
group_2621	2.40E-01	6.10E-02	4.12E-02	-9.96E-01	5.01E-01	2.18E-01	-2.78E+00	-1.80E-01	
group_2578	2.40E-01	4.96E-03	3.91E-03	1.44E+00	5.31E-01	-3.50E-01	-2.93E+00	2.22E-01	
group_2469	2.40E-01	1.92E-02	2.29E-02	-1.19E+00	5.41E-01	2.60E-01	-1.69E+00	6.89E-01	
group_2390	2.40E-01	6.10E-02	7.20E-02	8.66E-01	4.92E-01	-2.14E-01	-2.11E+00	1.02E-01	
group_2346	2.40E-01	6.10E-02	4.12E-02	-9.96E-01	5.01E-01	2.18E-01	-2.78E+00	-1.80E-01	
group_2107	2.40E-01	1.92E-02	7.27E-03	-1.42E+00	5.54E-01	3.06E-01	-3.42E+00	-8.26E-01	
group_2101	2.40E-01	2.83E-06	7.58E-07	2.92E+00	7.77E-01	-5.57E-01	-2.51E+00	-4.73E-03	
group_1950	2.40E-01	6.40E-01	6.25E-01	2.75E-01	5.64E-01	-7.87E-02	-2.23E+00	3.56E-01	
group_1936	2.40E-01	6.40E-01	7.13E-01	-1.92E-01	5.21E-01	3.34E-02	-2.27E+00	-4.86E-02	
group_1766	2.40E-01	4.96E-03	3.91E-03	1.44E+00	5.31E-01	-3.50E-01	-2.93E+00	2.22E-01	
group_1303	2.40E-01	1.05E-03	6.79E-04	-1.76E+00	5.66E-01	3.57E-01	-3.10E+00	3.99E-01	
group_917	2.40E-01	6.40E-01	7.10E-01	1.82E-01	4.90E-01	-5.57E-02	-2.23E+00	1.75E-01	
group_723	2.40E-01	6.10E-02	4.15E-02	-9.94E-01	5.00E-01	2.18E-01	-2.77E+00	-1.71E-01	
group_711	2.40E-01	6.10E-02	4.15E-02	-9.94E-01	5.00E-01	2.18E-01	-2.77E+00	-1.71E-01	
group_618	2.40E-01	1.92E-02	2.29E-02	-1.19E+00	5.41E-01	2.60E-01	-1.69E+00	6.89E-01	
group_520	2.40E-01	6.10E-02	4.12E-02	-9.96E-01	5.01E-01	2.18E-01	-2.78E+00	-1.80E-01	
group_4078	2.30E-01	8.12E-01	9.75E-01	-1.67E-02	5.25E-01	-8.54E-03	-2.30E+00	7.89E-02	
group_4060	2.30E-01	9.62E-02	4.43E-02	-1.07E+00	5.47E-01	2.25E-01	-2.90E+00	8.27E-01	
group_4016	2.30E-01	8.95E-03	3.22E-03	-1.58E+00	5.71E-01	3.22E-01	-3.43E+00	-8.12E-01	
group_3858	2.30E-01	8.95E-03	9.24E-03	-1.42E+00	5.74E-01	2.95E-01	-1.54E+00	8.69E-01	
group_3803	2.30E-01	3.65E-04	2.11E-04	1.99E+00	6.05E-01	-4.34E-01	-3.24E+00	-2.00E-01	
group_3706	2.30E-01	8.95E-03	7.38E-03	1.35E+00	5.33E-01	-3.16E-01	-2.79E+00	2.63E-01	
group_3679	2.30E-01	4.76E-01	4.99E-01	3.35E-01	4.97E-01	-8.93E-02	-2.25E+00	2.40E-01	
group_3572	2.30E-01	9.62E-02	1.23E-01	-8.76E-01	5.79E-01	1.84E-01	-1.82E+00	-6.13E-01	
group_3440	2.30E-01	8.12E-01	9.75E-01	-1.67E-02	5.25E-01	-8.54E-03	-2.30E+00	7.89E-02	
group_3419	2.30E-01	9.62E-02	1.23E-01	-8.76E-01	5.79E-01	1.84E-01	-1.82E+00	-6.13E-01	
lacB	2.30E-01	8.95E-03	9.24E-03	-1.42E+00	5.74E-01	2.95E-01	-1.54E+00	8.69E-01	
group_3314	2.30E-01	2.35E-01	2.72E-01	5.29E-01	4.86E-01	-1.33E-01	-2.19E+00	5.19E-02	
group_3034	2.30E-01	3.65E-04	2.11E-04	1.99E+00	6.05E-01	-4.34E-01	-3.24E+00	-2.00E-01	
group_2533	2.30E-01	2.35E-01	2.35E-01	5.77E-01	4.91E-01	-1.47E-01	-2.46E+00	-4.19E-02	
group_2379	2.30E-01	8.95E-03	8.95E-03	1.31E+00	5.29E-01	-3.00E-01	-2.34E+00	9.40E-02	
group_2017	2.30E-01	3.65E-04	2.11E-04	1.99E+00	6.05E-01	-4.34E-01	-3.24E+00	-2.00E-01	
group_1989	2.30E-01	4.76E-01	4.54E-01	3.71E-01	4.98E-01	-9.96E-02	-2.37E+00	2.63E-01	
group_1945	2.30E-01	2.35E-01	1.58E-01	7.45E-01	5.34E-01	-1.79E-01	-2.35E+00	5.68E-01	
group_1923	2.30E-01	8.95E-03	3.39E-03	-1.56E+00	5.68E-01	3.19E-01	-3.35E+00	-7.70E-01	
group_1730	2.30E-01	9.62E-02	1.23E-01	-8.76E-01	5.79E-01	1.84E-01	-1.82E+00	-6.13E-01	
group_1588	2.30E-01	9.62E-02	1.23E-01	-8.76E-01	5.79E-01	1.84E-01	-1.82E+00	-6.13E-01	
group_1567	2.30E-01	8.95E-03	1.08E-02	1.28E+00	5.30E-01	-2.87E-01	-1.85E+00	1.61E-01	
group_1321	2.30E-01	3.65E-04	2.11E-04	1.99E+00	6.05E-01	-4.34E-01	-3.24E+00	-2.00E-01	
group_1247	2.30E-01	8.12E-01	9.75E-01	-1.67E-02	5.25E-01	-8.54E-03	-2.30E+00	7.89E-02	
group_1135	2.30E-01	3.65E-04	2.11E-04	1.99E+00	6.05E-01	-4.34E-01	-3.24E+00	-2.00E-01	
group_1081	2.30E-01	9.62E-02	1.23E-01	-8.76E-01	5.79E-01	1.84E-01	-1.82E+00	-6.13E-01	
group_1080	2.30E-01	9.62E-02	1.23E-01	-8.76E-01	5.79E-01	1.84E-01	-1.82E+00	-6.13E-01	
group_1019	2.30E-01	8.12E-01	8.45E-01	9.43E-02	4.84E-01	-3.43E-02	-2.30E+00	1.17E-01	
group_853	2.30E-01	3.65E-04	2.11E-04	1.99E+00	6.05E-01	-4.34E-01	-3.24E+00	-2.00E-01	
group_763	2.30E-01	3.65E-04	2.11E-04	1.99E+00	6.05E-01	-4.34E-01	-3.24E+00	-2.00E-01	
group_740	2.30E-01	8.95E-03	9.24E-03	-1.42E+00	5.74E-01	2.95E-01	-1.54E+00	8.69E-01	
group_686	2.30E-01	9.62E-02	1.23E-01	-8.76E-01	5.79E-01	1.84E-01	-1.82E+00	-6.13E-01	
group_574	2.30E-01	4.62E-08	1.25E-09	4.55E+00	6.88E-01	-6.25E-01	-1.15E+00	-9.67E-01	bad-chisq
group_563	2.30E-01	3.65E-04	2.11E-04	1.99E+00	6.05E-01	-4.34E-01	-3.24E+00	-2.00E-01	
group_319	2.30E-01	8.12E-01	8.20E-01	1.12E-01	4.93E-01	-3.86E-02	-2.31E+00	1.40E-01	
group_128	2.30E-01	3.65E-04	2.11E-04	1.99E+00	6.05E-01	-4.34E-01	-3.24E+00	-2.00E-01	
group_4272	2.20E-01	1.39E-05	4.04E-06	2.78E+00	7.79E-01	-4.99E-01	-2.91E+00	2.17E-01	
group_4268	2.20E-01	7.26E-04	3.85E-04	1.93E+00	6.11E-01	-4.14E-01	-3.59E+00	3.36E-01	
group_4137	2.20E-01	3.77E-03	3.66E-03	1.52E+00	5.62E-01	-3.22E-01	-2.21E+00	-1.79E-01	
group_3926	2.20E-01	1.39E-05	4.69E-06	2.76E+00	7.78E-01	-4.86E-01	-2.43E+00	1.47E-01	
lacA	2.20E-01	1.39E-05	4.69E-06	2.76E+00	7.78E-01	-4.86E-01	-2.43E+00	1.47E-01	
group_3636	2.20E-01	3.77E-03	3.70E-03	1.51E+00	5.60E-01	-3.20E-01	-2.21E+00	-7.62E-02	
group_3630	2.20E-01	1.12E-04	4.87E-05	2.30E+00	6.71E-01	-4.61E-01	-3.48E+00	-1.95E-01	
group_3622	2.20E-01	3.34E-01	2.30E-01	-6.25E-01	5.26E-01	1.23E-01	-2.57E+00	4.62E-01	
group_3564	2.20E-01	1.39E-05	4.69E-06	2.76E+00	7.78E-01	-4.86E-01	-2.43E+00	1.47E-01	
group_3476	2.20E-01	6.29E-01	8.26E-01	-1.23E-01	5.58E-01	1.46E-02	-2.21E+00	1.77E-01	
group_3415	2.20E-01	1.39E-05	4.69E-06	2.76E+00	7.78E-01	-4.86E-01	-2.43E+00	1.47E-01	
group_3411	2.20E-01	1.39E-05	4.69E-06	2.76E+00	7.78E-01	-4.86E-01	-2.43E+00	1.47E-01	
group_3294	2.20E-01	1.00E+00	9.85E-01	1.01E-02	5.33E-01	-1.47E-02	-2.31E+00	9.73E-02	
group_3253	2.20E-01	3.77E-03	6.44E-04	-2.00E+00	6.40E-01	3.85E-01	-3.96E+00	-1.43E+00	
group_3239	2.20E-01	1.00E+00	9.85E-01	1.01E-02	5.33E-01	-1.47E-02	-2.31E+00	9.73E-02	
group_2913	2.20E-01	1.39E-05	4.69E-06	2.76E+00	7.78E-01	-4.86E-01	-2.43E+00	1.47E-01	
group_2755	2.20E-01	3.34E-01	2.30E-01	-6.25E-01	5.26E-01	1.23E-01	-2.57E+00	4.62E-01	
group_2738	2.20E-01	3.34E-01	4.00E-01	4.12E-01	4.93E-01	-1.02E-01	-2.16E+00	4.71E-02	
group_2592	2.20E-01	1.39E-05	4.69E-06	2.76E+00	7.78E-01	-4.86E-01	-2.43E+00	1.47E-01	
group_2454	2.20E-01	1.39E-05	4.69E-06	2.76E+00	7.78E-01	-4.86E-01	-2.43E+00	1.47E-01	
group_2256	2.20E-01	3.77E-03	6.44E-04	-2.00E+00	6.40E-01	3.85E-01	-3.96E+00	-1.43E+00	
group_2242	2.20E-01	6.29E-01	7.11E-01	2.04E-01	5.49E-01	-5.71E-02	-2.26E+00	-7.22E-02	
group_1948	2.20E-01	3.34E-01	2.46E-01	-5.97E-01	5.19E-01	1.18E-01	-2.49E+00	4.15E-01	
group_1920	2.20E-01	1.58E-02	1.49E-02	1.24E+00	5.34E-01	-2.77E-01	-2.55E+00	-1.05E-01	
group_1904	2.20E-01	1.58E-02	6.95E-03	1.42E+00	5.62E-01	-3.11E-01	-3.28E+00	2.09E-01	
group_1882	2.20E-01	3.34E-01	3.63E-01	4.57E-01	5.06E-01	-1.12E-01	-2.17E+00	2.77E-01	
group_1871	2.20E-01	1.58E-02	1.57E-02	1.22E+00	5.32E-01	-2.71E-01	-2.37E+00	1.17E-01	
group_1824	2.20E-01	1.58E-02	7.22E-03	-1.43E+00	5.63E-01	2.81E-01	-3.17E+00	-6.25E-01	
group_1772	2.20E-01	1.48E-01	1.21E-01	8.29E-01	5.44E-01	-1.96E-01	-2.30E+00	6.47E-01	
group_1551	2.20E-01	3.77E-03	7.44E-04	-1.95E+00	6.29E-01	3.73E-01	-3.90E+00	-1.28E+00	
group_1060	2.20E-01	6.29E-01	8.26E-01	-1.23E-01	5.58E-01	1.46E-02	-2.21E+00	1.77E-01	
group_1029	2.20E-01	1.48E-01	1.86E-01	-7.80E-01	5.99E-01	1.54E-01	-1.93E+00	-5.80E-01	
group_872	2.20E-01	1.48E-01	1.86E-01	-7.80E-01	5.99E-01	1.54E-01	-1.93E+00	-5.80E-01	
group_837	2.20E-01	1.39E-05	4.69E-06	2.76E+00	7.78E-01	-4.86E-01	-2.43E+00	1.47E-01	
group_803	2.20E-01	1.00E+00	8.24E-01	1.20E-01	5.39E-01	-3.92E-02	-2.37E+00	1.72E-01	
group_685	2.20E-01	1.48E-01	1.86E-01	-7.80E-01	5.99E-01	1.54E-01	-1.93E+00	-5.80E-01	
group_512	2.20E-01	5.35E-02	2.62E-02	-1.15E+00	5.35E-01	2.20E-01	-3.53E+00	-2.89E-01	
group_55	2.20E-01	3.34E-01	3.87E-01	4.24E-01	4.94E-01	-1.04E-01	-2.16E+00	1.53E-01	
group_4337	2.10E-01	6.92E-03	6.61E-03	1.43E+00	5.62E-01	-2.94E-01	-2.36E+00	-3.94E-02	
group_4334	2.10E-01	6.92E-03	6.61E-03	1.43E+00	5.62E-01	-2.94E-01	-2.36E+00	-3.94E-02	
group_4333	2.10E-01	6.92E-03	6.61E-03	1.43E+00	5.62E-01	-2.94E-01	-2.36E+00	-3.94E-02	
group_4330	2.10E-01	6.92E-03	6.61E-03	1.43E+00	5.62E-01	-2.94E-01	-2.36E+00	-3.94E-02	
group_4329	2.10E-01	6.92E-03	6.61E-03	1.43E+00	5.62E-01	-2.94E-01	-2.36E+00	-3.94E-02	
group_4326	2.10E-01	6.92E-03	6.61E-03	1.43E+00	5.62E-01	-2.94E-01	-2.36E+00	-3.94E-02	
group_4324	2.10E-01	6.92E-03	6.61E-03	1.43E+00	5.62E-01	-2.94E-01	-2.36E+00	-3.94E-02	
group_4099	2.10E-01	2.31E-04	3.21E-05	-2.62E+00	7.34E-01	4.65E-01	-2.51E+00	-1.66E+00	
group_4076	2.10E-01	8.06E-01	7.80E-01	1.53E-01	5.49E-01	-4.51E-02	-2.32E+00	2.04E-01	
group_4012	2.10E-01	8.06E-01	7.80E-01	1.53E-01	5.49E-01	-4.51E-02	-2.32E+00	2.04E-01	
group_4004	2.10E-01	4.61E-01	2.36E-01	6.48E-01	5.54E-01	-1.49E-01	-2.99E+00	-2.15E-01	
group_3977	2.10E-01	8.57E-02	4.90E-02	-1.02E+00	5.36E-01	1.93E-01	-2.89E+00	4.80E-01	
group_3927	2.10E-01	8.57E-02	6.78E-02	-9.88E-01	5.54E-01	1.88E-01	-2.28E+00	6.53E-01	
group_3905	2.10E-01	3.00E-05	1.12E-05	2.68E+00	7.79E-01	-4.53E-01	-2.40E+00	1.73E-01	
group_3797	2.10E-01	8.06E-01	7.80E-01	1.53E-01	5.49E-01	-4.51E-02	-2.32E+00	2.04E-01	
group_3578	2.10E-01	8.06E-01	7.80E-01	1.53E-01	5.49E-01	-4.51E-02	-2.32E+00	2.04E-01	
group_3285	2.10E-01	4.61E-01	2.98E-01	5.71E-01	5.54E-01	-1.33E-01	-2.57E+00	4.68E-01	
group_3264	2.10E-01	4.61E-01	2.36E-01	6.48E-01	5.54E-01	-1.49E-01	-2.99E+00	-2.15E-01	
group_3215	2.10E-01	8.06E-01	7.80E-01	1.53E-01	5.49E-01	-4.51E-02	-2.32E+00	2.04E-01	
group_3051	2.10E-01	8.06E-01	8.06E-01	-1.27E-01	5.18E-01	1.47E-02	-2.30E+00	2.37E-02	
ermT	2.10E-01	8.06E-01	6.48E-01	-2.64E-01	5.79E-01	4.26E-02	-2.38E+00	3.22E-01	
group_2912	2.10E-01	2.20E-01	1.89E-01	7.19E-01	5.55E-01	-1.64E-01	-2.25E+00	5.94E-01	
group_2879	2.10E-01	8.06E-01	7.80E-01	1.53E-01	5.49E-01	-4.51E-02	-2.32E+00	2.04E-01	
group_2870	2.10E-01	8.06E-01	7.80E-01	1.53E-01	5.49E-01	-4.51E-02	-2.32E+00	2.04E-01	
group_2776	2.10E-01	8.57E-02	8.94E-02	8.91E-01	5.37E-01	-1.96E-01	-2.26E+00	-3.20E-01	
group_2703	2.10E-01	8.06E-01	7.80E-01	1.53E-01	5.49E-01	-4.51E-02	-2.32E+00	2.04E-01	
group_2446	2.10E-01	8.06E-01	7.80E-01	1.53E-01	5.49E-01	-4.51E-02	-2.32E+00	2.04E-01	
group_2396	2.10E-01	3.00E-05	1.12E-05	2.68E+00	7.79E-01	-4.53E-01	-2.40E+00	1.73E-01	
group_2289	2.10E-01	4.61E-01	2.36E-01	6.48E-01	5.54E-01	-1.49E-01	-2.99E+00	-2.15E-01	
group_2193	2.10E-01	2.31E-04	5.43E-05	-2.30E+00	6.72E-01	3.89E-01	-3.56E+00	3.32E-01	
group_2127	2.10E-01	8.06E-01	7.80E-01	1.53E-01	5.49E-01	-4.51E-02	-2.32E+00	2.04E-01	
group_2071	2.10E-01	8.57E-02	8.94E-02	8.91E-01	5.37E-01	-1.96E-01	-2.26E+00	-3.20E-01	
group_1986	2.10E-01	8.06E-01	7.80E-01	1.53E-01	5.49E-01	-4.51E-02	-2.32E+00	2.04E-01	
group_1985	2.10E-01	2.20E-01	2.81E-01	-6.55E-01	6.14E-01	1.21E-01	-2.03E+00	-4.88E-01	
group_1943	2.10E-01	8.06E-01	8.61E-01	8.81E-02	5.04E-01	-3.09E-02	-2.29E+00	1.20E-01	
group_1712	2.10E-01	2.20E-01	2.18E-01	-7.12E-01	5.89E-01	1.30E-01	-2.43E+00	-4.87E-01	
group_1555	2.10E-01	2.71E-02	2.12E-02	1.30E+00	5.91E-01	-2.78E-01	-2.22E+00	-8.09E-01	
group_1521	2.10E-01	2.20E-01	2.18E-01	-7.12E-01	5.89E-01	1.30E-01	-2.43E+00	-4.87E-01	
group_1362	2.10E-01	8.06E-01	7.80E-01	1.53E-01	5.49E-01	-4.51E-02	-2.32E+00	2.04E-01	
group_1297	2.10E-01	8.06E-01	9.47E-01	-3.63E-02	5.43E-01	-4.78E-03	-2.30E+00	6.62E-02	
group_1098	2.10E-01	3.00E-05	1.12E-05	2.68E+00	7.79E-01	-4.53E-01	-2.40E+00	1.73E-01	
group_1083	2.10E-01	2.20E-01	2.81E-01	-6.55E-01	6.14E-01	1.21E-01	-2.03E+00	-4.88E-01	
group_1026	2.10E-01	1.41E-03	5.87E-04	-1.90E+00	6.16E-01	3.42E-01	-2.95E+00	-4.78E-01	
group_1008	2.10E-01	3.00E-05	1.12E-05	2.68E+00	7.79E-01	-4.53E-01	-2.40E+00	1.73E-01	
arpT	2.10E-01	4.61E-01	3.45E-01	-5.62E-01	6.00E-01	1.03E-01	-2.59E+00	-4.38E-01	
group_861	2.10E-01	2.20E-01	2.37E-01	6.06E-01	5.18E-01	-1.38E-01	-2.14E+00	3.20E-01	
group_713	2.10E-01	8.57E-02	1.01E-01	8.29E-01	5.17E-01	-1.81E-01	-2.12E+00	2.28E-03	
group_517	2.10E-01	2.20E-01	1.98E-01	-7.73E-01	6.06E-01	1.48E-01	-2.18E+00	-6.11E-01	
group_391	2.10E-01	2.20E-01	1.98E-01	-7.73E-01	6.06E-01	1.48E-01	-2.18E+00	-6.11E-01	
group_209	2.10E-01	3.00E-05	1.12E-05	2.68E+00	7.79E-01	-4.53E-01	-2.40E+00	1.73E-01	
group_173	2.10E-01	8.06E-01	9.47E-01	-3.63E-02	5.43E-01	-4.78E-03	-2.30E+00	6.62E-02	
group_3	2.10E-01	4.61E-01	3.33E-01	-5.82E-01	6.07E-01	1.07E-01	-2.64E+00	-4.67E-01	
group_4450	2.00E-01	1.24E-02	3.94E-03	-1.67E+00	6.19E-01	2.90E-01	-3.59E+00	-9.40E-01	
group_4446	2.00E-01	1.24E-02	3.94E-03	-1.67E+00	6.19E-01	2.90E-01	-3.59E+00	-9.40E-01	
group_4336	2.00E-01	2.70E-03	2.28E-03	1.68E+00	6.04E-01	-3.17E-01	-2.42E+00	-1.83E-04	
group_4335	2.00E-01	2.70E-03	2.28E-03	1.68E+00	6.04E-01	-3.17E-01	-2.42E+00	-1.83E-04	
group_4332	2.00E-01	2.70E-03	2.28E-03	1.68E+00	6.04E-01	-3.17E-01	-2.42E+00	-1.83E-04	
group_4331	2.00E-01	2.70E-03	2.28E-03	1.68E+00	6.04E-01	-3.17E-01	-2.42E+00	-1.83E-04	
group_4328	2.00E-01	2.70E-03	2.28E-03	1.68E+00	6.04E-01	-3.17E-01	-2.42E+00	-1.83E-04	
group_4325	2.00E-01	2.70E-03	2.28E-03	1.68E+00	6.04E-01	-3.17E-01	-2.42E+00	-1.83E-04	
group_4290	2.00E-01	6.33E-05	2.93E-05	2.58E+00	7.80E-01	-4.14E-01	-2.06E+00	1.84E-01	
group_4284	2.00E-01	6.33E-05	2.93E-05	2.58E+00	7.80E-01	-4.14E-01	-2.06E+00	1.84E-01	
group_4269	2.00E-01	6.33E-05	2.93E-05	2.58E+00	7.80E-01	-4.14E-01	-2.06E+00	1.84E-01	
group_4263	2.00E-01	6.33E-05	2.93E-05	2.58E+00	7.80E-01	-4.14E-01	-2.06E+00	1.84E-01	
group_4261	2.00E-01	6.33E-05	2.93E-05	2.58E+00	7.80E-01	-4.14E-01	-2.06E+00	1.84E-01	
group_4244	2.00E-01	3.17E-01	3.36E-01	4.87E-01	5.10E-01	-1.10E-01	-2.31E+00	1.10E-01	
group_4166	2.00E-01	2.70E-03	2.40E-03	1.73E+00	6.23E-01	-3.21E-01	-1.81E+00	-5.65E-01	
group_4080	2.00E-01	1.34E-01	7.93E-02	-9.42E-01	5.50E-01	1.68E-01	-2.78E+00	5.41E-01	
group_4035	2.00E-01	4.55E-02	4.65E-02	1.03E+00	5.39E-01	-2.13E-01	-2.36E+00	1.32E-01	
group_4032	2.00E-01	2.70E-03	2.40E-03	1.73E+00	6.23E-01	-3.21E-01	-1.81E+00	-5.65E-01	
group_4010	2.00E-01	1.24E-02	1.10E-02	1.38E+00	5.77E-01	-2.76E-01	-2.43E+00	-3.85E-01	
group_3892	2.00E-01	1.24E-02	1.09E-02	1.35E+00	5.66E-01	-2.73E-01	-2.65E+00	2.89E-02	
group_3887	2.00E-01	3.17E-01	2.97E-01	-6.46E-01	6.24E-01	1.15E-01	-2.25E+00	-5.11E-01	
group_3847	2.00E-01	1.24E-02	1.45E-02	1.30E+00	5.65E-01	-2.52E-01	-1.93E+00	9.24E-02	
thsA	2.00E-01	1.34E-01	1.03E-01	9.33E-01	5.83E-01	-1.99E-01	-2.21E+00	7.77E-01	
group_3791	2.00E-01	4.55E-02	2.04E-02	-1.33E+00	5.97E-01	2.36E-01	-3.18E+00	-7.97E-01	
group_3562	2.00E-01	3.17E-01	2.09E-01	-7.61E-01	6.13E-01	1.35E-01	-2.72E+00	-6.02E-01	
thsB	2.00E-01	1.34E-01	1.03E-01	9.33E-01	5.83E-01	-1.99E-01	-2.21E+00	7.77E-01	
group_3487	2.00E-01	4.55E-02	2.04E-02	-1.33E+00	5.97E-01	2.36E-01	-3.18E+00	-7.97E-01	
group_3287	2.00E-01	1.24E-02	4.40E-03	-1.58E+00	5.94E-01	2.62E-01	-4.15E+00	-4.32E-01	
group_3216	2.00E-01	4.55E-02	5.23E-02	1.01E+00	5.39E-01	-2.06E-01	-2.12E+00	8.50E-03	
group_3025	2.00E-01	3.17E-01	2.09E-01	-7.61E-01	6.13E-01	1.35E-01	-2.72E+00	-6.02E-01	
group_2850	2.00E-01	6.33E-05	2.59E-05	2.60E+00	7.81E-01	-4.22E-01	-2.36E+00	2.74E-01	
group_2748	2.00E-01	1.34E-01	1.03E-01	9.33E-01	5.83E-01	-1.99E-01	-2.21E+00	7.77E-01	
group_2684	2.00E-01	3.17E-01	3.48E-01	4.76E-01	5.11E-01	-1.07E-01	-2.28E+00	3.26E-02	
group_2520	2.00E-01	1.00E+00	9.88E-01	-8.24E-03	5.55E-01	-1.08E-02	-2.31E+00	8.41E-02	
group_2431	2.00E-01	3.17E-01	2.09E-01	-7.61E-01	6.13E-01	1.35E-01	-2.72E+00	-6.02E-01	
group_2317	2.00E-01	6.33E-05	2.59E-05	2.60E+00	7.81E-01	-4.22E-01	-2.36E+00	2.74E-01	
group_2057	2.00E-01	3.17E-01	2.97E-01	-6.46E-01	6.24E-01	1.15E-01	-2.25E+00	-5.11E-01	
group_2046	2.00E-01	3.17E-01	2.97E-01	-6.46E-01	6.24E-01	1.15E-01	-2.25E+00	-5.11E-01	
group_1901	2.00E-01	1.24E-02	1.23E-02	1.38E+00	5.82E-01	-2.69E-01	-2.05E+00	-4.51E-01	
group_1722	2.00E-01	6.33E-05	2.59E-05	2.60E+00	7.81E-01	-4.22E-01	-2.36E+00	2.74E-01	
group_1610	2.00E-01	1.34E-01	1.03E-01	9.33E-01	5.83E-01	-1.99E-01	-2.21E+00	7.77E-01	
group_1451	2.00E-01	1.24E-02	8.99E-03	1.41E+00	5.74E-01	-2.88E-01	-2.93E+00	4.03E-01	
group_1424	2.00E-01	3.17E-01	2.11E-01	-7.57E-01	6.13E-01	1.35E-01	-2.69E+00	-6.00E-01	
group_1280	2.00E-01	3.17E-01	2.27E-01	-7.13E-01	5.97E-01	1.27E-01	-2.61E+00	-5.17E-01	
group_1279	2.00E-01	3.17E-01	3.48E-01	4.76E-01	5.11E-01	-1.07E-01	-2.28E+00	3.26E-02	
group_1249	2.00E-01	3.17E-01	2.97E-01	-6.46E-01	6.24E-01	1.15E-01	-2.25E+00	-5.11E-01	
group_1139	2.00E-01	2.70E-03	2.28E-03	1.68E+00	6.04E-01	-3.17E-01	-2.42E+00	-1.83E-04	
group_1131	2.00E-01	4.55E-02	2.04E-02	-1.33E+00	5.97E-01	2.36E-01	-3.18E+00	-7.97E-01	
group_846	2.00E-01	3.17E-01	2.22E-01	-7.15E-01	5.93E-01	1.27E-01	-2.65E+00	-5.06E-01	
yopX	2.00E-01	4.55E-02	3.02E-02	-1.13E+00	5.42E-01	2.02E-01	-2.82E+00	-1.64E-02	
group_808	2.00E-01	1.24E-02	8.99E-03	1.41E+00	5.74E-01	-2.88E-01	-2.93E+00	4.03E-01	
group_744	2.00E-01	3.17E-01	2.97E-01	-6.46E-01	6.24E-01	1.15E-01	-2.25E+00	-5.11E-01	
group_683	2.00E-01	3.17E-01	2.22E-01	-7.15E-01	5.93E-01	1.27E-01	-2.65E+00	-5.06E-01	
group_547	2.00E-01	2.70E-03	2.18E-03	1.68E+00	6.04E-01	-3.20E-01	-2.54E+00	6.04E-02	
group_428	2.00E-01	1.24E-02	1.09E-02	1.35E+00	5.66E-01	-2.73E-01	-2.65E+00	2.89E-02	
group_355	2.00E-01	3.17E-01	2.09E-01	-7.61E-01	6.13E-01	1.35E-01	-2.72E+00	-6.02E-01	
group_233	2.00E-01	1.00E+00	9.94E-01	3.98E-03	5.53E-01	-1.32E-02	-2.31E+00	9.28E-02	
group_110	2.00E-01	1.00E+00	9.88E-01	-8.24E-03	5.55E-01	-1.08E-02	-2.31E+00	8.41E-02	
group_33	2.00E-01	3.17E-01	2.97E-01	-6.46E-01	6.24E-01	1.15E-01	-2.25E+00	-5.11E-01	
group_4445	1.90E-01	5.05E-03	1.08E-03	-2.00E+00	6.73E-01	3.24E-01	-3.81E+00	-1.22E+00	
group_4396	1.90E-01	2.02E-01	1.18E-01	-8.74E-01	5.70E-01	1.47E-01	-2.77E+00	6.02E-01	
group_4308	1.90E-01	2.18E-02	1.86E-02	1.33E+00	5.95E-01	-2.54E-01	-2.38E+00	-5.29E-01	
group_4285	1.90E-01	2.02E-01	1.64E-01	7.40E-01	5.42E-01	-1.48E-01	-2.44E+00	-1.29E-02	
group_4250	1.90E-01	2.02E-01	1.36E-01	8.02E-01	5.51E-01	-1.63E-01	-2.73E+00	-8.11E-02	
group_4245	1.90E-01	2.02E-01	1.60E-01	7.45E-01	5.41E-01	-1.49E-01	-2.48E+00	2.38E-02	
group_3815	1.90E-01	4.44E-01	3.34E-01	-5.90E-01	6.15E-01	9.70E-02	-2.59E+00	-4.27E-01	
group_3769	1.90E-01	2.18E-02	1.24E-02	-1.42E+00	6.02E-01	2.39E-01	-2.74E+00	-6.04E-01	
group_3743	1.90E-01	2.18E-02	6.22E-03	-1.69E+00	6.56E-01	2.81E-01	-3.51E+00	-1.21E+00	
group_3727	1.90E-01	4.44E-01	3.34E-01	-5.90E-01	6.15E-01	9.70E-02	-2.59E+00	-4.27E-01	
group_3497	1.90E-01	7.44E-02	5.23E-02	-1.04E+00	5.52E-01	1.75E-01	-2.73E+00	-1.68E-01	
group_3281	1.90E-01	7.44E-02	3.98E-02	-1.21E+00	6.10E-01	2.06E-01	-2.86E+00	-7.68E-01	
group_2904	1.90E-01	4.44E-01	4.55E-01	3.87E-01	5.21E-01	-8.65E-02	-2.31E+00	1.75E-01	
group_2893	1.90E-01	4.44E-01	3.34E-01	-5.90E-01	6.15E-01	9.70E-02	-2.59E+00	-4.27E-01	
group_2824	1.90E-01	5.05E-03	4.15E-03	1.59E+00	6.08E-01	-2.93E-01	-2.59E+00	1.26E-02	
group_2819	1.90E-01	2.18E-02	8.78E-03	-1.46E+00	5.95E-01	2.31E-01	-3.95E+00	-3.44E-01	
group_2685	1.90E-01	2.02E-01	1.72E-01	7.86E-01	5.83E-01	-1.61E-01	-2.20E+00	6.38E-01	
group_2132	1.90E-01	4.44E-01	3.34E-01	-5.90E-01	6.15E-01	9.70E-02	-2.59E+00	-4.27E-01	
group_1867	1.90E-01	7.44E-02	9.09E-02	8.96E-01	5.46E-01	-1.75E-01	-2.03E+00	-3.15E-02	
group_1838	1.90E-01	4.44E-01	3.34E-01	-5.90E-01	6.15E-01	9.70E-02	-2.59E+00	-4.27E-01	
rmuC	1.90E-01	5.05E-03	3.53E-03	1.73E+00	6.43E-01	-3.14E-01	-2.12E+00	-8.08E-01	
group_1097	1.90E-01	4.44E-01	3.34E-01	-5.90E-01	6.15E-01	9.70E-02	-2.59E+00	-4.27E-01	
group_883	1.90E-01	1.32E-04	4.21E-05	2.58E+00	7.94E-01	-4.32E-01	-4.02E+00	-9.56E-03	
group_788	1.90E-01	2.18E-02	1.45E-02	-1.47E+00	6.31E-01	2.53E-01	-2.09E+00	-8.99E-01	
group_727	1.90E-01	4.44E-01	3.34E-01	-5.90E-01	6.15E-01	9.70E-02	-2.59E+00	-4.27E-01	
group_712	1.90E-01	5.05E-03	1.30E-03	2.03E+00	6.93E-01	-4.07E-01	-4.07E+00	-1.40E+00	
group_699	1.90E-01	4.44E-01	3.34E-01	-5.90E-01	6.15E-01	9.70E-02	-2.59E+00	-4.27E-01	
group_644	1.90E-01	7.44E-02	8.54E-02	9.09E-01	5.44E-01	-1.79E-01	-2.15E+00	-2.36E-02	
group_98	1.90E-01	9.20E-04	6.79E-05	-2.69E+00	7.69E-01	4.53E-01	-2.22E+00	2.18E+00	
group_65	1.90E-01	5.05E-03	4.29E-03	1.59E+00	6.08E-01	-2.91E-01	-2.50E+00	-2.43E-02	
group_4456	1.80E-01	3.73E-02	2.95E-02	1.25E+00	5.99E-01	-2.29E-01	-2.26E+00	6.65E-01	
group_4401	1.80E-01	3.73E-02	1.71E-02	-1.38E+00	6.07E-01	2.19E-01	-2.91E+00	7.66E-01	
group_4135	1.80E-01	3.73E-02	4.39E-02	1.10E+00	5.73E-01	-1.98E-01	-2.01E+00	6.69E-02	
group_3883	1.80E-01	2.68E-04	1.16E-04	2.53E+00	8.04E-01	-3.77E-01	-1.89E+00	-8.17E-01	
group_3822	1.80E-01	2.98E-01	2.89E-01	5.73E-01	5.47E-01	-1.18E-01	-2.48E+00	-1.03E-01	
group_3266	1.80E-01	9.24E-03	4.55E-03	-1.67E+00	6.43E-01	2.60E-01	-2.81E+00	-6.63E-01	
group_2786	1.80E-01	2.98E-01	2.26E-01	-7.16E-01	5.99E-01	1.14E-01	-2.55E+00	-4.24E-01	
group_2362	1.80E-01	1.79E-03	1.30E-04	-2.52E+00	7.54E-01	3.78E-01	-4.26E+00	1.80E+00	
group_2280	1.80E-01	2.98E-01	2.89E-01	5.73E-01	5.47E-01	-1.18E-01	-2.48E+00	-1.03E-01	
group_2045	1.80E-01	2.98E-01	2.89E-01	5.73E-01	5.47E-01	-1.18E-01	-2.48E+00	-1.03E-01	
group_1903	1.80E-01	6.03E-01	6.57E-01	2.33E-01	5.26E-01	-5.42E-02	-2.26E+00	1.17E-01	
group_1799	1.80E-01	9.24E-03	5.18E-03	1.68E+00	6.50E-01	-3.05E-01	-2.91E+00	-8.14E-01	
group_1065	1.80E-01	2.68E-04	9.26E-05	2.50E+00	7.95E-01	-3.97E-01	-3.60E+00	-4.16E-01	
group_878	1.80E-01	2.68E-04	1.20E-05	-3.06E+00	8.58E-01	4.31E-01	-4.55E+00	-1.89E+00	
group_716	1.80E-01	3.73E-02	1.53E-02	1.39E+00	6.17E-01	-2.55E-01	-3.45E+00	1.84E-01	
group_4472	1.70E-01	6.24E-02	2.51E-02	-1.43E+00	6.67E-01	2.14E-01	-3.20E+00	-1.00E+00	
group_4436	1.70E-01	6.02E-06	9.55E-08	-4.70E+00	6.76E-01	4.98E-01	-4.02E+00	-2.39E+00	bad-chisq
group_4435	1.70E-01	6.02E-06	9.55E-08	-4.70E+00	6.76E-01	4.98E-01	-4.02E+00	-2.39E+00	bad-chisq
group_4434	1.70E-01	6.02E-06	9.55E-08	-4.70E+00	6.76E-01	4.98E-01	-4.02E+00	-2.39E+00	bad-chisq
group_4433	1.70E-01	6.02E-06	9.55E-08	-4.70E+00	6.76E-01	4.98E-01	-4.02E+00	-2.39E+00	bad-chisq
phnE	1.70E-01	6.02E-06	9.55E-08	-4.70E+00	6.76E-01	4.98E-01	-4.02E+00	-2.39E+00	bad-chisq
group_4432	1.70E-01	6.02E-06	9.55E-08	-4.70E+00	6.76E-01	4.98E-01	-4.02E+00	-2.39E+00	bad-chisq
group_4431	1.70E-01	6.02E-06	9.55E-08	-4.70E+00	6.76E-01	4.98E-01	-4.02E+00	-2.39E+00	bad-chisq
group_4430	1.70E-01	6.02E-06	9.55E-08	-4.70E+00	6.76E-01	4.98E-01	-4.02E+00	-2.39E+00	bad-chisq
group_4429	1.70E-01	6.02E-06	9.55E-08	-4.70E+00	6.76E-01	4.98E-01	-4.02E+00	-2.39E+00	bad-chisq
group_4428	1.70E-01	6.02E-06	9.55E-08	-4.70E+00	6.76E-01	4.98E-01	-4.02E+00	-2.39E+00	bad-chisq
group_4070	1.70E-01	6.24E-02	7.21E-02	1.00E+00	5.78E-01	-1.73E-01	-2.10E+00	2.48E-02	
group_3947	1.70E-01	1.83E-01	1.57E-01	8.56E-01	6.17E-01	-1.61E-01	-2.53E+00	-4.89E-01	
group_3758	1.70E-01	5.39E-04	2.99E-04	2.32E+00	7.86E-01	-3.32E-01	-2.42E+00	-7.18E-02	
group_3568	1.70E-01	6.52E-05	1.36E-05	2.82E+00	1.14E+00	-3.65E-01	-1.43E+00	6.92E-01	bad-chisq
group_3535	1.70E-01	6.02E-06	7.38E-08	-4.54E+00	6.79E-01	4.94E-01	-3.63E+00	-1.87E+00	bad-chisq
group_3465	1.70E-01	4.24E-01	4.01E-01	5.31E-01	6.37E-01	-1.05E-01	-2.41E+00	-3.46E-01	
group_3338	1.70E-01	7.90E-01	7.96E-01	-1.51E-01	5.83E-01	1.36E-02	-2.30E+00	-3.69E-03	
group_3222	1.70E-01	4.24E-01	2.51E-01	7.06E-01	6.23E-01	-1.35E-01	-2.89E+00	-3.59E-01	
group_2970	1.70E-01	1.83E-01	1.57E-01	8.56E-01	6.17E-01	-1.61E-01	-2.53E+00	-4.89E-01	
group_2813	1.70E-01	6.02E-06	7.38E-08	-4.54E+00	6.79E-01	4.94E-01	-3.63E+00	-1.87E+00	bad-chisq
group_2689	1.70E-01	4.24E-01	4.01E-01	5.31E-01	6.37E-01	-1.05E-01	-2.41E+00	-3.46E-01	
group_2654	1.70E-01	6.02E-06	7.38E-08	-4.54E+00	6.79E-01	4.94E-01	-3.63E+00	-1.87E+00	bad-chisq
group_2429	1.70E-01	4.24E-01	4.01E-01	5.31E-01	6.37E-01	-1.05E-01	-2.41E+00	-3.46E-01	
group_2392	1.70E-01	6.02E-06	7.38E-08	-4.54E+00	6.79E-01	4.94E-01	-3.63E+00	-1.87E+00	bad-chisq
group_2358	1.70E-01	6.02E-06	7.38E-08	-4.54E+00	6.79E-01	4.94E-01	-3.63E+00	-1.87E+00	bad-chisq
group_2336	1.70E-01	6.02E-06	7.38E-08	-4.54E+00	6.79E-01	4.94E-01	-3.63E+00	-1.87E+00	bad-chisq
group_2304	1.70E-01	6.02E-06	7.38E-08	-4.54E+00	6.79E-01	4.94E-01	-3.63E+00	-1.87E+00	bad-chisq
group_2013	1.70E-01	6.02E-06	7.38E-08	-4.54E+00	6.79E-01	4.94E-01	-3.63E+00	-1.87E+00	bad-chisq
group_1966	1.70E-01	1.66E-02	1.47E-02	1.40E+00	6.15E-01	-2.36E-01	-2.53E+00	2.44E-02	
group_1615	1.70E-01	4.24E-01	4.01E-01	5.31E-01	6.37E-01	-1.05E-01	-2.41E+00	-3.46E-01	
yesO	1.70E-01	1.83E-01	2.13E-01	6.79E-01	5.55E-01	-1.24E-01	-2.15E+00	7.85E-02	
group_1243	1.70E-01	6.24E-02	4.44E-02	1.15E+00	6.03E-01	-1.93E-01	-2.49E+00	-3.17E-02	
group_1128	1.70E-01	7.90E-01	7.68E-01	-1.58E-01	5.37E-01	1.48E-02	-2.31E+00	6.67E-02	
group_1095	1.70E-01	5.39E-04	3.10E-05	-3.05E+00	8.79E-01	4.39E-01	-1.89E+00	2.20E+00	
yidK	1.70E-01	6.02E-06	7.38E-08	-4.54E+00	6.79E-01	4.94E-01	-3.63E+00	-1.87E+00	bad-chisq
xkdX	1.70E-01	6.24E-02	6.88E-02	-1.10E+00	6.26E-01	1.70E-01	-1.80E+00	-5.00E-01	
group_749	1.70E-01	1.83E-01	1.57E-01	8.56E-01	6.17E-01	-1.61E-01	-2.53E+00	-4.89E-01	
group_696	1.70E-01	4.24E-01	2.63E-01	6.65E-01	6.07E-01	-1.32E-01	-3.04E+00	-2.27E-01	
group_680	1.70E-01	6.02E-06	7.38E-08	-4.54E+00	6.79E-01	4.94E-01	-3.63E+00	-1.87E+00	bad-chisq
group_507	1.70E-01	6.02E-06	7.43E-07	3.93E+00	6.80E-01	-3.91E-01	-9.15E-01	-1.62E-02	bad-chisq
group_502	1.70E-01	6.02E-06	7.38E-08	-4.54E+00	6.79E-01	4.94E-01	-3.63E+00	-1.87E+00	bad-chisq
group_487	1.70E-01	6.24E-02	7.11E-02	1.02E+00	5.89E-01	-1.77E-01	-2.07E+00	-2.21E-01	
group_290	1.70E-01	6.24E-02	6.88E-02	-1.10E+00	6.26E-01	1.70E-01	-1.80E+00	-5.00E-01	
group_63	1.70E-01	4.24E-01	2.51E-01	7.06E-01	6.23E-01	-1.35E-01	-2.89E+00	-3.59E-01	
group_49	1.70E-01	6.24E-02	7.21E-02	1.00E+00	5.78E-01	-1.73E-01	-2.10E+00	2.48E-02	
group_4406	1.60E-01	5.85E-01	6.45E-01	2.56E-01	5.56E-01	-5.28E-02	-2.24E+00	1.42E-01	
group_4182	1.60E-01	2.91E-02	3.02E-02	1.26E+00	6.19E-01	-1.99E-01	-2.19E+00	1.12E-01	
group_4063	1.60E-01	2.91E-02	2.53E-02	1.34E+00	6.36E-01	-2.16E-01	-2.46E+00	-3.78E-01	
group_3982	1.60E-01	2.91E-02	2.53E-02	1.34E+00	6.36E-01	-2.16E-01	-2.46E+00	-3.78E-01	
group_3978	1.60E-01	6.38E-03	6.25E-03	1.68E+00	6.82E-01	-2.45E-01	-1.96E+00	-1.85E-01	
group_3911	1.60E-01	1.02E-01	8.23E-02	-1.03E+00	6.14E-01	1.48E-01	-2.37E+00	-3.96E-01	
group_3876	1.60E-01	2.91E-02	2.53E-02	1.34E+00	6.36E-01	-2.16E-01	-2.46E+00	-3.78E-01	
group_3871	1.60E-01	2.75E-01	2.75E-01	6.06E-01	5.63E-01	-1.10E-01	-2.42E+00	5.64E-02	
yfbU	1.60E-01	5.85E-01	5.51E-01	-3.28E-01	5.52E-01	4.02E-02	-2.34E+00	5.17E-02	
group_3770	1.60E-01	5.85E-01	4.81E-01	-4.04E-01	5.76E-01	5.14E-02	-2.42E+00	2.66E-01	
group_3695	1.60E-01	2.91E-02	2.53E-02	1.34E+00	6.36E-01	-2.16E-01	-2.46E+00	-3.78E-01	
group_3458	1.60E-01	2.91E-02	2.53E-02	1.34E+00	6.36E-01	-2.16E-01	-2.46E+00	-3.78E-01	
group_3344	1.60E-01	1.27E-05	9.43E-08	-4.69E+00	6.76E-01	4.97E-01	-3.95E+00	-2.36E+00	bad-chisq
group_3342	1.60E-01	2.91E-02	2.53E-02	1.34E+00	6.36E-01	-2.16E-01	-2.46E+00	-3.78E-01	
group_3341	1.60E-01	6.38E-03	1.95E-03	-2.07E+00	7.41E-01	2.80E-01	-2.57E+00	1.32E+00	
group_3308	1.60E-01	2.91E-02	9.50E-03	-1.72E+00	7.04E-01	2.38E-01	-3.28E+00	-1.14E+00	
group_3240	1.60E-01	1.27E-05	9.43E-08	-4.69E+00	6.76E-01	4.97E-01	-3.95E+00	-2.36E+00	bad-chisq
group_3198	1.60E-01	1.27E-05	9.43E-08	-4.69E+00	6.76E-01	4.97E-01	-3.95E+00	-2.36E+00	bad-chisq
group_3183	1.60E-01	2.91E-02	2.53E-02	1.34E+00	6.36E-01	-2.16E-01	-2.46E+00	-3.78E-01	
group_3167	1.60E-01	5.85E-01	6.45E-01	2.54E-01	5.53E-01	-5.29E-02	-2.27E+00	5.26E-02	
group_3105	1.60E-01	2.91E-02	3.02E-02	1.26E+00	6.19E-01	-1.99E-01	-2.19E+00	1.12E-01	
ermA	1.60E-01	2.91E-02	3.02E-02	1.26E+00	6.19E-01	-1.99E-01	-2.19E+00	1.12E-01	
group_2984	1.60E-01	2.91E-02	2.53E-02	1.34E+00	6.36E-01	-2.16E-01	-2.46E+00	-3.78E-01	
group_2934	1.60E-01	2.91E-02	2.53E-02	1.34E+00	6.36E-01	-2.16E-01	-2.46E+00	-3.78E-01	
group_2910	1.60E-01	2.91E-02	2.53E-02	1.34E+00	6.36E-01	-2.16E-01	-2.46E+00	-3.78E-01	
ant9Ia	1.60E-01	2.91E-02	3.02E-02	1.26E+00	6.19E-01	-1.99E-01	-2.19E+00	1.12E-01	
group_2758	1.60E-01	2.75E-01	3.11E-01	5.63E-01	5.62E-01	-1.01E-01	-2.21E+00	5.50E-02	
group_2709	1.60E-01	2.91E-02	2.53E-02	1.34E+00	6.36E-01	-2.16E-01	-2.46E+00	-3.78E-01	
group_2691	1.60E-01	2.91E-02	2.53E-02	1.34E+00	6.36E-01	-2.16E-01	-2.46E+00	-3.78E-01	
group_2670	1.60E-01	2.75E-01	3.11E-01	5.63E-01	5.62E-01	-1.01E-01	-2.21E+00	5.50E-02	
group_2632	1.60E-01	2.91E-02	2.53E-02	1.34E+00	6.36E-01	-2.16E-01	-2.46E+00	-3.78E-01	
group_2619	1.60E-01	2.91E-02	1.40E-02	-1.49E+00	6.49E-01	2.06E-01	-2.84E+00	7.11E-01	
group_2557	1.60E-01	2.91E-02	2.53E-02	1.34E+00	6.36E-01	-2.16E-01	-2.46E+00	-3.78E-01	
group_2536	1.60E-01	1.00E+00	9.78E-01	1.67E-02	5.95E-01	-1.52E-02	-2.31E+00	1.00E-01	
group_2506	1.60E-01	2.75E-01	3.11E-01	5.63E-01	5.62E-01	-1.01E-01	-2.21E+00	5.50E-02	
group_2424	1.60E-01	2.91E-02	2.53E-02	1.34E+00	6.36E-01	-2.16E-01	-2.46E+00	-3.78E-01	
group_2367	1.60E-01	2.91E-02	2.53E-02	1.34E+00	6.36E-01	-2.16E-01	-2.46E+00	-3.78E-01	
group_2283	1.60E-01	2.91E-02	2.53E-02	1.34E+00	6.36E-01	-2.16E-01	-2.46E+00	-3.78E-01	
group_2213	1.60E-01	2.91E-02	3.02E-02	1.26E+00	6.19E-01	-1.99E-01	-2.19E+00	1.12E-01	
group_2168	1.60E-01	2.91E-02	2.53E-02	1.34E+00	6.36E-01	-2.16E-01	-2.46E+00	-3.78E-01	
group_2165	1.60E-01	2.91E-02	2.53E-02	1.34E+00	6.36E-01	-2.16E-01	-2.46E+00	-3.78E-01	
group_2159	1.60E-01	2.91E-02	2.53E-02	1.34E+00	6.36E-01	-2.16E-01	-2.46E+00	-3.78E-01	
group_2128	1.60E-01	2.91E-02	2.53E-02	1.34E+00	6.36E-01	-2.16E-01	-2.46E+00	-3.78E-01	
group_2113	1.60E-01	2.91E-02	2.53E-02	1.34E+00	6.36E-01	-2.16E-01	-2.46E+00	-3.78E-01	
group_2106	1.60E-01	2.91E-02	2.53E-02	1.34E+00	6.36E-01	-2.16E-01	-2.46E+00	-3.78E-01	
group_1978	1.60E-01	2.75E-01	2.09E-01	-7.06E-01	5.71E-01	9.56E-02	-2.69E+00	-4.69E-02	
group_1960	1.60E-01	2.91E-02	1.22E-02	1.54E+00	6.74E-01	-2.43E-01	-3.37E+00	-9.90E-04	
group_1937	1.60E-01	2.91E-02	1.03E-02	1.59E+00	6.82E-01	-2.51E-01	-3.57E+00	1.91E-01	
group_1752	1.60E-01	2.91E-02	2.53E-02	1.34E+00	6.36E-01	-2.16E-01	-2.46E+00	-3.78E-01	
group_1540	1.60E-01	2.91E-02	2.11E-02	1.41E+00	6.52E-01	-2.33E-01	-2.69E+00	-5.84E-01	
group_1486	1.60E-01	2.91E-02	2.53E-02	1.34E+00	6.36E-01	-2.16E-01	-2.46E+00	-3.78E-01	
group_1144	1.60E-01	2.75E-01	2.75E-01	6.06E-01	5.63E-01	-1.10E-01	-2.42E+00	5.64E-02	
group_1089	1.60E-01	1.27E-05	1.52E-07	-4.54E+00	6.77E-01	4.73E-01	-3.74E+00	-2.01E+00	bad-chisq
group_820	1.60E-01	1.27E-05	1.86E-06	3.84E+00	6.78E-01	-3.62E-01	-9.37E-01	4.98E-02	bad-chisq
group_802	1.60E-01	2.91E-02	2.53E-02	1.34E+00	6.36E-01	-2.16E-01	-2.46E+00	-3.78E-01	
group_769	1.60E-01	2.91E-02	2.53E-02	1.34E+00	6.36E-01	-2.16E-01	-2.46E+00	-3.78E-01	
group_718	1.60E-01	1.00E+00	6.76E-01	2.52E-01	6.05E-01	-5.28E-02	-2.54E+00	-6.10E-03	
group_525	1.60E-01	2.91E-02	3.02E-02	1.26E+00	6.19E-01	-1.99E-01	-2.19E+00	1.12E-01	
group_508	1.60E-01	1.27E-05	1.86E-06	3.84E+00	6.78E-01	-3.62E-01	-9.37E-01	4.98E-02	bad-chisq
brxL	1.60E-01	1.27E-05	9.43E-08	-4.69E+00	6.76E-01	4.97E-01	-3.95E+00	-2.36E+00	bad-chisq
group_357	1.60E-01	2.91E-02	2.53E-02	1.34E+00	6.36E-01	-2.16E-01	-2.46E+00	-3.78E-01	
group_213	1.60E-01	2.91E-02	2.53E-02	1.34E+00	6.36E-01	-2.16E-01	-2.46E+00	-3.78E-01	
group_154	1.60E-01	1.27E-05	9.43E-08	-4.69E+00	6.76E-01	4.97E-01	-3.95E+00	-2.36E+00	bad-chisq
group_153	1.60E-01	2.75E-01	2.75E-01	6.06E-01	5.63E-01	-1.10E-01	-2.42E+00	5.64E-02	
group_22	1.60E-01	1.27E-05	9.43E-08	-4.69E+00	6.76E-01	4.97E-01	-3.95E+00	-2.36E+00	bad-chisq
group_21	1.60E-01	1.06E-03	1.11E-04	2.87E+00	1.01E+00	-3.62E-01	-4.13E+00	-4.01E-01	
group_4453	1.50E-01	1.61E-01	1.81E-01	7.73E-01	5.91E-01	-1.25E-01	-2.20E+00	1.68E-02	
group_4452	1.50E-01	1.61E-01	1.81E-01	7.73E-01	5.91E-01	-1.25E-01	-2.20E+00	1.68E-02	
group_4451	1.50E-01	1.61E-01	1.81E-01	7.73E-01	5.91E-01	-1.25E-01	-2.20E+00	1.68E-02	
group_4289	1.50E-01	1.61E-01	1.82E-01	7.70E-01	5.91E-01	-1.24E-01	-2.16E+00	1.23E-01	
group_4003	1.50E-01	4.99E-02	2.80E-02	-1.34E+00	6.45E-01	1.73E-01	-2.80E+00	5.39E-01	
group_3920	1.50E-01	7.79E-01	7.20E-01	-2.16E-01	6.05E-01	1.97E-02	-2.37E+00	-2.72E-02	
group_3863	1.50E-01	7.79E-01	7.20E-01	-2.16E-01	6.05E-01	1.97E-02	-2.37E+00	-2.72E-02	
group_3783	1.50E-01	7.79E-01	7.20E-01	-2.16E-01	6.05E-01	1.97E-02	-2.37E+00	-2.72E-02	
group_3755	1.50E-01	2.66E-05	3.49E-06	3.87E+00	6.76E-01	-3.58E-01	-9.73E-01	-7.22E-01	bad-chisq
group_3588	1.50E-01	2.07E-03	3.04E-04	-2.65E+00	8.61E-01	3.26E-01	-2.45E+00	1.69E+00	
group_3501	1.50E-01	2.07E-03	7.78E-04	2.27E+00	8.13E-01	-3.22E-01	-3.85E+00	5.39E-01	
group_3486	1.50E-01	7.79E-01	7.20E-01	-2.16E-01	6.05E-01	1.97E-02	-2.37E+00	-2.72E-02	
group_3448	1.50E-01	2.07E-03	3.04E-04	-2.65E+00	8.61E-01	3.26E-01	-2.45E+00	1.69E+00	
group_3390	1.50E-01	7.79E-01	7.20E-01	-2.16E-01	6.05E-01	1.97E-02	-2.37E+00	-2.72E-02	
group_3362	1.50E-01	1.61E-01	1.35E-01	9.29E-01	6.38E-01	-1.55E-01	-2.65E+00	-4.17E-01	
group_3225	1.50E-01	1.17E-02	1.20E-02	-1.57E+00	6.86E-01	1.93E-01	-2.22E+00	1.25E-01	
group_2959	1.50E-01	1.17E-02	9.48E-03	1.61E+00	6.84E-01	-2.33E-01	-2.59E+00	-6.00E-02	
group_1939	1.50E-01	4.99E-02	5.27E-02	1.20E+00	6.50E-01	-1.80E-01	-2.03E+00	-3.96E-01	
group_1898	1.50E-01	1.61E-01	1.83E-01	8.10E-01	6.22E-01	-1.29E-01	-2.09E+00	-2.80E-01	
group_1605	1.50E-01	7.79E-01	7.20E-01	-2.16E-01	6.05E-01	1.97E-02	-2.37E+00	-2.72E-02	
group_1516	1.50E-01	7.79E-01	6.64E-01	2.66E-01	6.14E-01	-5.25E-02	-2.42E+00	-4.33E-02	
group_1380	1.50E-01	2.07E-03	3.04E-04	-2.65E+00	8.61E-01	3.26E-01	-2.45E+00	1.69E+00	
group_1355	1.50E-01	1.17E-02	9.48E-03	1.61E+00	6.84E-01	-2.33E-01	-2.59E+00	-6.00E-02	
group_1341	1.50E-01	7.79E-01	7.20E-01	-2.16E-01	6.05E-01	1.97E-02	-2.37E+00	-2.72E-02	
group_1141	1.50E-01	7.79E-01	7.20E-01	-2.16E-01	6.05E-01	1.97E-02	-2.37E+00	-2.72E-02	
group_1140	1.50E-01	7.79E-01	7.20E-01	-2.16E-01	6.05E-01	1.97E-02	-2.37E+00	-2.72E-02	
group_1061	1.50E-01	7.79E-01	7.20E-01	-2.16E-01	6.05E-01	1.97E-02	-2.37E+00	-2.72E-02	
group_790	1.50E-01	7.79E-01	7.20E-01	-2.16E-01	6.05E-01	1.97E-02	-2.37E+00	-2.72E-02	
group_767	1.50E-01	1.17E-02	9.48E-03	1.61E+00	6.84E-01	-2.33E-01	-2.59E+00	-6.00E-02	
group_756	1.50E-01	4.99E-02	4.58E-02	1.28E+00	6.70E-01	-1.94E-01	-2.08E+00	-6.00E-01	
group_729	1.50E-01	7.79E-01	7.20E-01	-2.16E-01	6.05E-01	1.97E-02	-2.37E+00	-2.72E-02	
group_346	1.50E-01	1.61E-01	1.84E-01	7.72E-01	5.95E-01	-1.24E-01	-2.17E+00	-5.42E-02	
clpP	1.50E-01	7.79E-01	7.20E-01	-2.16E-01	6.05E-01	1.97E-02	-2.37E+00	-2.72E-02	
group_160	1.50E-01	2.07E-03	7.78E-04	2.27E+00	8.13E-01	-3.22E-01	-3.85E+00	5.39E-01	
group_116	1.50E-01	1.61E-01	1.57E-01	8.22E-01	5.96E-01	-1.36E-01	-2.48E+00	-6.75E-02	
group_36	1.50E-01	1.17E-02	6.22E-03	1.73E+00	7.09E-01	-2.72E-01	-3.85E+00	3.63E-01	
group_4402	1.40E-01	2.49E-01	1.64E-01	-8.75E-01	6.42E-01	1.05E-01	-2.61E+00	5.30E-01	
group_4397	1.40E-01	2.49E-01	1.64E-01	-8.75E-01	6.42E-01	1.05E-01	-2.61E+00	5.30E-01	
group_4368	1.40E-01	2.11E-02	2.10E-02	1.45E+00	6.88E-01	-1.95E-01	-2.18E+00	1.06E-02	
group_4366	1.40E-01	2.11E-02	2.09E-02	1.46E+00	6.88E-01	-1.95E-01	-2.19E+00	-6.68E-03	
group_4123	1.40E-01	5.64E-01	6.94E-01	-2.34E-01	5.95E-01	2.04E-02	-2.21E+00	1.07E-01	
group_3981	1.40E-01	5.44E-04	2.99E-05	-3.11E+00	1.12E+00	3.61E-01	-2.73E+00	1.83E+00	bad-chisq
group_3980	1.40E-01	5.44E-04	2.99E-05	-3.11E+00	1.12E+00	3.61E-01	-2.73E+00	1.83E+00	bad-chisq
group_3966	1.40E-01	5.44E-04	2.99E-05	-3.11E+00	1.12E+00	3.61E-01	-2.73E+00	1.83E+00	bad-chisq
insK	1.40E-01	5.44E-04	2.99E-05	-3.11E+00	1.12E+00	3.61E-01	-2.73E+00	1.83E+00	bad-chisq
group_3880	1.40E-01	5.44E-04	2.99E-05	-3.11E+00	1.12E+00	3.61E-01	-2.73E+00	1.83E+00	bad-chisq
group_3874	1.40E-01	5.44E-04	2.99E-05	-3.11E+00	1.12E+00	3.61E-01	-2.73E+00	1.83E+00	bad-chisq
group_3828	1.40E-01	5.44E-04	2.99E-05	-3.11E+00	1.12E+00	3.61E-01	-2.73E+00	1.83E+00	bad-chisq
group_3689	1.40E-01	5.44E-04	2.99E-05	-3.11E+00	1.12E+00	3.61E-01	-2.73E+00	1.83E+00	bad-chisq
group_3671	1.40E-01	5.64E-01	2.16E-01	8.54E-01	7.06E-01	-1.35E-01	-3.44E+00	-2.90E-01	
group_3610	1.40E-01	5.44E-04	2.99E-05	-3.11E+00	1.12E+00	3.61E-01	-2.73E+00	1.83E+00	bad-chisq
group_3605	1.40E-01	5.44E-04	2.99E-05	-3.11E+00	1.12E+00	3.61E-01	-2.73E+00	1.83E+00	bad-chisq
group_3288	1.40E-01	3.95E-03	3.64E-04	-2.64E+00	8.68E-01	2.91E-01	-4.17E+00	1.63E+00	
group_3214	1.40E-01	5.44E-04	2.99E-05	-3.11E+00	1.12E+00	3.61E-01	-2.73E+00	1.83E+00	bad-chisq
group_3039	1.40E-01	5.47E-05	8.40E-07	-4.36E+00	6.72E-01	4.13E-01	-3.17E+00	2.00E+00	bad-chisq
group_3031	1.40E-01	5.44E-04	2.99E-05	-3.11E+00	1.12E+00	3.61E-01	-2.73E+00	1.83E+00	bad-chisq
group_2983	1.40E-01	5.44E-04	2.99E-05	-3.11E+00	1.12E+00	3.61E-01	-2.73E+00	1.83E+00	bad-chisq
group_2890	1.40E-01	5.44E-04	2.99E-05	-3.11E+00	1.12E+00	3.61E-01	-2.73E+00	1.83E+00	bad-chisq
group_2838	1.40E-01	5.44E-04	2.99E-05	-3.11E+00	1.12E+00	3.61E-01	-2.73E+00	1.83E+00	bad-chisq
group_2810	1.40E-01	5.44E-04	2.99E-05	-3.11E+00	1.12E+00	3.61E-01	-2.73E+00	1.83E+00	bad-chisq
group_2737	1.40E-01	5.44E-04	2.99E-05	-3.11E+00	1.12E+00	3.61E-01	-2.73E+00	1.83E+00	bad-chisq
group_2726	1.40E-01	5.64E-01	2.16E-01	8.54E-01	7.06E-01	-1.35E-01	-3.44E+00	-2.90E-01	
group_2700	1.40E-01	5.44E-04	2.99E-05	-3.11E+00	1.12E+00	3.61E-01	-2.73E+00	1.83E+00	bad-chisq
group_2677	1.40E-01	5.64E-01	2.16E-01	8.54E-01	7.06E-01	-1.35E-01	-3.44E+00	-2.90E-01	
group_2613	1.40E-01	3.95E-03	1.64E-03	2.16E+00	8.15E-01	-2.89E-01	-3.58E+00	5.71E-01	
group_2463	1.40E-01	5.64E-01	2.16E-01	8.54E-01	7.06E-01	-1.35E-01	-3.44E+00	-2.90E-01	
group_2421	1.40E-01	5.44E-04	2.99E-05	-3.11E+00	1.12E+00	3.61E-01	-2.73E+00	1.83E+00	bad-chisq
group_2126	1.40E-01	5.44E-04	2.99E-05	-3.11E+00	1.12E+00	3.61E-01	-2.73E+00	1.83E+00	bad-chisq
degT	1.40E-01	8.38E-02	9.23E-02	-1.09E+00	6.72E-01	1.33E-01	-2.00E+00	-4.02E-01	
group_1856	1.40E-01	5.44E-04	2.99E-05	-3.11E+00	1.12E+00	3.61E-01	-2.73E+00	1.83E+00	bad-chisq
group_1031	1.40E-01	5.64E-01	2.16E-01	8.54E-01	7.06E-01	-1.35E-01	-3.44E+00	-2.90E-01	
group_758	1.40E-01	3.95E-03	3.41E-03	1.99E+00	7.98E-01	-2.38E-01	-1.89E+00	-1.59E-01	
group_746	1.40E-01	2.11E-02	1.07E-02	-1.73E+00	7.35E-01	2.07E-01	-2.60E+00	-8.04E-01	
group_569	1.40E-01	5.47E-05	8.40E-07	-4.36E+00	6.72E-01	4.13E-01	-3.17E+00	2.00E+00	bad-chisq
group_568	1.40E-01	5.47E-05	8.40E-07	-4.36E+00	6.72E-01	4.13E-01	-3.17E+00	2.00E+00	bad-chisq
group_463	1.40E-01	5.64E-01	5.00E-01	-4.24E-01	6.32E-01	4.61E-02	-2.42E+00	-1.45E-01	
group_281	1.40E-01	5.44E-04	2.99E-05	-3.11E+00	1.12E+00	3.61E-01	-2.73E+00	1.83E+00	bad-chisq
group_185	1.40E-01	5.44E-04	2.99E-05	-3.11E+00	1.12E+00	3.61E-01	-2.73E+00	1.83E+00	bad-chisq
group_93	1.40E-01	5.44E-04	2.99E-05	-3.11E+00	1.12E+00	3.61E-01	-2.73E+00	1.83E+00	bad-chisq
group_71	1.40E-01	5.47E-05	2.19E-06	-4.14E+00	6.73E-01	3.80E-01	-2.81E+00	-1.42E+00	bad-chisq
group_56	1.40E-01	3.95E-03	4.55E-04	2.72E+00	1.03E+00	-3.27E-01	-4.83E+00	4.73E-01	
group_4369	1.30E-01	3.74E-02	3.80E-02	1.34E+00	6.94E-01	-1.70E-01	-2.21E+00	1.60E-04	
group_4276	1.30E-01	7.45E-03	3.21E-03	2.08E+00	8.23E-01	-2.64E-01	-3.52E+00	6.20E-01	
group_4258	1.30E-01	7.45E-03	3.21E-03	2.08E+00	8.23E-01	-2.64E-01	-3.52E+00	6.20E-01	
group_4193	1.30E-01	1.11E-04	1.73E-06	-4.38E+00	6.70E-01	3.95E-01	-3.13E+00	2.19E+00	bad-chisq
group_4192	1.30E-01	1.11E-04	1.73E-06	-4.38E+00	6.70E-01	3.95E-01	-3.13E+00	2.19E+00	bad-chisq
group_4191	1.30E-01	1.11E-04	1.73E-06	-4.38E+00	6.70E-01	3.95E-01	-3.13E+00	2.19E+00	bad-chisq
group_4190	1.30E-01	1.11E-04	1.73E-06	-4.38E+00	6.70E-01	3.95E-01	-3.13E+00	2.19E+00	bad-chisq
group_4189	1.30E-01	1.11E-04	1.73E-06	-4.38E+00	6.70E-01	3.95E-01	-3.13E+00	2.19E+00	bad-chisq
group_4188	1.30E-01	1.11E-04	1.73E-06	-4.38E+00	6.70E-01	3.95E-01	-3.13E+00	2.19E+00	bad-chisq
group_4187	1.30E-01	1.11E-04	1.73E-06	-4.38E+00	6.70E-01	3.95E-01	-3.13E+00	2.19E+00	bad-chisq
group_4186	1.30E-01	1.11E-04	1.73E-06	-4.38E+00	6.70E-01	3.95E-01	-3.13E+00	2.19E+00	bad-chisq
group_4185	1.30E-01	1.11E-04	1.73E-06	-4.38E+00	6.70E-01	3.95E-01	-3.13E+00	2.19E+00	bad-chisq
group_4184	1.30E-01	1.11E-04	1.73E-06	-4.38E+00	6.70E-01	3.95E-01	-3.13E+00	2.19E+00	bad-chisq
group_4183	1.30E-01	1.11E-04	1.73E-06	-4.38E+00	6.70E-01	3.95E-01	-3.13E+00	2.19E+00	bad-chisq
group_4013	1.30E-01	7.45E-03	3.32E-03	2.07E+00	8.21E-01	-2.61E-01	-3.43E+00	6.02E-01	
repC	1.30E-01	7.45E-03	6.94E-03	1.87E+00	8.02E-01	-2.12E-01	-1.90E+00	-9.88E-02	
group_3979	1.30E-01	7.45E-03	3.32E-03	2.07E+00	8.21E-01	-2.61E-01	-3.43E+00	6.02E-01	
group_3577	1.30E-01	7.45E-03	6.08E-03	1.89E+00	8.00E-01	-2.18E-01	-2.21E+00	-7.74E-02	
group_3557	1.30E-01	1.11E-04	2.30E-06	-4.27E+00	6.69E-01	3.79E-01	-3.15E+00	1.92E+00	bad-chisq
group_3332	1.30E-01	1.11E-04	1.73E-06	-4.38E+00	6.70E-01	3.95E-01	-3.13E+00	2.19E+00	bad-chisq
group_3295	1.30E-01	3.72E-01	1.15E-01	1.09E+00	7.22E-01	-1.50E-01	-3.49E+00	3.10E-01	
group_3284	1.30E-01	1.37E-01	2.62E-02	1.60E+00	7.98E-01	-2.01E-01	-3.87E+00	3.49E-01	
group_3276	1.30E-01	1.11E-04	2.55E-05	3.56E+00	6.71E-01	-2.82E-01	-1.09E+00	1.13E-01	bad-chisq
group_2801	1.30E-01	1.11E-04	1.73E-06	-4.38E+00	6.70E-01	3.95E-01	-3.13E+00	2.19E+00	bad-chisq
group_2519	1.30E-01	1.11E-04	2.30E-06	-4.27E+00	6.69E-01	3.79E-01	-3.15E+00	1.92E+00	bad-chisq
group_2499	1.30E-01	1.11E-04	2.30E-06	-4.27E+00	6.69E-01	3.79E-01	-3.15E+00	1.92E+00	bad-chisq
group_2134	1.30E-01	1.07E-03	1.18E-04	-2.92E+00	1.12E+00	3.16E-01	-2.74E+00	-1.47E+00	bad-chisq
group_2129	1.30E-01	3.74E-02	4.17E-02	1.31E+00	6.95E-01	-1.65E-01	-2.01E+00	-2.49E-02	
group_2078	1.30E-01	7.45E-03	4.63E-03	1.96E+00	8.04E-01	-2.34E-01	-2.68E+00	3.73E-01	
group_1994	1.30E-01	7.66E-01	8.04E-01	1.56E-01	6.32E-01	-3.25E-02	-2.27E+00	1.60E-01	
group_1962	1.30E-01	1.37E-01	1.39E-01	9.22E-01	6.46E-01	-1.29E-01	-2.35E+00	-9.62E-02	
group_1955	1.30E-01	7.66E-01	7.06E-01	-2.37E-01	6.29E-01	1.79E-02	-2.37E+00	-1.16E-02	
group_1561	1.30E-01	1.37E-01	2.62E-02	1.60E+00	7.98E-01	-2.01E-01	-3.87E+00	3.49E-01	
group_1205	1.30E-01	1.11E-04	1.73E-06	-4.38E+00	6.70E-01	3.95E-01	-3.13E+00	2.19E+00	bad-chisq
group_1005	1.30E-01	1.37E-01	2.62E-02	1.60E+00	7.98E-01	-2.01E-01	-3.87E+00	3.49E-01	
group_1004	1.30E-01	1.37E-01	2.62E-02	1.60E+00	7.98E-01	-2.01E-01	-3.87E+00	3.49E-01	
group_739	1.30E-01	7.45E-03	3.61E-03	-2.18E+00	8.59E-01	2.15E-01	-2.79E+00	1.12E+00	
group_494	1.30E-01	7.45E-03	1.02E-03	-2.47E+00	8.67E-01	2.52E-01	-3.87E+00	1.44E+00	
group_328	1.30E-01	3.74E-02	3.98E-02	-1.41E+00	7.32E-01	1.57E-01	-1.84E+00	-4.68E-01	
group_175	1.30E-01	1.37E-01	1.39E-01	9.22E-01	6.46E-01	-1.29E-01	-2.35E+00	-9.62E-02	
group_159	1.30E-01	3.72E-01	3.62E-01	6.17E-01	6.84E-01	-9.36E-02	-2.37E+00	-2.98E-01	
group_4642	1.20E-01	1.38E-02	1.02E-02	1.81E+00	8.07E-01	-2.01E-01	-2.50E+00	2.49E-01	
group_4367	1.20E-01	2.22E-04	6.67E-05	3.45E+00	6.68E-01	-2.56E-01	-9.52E-01	-7.58E-02	bad-chisq
group_4365	1.20E-01	6.48E-02	6.71E-02	1.21E+00	7.02E-01	-1.46E-01	-2.23E+00	-9.25E-03	
group_4319	1.20E-01	6.48E-02	6.23E-02	1.32E+00	7.49E-01	-1.59E-01	-2.03E+00	-5.36E-01	
group_4313	1.20E-01	6.48E-02	6.23E-02	1.32E+00	7.49E-01	-1.59E-01	-2.03E+00	-5.36E-01	
group_4295	1.20E-01	2.18E-01	1.91E-01	8.54E-01	6.71E-01	-1.15E-01	-2.43E+00	3.77E-01	
group_4127	1.20E-01	1.00E+00	9.41E-01	-4.91E-02	6.63E-01	-6.65E-03	-2.33E+00	6.62E-02	
group_4054	1.20E-01	2.22E-04	8.48E-06	-4.06E+00	6.66E-01	3.35E-01	-2.82E+00	1.63E+00	bad-chisq
group_3928	1.20E-01	6.48E-02	6.81E-03	2.21E+00	9.99E-01	-2.31E-01	-4.33E+00	4.50E-01	
group_3901	1.20E-01	1.00E+00	9.41E-01	-4.91E-02	6.63E-01	-6.65E-03	-2.33E+00	6.62E-02	
group_3893	1.20E-01	2.09E-03	6.76E-04	-2.35E+00	1.11E+00	2.46E-01	-1.72E+00	-1.99E-01	bad-chisq
group_3830	1.20E-01	1.00E+00	9.41E-01	-4.91E-02	6.63E-01	-6.65E-03	-2.33E+00	6.62E-02	
group_3589	1.20E-01	2.18E-01	1.65E-01	-9.55E-01	7.04E-01	9.71E-02	-2.57E+00	-4.09E-01	
pcfB	1.20E-01	1.00E+00	9.41E-01	-4.91E-02	6.63E-01	-6.65E-03	-2.33E+00	6.62E-02	
group_3561	1.20E-01	1.00E+00	9.41E-01	-4.91E-02	6.63E-01	-6.65E-03	-2.33E+00	6.62E-02	
group_3499	1.20E-01	6.48E-02	6.81E-03	2.21E+00	9.99E-01	-2.31E-01	-4.33E+00	4.50E-01	
group_3410	1.20E-01	2.22E-04	1.81E-05	-3.87E+00	6.67E-01	3.14E-01	-2.37E+00	-1.14E+00	bad-chisq
group_3407	1.20E-01	2.22E-04	8.48E-06	-4.06E+00	6.66E-01	3.35E-01	-2.82E+00	1.63E+00	bad-chisq
group_3368	1.20E-01	1.00E+00	9.41E-01	-4.91E-02	6.63E-01	-6.65E-03	-2.33E+00	6.62E-02	
group_3340	1.20E-01	1.00E+00	9.41E-01	-4.91E-02	6.63E-01	-6.65E-03	-2.33E+00	6.62E-02	
group_3334	1.20E-01	6.48E-02	6.81E-03	2.21E+00	9.99E-01	-2.31E-01	-4.33E+00	4.50E-01	
group_3273	1.20E-01	2.18E-01	1.82E-01	9.01E-01	6.93E-01	-1.24E-01	-2.70E+00	-3.14E-01	
group_3255	1.20E-01	6.48E-02	3.91E-02	-1.38E+00	7.16E-01	1.34E-01	-3.03E+00	-2.22E-01	
vanXB	1.20E-01	1.00E+00	9.41E-01	-4.91E-02	6.63E-01	-6.65E-03	-2.33E+00	6.62E-02	
group_3190	1.20E-01	5.38E-01	4.64E-01	-4.63E-01	6.37E-01	4.14E-02	-2.47E+00	-2.34E-02	
vanRB	1.20E-01	1.00E+00	9.41E-01	-4.91E-02	6.63E-01	-6.65E-03	-2.33E+00	6.62E-02	
group_2938	1.20E-01	2.18E-01	1.65E-01	-9.55E-01	7.04E-01	9.71E-02	-2.57E+00	-4.09E-01	
group_2933	1.20E-01	5.38E-01	6.38E-01	-3.06E-01	6.54E-01	2.37E-02	-2.22E+00	1.77E-01	
vanYB	1.20E-01	1.00E+00	9.41E-01	-4.91E-02	6.63E-01	-6.65E-03	-2.33E+00	6.62E-02	
group_2721	1.20E-01	1.00E+00	9.41E-01	-4.91E-02	6.63E-01	-6.65E-03	-2.33E+00	6.62E-02	
group_2559	1.20E-01	1.00E+00	9.41E-01	-4.91E-02	6.63E-01	-6.65E-03	-2.33E+00	6.62E-02	
vanHB	1.20E-01	1.00E+00	9.41E-01	-4.91E-02	6.63E-01	-6.65E-03	-2.33E+00	6.62E-02	
vanB	1.20E-01	1.00E+00	9.41E-01	-4.91E-02	6.63E-01	-6.65E-03	-2.33E+00	6.62E-02	
group_2308	1.20E-01	2.18E-01	1.65E-01	-9.55E-01	7.04E-01	9.71E-02	-2.57E+00	-4.09E-01	
group_2237	1.20E-01	1.38E-02	1.09E-02	1.82E+00	8.16E-01	-2.01E-01	-2.29E+00	-3.56E-01	
group_2184	1.20E-01	1.00E+00	9.41E-01	-4.91E-02	6.63E-01	-6.65E-03	-2.33E+00	6.62E-02	
group_2070	1.20E-01	1.00E+00	9.41E-01	-4.91E-02	6.63E-01	-6.65E-03	-2.33E+00	6.62E-02	
group_2039	1.20E-01	6.48E-02	5.21E-02	1.28E+00	7.06E-01	-1.63E-01	-2.75E+00	1.94E-01	
group_2026	1.20E-01	1.00E+00	9.41E-01	-4.91E-02	6.63E-01	-6.65E-03	-2.33E+00	6.62E-02	
group_2006	1.20E-01	1.38E-02	8.76E-03	1.95E+00	8.43E-01	-2.19E-01	-2.28E+00	-7.45E-01	
group_1964	1.20E-01	6.48E-02	2.10E-02	1.66E+00	8.08E-01	-1.98E-01	-3.56E+00	3.21E-01	
group_1916	1.20E-01	1.00E+00	9.41E-01	-4.91E-02	6.63E-01	-6.65E-03	-2.33E+00	6.62E-02	
group_1880	1.20E-01	1.00E+00	9.41E-01	-4.91E-02	6.63E-01	-6.65E-03	-2.33E+00	6.62E-02	
group_1865	1.20E-01	1.38E-02	8.99E-03	1.93E+00	8.38E-01	-2.16E-01	-2.31E+00	-6.91E-01	
group_1862	1.20E-01	1.00E+00	9.41E-01	-4.91E-02	6.63E-01	-6.65E-03	-2.33E+00	6.62E-02	
group_1842	1.20E-01	1.00E+00	9.41E-01	-4.91E-02	6.63E-01	-6.65E-03	-2.33E+00	6.62E-02	
group_1820	1.20E-01	1.38E-02	7.26E-03	-1.91E+00	8.17E-01	1.80E-01	-2.81E+00	-3.41E-01	
group_1727	1.20E-01	6.48E-02	6.81E-03	2.21E+00	9.99E-01	-2.31E-01	-4.33E+00	4.50E-01	
group_1717	1.20E-01	6.48E-02	6.81E-03	2.21E+00	9.99E-01	-2.31E-01	-4.33E+00	4.50E-01	
group_1650	1.20E-01	1.00E+00	9.41E-01	-4.91E-02	6.63E-01	-6.65E-03	-2.33E+00	6.62E-02	
group_1649	1.20E-01	1.00E+00	9.41E-01	-4.91E-02	6.63E-01	-6.65E-03	-2.33E+00	6.62E-02	
group_1614	1.20E-01	1.00E+00	9.41E-01	-4.91E-02	6.63E-01	-6.65E-03	-2.33E+00	6.62E-02	
group_1602	1.20E-01	1.38E-02	2.45E-03	-2.32E+00	8.73E-01	2.19E-01	-3.72E+00	1.32E+00	
group_1582	1.20E-01	6.48E-02	6.81E-03	2.21E+00	9.99E-01	-2.31E-01	-4.33E+00	4.50E-01	
group_1545	1.20E-01	6.48E-02	6.81E-03	2.21E+00	9.99E-01	-2.31E-01	-4.33E+00	4.50E-01	
group_1515	1.20E-01	6.48E-02	3.28E-02	1.50E+00	7.77E-01	-1.78E-01	-3.09E+00	-2.02E-01	
group_1441	1.20E-01	1.00E+00	9.41E-01	-4.91E-02	6.63E-01	-6.65E-03	-2.33E+00	6.62E-02	
group_1436	1.20E-01	1.00E+00	9.41E-01	-4.91E-02	6.63E-01	-6.65E-03	-2.33E+00	6.62E-02	
vanSB	1.20E-01	1.00E+00	9.41E-01	-4.91E-02	6.63E-01	-6.65E-03	-2.33E+00	6.62E-02	
group_1211	1.20E-01	2.09E-03	1.44E-03	-2.27E+00	1.12E+00	2.25E-01	-1.59E+00	6.02E-01	bad-chisq
group_1067	1.20E-01	6.48E-02	6.81E-03	2.21E+00	9.99E-01	-2.31E-01	-4.33E+00	4.50E-01	
group_1006	1.20E-01	2.09E-03	8.15E-04	-2.59E+00	1.10E+00	2.45E-01	-2.34E+00	1.25E+00	bad-chisq
group_725	1.20E-01	2.18E-01	1.97E-01	8.40E-01	6.68E-01	-1.13E-01	-2.39E+00	3.54E-01	
group_619	1.20E-01	2.22E-04	5.89E-05	3.50E+00	6.67E-01	-2.61E-01	-1.07E+00	-3.32E-01	bad-chisq
group_605	1.20E-01	1.00E+00	9.41E-01	-4.91E-02	6.63E-01	-6.65E-03	-2.33E+00	6.62E-02	
mobC	1.20E-01	1.00E+00	9.41E-01	-4.91E-02	6.63E-01	-6.65E-03	-2.33E+00	6.62E-02	
group_446	1.20E-01	1.00E+00	9.41E-01	-4.91E-02	6.63E-01	-6.65E-03	-2.33E+00	6.62E-02	
vanWB	1.20E-01	1.00E+00	9.41E-01	-4.91E-02	6.63E-01	-6.65E-03	-2.33E+00	6.62E-02	
group_341	1.20E-01	2.18E-01	1.82E-01	9.01E-01	6.93E-01	-1.24E-01	-2.70E+00	-3.14E-01	
group_4474	1.10E-01	4.02E-03	2.03E-03	2.18E+00	1.10E+00	-1.95E-01	-1.30E+00	4.22E-01	bad-chisq
group_4457	1.10E-01	4.39E-04	2.89E-05	-3.98E+00	6.63E-01	3.03E-01	-2.86E+00	-1.53E+00	bad-chisq
group_4455	1.10E-01	4.02E-03	8.61E-04	-2.58E+00	1.10E+00	2.48E-01	-2.22E+00	-1.11E+00	bad-chisq
group_4323	1.10E-01	1.10E-01	1.12E-01	1.15E+00	7.55E-01	-1.30E-01	-2.09E+00	-4.18E-01	
group_4320	1.10E-01	1.10E-01	1.12E-01	1.15E+00	7.55E-01	-1.30E-01	-2.09E+00	-4.18E-01	
group_4318	1.10E-01	1.10E-01	1.12E-01	1.15E+00	7.55E-01	-1.30E-01	-2.09E+00	-4.18E-01	
group_4317	1.10E-01	1.10E-01	1.12E-01	1.15E+00	7.55E-01	-1.30E-01	-2.09E+00	-4.18E-01	
group_4316	1.10E-01	1.10E-01	1.12E-01	1.15E+00	7.55E-01	-1.30E-01	-2.09E+00	-4.18E-01	
group_4297	1.10E-01	1.10E-01	1.24E-01	1.04E+00	7.11E-01	-1.18E-01	-2.11E+00	4.58E-02	
group_4296	1.10E-01	1.10E-01	1.18E-01	1.06E+00	7.11E-01	-1.21E-01	-2.18E+00	1.29E-01	
group_4292	1.10E-01	1.10E-01	1.24E-01	1.04E+00	7.11E-01	-1.18E-01	-2.11E+00	4.58E-02	
group_4249	1.10E-01	2.53E-02	2.40E-02	1.63E+00	8.12E-01	-1.66E-01	-2.15E+00	-1.45E-02	
group_4065	1.10E-01	1.10E-01	8.09E-02	-1.23E+00	7.40E-01	1.13E-01	-2.58E+00	-3.55E-01	
group_3972	1.10E-01	2.53E-02	1.80E-02	1.79E+00	8.47E-01	-1.89E-01	-2.33E+00	-6.23E-01	
group_3965	1.10E-01	7.49E-01	7.41E-01	-2.12E-01	6.43E-01	1.14E-02	-2.29E+00	9.91E-02	
group_3937	1.10E-01	3.38E-01	3.43E-01	6.78E-01	7.25E-01	-8.65E-02	-2.29E+00	-2.70E-01	
group_3850	1.10E-01	1.10E-01	8.09E-02	-1.23E+00	7.40E-01	1.13E-01	-2.58E+00	-3.55E-01	
group_3849	1.10E-01	1.10E-01	8.09E-02	-1.23E+00	7.40E-01	1.13E-01	-2.58E+00	-3.55E-01	
group_3837	1.10E-01	2.53E-02	1.80E-02	1.79E+00	8.47E-01	-1.89E-01	-2.33E+00	-6.23E-01	
group_3712	1.10E-01	2.53E-02	1.81E-02	1.70E+00	8.15E-01	-1.83E-01	-2.72E+00	2.56E-01	
group_3705	1.10E-01	1.10E-01	8.09E-02	-1.23E+00	7.40E-01	1.13E-01	-2.58E+00	-3.55E-01	
group_3661	1.10E-01	7.49E-01	7.41E-01	-2.12E-01	6.43E-01	1.14E-02	-2.29E+00	9.91E-02	
group_3638	1.10E-01	4.39E-04	1.66E-04	3.34E+00	6.64E-01	-2.30E-01	-8.72E-01	-5.78E-02	bad-chisq
group_3514	1.10E-01	7.49E-01	7.41E-01	-2.12E-01	6.43E-01	1.14E-02	-2.29E+00	9.91E-02	
group_3429	1.10E-01	1.10E-01	8.09E-02	-1.23E+00	7.40E-01	1.13E-01	-2.58E+00	-3.55E-01	
group_3213	1.10E-01	7.49E-01	7.41E-01	-2.12E-01	6.43E-01	1.14E-02	-2.29E+00	9.91E-02	
group_3088	1.10E-01	7.49E-01	6.95E-01	-2.73E-01	6.98E-01	1.72E-02	-2.37E+00	-4.83E-02	
group_3082	1.10E-01	4.39E-04	1.72E-04	3.34E+00	6.64E-01	-2.30E-01	-7.98E-01	-6.55E-02	bad-chisq
group_3045	1.10E-01	1.10E-01	8.09E-02	-1.23E+00	7.40E-01	1.13E-01	-2.58E+00	-3.55E-01	
epsQ	1.10E-01	7.49E-01	7.41E-01	-2.12E-01	6.43E-01	1.14E-02	-2.29E+00	9.91E-02	
group_2826	1.10E-01	4.39E-04	1.66E-04	3.34E+00	6.64E-01	-2.30E-01	-8.72E-01	-5.78E-02	bad-chisq
group_2820	1.10E-01	2.53E-02	1.80E-02	1.79E+00	8.47E-01	-1.89E-01	-2.33E+00	-6.23E-01	
group_2262	1.10E-01	7.49E-01	6.95E-01	-2.73E-01	6.98E-01	1.72E-02	-2.37E+00	-4.83E-02	
group_2247	1.10E-01	7.49E-01	7.41E-01	-2.12E-01	6.43E-01	1.14E-02	-2.29E+00	9.91E-02	
group_2208	1.10E-01	7.49E-01	7.41E-01	-2.12E-01	6.43E-01	1.14E-02	-2.29E+00	9.91E-02	
group_2051	1.10E-01	3.38E-01	2.75E-01	-7.70E-01	7.17E-01	6.91E-02	-2.52E+00	-2.89E-01	
group_2047	1.10E-01	4.02E-03	2.16E-03	2.16E+00	1.10E+00	-1.92E-01	-1.25E+00	3.31E-01	bad-chisq
group_1802	1.10E-01	7.49E-01	7.41E-01	-2.12E-01	6.43E-01	1.14E-02	-2.29E+00	9.91E-02	
group_1779	1.10E-01	2.53E-02	1.41E-02	-1.92E+00	8.66E-01	1.71E-01	-2.17E+00	9.57E-01	
group_1705	1.10E-01	2.53E-02	1.41E-02	-1.92E+00	8.66E-01	1.71E-01	-2.17E+00	9.57E-01	
group_1687	1.10E-01	2.53E-02	1.48E-02	-1.80E+00	8.30E-01	1.58E-01	-2.66E+00	-4.29E-01	
group_1562	1.10E-01	1.10E-01	1.26E-01	1.04E+00	7.14E-01	-1.17E-01	-2.08E+00	-2.56E-02	
group_1502	1.10E-01	4.39E-04	1.72E-04	3.34E+00	6.64E-01	-2.30E-01	-7.98E-01	-6.55E-02	bad-chisq
group_1177	1.10E-01	1.10E-01	8.09E-02	-1.23E+00	7.40E-01	1.13E-01	-2.58E+00	-3.55E-01	
group_1124	1.10E-01	3.38E-01	2.78E-01	-7.65E-01	7.17E-01	6.88E-02	-2.50E+00	-2.89E-01	
group_984	1.10E-01	1.10E-01	8.09E-02	-1.23E+00	7.40E-01	1.13E-01	-2.58E+00	-3.55E-01	
group_912	1.10E-01	4.39E-04	1.72E-04	3.34E+00	6.64E-01	-2.30E-01	-7.98E-01	-6.55E-02	bad-chisq
group_373	1.10E-01	7.49E-01	6.81E-01	-2.80E-01	6.83E-01	1.77E-02	-2.39E+00	-3.01E-02	
group_221	1.10E-01	4.02E-03	1.36E-03	-2.32E+00	1.10E+00	2.25E-01	-1.53E+00	7.15E-01	bad-chisq
group_28	1.10E-01	7.49E-01	7.01E-01	-2.61E-01	6.83E-01	1.60E-02	-2.36E+00	-2.51E-02	
group_18	1.10E-01	3.38E-01	3.27E-01	6.41E-01	6.65E-01	-8.34E-02	-2.40E+00	1.50E-01	
group_16	1.10E-01	4.02E-03	8.75E-04	-2.57E+00	1.10E+00	2.47E-01	-2.21E+00	-1.08E+00	bad-chisq
group_2	1.10E-01	4.02E-03	6.39E-04	2.89E+00	9.15E-01	-2.53E-01	-3.65E+00	-1.37E-01	bad-chisq
group_4322	1.00E-01	1.82E-01	1.90E-01	9.90E-01	7.79E-01	-1.06E-01	-2.13E+00	-3.74E-01	
group_4315	1.00E-01	1.82E-01	1.90E-01	9.90E-01	7.79E-01	-1.06E-01	-2.13E+00	-3.74E-01	
group_4312	1.00E-01	1.82E-01	1.90E-01	9.90E-01	7.79E-01	-1.06E-01	-2.13E+00	-3.74E-01	
group_4273	1.00E-01	4.55E-02	3.26E-02	1.61E+00	8.33E-01	-1.61E-01	-2.57E+00	4.62E-01	
group_4160	1.00E-01	4.55E-02	4.57E-02	1.49E+00	8.23E-01	-1.42E-01	-2.14E+00	-8.02E-02	
group_4068	1.00E-01	4.55E-02	2.94E-02	-1.66E+00	8.42E-01	1.33E-01	-2.61E+00	-4.03E-01	
group_3819	1.00E-01	5.05E-01	4.38E-01	-5.50E-01	7.15E-01	4.23E-02	-2.34E+00	3.02E-01	
group_3807	1.00E-01	8.58E-04	6.87E-05	-3.79E+00	6.59E-01	2.71E-01	-2.50E+00	1.41E+00	bad-chisq
group_3806	1.00E-01	8.58E-04	6.87E-05	-3.79E+00	6.59E-01	2.71E-01	-2.50E+00	1.41E+00	bad-chisq
group_3742	1.00E-01	8.58E-04	6.87E-05	-3.79E+00	6.59E-01	2.71E-01	-2.50E+00	1.41E+00	bad-chisq
group_3738	1.00E-01	5.05E-01	4.97E-01	-4.59E-01	6.82E-01	3.40E-02	-2.27E+00	1.27E-01	
group_3684	1.00E-01	5.05E-01	4.97E-01	-4.59E-01	6.82E-01	3.40E-02	-2.27E+00	1.27E-01	
group_3666	1.00E-01	8.58E-04	6.87E-05	-3.79E+00	6.59E-01	2.71E-01	-2.50E+00	1.41E+00	bad-chisq
group_3536	1.00E-01	4.55E-02	4.34E-02	1.55E+00	8.44E-01	-1.48E-01	-2.07E+00	-3.83E-01	
group_3508	1.00E-01	8.58E-04	6.87E-05	-3.79E+00	6.59E-01	2.71E-01	-2.50E+00	1.41E+00	bad-chisq
group_3298	1.00E-01	8.58E-04	2.06E-04	-3.36E+00	6.63E-01	2.39E-01	-1.66E+00	-3.09E-01	bad-chisq
group_3293	1.00E-01	5.05E-01	4.38E-01	-5.50E-01	7.15E-01	4.23E-02	-2.34E+00	3.02E-01	
group_3186	1.00E-01	8.58E-04	6.87E-05	-3.79E+00	6.59E-01	2.71E-01	-2.50E+00	1.41E+00	bad-chisq
group_3169	1.00E-01	5.05E-01	4.97E-01	-4.59E-01	6.82E-01	3.40E-02	-2.27E+00	1.27E-01	
group_3033	1.00E-01	5.05E-01	4.38E-01	-5.50E-01	7.15E-01	4.23E-02	-2.34E+00	3.02E-01	
group_2958	1.00E-01	5.05E-01	4.41E-01	-5.60E-01	7.34E-01	4.20E-02	-2.45E+00	-1.70E-01	
group_2955	1.00E-01	5.05E-01	4.38E-01	-5.50E-01	7.15E-01	4.23E-02	-2.34E+00	3.02E-01	
group_2939	1.00E-01	5.05E-01	4.41E-01	-5.60E-01	7.34E-01	4.20E-02	-2.45E+00	-1.70E-01	
group_2835	1.00E-01	5.05E-01	4.41E-01	-5.60E-01	7.34E-01	4.20E-02	-2.45E+00	-1.70E-01	
group_2759	1.00E-01	5.05E-01	4.41E-01	-5.60E-01	7.34E-01	4.20E-02	-2.45E+00	-1.70E-01	
group_2509	1.00E-01	5.05E-01	4.96E-01	-4.60E-01	6.82E-01	3.41E-02	-2.28E+00	1.26E-01	
recT	1.00E-01	5.05E-01	4.41E-01	-5.60E-01	7.34E-01	4.20E-02	-2.45E+00	-1.70E-01	
group_2323	1.00E-01	4.55E-02	4.51E-02	1.48E+00	8.20E-01	-1.42E-01	-2.17E+00	-3.83E-03	
group_2265	1.00E-01	8.58E-04	6.87E-05	-3.79E+00	6.59E-01	2.71E-01	-2.50E+00	1.41E+00	bad-chisq
group_2255	1.00E-01	5.05E-01	4.96E-01	-4.60E-01	6.82E-01	3.41E-02	-2.28E+00	1.26E-01	
group_2153	1.00E-01	4.55E-02	4.75E-02	1.49E+00	8.28E-01	-1.41E-01	-2.04E+00	-1.70E-01	
group_2152	1.00E-01	5.05E-01	4.41E-01	-5.60E-01	7.34E-01	4.20E-02	-2.45E+00	-1.70E-01	
orfB	1.00E-01	7.66E-03	3.50E-03	-2.33E+00	1.13E+00	2.24E-01	-3.29E-01	1.15E+00	bad-chisq
group_2114	1.00E-01	5.05E-01	4.41E-01	-5.60E-01	7.34E-01	4.20E-02	-2.45E+00	-1.70E-01	
group_2090	1.00E-01	5.05E-01	4.38E-01	-5.50E-01	7.15E-01	4.23E-02	-2.34E+00	3.02E-01	
group_2077	1.00E-01	8.58E-04	6.87E-05	-3.79E+00	6.59E-01	2.71E-01	-2.50E+00	1.41E+00	bad-chisq
group_1952	1.00E-01	7.66E-03	9.58E-04	2.89E+00	8.93E-01	-2.19E-01	-2.86E+00	6.96E-01	bad-chisq
group_1894	1.00E-01	4.55E-02	4.51E-02	1.48E+00	8.20E-01	-1.42E-01	-2.17E+00	-3.83E-03	
group_1767	1.00E-01	5.05E-01	4.41E-01	-5.60E-01	7.34E-01	4.20E-02	-2.45E+00	-1.70E-01	
group_1527	1.00E-01	5.05E-01	4.41E-01	-5.60E-01	7.34E-01	4.20E-02	-2.45E+00	-1.70E-01	
group_1472	1.00E-01	5.05E-01	4.38E-01	-5.50E-01	7.15E-01	4.23E-02	-2.34E+00	3.02E-01	
group_1354	1.00E-01	5.05E-01	4.41E-01	-5.60E-01	7.34E-01	4.20E-02	-2.45E+00	-1.70E-01	
group_1329	1.00E-01	4.55E-02	3.44E-02	1.59E+00	8.31E-01	-1.57E-01	-2.49E+00	4.23E-01	
group_1176	1.00E-01	8.58E-04	3.82E-04	3.22E+00	6.61E-01	-2.05E-01	-9.29E-01	-6.34E-03	bad-chisq
group_1078	1.00E-01	4.55E-02	3.44E-02	1.59E+00	8.31E-01	-1.57E-01	-2.49E+00	4.23E-01	
group_948	1.00E-01	8.58E-04	2.79E-04	3.31E+00	6.60E-01	-2.16E-01	-1.23E+00	5.01E-01	bad-chisq
group_928	1.00E-01	5.05E-01	4.41E-01	-5.60E-01	7.34E-01	4.20E-02	-2.45E+00	-1.70E-01	
group_737	1.00E-01	5.05E-01	4.38E-01	-5.50E-01	7.15E-01	4.23E-02	-2.34E+00	3.02E-01	
group_479	1.00E-01	5.05E-01	4.41E-01	-5.60E-01	7.34E-01	4.20E-02	-2.45E+00	-1.70E-01	
group_265	1.00E-01	4.55E-02	4.51E-02	1.48E+00	8.20E-01	-1.42E-01	-2.17E+00	-3.83E-03	
group_222	1.00E-01	8.58E-04	2.79E-04	3.31E+00	6.60E-01	-2.16E-01	-1.23E+00	5.01E-01	bad-chisq
group_220	1.00E-01	4.55E-02	2.68E-02	-1.64E+00	8.24E-01	1.26E-01	-2.98E+00	2.57E-02	
group_190	1.00E-01	1.82E-01	2.07E-01	8.84E-01	7.27E-01	-9.51E-02	-2.14E+00	-2.45E-02	
group_167	1.00E-01	4.55E-02	4.75E-02	1.49E+00	8.28E-01	-1.41E-01	-2.04E+00	-1.70E-01	
group_105	1.00E-01	8.58E-04	2.79E-04	3.31E+00	6.60E-01	-2.16E-01	-1.23E+00	5.01E-01	bad-chisq
group_104	1.00E-01	8.58E-04	2.79E-04	3.31E+00	6.60E-01	-2.16E-01	-1.23E+00	5.01E-01	bad-chisq
group_73	1.00E-01	5.05E-01	4.41E-01	-5.60E-01	7.34E-01	4.20E-02	-2.45E+00	-1.70E-01	
group_27	1.00E-01	4.55E-02	3.69E-02	1.55E+00	8.24E-01	-1.53E-01	-2.47E+00	2.95E-01	
group_4724	9.00E-02	1.66E-03	8.22E-04	3.11E+00	6.55E-01	-1.83E-01	-1.07E+00	-7.39E-03	bad-chisq
group_4535	9.00E-02	2.95E-01	2.90E-01	-7.77E-01	7.54E-01	5.65E-02	-2.26E+00	-9.54E-02	
group_4408	9.00E-02	2.95E-01	3.35E-01	7.00E-01	7.44E-01	-7.21E-02	-2.17E+00	9.37E-05	
group_4407	9.00E-02	2.95E-01	3.35E-01	7.00E-01	7.44E-01	-7.21E-02	-2.17E+00	9.37E-05	
group_4403	9.00E-02	2.95E-01	2.49E-01	-8.29E-01	7.40E-01	5.87E-02	-2.48E+00	1.26E-01	
group_4374	9.00E-02	1.44E-02	1.14E-02	1.86E+00	1.07E+00	-1.39E-01	-1.09E+00	-6.71E-02	bad-chisq
group_4294	9.00E-02	2.95E-01	3.08E-01	7.34E-01	7.39E-01	-7.65E-02	-2.27E+00	1.34E-01	
group_4279	9.00E-02	2.95E-01	3.08E-01	7.34E-01	7.39E-01	-7.65E-02	-2.27E+00	1.34E-01	
group_4277	9.00E-02	7.27E-01	3.53E-01	-2.62E-01	1.49E+00	3.44E-02	-1.25E+00	6.70E-02	bad-chisq
group_4254	9.00E-02	2.95E-01	3.08E-01	7.34E-01	7.39E-01	-7.65E-02	-2.27E+00	1.34E-01	
group_4217	9.00E-02	2.95E-01	2.31E-01	-9.21E-01	7.89E-01	6.85E-02	-2.34E+00	4.79E-01	
group_4029	9.00E-02	1.44E-02	1.03E-02	1.93E+00	1.07E+00	-1.47E-01	-1.17E+00	-3.41E-01	bad-chisq
group_3988	9.00E-02	2.95E-01	2.37E-01	-9.09E-01	7.89E-01	6.52E-02	-2.54E+00	-2.92E-01	
group_3668	9.00E-02	1.44E-02	9.83E-03	1.90E+00	1.07E+00	-1.43E-01	-1.23E+00	2.78E-01	bad-chisq
group_3565	9.00E-02	2.95E-01	3.27E-01	7.10E-01	7.44E-01	-7.35E-02	-2.21E+00	-8.03E-03	
group_3479	9.00E-02	1.44E-02	9.83E-03	1.90E+00	1.07E+00	-1.43E-01	-1.23E+00	2.78E-01	bad-chisq
group_3376	9.00E-02	8.06E-02	2.44E-02	2.05E+00	1.06E+00	-1.66E-01	-2.99E+00	-6.88E-01	
group_3321	9.00E-02	1.44E-02	9.83E-03	1.90E+00	1.07E+00	-1.43E-01	-1.23E+00	2.78E-01	bad-chisq
group_3319	9.00E-02	1.44E-02	9.83E-03	1.90E+00	1.07E+00	-1.43E-01	-1.23E+00	2.78E-01	bad-chisq
group_3187	9.00E-02	2.95E-01	1.81E-01	1.07E+00	8.39E-01	-1.00E-01	-2.63E+00	-2.30E-01	
group_3064	9.00E-02	1.44E-02	9.83E-03	1.90E+00	1.07E+00	-1.43E-01	-1.23E+00	2.78E-01	bad-chisq
group_2307	9.00E-02	1.44E-02	1.03E-02	1.93E+00	1.07E+00	-1.47E-01	-1.17E+00	-3.41E-01	bad-chisq
group_2233	9.00E-02	1.44E-02	9.83E-03	1.90E+00	1.07E+00	-1.43E-01	-1.23E+00	2.78E-01	bad-chisq
group_2066	9.00E-02	1.44E-02	8.97E-03	1.94E+00	1.07E+00	-1.48E-01	-1.28E+00	4.28E-01	bad-chisq
group_2003	9.00E-02	2.95E-01	2.57E-01	-8.17E-01	7.42E-01	5.80E-02	-2.45E+00	1.05E-02	
group_1981	9.00E-02	1.44E-02	8.90E-03	1.95E+00	1.07E+00	-1.50E-01	-1.27E+00	4.66E-01	bad-chisq
group_1925	9.00E-02	2.95E-01	2.57E-01	-8.17E-01	7.42E-01	5.80E-02	-2.45E+00	1.05E-02	
group_1839	9.00E-02	2.95E-01	1.73E-01	1.09E+00	8.38E-01	-1.09E-01	-2.95E+00	-2.45E-01	
group_1784	9.00E-02	2.95E-01	2.57E-01	-8.17E-01	7.42E-01	5.80E-02	-2.45E+00	1.05E-02	
group_1574	9.00E-02	1.66E-03	6.36E-04	3.21E+00	6.54E-01	-1.95E-01	-1.14E+00	5.95E-01	bad-chisq
cobD	9.00E-02	2.95E-01	3.12E-01	7.81E-01	7.89E-01	-8.04E-02	-2.22E+00	-2.39E-01	
group_1385	9.00E-02	1.44E-02	9.83E-03	1.90E+00	1.07E+00	-1.43E-01	-1.23E+00	2.78E-01	bad-chisq
group_1343	9.00E-02	1.44E-02	9.69E-03	-1.88E+00	1.08E+00	1.62E-01	-1.24E+00	8.10E-02	bad-chisq
group_1335	9.00E-02	1.44E-02	8.97E-03	1.94E+00	1.07E+00	-1.48E-01	-1.28E+00	4.28E-01	bad-chisq
group_1216	9.00E-02	2.95E-01	3.00E-01	7.56E-01	7.49E-01	-7.94E-02	-2.34E+00	-5.74E-02	
group_1096	9.00E-02	2.95E-01	3.35E-01	7.00E-01	7.44E-01	-7.21E-02	-2.17E+00	9.37E-05	
group_1000	9.00E-02	8.06E-02	7.28E-02	-1.38E+00	8.36E-01	1.03E-01	-2.12E+00	2.82E-01	
group_935	9.00E-02	2.95E-01	2.57E-01	-8.17E-01	7.42E-01	5.80E-02	-2.45E+00	1.05E-02	
group_859	9.00E-02	2.95E-01	1.77E-01	1.07E+00	8.31E-01	-1.07E-01	-2.91E+00	-2.12E-01	
group_844	9.00E-02	1.44E-02	7.41E-03	-2.01E+00	1.07E+00	1.71E-01	-1.37E+00	5.39E-01	bad-chisq
group_818	9.00E-02	7.27E-01	3.74E-01	-3.12E-01	1.49E+00	3.87E-02	-1.24E+00	2.04E-01	bad-chisq
group_648	9.00E-02	1.44E-02	9.83E-03	1.90E+00	1.07E+00	-1.43E-01	-1.23E+00	2.78E-01	bad-chisq
group_633	9.00E-02	2.95E-01	1.81E-01	1.07E+00	8.39E-01	-1.00E-01	-2.63E+00	-2.30E-01	
group_577	9.00E-02	7.27E-01	3.54E-01	-2.55E-01	1.49E+00	3.37E-02	-1.24E+00	8.56E-02	bad-chisq
group_534	9.00E-02	1.44E-02	9.83E-03	1.90E+00	1.07E+00	-1.43E-01	-1.23E+00	2.78E-01	bad-chisq
group_298	9.00E-02	1.44E-02	9.69E-03	-1.88E+00	1.08E+00	1.62E-01	-1.24E+00	8.10E-02	bad-chisq
group_227	9.00E-02	1.44E-02	9.83E-03	1.90E+00	1.07E+00	-1.43E-01	-1.23E+00	2.78E-01	bad-chisq
group_176	9.00E-02	7.27E-01	3.74E-01	-3.12E-01	1.49E+00	3.87E-02	-1.24E+00	2.04E-01	bad-chisq
group_4727	8.00E-02	3.19E-03	1.66E-03	3.05E+00	6.48E-01	-1.66E-01	-1.20E+00	-3.59E-01	bad-chisq
group_4725	8.00E-02	3.19E-03	1.66E-03	3.05E+00	6.48E-01	-1.66E-01	-1.20E+00	-3.59E-01	bad-chisq
group_4544	8.00E-02	2.70E-02	2.17E-02	1.83E+00	1.05E+00	-1.28E-01	-1.08E+00	-4.60E-01	bad-chisq
group_4543	8.00E-02	2.70E-02	2.17E-02	1.83E+00	1.05E+00	-1.28E-01	-1.08E+00	-4.60E-01	bad-chisq
group_4542	8.00E-02	2.70E-02	2.17E-02	1.83E+00	1.05E+00	-1.28E-01	-1.08E+00	-4.60E-01	bad-chisq
group_4541	8.00E-02	2.70E-02	2.17E-02	1.83E+00	1.05E+00	-1.28E-01	-1.08E+00	-4.60E-01	bad-chisq
group_4540	8.00E-02	2.70E-02	2.17E-02	1.83E+00	1.05E+00	-1.28E-01	-1.08E+00	-4.60E-01	bad-chisq
group_4539	8.00E-02	2.70E-02	2.17E-02	1.83E+00	1.05E+00	-1.28E-01	-1.08E+00	-4.60E-01	bad-chisq
group_4538	8.00E-02	2.70E-02	2.17E-02	1.83E+00	1.05E+00	-1.28E-01	-1.08E+00	-4.60E-01	bad-chisq
group_4471	8.00E-02	3.19E-03	6.08E-04	-3.43E+00	6.48E-01	2.07E-01	-2.02E+00	1.09E+00	bad-chisq
group_4470	8.00E-02	3.19E-03	6.08E-04	-3.43E+00	6.48E-01	2.07E-01	-2.02E+00	1.09E+00	bad-chisq
group_4302	8.00E-02	1.40E-01	1.40E-01	1.23E+00	8.84E-01	-1.03E-01	-2.18E+00	-3.38E-01	
group_4299	8.00E-02	1.40E-01	1.40E-01	1.23E+00	8.84E-01	-1.03E-01	-2.18E+00	-3.38E-01	
tnpA	8.00E-02	3.19E-03	2.07E-03	2.96E+00	6.49E-01	-1.58E-01	-9.47E-01	2.36E-02	bad-chisq
group_3897	8.00E-02	2.70E-02	2.18E-02	1.72E+00	1.06E+00	-1.18E-01	-1.21E+00	-2.23E-02	bad-chisq
group_3846	8.00E-02	1.40E-01	1.49E-01	1.14E+00	8.44E-01	-9.51E-02	-2.17E+00	9.38E-02	
group_3839	8.00E-02	3.19E-03	2.07E-03	2.96E+00	6.49E-01	-1.58E-01	-9.47E-01	2.36E-02	bad-chisq
group_3703	8.00E-02	3.19E-03	1.94E-03	2.97E+00	6.49E-01	-1.59E-01	-1.05E+00	3.83E-02	bad-chisq
group_3425	8.00E-02	1.40E-01	1.06E-01	-1.28E+00	8.46E-01	7.91E-02	-2.62E+00	1.34E-01	
group_3323	8.00E-02	3.19E-03	1.45E-03	3.07E+00	6.48E-01	-1.69E-01	-1.32E+00	4.65E-01	bad-chisq
group_3322	8.00E-02	1.40E-01	1.38E-01	1.23E+00	8.81E-01	-1.03E-01	-2.22E+00	-3.21E-01	
group_3320	8.00E-02	3.19E-03	1.45E-03	3.07E+00	6.48E-01	-1.69E-01	-1.32E+00	4.65E-01	bad-chisq
group_3301	8.00E-02	4.61E-01	2.98E-01	4.95E-01	1.38E+00	-3.36E-02	-1.21E+00	1.48E-01	bad-chisq
mgsA	8.00E-02	1.40E-01	1.40E-01	1.23E+00	8.84E-01	-1.03E-01	-2.18E+00	-3.38E-01	
group_3171	8.00E-02	4.61E-01	3.24E-01	4.70E-01	1.38E+00	-3.14E-02	-1.18E+00	-2.85E-02	bad-chisq
group_3132	8.00E-02	3.19E-03	1.59E-03	3.05E+00	6.48E-01	-1.68E-01	-1.12E+00	4.91E-01	bad-chisq
group_3050	8.00E-02	1.40E-01	1.40E-01	1.23E+00	8.84E-01	-1.03E-01	-2.18E+00	-3.38E-01	
group_3035	8.00E-02	3.19E-03	1.94E-03	2.97E+00	6.49E-01	-1.59E-01	-1.05E+00	3.83E-02	bad-chisq
group_3018	8.00E-02	3.19E-03	1.45E-03	3.07E+00	6.48E-01	-1.69E-01	-1.32E+00	4.65E-01	bad-chisq
group_2743	8.00E-02	1.00E+00	4.45E-01	-7.11E-02	1.41E+00	1.48E-02	-1.23E+00	9.92E-02	bad-chisq
group_2641	8.00E-02	3.19E-03	1.66E-03	3.05E+00	6.48E-01	-1.66E-01	-1.20E+00	-3.59E-01	bad-chisq
group_2483	8.00E-02	3.19E-03	1.59E-03	3.05E+00	6.48E-01	-1.68E-01	-1.12E+00	4.91E-01	bad-chisq
group_2457	8.00E-02	1.40E-01	1.15E-01	-1.24E+00	8.45E-01	7.82E-02	-2.49E+00	4.05E-02	
group_2310	8.00E-02	3.19E-03	1.94E-03	2.97E+00	6.49E-01	-1.59E-01	-1.05E+00	3.83E-02	bad-chisq
group_2236	8.00E-02	3.19E-03	1.45E-03	3.07E+00	6.48E-01	-1.69E-01	-1.32E+00	4.65E-01	bad-chisq
group_2195	8.00E-02	3.19E-03	6.08E-04	-3.43E+00	6.48E-01	2.07E-01	-2.02E+00	1.09E+00	bad-chisq
group_2158	8.00E-02	1.40E-01	1.45E-01	1.15E+00	8.44E-01	-9.66E-02	-2.20E+00	1.48E-01	
group_2088	8.00E-02	4.61E-01	2.86E-01	-5.58E-01	1.38E+00	5.72E-02	-1.29E+00	-5.28E-02	bad-chisq
group_2050	8.00E-02	2.70E-02	2.25E-02	1.72E+00	1.06E+00	-1.18E-01	-1.09E+00	2.59E-01	bad-chisq
group_2000	8.00E-02	1.00E+00	4.42E-01	-6.11E-02	1.41E+00	1.41E-02	-1.23E+00	8.08E-02	bad-chisq
group_1907	8.00E-02	4.61E-01	3.12E-01	4.60E-01	1.38E+00	-3.10E-02	-1.17E+00	1.30E-01	bad-chisq
group_1870	8.00E-02	1.40E-01	1.40E-01	1.23E+00	8.84E-01	-1.03E-01	-2.18E+00	-3.38E-01	
group_1809	8.00E-02	3.19E-03	6.08E-04	-3.43E+00	6.48E-01	2.07E-01	-2.02E+00	1.09E+00	bad-chisq
group_1706	8.00E-02	3.19E-03	1.94E-03	2.97E+00	6.49E-01	-1.59E-01	-1.05E+00	3.83E-02	bad-chisq
group_1600	8.00E-02	3.19E-03	1.66E-03	3.05E+00	6.48E-01	-1.66E-01	-1.20E+00	-3.59E-01	bad-chisq
group_1571	8.00E-02	3.19E-03	1.94E-03	2.97E+00	6.49E-01	-1.59E-01	-1.05E+00	3.83E-02	bad-chisq
group_1529	8.00E-02	1.40E-01	1.40E-01	1.23E+00	8.84E-01	-1.03E-01	-2.18E+00	-3.38E-01	
group_1473	8.00E-02	2.70E-02	2.17E-02	1.83E+00	1.05E+00	-1.28E-01	-1.08E+00	-4.60E-01	bad-chisq
group_1195	8.00E-02	1.40E-01	1.49E-01	1.14E+00	8.44E-01	-9.51E-02	-2.17E+00	9.38E-02	
group_1094	8.00E-02	2.70E-02	2.45E-02	1.69E+00	1.06E+00	-1.15E-01	-1.03E+00	4.46E-02	bad-chisq
group_1012	8.00E-02	2.70E-02	1.90E-02	1.79E+00	1.06E+00	-1.24E-01	-1.28E+00	3.84E-01	bad-chisq
mobP2	8.00E-02	2.70E-02	2.18E-02	1.72E+00	1.06E+00	-1.18E-01	-1.21E+00	-2.23E-02	bad-chisq
group_741	8.00E-02	3.19E-03	1.62E-03	-3.00E+00	6.54E-01	1.81E-01	-1.23E+00	1.51E-01	bad-chisq
group_733	8.00E-02	1.40E-01	1.38E-01	1.23E+00	8.81E-01	-1.03E-01	-2.22E+00	-3.21E-01	
group_308	8.00E-02	1.40E-01	1.38E-01	1.23E+00	8.81E-01	-1.03E-01	-2.22E+00	-3.21E-01	
group_4734	7.00E-02	6.08E-03	4.55E-03	2.81E+00	6.41E-01	-1.36E-01	-1.03E+00	5.37E-02	bad-chisq
group_4555	7.00E-02	6.95E-01	4.71E-01	2.75E-01	1.31E+00	-1.21E-02	-1.19E+00	1.72E-01	bad-chisq
group_4554	7.00E-02	5.00E-02	4.56E-02	1.64E+00	1.03E+00	-1.02E-01	-1.11E+00	-3.67E-01	bad-chisq
group_4553	7.00E-02	5.00E-02	4.56E-02	1.64E+00	1.03E+00	-1.02E-01	-1.11E+00	-3.67E-01	bad-chisq
group_4552	7.00E-02	5.00E-02	4.56E-02	1.64E+00	1.03E+00	-1.02E-01	-1.11E+00	-3.67E-01	bad-chisq
group_4551	7.00E-02	5.00E-02	4.56E-02	1.64E+00	1.03E+00	-1.02E-01	-1.11E+00	-3.67E-01	bad-chisq
group_4550	7.00E-02	5.00E-02	4.56E-02	1.64E+00	1.03E+00	-1.02E-01	-1.11E+00	-3.67E-01	bad-chisq
group_4549	7.00E-02	5.00E-02	4.56E-02	1.64E+00	1.03E+00	-1.02E-01	-1.11E+00	-3.67E-01	bad-chisq
group_4548	7.00E-02	5.00E-02	4.56E-02	1.64E+00	1.03E+00	-1.02E-01	-1.11E+00	-3.67E-01	bad-chisq
group_4547	7.00E-02	5.00E-02	4.56E-02	1.64E+00	1.03E+00	-1.02E-01	-1.11E+00	-3.67E-01	bad-chisq
group_4546	7.00E-02	5.00E-02	4.56E-02	1.64E+00	1.03E+00	-1.02E-01	-1.11E+00	-3.67E-01	bad-chisq
group_4545	7.00E-02	5.00E-02	4.56E-02	1.64E+00	1.03E+00	-1.02E-01	-1.11E+00	-3.67E-01	bad-chisq
group_4534	7.00E-02	2.40E-01	1.99E-01	8.32E-01	1.23E+00	-5.31E-02	-1.16E+00	1.80E-01	bad-chisq
group_4473	7.00E-02	2.40E-01	2.08E-01	8.19E-01	1.23E+00	-5.20E-02	-1.15E+00	-4.27E-02	bad-chisq
group_4469	7.00E-02	6.08E-03	1.76E-03	-3.22E+00	6.40E-01	1.78E-01	-1.83E+00	9.10E-01	bad-chisq
group_4448	7.00E-02	5.00E-02	4.56E-02	1.64E+00	1.03E+00	-1.02E-01	-1.11E+00	-3.67E-01	bad-chisq
group_4387	7.00E-02	2.40E-01	1.74E-01	-8.88E-01	1.23E+00	7.54E-02	-1.29E+00	8.63E-02	bad-chisq
group_4376	7.00E-02	5.00E-02	4.91E-02	1.53E+00	1.03E+00	-9.38E-02	-1.07E+00	-5.09E-02	bad-chisq
group_4264	7.00E-02	6.95E-01	4.43E-01	2.38E-01	1.31E+00	-9.66E-03	-1.20E+00	8.86E-02	bad-chisq
group_4224	7.00E-02	2.40E-01	2.08E-01	8.09E-01	1.23E+00	-5.13E-02	-1.14E+00	-4.02E-04	bad-chisq
group_4174	7.00E-02	2.40E-01	1.56E-02	2.95E+00	8.05E-01	-1.74E-01	-4.51E+00	3.57E-01	bad-chisq
group_4129	7.00E-02	2.40E-01	1.56E-02	2.95E+00	8.05E-01	-1.74E-01	-4.51E+00	3.57E-01	bad-chisq
group_4103	7.00E-02	2.40E-01	1.56E-02	2.95E+00	8.05E-01	-1.74E-01	-4.51E+00	3.57E-01	bad-chisq
group_4042	7.00E-02	6.95E-01	3.79E-01	4.96E-01	1.27E+00	-2.94E-02	-1.42E+00	-1.95E-02	bad-chisq
group_3990	7.00E-02	5.00E-02	4.56E-02	1.64E+00	1.03E+00	-1.02E-01	-1.11E+00	-3.67E-01	bad-chisq
group_3963	7.00E-02	6.95E-01	3.79E-01	4.96E-01	1.27E+00	-2.94E-02	-1.42E+00	-1.95E-02	bad-chisq
group_3820	7.00E-02	5.00E-02	4.56E-02	1.64E+00	1.03E+00	-1.02E-01	-1.11E+00	-3.67E-01	bad-chisq
group_3787	7.00E-02	2.40E-01	1.65E-01	-9.21E-01	1.23E+00	7.76E-02	-1.34E+00	1.67E-01	bad-chisq
group_3765	7.00E-02	5.00E-02	4.56E-02	1.64E+00	1.03E+00	-1.02E-01	-1.11E+00	-3.67E-01	bad-chisq
group_3731	7.00E-02	5.00E-02	4.39E-02	1.59E+00	1.03E+00	-9.78E-02	-1.22E+00	-1.76E-01	bad-chisq
group_3719	7.00E-02	2.40E-01	1.56E-02	2.95E+00	8.05E-01	-1.74E-01	-4.51E+00	3.57E-01	bad-chisq
group_3683	7.00E-02	6.08E-03	4.11E-03	2.86E+00	6.41E-01	-1.40E-01	-1.16E+00	-2.12E-01	bad-chisq
group_3658	7.00E-02	6.08E-03	3.98E-03	2.84E+00	6.42E-01	-1.38E-01	-1.24E+00	9.45E-02	bad-chisq
group_3650	7.00E-02	2.40E-01	1.56E-02	2.95E+00	8.05E-01	-1.74E-01	-4.51E+00	3.57E-01	bad-chisq
group_3631	7.00E-02	6.95E-01	3.79E-01	4.96E-01	1.27E+00	-2.94E-02	-1.42E+00	-1.95E-02	bad-chisq
group_3628	7.00E-02	5.00E-02	4.39E-02	1.59E+00	1.03E+00	-9.78E-02	-1.22E+00	-1.76E-01	bad-chisq
group_3569	7.00E-02	6.08E-03	4.11E-03	2.86E+00	6.41E-01	-1.40E-01	-1.16E+00	-2.12E-01	bad-chisq
group_3522	7.00E-02	5.00E-02	4.56E-02	1.64E+00	1.03E+00	-1.02E-01	-1.11E+00	-3.67E-01	bad-chisq
group_3511	7.00E-02	5.00E-02	4.56E-02	1.64E+00	1.03E+00	-1.02E-01	-1.11E+00	-3.67E-01	bad-chisq
group_3485	7.00E-02	6.95E-01	4.10E-01	-3.40E-01	1.31E+00	3.53E-02	-1.28E+00	6.03E-02	bad-chisq
group_3275	7.00E-02	6.95E-01	5.14E-01	-9.79E-02	1.29E+00	1.67E-02	-1.17E+00	7.18E-02	bad-chisq
group_3248	7.00E-02	6.08E-03	3.98E-03	2.84E+00	6.42E-01	-1.38E-01	-1.24E+00	9.45E-02	bad-chisq
group_3242	7.00E-02	6.08E-03	3.98E-03	2.84E+00	6.42E-01	-1.38E-01	-1.24E+00	9.45E-02	bad-chisq
group_3238	7.00E-02	6.95E-01	3.79E-01	4.96E-01	1.27E+00	-2.94E-02	-1.42E+00	-1.95E-02	bad-chisq
group_3218	7.00E-02	5.00E-02	4.56E-02	1.64E+00	1.03E+00	-1.02E-01	-1.11E+00	-3.67E-01	bad-chisq
group_3194	7.00E-02	2.40E-01	2.01E-01	8.35E-01	1.23E+00	-5.32E-02	-1.14E+00	2.04E-01	bad-chisq
group_3148	7.00E-02	5.00E-02	4.39E-02	1.59E+00	1.03E+00	-9.78E-02	-1.22E+00	-1.76E-01	bad-chisq
group_3145	7.00E-02	6.95E-01	3.79E-01	4.96E-01	1.27E+00	-2.94E-02	-1.42E+00	-1.95E-02	bad-chisq
group_3057	7.00E-02	2.40E-01	1.56E-02	2.95E+00	8.05E-01	-1.74E-01	-4.51E+00	3.57E-01	bad-chisq
group_3028	7.00E-02	2.40E-01	1.56E-02	2.95E+00	8.05E-01	-1.74E-01	-4.51E+00	3.57E-01	bad-chisq
group_2953	7.00E-02	6.08E-03	3.98E-03	2.84E+00	6.42E-01	-1.38E-01	-1.24E+00	9.45E-02	bad-chisq
group_2915	7.00E-02	6.08E-03	4.11E-03	2.86E+00	6.41E-01	-1.40E-01	-1.16E+00	-2.12E-01	bad-chisq
group_2903	7.00E-02	6.08E-03	4.11E-03	2.86E+00	6.41E-01	-1.40E-01	-1.16E+00	-2.12E-01	bad-chisq
group_2869	7.00E-02	2.40E-01	1.56E-02	2.95E+00	8.05E-01	-1.74E-01	-4.51E+00	3.57E-01	bad-chisq
group_2712	7.00E-02	6.95E-01	3.79E-01	4.96E-01	1.27E+00	-2.94E-02	-1.42E+00	-1.95E-02	bad-chisq
group_2607	7.00E-02	6.95E-01	4.48E-01	2.29E-01	1.31E+00	-8.95E-03	-1.20E+00	7.40E-02	bad-chisq
group_2596	7.00E-02	6.95E-01	3.79E-01	4.96E-01	1.27E+00	-2.94E-02	-1.42E+00	-1.95E-02	bad-chisq
group_2453	7.00E-02	5.00E-02	4.55E-02	1.63E+00	1.03E+00	-1.02E-01	-1.12E+00	-3.48E-01	bad-chisq
group_2401	7.00E-02	6.95E-01	3.79E-01	4.96E-01	1.27E+00	-2.94E-02	-1.42E+00	-1.95E-02	bad-chisq
group_2354	7.00E-02	6.08E-03	4.11E-03	2.86E+00	6.41E-01	-1.40E-01	-1.16E+00	-2.12E-01	bad-chisq
group_2298	7.00E-02	5.00E-02	4.56E-02	1.64E+00	1.03E+00	-1.02E-01	-1.11E+00	-3.67E-01	bad-chisq
group_2287	7.00E-02	6.95E-01	3.79E-01	4.96E-01	1.27E+00	-2.94E-02	-1.42E+00	-1.95E-02	bad-chisq
group_2183	7.00E-02	2.40E-01	1.56E-02	2.95E+00	8.05E-01	-1.74E-01	-4.51E+00	3.57E-01	bad-chisq
ribD	7.00E-02	5.00E-02	4.39E-02	1.59E+00	1.03E+00	-9.78E-02	-1.22E+00	-1.76E-01	bad-chisq
group_2166	7.00E-02	6.95E-01	3.79E-01	4.96E-01	1.27E+00	-2.94E-02	-1.42E+00	-1.95E-02	bad-chisq
group_2124	7.00E-02	6.08E-03	3.98E-03	2.84E+00	6.42E-01	-1.38E-01	-1.24E+00	9.45E-02	bad-chisq
group_2119	7.00E-02	5.00E-02	4.56E-02	1.64E+00	1.03E+00	-1.02E-01	-1.11E+00	-3.67E-01	bad-chisq
group_2118	7.00E-02	5.00E-02	4.34E-02	1.57E+00	1.03E+00	-9.63E-02	-1.25E+00	-3.07E-02	bad-chisq
group_2093	7.00E-02	5.00E-02	4.56E-02	1.64E+00	1.03E+00	-1.02E-01	-1.11E+00	-3.67E-01	bad-chisq
group_2025	7.00E-02	5.00E-02	4.56E-02	1.64E+00	1.03E+00	-1.02E-01	-1.11E+00	-3.67E-01	bad-chisq
group_1782	7.00E-02	5.00E-02	4.39E-02	1.59E+00	1.03E+00	-9.78E-02	-1.22E+00	-1.76E-01	bad-chisq
ftsL	7.00E-02	6.95E-01	3.79E-01	4.96E-01	1.27E+00	-2.94E-02	-1.42E+00	-1.95E-02	bad-chisq
group_1698	7.00E-02	6.95E-01	4.35E-01	-3.54E-01	1.31E+00	3.59E-02	-1.24E+00	1.92E-01	bad-chisq
group_1661	7.00E-02	6.08E-03	4.11E-03	2.86E+00	6.41E-01	-1.40E-01	-1.16E+00	-2.12E-01	bad-chisq
group_1616	7.00E-02	6.08E-03	4.11E-03	2.86E+00	6.41E-01	-1.40E-01	-1.16E+00	-2.12E-01	bad-chisq
group_1546	7.00E-02	6.95E-01	3.79E-01	4.96E-01	1.27E+00	-2.94E-02	-1.42E+00	-1.95E-02	bad-chisq
group_1455	7.00E-02	5.00E-02	4.57E-02	1.62E+00	1.03E+00	-1.01E-01	-1.12E+00	-3.22E-01	bad-chisq
group_1293	7.00E-02	6.08E-03	4.11E-03	2.86E+00	6.41E-01	-1.40E-01	-1.16E+00	-2.12E-01	bad-chisq
group_1186	7.00E-02	6.95E-01	3.79E-01	4.96E-01	1.27E+00	-2.94E-02	-1.42E+00	-1.95E-02	bad-chisq
group_1173	7.00E-02	2.40E-01	2.19E-01	8.06E-01	1.23E+00	-5.11E-02	-1.10E+00	-6.49E-02	bad-chisq
group_1165	7.00E-02	5.00E-02	4.51E-02	1.58E+00	1.03E+00	-9.72E-02	-1.18E+00	-1.75E-01	bad-chisq
insH	7.00E-02	2.40E-01	2.04E-01	8.32E-01	1.23E+00	-5.28E-02	-1.17E+00	-5.50E-02	bad-chisq
group_1018	7.00E-02	2.40E-01	1.56E-02	2.95E+00	8.05E-01	-1.74E-01	-4.51E+00	3.57E-01	bad-chisq
group_978	7.00E-02	5.00E-02	4.57E-02	1.62E+00	1.03E+00	-1.01E-01	-1.12E+00	-3.22E-01	bad-chisq
group_962	7.00E-02	2.40E-01	2.19E-01	8.06E-01	1.23E+00	-5.11E-02	-1.10E+00	-6.49E-02	bad-chisq
group_954	7.00E-02	6.95E-01	3.79E-01	4.96E-01	1.27E+00	-2.94E-02	-1.42E+00	-1.95E-02	bad-chisq
group_943	7.00E-02	6.08E-03	4.11E-03	2.86E+00	6.41E-01	-1.40E-01	-1.16E+00	-2.12E-01	bad-chisq
group_924	7.00E-02	6.08E-03	3.98E-03	2.84E+00	6.42E-01	-1.38E-01	-1.24E+00	9.45E-02	bad-chisq
group_876	7.00E-02	6.08E-03	4.11E-03	2.86E+00	6.41E-01	-1.40E-01	-1.16E+00	-2.12E-01	bad-chisq
group_847	7.00E-02	6.08E-03	4.11E-03	2.86E+00	6.41E-01	-1.40E-01	-1.16E+00	-2.12E-01	bad-chisq
group_831	7.00E-02	5.00E-02	4.39E-02	1.59E+00	1.03E+00	-9.78E-02	-1.22E+00	-1.76E-01	bad-chisq
group_703	7.00E-02	6.08E-03	4.11E-03	2.86E+00	6.41E-01	-1.40E-01	-1.16E+00	-2.12E-01	bad-chisq
group_692	7.00E-02	2.40E-01	1.56E-02	2.95E+00	8.05E-01	-1.74E-01	-4.51E+00	3.57E-01	bad-chisq
group_594	7.00E-02	2.40E-01	1.56E-02	2.95E+00	8.05E-01	-1.74E-01	-4.51E+00	3.57E-01	bad-chisq
group_575	7.00E-02	5.00E-02	4.56E-02	1.64E+00	1.03E+00	-1.02E-01	-1.11E+00	-3.67E-01	bad-chisq
group_514	7.00E-02	2.40E-01	1.56E-02	2.95E+00	8.05E-01	-1.74E-01	-4.51E+00	3.57E-01	bad-chisq
group_493	7.00E-02	6.95E-01	3.79E-01	4.96E-01	1.27E+00	-2.94E-02	-1.42E+00	-1.95E-02	bad-chisq
traG	7.00E-02	6.95E-01	3.79E-01	4.96E-01	1.27E+00	-2.94E-02	-1.42E+00	-1.95E-02	bad-chisq
group_300	7.00E-02	5.00E-02	4.56E-02	1.64E+00	1.03E+00	-1.02E-01	-1.11E+00	-3.67E-01	bad-chisq
group_202	7.00E-02	2.40E-01	1.56E-02	2.95E+00	8.05E-01	-1.74E-01	-4.51E+00	3.57E-01	bad-chisq
group_196	7.00E-02	6.95E-01	3.79E-01	4.96E-01	1.27E+00	-2.94E-02	-1.42E+00	-1.95E-02	bad-chisq
group_12	7.00E-02	5.00E-02	4.56E-02	1.64E+00	1.03E+00	-1.02E-01	-1.11E+00	-3.67E-01	bad-chisq
group_4735	6.00E-02	1.15E-02	1.06E-02	2.64E+00	6.32E-01	-1.14E-01	-1.03E+00	9.38E-02	bad-chisq
group_4556	6.00E-02	9.21E-02	9.21E-02	1.39E+00	1.01E+00	-7.61E-02	-1.09E+00	3.29E-01	bad-chisq
group_4400	6.00E-02	9.21E-02	7.93E-02	-1.43E+00	1.01E+00	9.58E-02	-1.32E+00	-3.94E-02	bad-chisq
group_4216	6.00E-02	4.00E-01	3.10E-01	-7.26E-01	1.17E+00	5.64E-02	-1.25E+00	2.80E-01	bad-chisq
group_4215	6.00E-02	4.00E-01	3.10E-01	-7.26E-01	1.17E+00	5.64E-02	-1.25E+00	2.80E-01	bad-chisq
group_4214	6.00E-02	4.00E-01	3.10E-01	-7.26E-01	1.17E+00	5.64E-02	-1.25E+00	2.80E-01	bad-chisq
group_4213	6.00E-02	4.00E-01	3.10E-01	-7.26E-01	1.17E+00	5.64E-02	-1.25E+00	2.80E-01	bad-chisq
group_4212	6.00E-02	4.00E-01	3.10E-01	-7.26E-01	1.17E+00	5.64E-02	-1.25E+00	2.80E-01	bad-chisq
group_4211	6.00E-02	4.00E-01	3.10E-01	-7.26E-01	1.17E+00	5.64E-02	-1.25E+00	2.80E-01	bad-chisq
group_4210	6.00E-02	4.00E-01	3.10E-01	-7.26E-01	1.17E+00	5.64E-02	-1.25E+00	2.80E-01	bad-chisq
group_4209	6.00E-02	9.21E-02	7.10E-02	-1.56E+00	1.00E+00	1.02E-01	-1.29E+00	5.17E-01	bad-chisq
group_4208	6.00E-02	9.21E-02	7.10E-02	-1.56E+00	1.00E+00	1.02E-01	-1.29E+00	5.17E-01	bad-chisq
group_4207	6.00E-02	9.21E-02	7.10E-02	-1.56E+00	1.00E+00	1.02E-01	-1.29E+00	5.17E-01	bad-chisq
group_4206	6.00E-02	9.21E-02	7.10E-02	-1.56E+00	1.00E+00	1.02E-01	-1.29E+00	5.17E-01	bad-chisq
group_4204	6.00E-02	9.21E-02	7.10E-02	-1.56E+00	1.00E+00	1.02E-01	-1.29E+00	5.17E-01	bad-chisq
group_4203	6.00E-02	9.21E-02	7.10E-02	-1.56E+00	1.00E+00	1.02E-01	-1.29E+00	5.17E-01	bad-chisq
group_4202	6.00E-02	9.21E-02	7.10E-02	-1.56E+00	1.00E+00	1.02E-01	-1.29E+00	5.17E-01	bad-chisq
group_4167	6.00E-02	1.15E-02	1.98E-02	-3.49E+00	7.21E-01	1.80E-01	2.23E+00	5.18E-01	bad-chisq
group_4145	6.00E-02	1.15E-02	1.98E-02	-3.49E+00	7.21E-01	1.80E-01	2.23E+00	5.18E-01	bad-chisq
group_4033	6.00E-02	1.15E-02	1.98E-02	-3.49E+00	7.21E-01	1.80E-01	2.23E+00	5.18E-01	bad-chisq
group_4017	6.00E-02	1.15E-02	8.34E-03	2.73E+00	6.32E-01	-1.20E-01	-1.31E+00	3.31E-01	bad-chisq
group_3993	6.00E-02	4.00E-01	3.77E-01	5.65E-01	1.17E+00	-2.88E-02	-1.13E+00	-1.30E-02	bad-chisq
group_3818	6.00E-02	1.15E-02	1.98E-02	-3.49E+00	7.21E-01	1.80E-01	2.23E+00	5.18E-01	bad-chisq
group_3793	6.00E-02	4.00E-01	3.59E-01	5.73E-01	1.17E+00	-2.94E-02	-1.15E+00	3.51E-02	bad-chisq
group_3704	6.00E-02	4.00E-01	3.33E-01	6.19E-01	1.17E+00	-3.21E-02	-1.21E+00	1.30E-01	bad-chisq
group_3632	6.00E-02	1.00E+00	6.09E-01	2.26E-01	1.19E+00	-6.51E-03	-1.30E+00	3.08E-02	bad-chisq
group_3489	6.00E-02	9.21E-02	8.15E-02	1.41E+00	1.01E+00	-7.60E-02	-1.33E+00	1.12E-01	bad-chisq
group_3478	6.00E-02	1.15E-02	1.98E-02	-3.49E+00	7.21E-01	1.80E-01	2.23E+00	5.18E-01	bad-chisq
group_3441	6.00E-02	1.00E+00	5.68E-01	2.19E-01	1.19E+00	-5.25E-03	-1.27E+00	7.76E-02	bad-chisq
group_3315	6.00E-02	1.15E-02	8.34E-03	2.73E+00	6.32E-01	-1.20E-01	-1.31E+00	3.31E-01	bad-chisq
group_3201	6.00E-02	4.00E-01	3.59E-01	5.73E-01	1.17E+00	-2.94E-02	-1.15E+00	3.51E-02	bad-chisq
group_3176	6.00E-02	1.00E+00	6.09E-01	2.26E-01	1.19E+00	-6.51E-03	-1.30E+00	3.08E-02	bad-chisq
group_3123	6.00E-02	1.15E-02	9.03E-03	2.79E+00	6.31E-01	-1.24E-01	-1.13E+00	-4.58E-01	bad-chisq
group_3121	6.00E-02	4.00E-01	3.10E-01	-7.26E-01	1.17E+00	5.64E-02	-1.25E+00	2.80E-01	bad-chisq
group_3099	6.00E-02	4.00E-01	3.06E-01	-6.70E-01	1.17E+00	5.36E-02	-1.27E+00	1.08E-01	bad-chisq
group_3077	6.00E-02	1.00E+00	6.09E-01	2.26E-01	1.19E+00	-6.51E-03	-1.30E+00	3.08E-02	bad-chisq
group_2790	6.00E-02	9.21E-02	1.76E-02	2.68E+00	7.88E-01	-1.40E-01	-3.24E+00	5.20E-01	bad-chisq
group_2767	6.00E-02	4.00E-01	2.96E-01	-7.10E-01	1.17E+00	5.57E-02	-1.30E+00	1.84E-01	bad-chisq
group_2747	6.00E-02	4.00E-01	3.59E-01	5.73E-01	1.17E+00	-2.94E-02	-1.15E+00	3.51E-02	bad-chisq
group_2403	6.00E-02	1.00E+00	5.62E-01	-7.61E-03	1.22E+00	9.62E-03	-1.22E+00	8.75E-02	bad-chisq
group_2368	6.00E-02	4.00E-01	3.59E-01	5.99E-01	1.17E+00	-3.07E-02	-1.17E+00	-2.78E-02	bad-chisq
prgI	6.00E-02	1.00E+00	6.09E-01	2.26E-01	1.19E+00	-6.51E-03	-1.30E+00	3.08E-02	bad-chisq
group_2268	6.00E-02	1.15E-02	9.03E-03	2.79E+00	6.31E-01	-1.24E-01	-1.13E+00	-4.58E-01	bad-chisq
group_2246	6.00E-02	4.00E-01	3.06E-01	-6.70E-01	1.17E+00	5.36E-02	-1.27E+00	1.08E-01	bad-chisq
group_2230	6.00E-02	1.15E-02	4.96E-03	-2.99E+00	6.31E-01	1.50E-01	-1.68E+00	7.49E-01	bad-chisq
group_2221	6.00E-02	1.15E-02	1.04E-02	2.65E+00	6.32E-01	-1.14E-01	-1.07E+00	1.63E-02	bad-chisq
group_1974	6.00E-02	4.00E-01	3.59E-01	5.73E-01	1.17E+00	-2.94E-02	-1.15E+00	3.51E-02	bad-chisq
group_1874	6.00E-02	4.00E-01	3.59E-01	5.73E-01	1.17E+00	-2.94E-02	-1.15E+00	3.51E-02	bad-chisq
group_1808	6.00E-02	9.21E-02	8.15E-02	1.41E+00	1.01E+00	-7.60E-02	-1.33E+00	1.12E-01	bad-chisq
mmcB	6.00E-02	1.15E-02	7.70E-03	-2.75E+00	6.35E-01	1.39E-01	-1.43E+00	-1.05E-01	bad-chisq
group_1740	6.00E-02	1.15E-02	8.45E-03	2.72E+00	6.32E-01	-1.18E-01	-1.32E+00	2.48E-01	bad-chisq
group_1689	6.00E-02	1.15E-02	7.70E-03	-2.75E+00	6.35E-01	1.39E-01	-1.43E+00	-1.05E-01	bad-chisq
group_1684	6.00E-02	1.15E-02	1.98E-02	-3.49E+00	7.21E-01	1.80E-01	2.23E+00	5.18E-01	bad-chisq
group_1592	6.00E-02	9.21E-02	9.90E-02	1.33E+00	1.01E+00	-7.15E-02	-1.09E+00	1.88E-02	bad-chisq
group_1453	6.00E-02	4.00E-01	3.65E-01	5.94E-01	1.17E+00	-3.05E-02	-1.16E+00	-3.58E-02	bad-chisq
group_1092	6.00E-02	1.15E-02	1.98E-02	-3.49E+00	7.21E-01	1.80E-01	2.23E+00	5.18E-01	bad-chisq
prgN	6.00E-02	4.00E-01	3.59E-01	5.73E-01	1.17E+00	-2.94E-02	-1.15E+00	3.51E-02	bad-chisq
group_858	6.00E-02	4.00E-01	3.10E-01	-7.26E-01	1.17E+00	5.64E-02	-1.25E+00	2.80E-01	bad-chisq
group_848	6.00E-02	4.00E-01	3.59E-01	5.73E-01	1.17E+00	-2.94E-02	-1.15E+00	3.51E-02	bad-chisq
group_681	6.00E-02	9.21E-02	1.76E-02	2.68E+00	7.88E-01	-1.40E-01	-3.24E+00	5.20E-01	bad-chisq
group_638	6.00E-02	4.00E-01	3.59E-01	5.73E-01	1.17E+00	-2.94E-02	-1.15E+00	3.51E-02	bad-chisq
group_459	6.00E-02	4.00E-01	3.10E-01	-7.16E-01	1.17E+00	5.59E-02	-1.25E+00	2.60E-01	bad-chisq
group_180	6.00E-02	4.00E-01	3.59E-01	5.73E-01	1.17E+00	-2.94E-02	-1.15E+00	3.51E-02	bad-chisq
group_4747	5.00E-02	6.46E-01	5.44E-01	-3.77E-01	1.10E+00	3.09E-02	-1.23E+00	7.54E-02	bad-chisq
group_4731	5.00E-02	2.18E-02	2.34E-02	2.51E+00	6.19E-01	-9.48E-02	-1.11E+00	-2.11E-01	bad-chisq
group_4726	5.00E-02	2.18E-02	2.22E-02	2.51E+00	6.18E-01	-9.49E-02	-1.20E+00	-1.65E-01	bad-chisq
group_4643	5.00E-02	6.46E-01	5.49E-01	3.92E-01	1.10E+00	-1.32E-02	-1.23E+00	1.39E-01	bad-chisq
group_4641	5.00E-02	6.46E-01	5.71E-01	3.46E-01	1.10E+00	-1.10E-02	-1.20E+00	1.26E-01	bad-chisq
group_4626	5.00E-02	2.18E-02	2.53E-02	2.45E+00	6.19E-01	-9.18E-02	-1.03E+00	-2.51E-02	bad-chisq
group_4536	5.00E-02	6.46E-01	5.56E-01	3.80E-01	1.10E+00	-1.26E-02	-1.22E+00	1.38E-01	bad-chisq
group_4459	5.00E-02	6.46E-01	6.34E-01	2.88E-01	1.10E+00	-7.97E-03	-1.18E+00	2.70E-02	bad-chisq
group_4458	5.00E-02	1.69E-01	1.85E-01	1.14E+00	9.69E-01	-5.19E-02	-1.20E+00	-1.03E-02	bad-chisq
group_4454	5.00E-02	6.46E-01	5.70E-01	3.30E-01	1.10E+00	-1.03E-02	-1.20E+00	1.00E-01	bad-chisq
group_4405	5.00E-02	1.69E-01	1.63E-01	-1.20E+00	9.69E-01	7.34E-02	-1.30E+00	2.81E-02	bad-chisq
group_4398	5.00E-02	1.69E-01	1.63E-01	-1.20E+00	9.69E-01	7.34E-02	-1.30E+00	2.81E-02	bad-chisq
group_4383	5.00E-02	6.46E-01	5.49E-01	-3.71E-01	1.10E+00	3.06E-02	-1.22E+00	1.08E-01	bad-chisq
group_4382	5.00E-02	6.46E-01	5.49E-01	-3.71E-01	1.10E+00	3.06E-02	-1.22E+00	1.08E-01	bad-chisq
group_4381	5.00E-02	6.46E-01	5.49E-01	-3.71E-01	1.10E+00	3.06E-02	-1.22E+00	1.08E-01	bad-chisq
group_4380	5.00E-02	6.46E-01	5.49E-01	-3.71E-01	1.10E+00	3.06E-02	-1.22E+00	1.08E-01	bad-chisq
group_4379	5.00E-02	6.46E-01	5.49E-01	-3.71E-01	1.10E+00	3.06E-02	-1.22E+00	1.08E-01	bad-chisq
group_4378	5.00E-02	6.46E-01	5.49E-01	-3.71E-01	1.10E+00	3.06E-02	-1.22E+00	1.08E-01	bad-chisq
group_4339	5.00E-02	6.46E-01	5.23E-01	-4.24E-01	1.10E+00	3.32E-02	-1.26E+00	1.23E-01	bad-chisq
group_4338	5.00E-02	6.46E-01	5.29E-01	-4.27E-01	1.10E+00	3.33E-02	-1.25E+00	1.44E-01	bad-chisq
group_4293	5.00E-02	1.69E-01	1.89E-01	1.12E+00	9.70E-01	-5.13E-02	-1.15E+00	1.14E-01	bad-chisq
group_4219	5.00E-02	2.18E-02	2.09E-02	-2.51E+00	6.22E-01	1.13E-01	-1.20E+00	2.34E-01	bad-chisq
group_4205	5.00E-02	1.69E-01	1.60E-01	-1.29E+00	9.68E-01	7.65E-02	-1.23E+00	4.02E-01	bad-chisq
group_4083	5.00E-02	2.18E-02	2.22E-02	2.51E+00	6.18E-01	-9.49E-02	-1.20E+00	-1.65E-01	bad-chisq
group_4082	5.00E-02	2.18E-02	2.22E-02	2.51E+00	6.18E-01	-9.49E-02	-1.20E+00	-1.65E-01	bad-chisq
group_4040	5.00E-02	6.46E-01	5.21E-01	-4.32E-01	1.10E+00	3.36E-02	-1.27E+00	1.30E-01	bad-chisq
group_4024	5.00E-02	2.18E-02	1.86E-02	-2.55E+00	6.22E-01	1.16E-01	-1.40E+00	-4.44E-02	bad-chisq
group_3954	5.00E-02	6.46E-01	5.21E-01	-4.32E-01	1.10E+00	3.36E-02	-1.27E+00	1.30E-01	bad-chisq
group_3915	5.00E-02	2.18E-02	2.22E-02	2.51E+00	6.18E-01	-9.49E-02	-1.20E+00	-1.65E-01	bad-chisq
group_3890	5.00E-02	6.46E-01	6.04E-01	2.96E-01	1.10E+00	-8.48E-03	-1.19E+00	4.88E-02	bad-chisq
group_3805	5.00E-02	2.18E-02	2.22E-02	2.48E+00	6.20E-01	-9.35E-02	-1.20E+00	1.19E-01	bad-chisq
group_3763	5.00E-02	6.46E-01	6.04E-01	2.96E-01	1.10E+00	-8.48E-03	-1.19E+00	4.88E-02	bad-chisq
group_3744	5.00E-02	2.18E-02	1.84E-02	-2.57E+00	6.21E-01	1.17E-01	-1.40E+00	-1.66E-01	bad-chisq
group_3614	5.00E-02	6.46E-01	6.04E-01	2.96E-01	1.10E+00	-8.48E-03	-1.19E+00	4.88E-02	bad-chisq
group_3609	5.00E-02	6.46E-01	6.04E-01	2.96E-01	1.10E+00	-8.48E-03	-1.19E+00	4.88E-02	bad-chisq
group_3494	5.00E-02	6.46E-01	5.21E-01	-4.32E-01	1.10E+00	3.36E-02	-1.27E+00	1.30E-01	bad-chisq
group_3490	5.00E-02	2.18E-02	2.22E-02	2.51E+00	6.18E-01	-9.49E-02	-1.20E+00	-1.65E-01	bad-chisq
group_3444	5.00E-02	2.18E-02	2.22E-02	2.51E+00	6.18E-01	-9.49E-02	-1.20E+00	-1.65E-01	bad-chisq
group_3424	5.00E-02	6.46E-01	5.21E-01	-4.32E-01	1.10E+00	3.36E-02	-1.27E+00	1.30E-01	bad-chisq
group_3330	5.00E-02	1.69E-01	1.52E-01	-1.32E+00	9.68E-01	7.81E-02	-1.28E+00	4.24E-01	bad-chisq
wzxC	5.00E-02	2.18E-02	2.22E-02	2.51E+00	6.18E-01	-9.49E-02	-1.20E+00	-1.65E-01	bad-chisq
group_3305	5.00E-02	1.69E-01	7.68E-02	1.87E+00	8.40E-01	-8.49E-02	-2.31E+00	-9.93E-02	bad-chisq
group_3229	5.00E-02	6.46E-01	5.21E-01	-4.32E-01	1.10E+00	3.36E-02	-1.27E+00	1.30E-01	bad-chisq
group_3191	5.00E-02	2.18E-02	2.22E-02	2.51E+00	6.18E-01	-9.49E-02	-1.20E+00	-1.65E-01	bad-chisq
group_3116	5.00E-02	6.46E-01	6.04E-01	2.96E-01	1.10E+00	-8.48E-03	-1.19E+00	4.88E-02	bad-chisq
group_3104	5.00E-02	2.18E-02	1.84E-02	-2.57E+00	6.21E-01	1.17E-01	-1.40E+00	-1.66E-01	bad-chisq
group_3073	5.00E-02	6.46E-01	5.21E-01	-4.32E-01	1.10E+00	3.36E-02	-1.27E+00	1.30E-01	bad-chisq
group_3019	5.00E-02	6.46E-01	5.21E-01	-4.32E-01	1.10E+00	3.36E-02	-1.27E+00	1.30E-01	bad-chisq
group_3006	5.00E-02	6.46E-01	6.04E-01	2.96E-01	1.10E+00	-8.48E-03	-1.19E+00	4.88E-02	bad-chisq
group_2992	5.00E-02	6.46E-01	5.21E-01	-4.32E-01	1.10E+00	3.36E-02	-1.27E+00	1.30E-01	bad-chisq
group_2965	5.00E-02	6.46E-01	5.21E-01	-4.32E-01	1.10E+00	3.36E-02	-1.27E+00	1.30E-01	bad-chisq
group_2964	5.00E-02	6.46E-01	5.21E-01	-4.32E-01	1.10E+00	3.36E-02	-1.27E+00	1.30E-01	bad-chisq
group_2900	5.00E-02	6.46E-01	5.21E-01	-4.32E-01	1.10E+00	3.36E-02	-1.27E+00	1.30E-01	bad-chisq
group_2868	5.00E-02	6.46E-01	6.04E-01	2.96E-01	1.10E+00	-8.48E-03	-1.19E+00	4.88E-02	bad-chisq
group_2833	5.00E-02	6.46E-01	5.21E-01	-4.32E-01	1.10E+00	3.36E-02	-1.27E+00	1.30E-01	bad-chisq
tadB	5.00E-02	6.46E-01	6.04E-01	2.96E-01	1.10E+00	-8.48E-03	-1.19E+00	4.88E-02	bad-chisq
group_2788	5.00E-02	6.46E-01	5.21E-01	-4.32E-01	1.10E+00	3.36E-02	-1.27E+00	1.30E-01	bad-chisq
group_2780	5.00E-02	6.46E-01	5.21E-01	-4.32E-01	1.10E+00	3.36E-02	-1.27E+00	1.30E-01	bad-chisq
group_2774	5.00E-02	2.18E-02	2.22E-02	2.51E+00	6.18E-01	-9.49E-02	-1.20E+00	-1.65E-01	bad-chisq
group_2745	5.00E-02	6.46E-01	1.00E+00	-1.53E-01	1.09E+00	1.76E-02	-1.14E+00	1.30E-01	bad-chisq
group_2720	5.00E-02	1.69E-01	7.68E-02	1.87E+00	8.40E-01	-8.49E-02	-2.31E+00	-9.93E-02	bad-chisq
group_2708	5.00E-02	1.69E-01	1.52E-01	-1.32E+00	9.68E-01	7.81E-02	-1.28E+00	4.24E-01	bad-chisq
group_2628	5.00E-02	1.69E-01	7.68E-02	1.87E+00	8.40E-01	-8.49E-02	-2.31E+00	-9.93E-02	bad-chisq
group_2594	5.00E-02	6.46E-01	6.04E-01	2.96E-01	1.10E+00	-8.48E-03	-1.19E+00	4.88E-02	bad-chisq
group_2585	5.00E-02	2.18E-02	2.22E-02	2.51E+00	6.18E-01	-9.49E-02	-1.20E+00	-1.65E-01	bad-chisq
group_2554	5.00E-02	1.69E-01	7.68E-02	1.87E+00	8.40E-01	-8.49E-02	-2.31E+00	-9.93E-02	bad-chisq
group_2516	5.00E-02	2.18E-02	1.91E-02	-2.54E+00	6.20E-01	1.15E-01	-1.35E+00	1.67E-02	bad-chisq
group_2507	5.00E-02	2.18E-02	2.22E-02	2.51E+00	6.18E-01	-9.49E-02	-1.20E+00	-1.65E-01	bad-chisq
group_2489	5.00E-02	2.18E-02	2.22E-02	2.51E+00	6.18E-01	-9.49E-02	-1.20E+00	-1.65E-01	bad-chisq
group_2477	5.00E-02	6.46E-01	6.04E-01	2.96E-01	1.10E+00	-8.48E-03	-1.19E+00	4.88E-02	bad-chisq
group_2474	5.00E-02	2.18E-02	2.57E-02	2.45E+00	6.19E-01	-9.22E-02	-1.00E+00	-1.03E-01	bad-chisq
group_2455	5.00E-02	2.18E-02	2.22E-02	2.51E+00	6.18E-01	-9.49E-02	-1.20E+00	-1.65E-01	bad-chisq
group_2436	5.00E-02	2.18E-02	2.22E-02	2.51E+00	6.18E-01	-9.49E-02	-1.20E+00	-1.65E-01	bad-chisq
group_2425	5.00E-02	1.69E-01	1.52E-01	-1.32E+00	9.68E-01	7.81E-02	-1.28E+00	4.24E-01	bad-chisq
group_2408	5.00E-02	6.46E-01	5.56E-01	3.80E-01	1.10E+00	-1.26E-02	-1.22E+00	1.38E-01	bad-chisq
group_2391	5.00E-02	6.46E-01	6.16E-01	3.07E-01	1.10E+00	-8.93E-03	-1.19E+00	2.79E-02	bad-chisq
group_2388	5.00E-02	6.46E-01	5.21E-01	-4.32E-01	1.10E+00	3.36E-02	-1.27E+00	1.30E-01	bad-chisq
group_2385	5.00E-02	2.18E-02	2.22E-02	2.51E+00	6.18E-01	-9.49E-02	-1.20E+00	-1.65E-01	bad-chisq
group_2375	5.00E-02	2.18E-02	2.22E-02	2.51E+00	6.18E-01	-9.49E-02	-1.20E+00	-1.65E-01	bad-chisq
group_2371	5.00E-02	1.69E-01	7.68E-02	1.87E+00	8.40E-01	-8.49E-02	-2.31E+00	-9.93E-02	bad-chisq
group_2361	5.00E-02	1.69E-01	1.52E-01	-1.32E+00	9.68E-01	7.81E-02	-1.28E+00	4.24E-01	bad-chisq
group_2359	5.00E-02	6.46E-01	6.04E-01	2.96E-01	1.10E+00	-8.48E-03	-1.19E+00	4.88E-02	bad-chisq
group_2333	5.00E-02	1.69E-01	1.52E-01	-1.32E+00	9.68E-01	7.81E-02	-1.28E+00	4.24E-01	bad-chisq
group_2330	5.00E-02	6.46E-01	6.04E-01	2.96E-01	1.10E+00	-8.48E-03	-1.19E+00	4.88E-02	bad-chisq
group_2260	5.00E-02	1.69E-01	7.68E-02	1.87E+00	8.40E-01	-8.49E-02	-2.31E+00	-9.93E-02	bad-chisq
group_2253	5.00E-02	6.46E-01	1.00E+00	-1.53E-01	1.09E+00	1.76E-02	-1.14E+00	1.30E-01	bad-chisq
group_2210	5.00E-02	6.46E-01	5.21E-01	-4.32E-01	1.10E+00	3.36E-02	-1.27E+00	1.30E-01	bad-chisq
group_2157	5.00E-02	6.46E-01	6.04E-01	2.96E-01	1.10E+00	-8.48E-03	-1.19E+00	4.88E-02	bad-chisq
group_2154	5.00E-02	6.46E-01	1.00E+00	-1.53E-01	1.09E+00	1.76E-02	-1.14E+00	1.30E-01	bad-chisq
group_2136	5.00E-02	6.46E-01	1.00E+00	-1.53E-01	1.09E+00	1.76E-02	-1.14E+00	1.30E-01	bad-chisq
wavE	5.00E-02	6.46E-01	5.21E-01	-4.32E-01	1.10E+00	3.36E-02	-1.27E+00	1.30E-01	bad-chisq
group_2075	5.00E-02	1.69E-01	1.60E-01	-1.21E+00	9.69E-01	7.37E-02	-1.29E+00	1.64E-01	bad-chisq
group_2010	5.00E-02	1.69E-01	1.60E-01	-1.21E+00	9.69E-01	7.37E-02	-1.29E+00	1.64E-01	bad-chisq
group_1992	5.00E-02	2.18E-02	2.35E-02	2.49E+00	6.18E-01	-9.39E-02	-1.12E+00	-1.55E-01	bad-chisq
group_1928	5.00E-02	2.18E-02	2.22E-02	2.51E+00	6.18E-01	-9.49E-02	-1.20E+00	-1.65E-01	bad-chisq
copR	5.00E-02	1.69E-01	1.63E-01	-1.20E+00	9.69E-01	7.35E-02	-1.30E+00	3.47E-02	bad-chisq
group_1836	5.00E-02	2.18E-02	2.22E-02	2.51E+00	6.18E-01	-9.49E-02	-1.20E+00	-1.65E-01	bad-chisq
group_1819	5.00E-02	6.46E-01	5.21E-01	-4.32E-01	1.10E+00	3.36E-02	-1.27E+00	1.30E-01	bad-chisq
group_1751	5.00E-02	6.46E-01	6.03E-01	3.28E-01	1.10E+00	-9.95E-03	-1.20E+00	2.48E-02	bad-chisq
group_1664	5.00E-02	2.18E-02	2.22E-02	2.51E+00	6.18E-01	-9.49E-02	-1.20E+00	-1.65E-01	bad-chisq
group_1556	5.00E-02	6.46E-01	5.82E-01	3.11E-01	1.10E+00	-9.28E-03	-1.19E+00	9.20E-02	bad-chisq
cimH	5.00E-02	1.69E-01	7.68E-02	1.87E+00	8.40E-01	-8.49E-02	-2.31E+00	-9.93E-02	bad-chisq
group_1444	5.00E-02	6.46E-01	4.40E-01	6.43E-01	1.05E+00	-2.72E-02	-1.45E+00	9.40E-02	bad-chisq
group_1439	5.00E-02	6.46E-01	5.50E-01	-3.71E-01	1.10E+00	3.06E-02	-1.23E+00	6.30E-02	bad-chisq
group_1271	5.00E-02	2.18E-02	6.02E-02	-3.02E+00	7.29E-01	1.45E-01	1.76E+00	4.26E-01	bad-chisq
group_1202	5.00E-02	2.18E-02	2.22E-02	2.51E+00	6.18E-01	-9.49E-02	-1.20E+00	-1.65E-01	bad-chisq
group_1164	5.00E-02	2.18E-02	6.02E-02	-3.02E+00	7.29E-01	1.45E-01	1.76E+00	4.26E-01	bad-chisq
group_1143	5.00E-02	6.46E-01	5.56E-01	3.80E-01	1.10E+00	-1.26E-02	-1.22E+00	1.38E-01	bad-chisq
group_1116	5.00E-02	2.18E-02	2.45E-02	2.45E+00	6.19E-01	-9.20E-02	-1.07E+00	5.66E-02	bad-chisq
group_1046	5.00E-02	2.18E-02	2.22E-02	2.51E+00	6.18E-01	-9.49E-02	-1.20E+00	-1.65E-01	bad-chisq
group_1021	5.00E-02	1.69E-01	1.69E-01	-1.23E+00	9.68E-01	7.43E-02	-1.27E+00	-1.38E-01	bad-chisq
repS	5.00E-02	1.69E-01	1.63E-01	-1.20E+00	9.69E-01	7.35E-02	-1.30E+00	3.47E-02	bad-chisq
group_993	5.00E-02	6.46E-01	5.82E-01	3.11E-01	1.10E+00	-9.28E-03	-1.19E+00	9.20E-02	bad-chisq
group_989	5.00E-02	6.46E-01	6.04E-01	2.96E-01	1.10E+00	-8.48E-03	-1.19E+00	4.88E-02	bad-chisq
group_977	5.00E-02	1.69E-01	7.68E-02	1.87E+00	8.40E-01	-8.49E-02	-2.31E+00	-9.93E-02	bad-chisq
group_966	5.00E-02	6.46E-01	1.00E+00	-1.53E-01	1.09E+00	1.76E-02	-1.14E+00	1.30E-01	bad-chisq
group_945	5.00E-02	2.18E-02	2.22E-02	2.51E+00	6.18E-01	-9.49E-02	-1.20E+00	-1.65E-01	bad-chisq
group_900	5.00E-02	1.69E-01	7.68E-02	1.87E+00	8.40E-01	-8.49E-02	-2.31E+00	-9.93E-02	bad-chisq
group_880	5.00E-02	6.46E-01	6.04E-01	2.96E-01	1.10E+00	-8.48E-03	-1.19E+00	4.88E-02	bad-chisq
group_799	5.00E-02	6.46E-01	5.21E-01	-4.32E-01	1.10E+00	3.36E-02	-1.27E+00	1.30E-01	bad-chisq
group_796	5.00E-02	6.46E-01	5.21E-01	-4.32E-01	1.10E+00	3.36E-02	-1.27E+00	1.30E-01	bad-chisq
group_778	5.00E-02	2.18E-02	2.22E-02	2.51E+00	6.18E-01	-9.49E-02	-1.20E+00	-1.65E-01	bad-chisq
group_659	5.00E-02	2.18E-02	2.22E-02	2.51E+00	6.18E-01	-9.49E-02	-1.20E+00	-1.65E-01	bad-chisq
group_621	5.00E-02	1.69E-01	7.68E-02	1.87E+00	8.40E-01	-8.49E-02	-2.31E+00	-9.93E-02	bad-chisq
group_598	5.00E-02	2.18E-02	6.02E-02	-3.02E+00	7.29E-01	1.45E-01	1.76E+00	4.26E-01	bad-chisq
group_550	5.00E-02	6.46E-01	6.04E-01	2.96E-01	1.10E+00	-8.48E-03	-1.19E+00	4.88E-02	bad-chisq
group_548	5.00E-02	6.46E-01	5.61E-01	-4.11E-01	1.10E+00	3.24E-02	-1.22E+00	1.76E-01	bad-chisq
group_134	5.00E-02	6.46E-01	6.04E-01	2.96E-01	1.10E+00	-8.48E-03	-1.19E+00	4.88E-02	bad-chisq
traM	5.00E-02	6.46E-01	6.04E-01	2.96E-01	1.10E+00	-8.48E-03	-1.19E+00	4.88E-02	bad-chisq
group_68	5.00E-02	2.18E-02	1.84E-02	-2.57E+00	6.21E-01	1.17E-01	-1.40E+00	-1.66E-01	bad-chisq
group_54	5.00E-02	2.18E-02	2.22E-02	2.51E+00	6.18E-01	-9.49E-02	-1.20E+00	-1.65E-01	bad-chisq
group_29	5.00E-02	1.69E-01	7.68E-02	1.87E+00	8.40E-01	-8.49E-02	-2.31E+00	-9.93E-02	bad-chisq
group_4468	4.00E-02	4.12E-02	4.62E-02	-2.32E+00	6.03E-01	9.32E-02	-1.34E+00	9.03E-02	bad-chisq
group_4467	4.00E-02	4.12E-02	4.62E-02	-2.32E+00	6.03E-01	9.32E-02	-1.34E+00	9.03E-02	bad-chisq
group_4466	4.00E-02	4.12E-02	4.62E-02	-2.32E+00	6.03E-01	9.32E-02	-1.34E+00	9.03E-02	bad-chisq
group_4465	4.00E-02	4.12E-02	4.62E-02	-2.32E+00	6.03E-01	9.32E-02	-1.34E+00	9.03E-02	bad-chisq
group_4464	4.00E-02	4.12E-02	4.62E-02	-2.32E+00	6.03E-01	9.32E-02	-1.34E+00	9.03E-02	bad-chisq
group_4463	4.00E-02	4.12E-02	4.62E-02	-2.32E+00	6.03E-01	9.32E-02	-1.34E+00	9.03E-02	bad-chisq
group_4462	4.00E-02	4.12E-02	4.62E-02	-2.32E+00	6.03E-01	9.32E-02	-1.34E+00	9.03E-02	bad-chisq
group_4461	4.00E-02	4.12E-02	4.62E-02	-2.32E+00	6.03E-01	9.32E-02	-1.34E+00	9.03E-02	bad-chisq
group_4404	4.00E-02	1.00E+00	1.00E+00	-6.69E-02	1.00E+00	1.18E-02	-1.22E+00	9.35E-02	bad-chisq
group_4399	4.00E-02	1.00E+00	1.00E+00	-6.69E-02	1.00E+00	1.18E-02	-1.22E+00	9.35E-02	bad-chisq
group_4321	4.00E-02	1.00E+00	1.00E+00	-7.86E-02	1.00E+00	1.23E-02	-1.22E+00	9.55E-02	bad-chisq
group_4248	4.00E-02	1.00E+00	1.00E+00	-4.97E-02	1.00E+00	1.12E-02	-1.22E+00	9.31E-02	bad-chisq
group_4181	4.00E-02	1.00E+00	1.00E+00	-3.42E-02	1.00E+00	1.06E-02	-1.22E+00	8.53E-02	bad-chisq
group_4165	4.00E-02	1.00E+00	1.00E+00	-3.42E-02	1.00E+00	1.06E-02	-1.22E+00	8.53E-02	bad-chisq
group_4089	4.00E-02	3.07E-01	3.44E-01	-1.00E+00	9.16E-01	5.40E-02	-1.23E+00	3.10E-01	bad-chisq
secB	4.00E-02	4.12E-02	5.65E-02	2.24E+00	6.01E-01	-7.12E-02	-1.13E+00	1.68E-02	bad-chisq
group_4051	4.00E-02	1.00E+00	1.00E+00	-3.42E-02	1.00E+00	1.06E-02	-1.22E+00	8.53E-02	bad-chisq
group_4049	4.00E-02	1.00E+00	1.00E+00	-3.42E-02	1.00E+00	1.06E-02	-1.22E+00	8.53E-02	bad-chisq
group_4001	4.00E-02	4.12E-02	5.61E-02	2.24E+00	6.00E-01	-7.13E-02	-1.11E+00	1.28E-01	bad-chisq
group_3957	4.00E-02	4.12E-02	4.27E-02	-2.44E+00	6.00E-01	9.59E-02	-1.26E+00	4.96E-01	bad-chisq
group_3935	4.00E-02	4.12E-02	4.98E-02	2.33E+00	6.00E-01	-7.54E-02	-1.19E+00	3.50E-01	bad-chisq
group_3914	4.00E-02	1.00E+00	1.00E+00	-3.42E-02	1.00E+00	1.06E-02	-1.22E+00	8.53E-02	bad-chisq
group_3896	4.00E-02	1.00E+00	1.00E+00	-3.42E-02	1.00E+00	1.06E-02	-1.22E+00	8.53E-02	bad-chisq
group_3895	4.00E-02	1.00E+00	1.00E+00	-3.42E-02	1.00E+00	1.06E-02	-1.22E+00	8.53E-02	bad-chisq
group_3873	4.00E-02	4.12E-02	4.44E-02	-2.41E+00	6.00E-01	9.48E-02	-1.23E+00	4.53E-01	bad-chisq
group_3844	4.00E-02	4.12E-02	5.65E-02	2.24E+00	6.01E-01	-7.12E-02	-1.13E+00	1.68E-02	bad-chisq
group_3829	4.00E-02	1.00E+00	1.00E+00	-3.42E-02	1.00E+00	1.06E-02	-1.22E+00	8.53E-02	bad-chisq
group_3824	4.00E-02	3.07E-01	4.22E-01	8.39E-01	9.17E-01	-2.98E-02	-1.13E+00	-5.36E-02	bad-chisq
group_3814	4.00E-02	4.12E-02	5.65E-02	2.24E+00	6.01E-01	-7.12E-02	-1.13E+00	1.68E-02	bad-chisq
group_3555	4.00E-02	4.12E-02	4.44E-02	-2.41E+00	6.00E-01	9.48E-02	-1.23E+00	4.53E-01	bad-chisq
group_3526	4.00E-02	1.00E+00	1.00E+00	-3.42E-02	1.00E+00	1.06E-02	-1.22E+00	8.53E-02	bad-chisq
group_3521	4.00E-02	1.00E+00	1.00E+00	-3.42E-02	1.00E+00	1.06E-02	-1.22E+00	8.53E-02	bad-chisq
dfrF	4.00E-02	4.12E-02	4.44E-02	-2.41E+00	6.00E-01	9.48E-02	-1.23E+00	4.53E-01	bad-chisq
group_3442	4.00E-02	1.00E+00	1.00E+00	-3.42E-02	1.00E+00	1.06E-02	-1.22E+00	8.53E-02	bad-chisq
prgR	4.00E-02	1.00E+00	1.00E+00	-3.42E-02	1.00E+00	1.06E-02	-1.22E+00	8.53E-02	bad-chisq
group_3272	4.00E-02	3.07E-01	3.92E-01	8.46E-01	9.17E-01	-3.02E-02	-1.18E+00	3.95E-02	bad-chisq
group_3270	4.00E-02	1.00E+00	1.00E+00	-8.25E-02	1.00E+00	1.25E-02	-1.22E+00	9.78E-02	bad-chisq
group_3265	4.00E-02	3.07E-01	3.43E-01	9.31E-01	9.17E-01	-3.35E-02	-1.29E+00	1.28E-01	bad-chisq
group_3260	4.00E-02	3.07E-01	3.81E-01	8.63E-01	9.17E-01	-3.08E-02	-1.18E+00	1.26E-01	bad-chisq
group_3219	4.00E-02	3.07E-01	3.44E-01	-1.00E+00	9.16E-01	5.40E-02	-1.23E+00	3.10E-01	bad-chisq
group_3209	4.00E-02	4.12E-02	4.27E-02	-2.44E+00	6.00E-01	9.59E-02	-1.26E+00	4.96E-01	bad-chisq
group_3122	4.00E-02	1.00E+00	1.00E+00	-3.42E-02	1.00E+00	1.06E-02	-1.22E+00	8.53E-02	bad-chisq
group_3084	4.00E-02	4.12E-02	4.44E-02	-2.41E+00	6.00E-01	9.48E-02	-1.23E+00	4.53E-01	bad-chisq
group_3069	4.00E-02	4.12E-02	5.72E-02	2.26E+00	6.01E-01	-7.21E-02	-1.11E+00	-1.30E-01	bad-chisq
group_3036	4.00E-02	4.12E-02	5.61E-02	2.24E+00	6.00E-01	-7.13E-02	-1.11E+00	1.28E-01	bad-chisq
group_3029	4.00E-02	3.07E-01	1.83E-01	1.55E+00	8.21E-01	-6.09E-02	-2.16E+00	1.15E-01	bad-chisq
group_2967	4.00E-02	3.07E-01	4.03E-01	8.32E-01	9.17E-01	-2.96E-02	-1.15E+00	2.76E-02	bad-chisq
istB	4.00E-02	4.12E-02	5.61E-02	2.24E+00	6.00E-01	-7.13E-02	-1.11E+00	1.28E-01	bad-chisq
group_2886	4.00E-02	3.07E-01	3.37E-01	-9.84E-01	9.17E-01	5.36E-02	-1.26E+00	2.65E-01	bad-chisq
group_2857	4.00E-02	3.07E-01	3.44E-01	-1.00E+00	9.16E-01	5.40E-02	-1.23E+00	3.10E-01	bad-chisq
group_2844	4.00E-02	4.12E-02	5.61E-02	2.24E+00	6.00E-01	-7.13E-02	-1.11E+00	1.28E-01	bad-chisq
group_2837	4.00E-02	1.00E+00	1.00E+00	-3.42E-02	1.00E+00	1.06E-02	-1.22E+00	8.53E-02	bad-chisq
group_2821	4.00E-02	4.12E-02	5.78E-02	2.26E+00	6.00E-01	-7.22E-02	-1.09E+00	-1.55E-01	bad-chisq
group_2771	4.00E-02	1.00E+00	1.00E+00	-3.42E-02	1.00E+00	1.06E-02	-1.22E+00	8.53E-02	bad-chisq
group_2750	4.00E-02	4.12E-02	4.98E-02	2.33E+00	6.00E-01	-7.54E-02	-1.19E+00	3.50E-01	bad-chisq
traA	4.00E-02	1.00E+00	1.00E+00	-8.25E-02	1.00E+00	1.25E-02	-1.22E+00	9.78E-02	bad-chisq
group_2692	4.00E-02	1.00E+00	1.00E+00	-3.42E-02	1.00E+00	1.06E-02	-1.22E+00	8.53E-02	bad-chisq
group_2659	4.00E-02	4.12E-02	4.98E-02	2.33E+00	6.00E-01	-7.54E-02	-1.19E+00	3.50E-01	bad-chisq
group_2658	4.00E-02	4.12E-02	4.98E-02	2.33E+00	6.00E-01	-7.54E-02	-1.19E+00	3.50E-01	bad-chisq
group_2647	4.00E-02	4.12E-02	5.74E-02	2.26E+00	6.01E-01	-7.20E-02	-1.11E+00	-1.24E-01	bad-chisq
group_2635	4.00E-02	4.12E-02	4.27E-02	-2.44E+00	6.00E-01	9.59E-02	-1.26E+00	4.96E-01	bad-chisq
group_2618	4.00E-02	1.00E+00	1.00E+00	-3.42E-02	1.00E+00	1.06E-02	-1.22E+00	8.53E-02	bad-chisq
group_2603	4.00E-02	1.00E+00	1.00E+00	-3.42E-02	1.00E+00	1.06E-02	-1.22E+00	8.53E-02	bad-chisq
group_2601	4.00E-02	3.07E-01	3.44E-01	-1.00E+00	9.16E-01	5.40E-02	-1.23E+00	3.10E-01	bad-chisq
group_2540	4.00E-02	4.12E-02	4.98E-02	2.33E+00	6.00E-01	-7.54E-02	-1.19E+00	3.50E-01	bad-chisq
group_2386	4.00E-02	1.00E+00	1.00E+00	-3.42E-02	1.00E+00	1.06E-02	-1.22E+00	8.53E-02	bad-chisq
group_2327	4.00E-02	1.00E+00	1.00E+00	-3.42E-02	1.00E+00	1.06E-02	-1.22E+00	8.53E-02	bad-chisq
group_2281	4.00E-02	3.07E-01	3.43E-01	9.31E-01	9.17E-01	-3.35E-02	-1.29E+00	1.28E-01	bad-chisq
group_2279	4.00E-02	4.12E-02	5.61E-02	2.24E+00	6.00E-01	-7.13E-02	-1.11E+00	1.28E-01	bad-chisq
group_2212	4.00E-02	1.00E+00	1.00E+00	-3.42E-02	1.00E+00	1.06E-02	-1.22E+00	8.53E-02	bad-chisq
group_2197	4.00E-02	1.00E+00	1.00E+00	-3.42E-02	1.00E+00	1.06E-02	-1.22E+00	8.53E-02	bad-chisq
group_2145	4.00E-02	1.00E+00	1.00E+00	-3.42E-02	1.00E+00	1.06E-02	-1.22E+00	8.53E-02	bad-chisq
group_2116	4.00E-02	1.00E+00	1.00E+00	-3.42E-02	1.00E+00	1.06E-02	-1.22E+00	8.53E-02	bad-chisq
group_2098	4.00E-02	4.12E-02	5.61E-02	2.24E+00	6.00E-01	-7.13E-02	-1.11E+00	1.28E-01	bad-chisq
group_2007	4.00E-02	4.12E-02	4.44E-02	-2.41E+00	6.00E-01	9.48E-02	-1.23E+00	4.53E-01	bad-chisq
group_1982	4.00E-02	1.00E+00	1.00E+00	-3.42E-02	1.00E+00	1.06E-02	-1.22E+00	8.53E-02	bad-chisq
group_1973	4.00E-02	1.00E+00	1.00E+00	-3.42E-02	1.00E+00	1.06E-02	-1.22E+00	8.53E-02	bad-chisq
arpS	4.00E-02	4.12E-02	5.71E-02	2.23E+00	6.02E-01	-7.10E-02	-1.11E+00	8.82E-02	bad-chisq
group_1967	4.00E-02	1.00E+00	1.00E+00	-3.42E-02	1.00E+00	1.06E-02	-1.22E+00	8.53E-02	bad-chisq
group_1885	4.00E-02	4.12E-02	5.61E-02	2.24E+00	6.00E-01	-7.13E-02	-1.11E+00	1.28E-01	bad-chisq
group_1881	4.00E-02	4.12E-02	5.61E-02	2.24E+00	6.00E-01	-7.13E-02	-1.11E+00	1.28E-01	bad-chisq
group_1873	4.00E-02	4.12E-02	4.98E-02	2.33E+00	6.00E-01	-7.54E-02	-1.19E+00	3.50E-01	bad-chisq
group_1851	4.00E-02	1.00E+00	1.00E+00	-3.42E-02	1.00E+00	1.06E-02	-1.22E+00	8.53E-02	bad-chisq
group_1818	4.00E-02	1.00E+00	1.00E+00	-3.42E-02	1.00E+00	1.06E-02	-1.22E+00	8.53E-02	bad-chisq
group_1775	4.00E-02	4.12E-02	4.44E-02	-2.41E+00	6.00E-01	9.48E-02	-1.23E+00	4.53E-01	bad-chisq
group_1707	4.00E-02	3.07E-01	3.93E-01	8.47E-01	9.17E-01	-3.01E-02	-1.17E+00	3.10E-02	bad-chisq
group_1695	4.00E-02	4.12E-02	4.98E-02	2.33E+00	6.00E-01	-7.54E-02	-1.19E+00	3.50E-01	bad-chisq
group_1693	4.00E-02	1.00E+00	1.00E+00	-3.42E-02	1.00E+00	1.06E-02	-1.22E+00	8.53E-02	bad-chisq
group_1673	4.00E-02	4.12E-02	5.61E-02	2.24E+00	6.00E-01	-7.13E-02	-1.11E+00	1.28E-01	bad-chisq
group_1668	4.00E-02	4.12E-02	4.44E-02	-2.41E+00	6.00E-01	9.48E-02	-1.23E+00	4.53E-01	bad-chisq
group_1644	4.00E-02	1.00E+00	1.00E+00	-3.42E-02	1.00E+00	1.06E-02	-1.22E+00	8.53E-02	bad-chisq
group_1607	4.00E-02	3.07E-01	4.22E-01	8.39E-01	9.17E-01	-2.98E-02	-1.13E+00	-5.36E-02	bad-chisq
group_1580	4.00E-02	4.12E-02	2.14E-01	-2.12E+00	7.39E-01	9.71E-02	7.78E-01	1.59E-01	bad-chisq
group_1503	4.00E-02	3.07E-01	3.44E-01	-1.00E+00	9.16E-01	5.40E-02	-1.23E+00	3.10E-01	bad-chisq
group_1496	4.00E-02	4.12E-02	4.98E-02	2.33E+00	6.00E-01	-7.54E-02	-1.19E+00	3.50E-01	bad-chisq
group_1490	4.00E-02	1.00E+00	1.00E+00	-3.42E-02	1.00E+00	1.06E-02	-1.22E+00	8.53E-02	bad-chisq
group_1477	4.00E-02	3.07E-01	1.99E-01	1.47E+00	8.22E-01	-5.45E-02	-1.89E+00	2.41E-01	bad-chisq
group_1401	4.00E-02	4.12E-02	5.78E-02	2.26E+00	6.00E-01	-7.22E-02	-1.09E+00	-1.55E-01	bad-chisq
group_1300	4.00E-02	4.12E-02	6.02E-02	2.22E+00	6.01E-01	-7.04E-02	-1.03E+00	8.49E-02	bad-chisq
group_1287	4.00E-02	1.00E+00	1.00E+00	-3.42E-02	1.00E+00	1.06E-02	-1.22E+00	8.53E-02	bad-chisq
group_1260	4.00E-02	1.00E+00	1.00E+00	-3.42E-02	1.00E+00	1.06E-02	-1.22E+00	8.53E-02	bad-chisq
group_1235	4.00E-02	1.00E+00	1.00E+00	-3.42E-02	1.00E+00	1.06E-02	-1.22E+00	8.53E-02	bad-chisq
group_1147	4.00E-02	1.00E+00	1.00E+00	-3.42E-02	1.00E+00	1.06E-02	-1.22E+00	8.53E-02	bad-chisq
group_1120	4.00E-02	4.12E-02	4.98E-02	2.33E+00	6.00E-01	-7.54E-02	-1.19E+00	3.50E-01	bad-chisq
group_1082	4.00E-02	1.00E+00	1.00E+00	-3.42E-02	1.00E+00	1.06E-02	-1.22E+00	8.53E-02	bad-chisq
group_1062	4.00E-02	1.00E+00	1.00E+00	-3.42E-02	1.00E+00	1.06E-02	-1.22E+00	8.53E-02	bad-chisq
group_1034	4.00E-02	3.07E-01	4.22E-01	8.39E-01	9.17E-01	-2.98E-02	-1.13E+00	-5.36E-02	bad-chisq
group_930	4.00E-02	1.00E+00	1.00E+00	-3.42E-02	1.00E+00	1.06E-02	-1.22E+00	8.53E-02	bad-chisq
group_896	4.00E-02	4.12E-02	4.63E-02	-2.32E+00	6.02E-01	9.30E-02	-1.34E+00	7.14E-02	bad-chisq
group_840	4.00E-02	1.00E+00	1.00E+00	-3.42E-02	1.00E+00	1.06E-02	-1.22E+00	8.53E-02	bad-chisq
group_822	4.00E-02	4.12E-02	4.98E-02	2.33E+00	6.00E-01	-7.54E-02	-1.19E+00	3.50E-01	bad-chisq
group_809	4.00E-02	3.07E-01	3.93E-01	8.47E-01	9.17E-01	-3.01E-02	-1.17E+00	3.10E-02	bad-chisq
group_800	4.00E-02	1.00E+00	1.00E+00	-3.42E-02	1.00E+00	1.06E-02	-1.22E+00	8.53E-02	bad-chisq
group_637	4.00E-02	1.00E+00	1.00E+00	-3.42E-02	1.00E+00	1.06E-02	-1.22E+00	8.53E-02	bad-chisq
group_608	4.00E-02	1.00E+00	1.00E+00	-3.42E-02	1.00E+00	1.06E-02	-1.22E+00	8.53E-02	bad-chisq
group_586	4.00E-02	4.12E-02	4.44E-02	-2.41E+00	6.00E-01	9.48E-02	-1.23E+00	4.53E-01	bad-chisq
group_505	4.00E-02	3.07E-01	3.44E-01	-1.00E+00	9.16E-01	5.40E-02	-1.23E+00	3.10E-01	bad-chisq
group_453	4.00E-02	4.12E-02	6.02E-02	2.22E+00	6.01E-01	-7.04E-02	-1.03E+00	8.49E-02	bad-chisq
group_364	4.00E-02	1.00E+00	1.00E+00	-3.42E-02	1.00E+00	1.06E-02	-1.22E+00	8.53E-02	bad-chisq
cadA	4.00E-02	4.12E-02	5.61E-02	2.24E+00	6.00E-01	-7.13E-02	-1.11E+00	1.28E-01	bad-chisq
group_302	4.00E-02	1.00E+00	1.00E+00	-3.42E-02	1.00E+00	1.06E-02	-1.22E+00	8.53E-02	bad-chisq
group_287	4.00E-02	1.00E+00	1.00E+00	-6.61E-02	1.00E+00	1.18E-02	-1.22E+00	9.06E-02	bad-chisq
group_266	4.00E-02	1.00E+00	1.00E+00	-3.42E-02	1.00E+00	1.06E-02	-1.22E+00	8.53E-02	bad-chisq
cadC	4.00E-02	4.12E-02	5.61E-02	2.24E+00	6.00E-01	-7.13E-02	-1.11E+00	1.28E-01	bad-chisq
group_147	4.00E-02	1.00E+00	1.00E+00	-3.42E-02	1.00E+00	1.06E-02	-1.22E+00	8.53E-02	bad-chisq
group_61	4.00E-02	1.00E+00	1.00E+00	-3.42E-02	1.00E+00	1.06E-02	-1.22E+00	8.53E-02	bad-chisq
group_50	4.00E-02	1.00E+00	1.00E+00	-3.42E-02	1.00E+00	1.06E-02	-1.22E+00	8.53E-02	bad-chisq
group_19	4.00E-02	4.12E-02	4.44E-02	-2.41E+00	6.00E-01	9.48E-02	-1.23E+00	4.53E-01	bad-chisq
tfoX	4.00E-02	4.12E-02	4.44E-02	-2.41E+00	6.00E-01	9.48E-02	-1.23E+00	4.53E-01	bad-chisq
group_4745	3.00E-02	5.58E-01	1.00E+00	-5.57E-01	8.39E-01	3.02E-02	-1.23E+00	2.71E-02	bad-chisq
group_4740	3.00E-02	7.86E-02	1.36E-01	2.01E+00	5.73E-01	-5.15E-02	-1.20E+00	-9.29E-02	bad-chisq
group_4729	3.00E-02	7.86E-02	1.45E-01	1.96E+00	5.73E-01	-5.03E-02	-1.12E+00	-4.73E-02	bad-chisq
group_4728	3.00E-02	7.86E-02	1.45E-01	1.96E+00	5.73E-01	-5.03E-02	-1.12E+00	-4.73E-02	bad-chisq
group_4363	3.00E-02	7.86E-02	1.00E+00	-2.00E+00	6.92E-01	7.68E-02	7.94E-01	1.22E-01	bad-chisq
group_4362	3.00E-02	7.86E-02	1.00E+00	-2.00E+00	6.92E-01	7.68E-02	7.94E-01	1.22E-01	bad-chisq
clpL	3.00E-02	7.86E-02	1.00E+00	-2.00E+00	6.92E-01	7.68E-02	7.94E-01	1.22E-01	bad-chisq
group_4361	3.00E-02	7.86E-02	1.00E+00	-2.00E+00	6.92E-01	7.68E-02	7.94E-01	1.22E-01	bad-chisq
group_4360	3.00E-02	7.86E-02	1.00E+00	-2.00E+00	6.92E-01	7.68E-02	7.94E-01	1.22E-01	bad-chisq
group_4359	3.00E-02	7.86E-02	1.00E+00	-2.00E+00	6.92E-01	7.68E-02	7.94E-01	1.22E-01	bad-chisq
group_4358	3.00E-02	7.86E-02	1.00E+00	-2.00E+00	6.92E-01	7.68E-02	7.94E-01	1.22E-01	bad-chisq
group_4357	3.00E-02	7.86E-02	1.00E+00	-2.00E+00	6.92E-01	7.68E-02	7.94E-01	1.22E-01	bad-chisq
group_4349	3.00E-02	7.86E-02	1.00E+00	-2.00E+00	6.92E-01	7.68E-02	7.94E-01	1.22E-01	bad-chisq
group_4314	3.00E-02	5.58E-01	1.00E+00	4.60E-01	8.39E-01	-8.98E-03	-1.18E+00	3.88E-02	bad-chisq
group_3900	3.00E-02	7.86E-02	1.28E-01	2.04E+00	5.73E-01	-5.30E-02	-1.19E+00	2.79E-01	bad-chisq
group_3875	3.00E-02	7.86E-02	1.28E-01	2.04E+00	5.73E-01	-5.30E-02	-1.19E+00	2.79E-01	bad-chisq
group_3838	3.00E-02	7.86E-02	1.12E-01	2.10E+00	5.73E-01	-5.44E-02	-1.39E+00	1.97E-01	bad-chisq
group_3826	3.00E-02	5.58E-01	1.00E+00	4.98E-01	8.38E-01	-1.00E-02	-1.20E+00	2.98E-02	bad-chisq
group_3753	3.00E-02	5.58E-01	1.00E+00	4.98E-01	8.38E-01	-1.00E-02	-1.20E+00	2.98E-02	bad-chisq
group_3729	3.00E-02	5.58E-01	1.00E+00	4.98E-01	8.38E-01	-1.00E-02	-1.20E+00	2.98E-02	bad-chisq
group_3667	3.00E-02	5.58E-01	1.00E+00	-5.80E-01	8.39E-01	3.11E-02	-1.26E+00	5.72E-02	bad-chisq
group_3484	3.00E-02	5.58E-01	1.00E+00	-5.91E-01	8.39E-01	3.12E-02	-1.25E+00	1.33E-01	bad-chisq
group_3460	3.00E-02	5.58E-01	1.00E+00	4.98E-01	8.38E-01	-1.00E-02	-1.20E+00	2.98E-02	bad-chisq
group_3374	3.00E-02	5.58E-01	1.00E+00	4.98E-01	8.38E-01	-1.00E-02	-1.20E+00	2.98E-02	bad-chisq
group_3369	3.00E-02	5.58E-01	1.00E+00	5.22E-01	8.38E-01	-1.09E-02	-1.20E+00	1.38E-01	bad-chisq
group_3353	3.00E-02	5.58E-01	1.00E+00	4.98E-01	8.38E-01	-1.00E-02	-1.20E+00	2.98E-02	bad-chisq
group_3311	3.00E-02	5.58E-01	1.00E+00	-5.44E-01	8.39E-01	2.98E-02	-1.22E+00	2.22E-02	bad-chisq
group_3235	3.00E-02	5.58E-01	1.00E+00	4.98E-01	8.38E-01	-1.00E-02	-1.20E+00	2.98E-02	bad-chisq
group_3200	3.00E-02	5.58E-01	1.00E+00	4.98E-01	8.38E-01	-1.00E-02	-1.20E+00	2.98E-02	bad-chisq
group_3153	3.00E-02	7.86E-02	1.28E-01	2.04E+00	5.73E-01	-5.30E-02	-1.19E+00	2.79E-01	bad-chisq
group_3152	3.00E-02	5.58E-01	1.00E+00	4.98E-01	8.38E-01	-1.00E-02	-1.20E+00	2.98E-02	bad-chisq
group_3144	3.00E-02	5.58E-01	1.00E+00	4.98E-01	8.38E-01	-1.00E-02	-1.20E+00	2.98E-02	bad-chisq
group_2937	3.00E-02	5.58E-01	1.00E+00	4.98E-01	8.38E-01	-1.00E-02	-1.20E+00	2.98E-02	bad-chisq
group_2931	3.00E-02	5.58E-01	1.00E+00	-5.91E-01	8.39E-01	3.12E-02	-1.25E+00	1.33E-01	bad-chisq
group_2901	3.00E-02	5.58E-01	1.00E+00	4.98E-01	8.38E-01	-1.00E-02	-1.20E+00	2.98E-02	bad-chisq
group_2895	3.00E-02	7.86E-02	1.24E-01	2.05E+00	5.73E-01	-5.30E-02	-1.25E+00	2.44E-01	bad-chisq
group_2885	3.00E-02	5.58E-01	1.00E+00	4.77E-01	8.38E-01	-9.40E-03	-1.19E+00	2.44E-02	bad-chisq
group_2711	3.00E-02	5.58E-01	1.00E+00	4.98E-01	8.38E-01	-1.00E-02	-1.20E+00	2.98E-02	bad-chisq
group_2694	3.00E-02	5.58E-01	1.00E+00	4.98E-01	8.38E-01	-1.00E-02	-1.20E+00	2.98E-02	bad-chisq
group_2693	3.00E-02	5.58E-01	1.00E+00	4.80E-01	8.39E-01	-9.51E-03	-1.19E+00	3.63E-02	bad-chisq
group_2602	3.00E-02	5.58E-01	1.00E+00	-5.91E-01	8.39E-01	3.12E-02	-1.25E+00	1.33E-01	bad-chisq
group_2587	3.00E-02	7.86E-02	1.38E-01	1.99E+00	5.73E-01	-5.10E-02	-1.18E+00	-6.22E-02	bad-chisq
group_2558	3.00E-02	5.58E-01	1.00E+00	4.98E-01	8.38E-01	-1.00E-02	-1.20E+00	2.98E-02	bad-chisq
group_2521	3.00E-02	5.58E-01	1.00E+00	4.98E-01	8.38E-01	-1.00E-02	-1.20E+00	2.98E-02	bad-chisq
group_2480	3.00E-02	5.58E-01	1.00E+00	4.98E-01	8.38E-01	-1.00E-02	-1.20E+00	2.98E-02	bad-chisq
group_2476	3.00E-02	5.58E-01	1.00E+00	4.98E-01	8.38E-01	-1.00E-02	-1.20E+00	2.98E-02	bad-chisq
group_2460	3.00E-02	5.58E-01	1.00E+00	4.98E-01	8.38E-01	-1.00E-02	-1.20E+00	2.98E-02	bad-chisq
group_2400	3.00E-02	5.58E-01	1.00E+00	4.98E-01	8.38E-01	-1.00E-02	-1.20E+00	2.98E-02	bad-chisq
group_2363	3.00E-02	7.86E-02	2.93E-01	-1.61E+00	6.22E-01	5.97E-02	-6.62E-01	-4.60E-02	bad-chisq
group_2320	3.00E-02	5.58E-01	1.00E+00	4.98E-01	8.38E-01	-1.00E-02	-1.20E+00	2.98E-02	bad-chisq
group_2309	3.00E-02	7.86E-02	1.12E-01	2.10E+00	5.73E-01	-5.44E-02	-1.39E+00	1.97E-01	bad-chisq
group_2284	3.00E-02	5.58E-01	1.00E+00	4.98E-01	8.38E-01	-1.00E-02	-1.20E+00	2.98E-02	bad-chisq
group_2271	3.00E-02	5.58E-01	1.00E+00	4.98E-01	8.38E-01	-1.00E-02	-1.20E+00	2.98E-02	bad-chisq
group_2235	3.00E-02	7.86E-02	1.24E-01	2.05E+00	5.73E-01	-5.30E-02	-1.25E+00	2.44E-01	bad-chisq
group_2190	3.00E-02	5.58E-01	1.00E+00	5.31E-01	8.38E-01	-1.10E-02	-1.22E+00	2.34E-02	bad-chisq
group_2163	3.00E-02	7.86E-02	1.24E-01	2.05E+00	5.73E-01	-5.30E-02	-1.25E+00	2.44E-01	bad-chisq
group_2135	3.00E-02	5.58E-01	1.00E+00	4.80E-01	8.39E-01	-9.51E-03	-1.19E+00	3.63E-02	bad-chisq
group_2034	3.00E-02	7.86E-02	1.24E-01	-2.08E+00	5.73E-01	7.13E-02	-1.17E+00	3.52E-01	bad-chisq
group_2001	3.00E-02	5.58E-01	1.00E+00	4.80E-01	8.39E-01	-9.51E-03	-1.19E+00	3.63E-02	bad-chisq
group_1841	3.00E-02	5.58E-01	9.45E-01	-6.55E-01	8.38E-01	3.30E-02	-1.27E+00	2.00E-01	bad-chisq
group_1834	3.00E-02	5.58E-01	1.00E+00	-5.91E-01	8.39E-01	3.12E-02	-1.25E+00	1.33E-01	bad-chisq
group_1785	3.00E-02	7.86E-02	1.12E-01	2.10E+00	5.73E-01	-5.44E-02	-1.39E+00	1.97E-01	bad-chisq
group_1776	3.00E-02	7.86E-02	1.48E-01	1.94E+00	5.73E-01	-4.98E-02	-1.07E+00	1.07E-01	bad-chisq
group_1716	3.00E-02	5.58E-01	1.00E+00	-5.91E-01	8.39E-01	3.12E-02	-1.25E+00	1.33E-01	bad-chisq
pcfJ	3.00E-02	5.58E-01	1.00E+00	-5.69E-01	8.39E-01	3.04E-02	-1.21E+00	1.73E-01	bad-chisq
group_1538	3.00E-02	7.86E-02	1.21E-01	-2.11E+00	5.73E-01	7.19E-02	-1.18E+00	3.80E-01	bad-chisq
group_1495	3.00E-02	5.58E-01	5.25E-01	1.21E+00	7.50E-01	-3.39E-02	-1.78E+00	-1.15E-01	bad-chisq
group_1487	3.00E-02	5.58E-01	1.00E+00	4.98E-01	8.38E-01	-1.00E-02	-1.20E+00	2.98E-02	bad-chisq
group_1408	3.00E-02	5.58E-01	1.00E+00	-5.91E-01	8.39E-01	3.12E-02	-1.25E+00	1.33E-01	bad-chisq
group_1285	3.00E-02	5.58E-01	1.00E+00	4.98E-01	8.38E-01	-1.00E-02	-1.20E+00	2.98E-02	bad-chisq
group_1234	3.00E-02	5.58E-01	1.00E+00	5.22E-01	8.38E-01	-1.09E-02	-1.20E+00	1.38E-01	bad-chisq
group_1090	3.00E-02	5.58E-01	1.00E+00	4.98E-01	8.38E-01	-1.00E-02	-1.20E+00	2.98E-02	bad-chisq
group_875	3.00E-02	5.58E-01	1.00E+00	-1.17E-01	8.22E-01	1.43E-02	-1.12E+00	6.62E-02	bad-chisq
group_828	3.00E-02	5.58E-01	1.00E+00	4.77E-01	8.38E-01	-9.40E-03	-1.19E+00	2.44E-02	bad-chisq
group_798	3.00E-02	7.86E-02	1.36E-01	1.99E+00	5.73E-01	-5.13E-02	-1.15E+00	1.91E-01	bad-chisq
group_440	3.00E-02	5.58E-01	1.00E+00	5.08E-01	8.39E-01	-1.05E-02	-1.19E+00	1.38E-01	bad-chisq
group_401	3.00E-02	5.58E-01	1.00E+00	4.98E-01	8.38E-01	-1.00E-02	-1.20E+00	2.98E-02	bad-chisq
group_388	3.00E-02	5.58E-01	1.00E+00	-5.91E-01	8.39E-01	3.12E-02	-1.25E+00	1.33E-01	bad-chisq
group_257	3.00E-02	7.86E-02	1.24E-01	2.05E+00	5.73E-01	-5.30E-02	-1.25E+00	2.44E-01	bad-chisq
group_201	3.00E-02	7.86E-02	1.28E-01	2.04E+00	5.73E-01	-5.30E-02	-1.19E+00	2.79E-01	bad-chisq
group_158	3.00E-02	5.58E-01	9.45E-01	-6.55E-01	8.38E-01	3.30E-02	-1.27E+00	2.00E-01	bad-chisq
group_109	3.00E-02	5.58E-01	1.00E+00	4.98E-01	8.38E-01	-1.00E-02	-1.20E+00	2.98E-02	bad-chisq
group_72	3.00E-02	5.58E-01	1.00E+00	4.98E-01	8.38E-01	-1.00E-02	-1.20E+00	2.98E-02	bad-chisq
group_48	3.00E-02	5.58E-01	1.00E+00	4.85E-01	8.39E-01	-9.74E-03	-1.19E+00	8.09E-02	bad-chisq
group_7	3.00E-02	7.86E-02	1.35E-01	1.99E+00	5.73E-01	-5.14E-02	-1.15E+00	2.04E-01	bad-chisq
group_4	3.00E-02	5.58E-01	1.00E+00	4.77E-01	8.38E-01	-9.40E-03	-1.19E+00	2.44E-02	bad-chisq
group_4749	2.00E-02	1.00E+00	1.00E+00	-6.14E-02	7.07E-01	1.04E-02	-1.22E+00	8.68E-02	bad-chisq
group_4748	2.00E-02	1.53E-01	1.00E+00	-8.60E+00	5.44E-01	1.80E-01	7.18E+00	3.59E-02	bad-chisq
group_4746	2.00E-02	1.53E-01	3.64E-01	1.67E+00	5.27E-01	-3.13E-02	-1.27E+00	7.45E-02	bad-chisq
group_4738	2.00E-02	1.53E-01	3.95E-01	1.62E+00	5.27E-01	-3.05E-02	-1.18E+00	1.35E-01	bad-chisq
group_4721	2.00E-02	1.53E-01	1.00E+00	-8.60E+00	5.44E-01	1.80E-01	7.18E+00	3.59E-02	bad-chisq
group_4710	2.00E-02	1.53E-01	1.00E+00	-8.60E+00	5.44E-01	1.80E-01	7.18E+00	3.59E-02	bad-chisq
group_4678	2.00E-02	1.53E-01	1.00E+00	-8.60E+00	5.44E-01	1.80E-01	7.18E+00	3.59E-02	bad-chisq
group_4669	2.00E-02	1.53E-01	1.00E+00	-8.60E+00	5.44E-01	1.80E-01	7.18E+00	3.59E-02	bad-chisq
group_4656	2.00E-02	1.53E-01	3.54E-01	-1.69E+00	5.28E-01	5.01E-02	-1.27E+00	8.58E-02	bad-chisq
group_4646	2.00E-02	1.53E-01	3.54E-01	-1.69E+00	5.28E-01	5.01E-02	-1.27E+00	8.58E-02	bad-chisq
group_4645	2.00E-02	1.53E-01	3.54E-01	-1.69E+00	5.28E-01	5.01E-02	-1.27E+00	8.58E-02	bad-chisq
group_4644	2.00E-02	1.53E-01	3.54E-01	-1.69E+00	5.28E-01	5.01E-02	-1.27E+00	8.58E-02	bad-chisq
group_4637	2.00E-02	1.00E+00	1.00E+00	-2.94E-02	7.07E-01	9.74E-03	-1.22E+00	8.79E-02	bad-chisq
group_4559	2.00E-02	1.53E-01	4.16E-01	1.62E+00	5.27E-01	-3.03E-02	-1.16E+00	-5.71E-02	bad-chisq
group_4558	2.00E-02	1.53E-01	4.16E-01	1.62E+00	5.27E-01	-3.03E-02	-1.16E+00	-5.71E-02	bad-chisq
group_4557	2.00E-02	1.53E-01	4.16E-01	1.62E+00	5.27E-01	-3.03E-02	-1.16E+00	-5.71E-02	bad-chisq
group_4533	2.00E-02	1.53E-01	1.00E+00	-8.60E+00	5.44E-01	1.80E-01	7.18E+00	3.59E-02	bad-chisq
group_4532	2.00E-02	1.53E-01	1.00E+00	-8.60E+00	5.44E-01	1.80E-01	7.18E+00	3.59E-02	bad-chisq
group_4531	2.00E-02	1.53E-01	1.00E+00	-8.60E+00	5.44E-01	1.80E-01	7.18E+00	3.59E-02	bad-chisq
group_4530	2.00E-02	1.53E-01	1.00E+00	-8.60E+00	5.44E-01	1.80E-01	7.18E+00	3.59E-02	bad-chisq
group_4529	2.00E-02	1.53E-01	1.00E+00	-8.60E+00	5.44E-01	1.80E-01	7.18E+00	3.59E-02	bad-chisq
group_4528	2.00E-02	1.53E-01	1.00E+00	-8.60E+00	5.44E-01	1.80E-01	7.18E+00	3.59E-02	bad-chisq
group_4516	2.00E-02	1.00E+00	1.00E+00	7.72E-01	6.49E-01	-1.08E-02	-1.54E+00	-6.20E-02	bad-chisq
lnuB	2.00E-02	1.00E+00	1.00E+00	7.72E-01	6.49E-01	-1.08E-02	-1.54E+00	-6.20E-02	bad-chisq
group_4509	2.00E-02	1.53E-01	1.00E+00	-8.60E+00	5.44E-01	1.80E-01	7.18E+00	3.59E-02	bad-chisq
group_4507	2.00E-02	1.53E-01	1.00E+00	-8.60E+00	5.44E-01	1.80E-01	7.18E+00	3.59E-02	bad-chisq
group_4500	2.00E-02	1.53E-01	1.00E+00	-8.60E+00	5.44E-01	1.80E-01	7.18E+00	3.59E-02	bad-chisq
group_4491	2.00E-02	1.53E-01	1.00E+00	-8.60E+00	5.44E-01	1.80E-01	7.18E+00	3.59E-02	bad-chisq
group_4488	2.00E-02	1.53E-01	1.00E+00	-8.60E+00	5.44E-01	1.80E-01	7.18E+00	3.59E-02	bad-chisq
group_4487	2.00E-02	1.53E-01	1.00E+00	-8.60E+00	5.44E-01	1.80E-01	7.18E+00	3.59E-02	bad-chisq
group_4479	2.00E-02	1.53E-01	1.00E+00	-8.60E+00	5.44E-01	1.80E-01	7.18E+00	3.59E-02	bad-chisq
group_4478	2.00E-02	1.53E-01	1.00E+00	-8.60E+00	5.44E-01	1.80E-01	7.18E+00	3.59E-02	bad-chisq
group_4477	2.00E-02	1.53E-01	1.00E+00	-8.60E+00	5.44E-01	1.80E-01	7.18E+00	3.59E-02	bad-chisq
group_4476	2.00E-02	1.53E-01	1.00E+00	-8.60E+00	5.44E-01	1.80E-01	7.18E+00	3.59E-02	bad-chisq
group_4364	2.00E-02	1.53E-01	3.67E-01	1.67E+00	5.28E-01	-3.12E-02	-1.26E+00	9.27E-02	bad-chisq
group_4327	2.00E-02	1.00E+00	1.00E+00	-8.72E-02	7.07E-01	1.10E-02	-1.22E+00	9.55E-02	bad-chisq
group_4281	2.00E-02	1.53E-01	4.06E-01	1.61E+00	5.27E-01	-3.03E-02	-1.15E+00	1.43E-01	bad-chisq
group_4225	2.00E-02	1.53E-01	1.00E+00	-1.42E+00	5.66E-01	4.43E-02	-4.10E-01	3.55E-01	bad-chisq
group_4180	2.00E-02	1.53E-01	1.00E+00	-8.60E+00	5.44E-01	1.80E-01	7.18E+00	3.59E-02	bad-chisq
group_4151	2.00E-02	1.53E-01	3.94E-01	1.64E+00	5.27E-01	-3.07E-02	-1.21E+00	-3.76E-02	bad-chisq
group_4136	2.00E-02	1.53E-01	4.20E-01	1.60E+00	5.27E-01	-2.98E-02	-1.14E+00	-3.28E-03	bad-chisq
group_4128	2.00E-02	1.53E-01	1.00E+00	-8.60E+00	5.44E-01	1.80E-01	7.18E+00	3.59E-02	bad-chisq
group_4117	2.00E-02	1.53E-01	4.16E-01	1.62E+00	5.27E-01	-3.03E-02	-1.16E+00	-5.71E-02	bad-chisq
group_4101	2.00E-02	1.53E-01	4.20E-01	1.60E+00	5.27E-01	-2.98E-02	-1.14E+00	-3.28E-03	bad-chisq
group_4100	2.00E-02	1.53E-01	4.20E-01	1.60E+00	5.27E-01	-2.98E-02	-1.14E+00	-3.28E-03	bad-chisq
group_4086	2.00E-02	1.53E-01	4.20E-01	1.60E+00	5.27E-01	-2.98E-02	-1.14E+00	-3.28E-03	bad-chisq
group_4084	2.00E-02	1.53E-01	1.00E+00	-8.60E+00	5.44E-01	1.80E-01	7.18E+00	3.59E-02	bad-chisq
group_4047	2.00E-02	1.53E-01	1.00E+00	-8.60E+00	5.44E-01	1.80E-01	7.18E+00	3.59E-02	bad-chisq
group_4005	2.00E-02	1.00E+00	1.00E+00	6.83E-01	6.55E-01	-8.01E-03	-1.43E+00	1.46E-01	bad-chisq
group_3943	2.00E-02	1.53E-01	4.20E-01	1.60E+00	5.27E-01	-2.98E-02	-1.14E+00	-3.28E-03	bad-chisq
group_3941	2.00E-02	1.53E-01	1.00E+00	-8.60E+00	5.44E-01	1.80E-01	7.18E+00	3.59E-02	bad-chisq
group_3931	2.00E-02	1.53E-01	1.00E+00	-8.60E+00	5.44E-01	1.80E-01	7.18E+00	3.59E-02	bad-chisq
group_3923	2.00E-02	1.53E-01	4.20E-01	1.60E+00	5.27E-01	-2.98E-02	-1.14E+00	-3.28E-03	bad-chisq
group_3907	2.00E-02	1.53E-01	1.00E+00	-8.60E+00	5.44E-01	1.80E-01	7.18E+00	3.59E-02	bad-chisq
group_3868	2.00E-02	1.53E-01	4.20E-01	1.60E+00	5.27E-01	-2.98E-02	-1.14E+00	-3.28E-03	bad-chisq
group_3862	2.00E-02	1.53E-01	4.20E-01	1.60E+00	5.27E-01	-2.98E-02	-1.14E+00	-3.28E-03	bad-chisq
group_3835	2.00E-02	1.53E-01	4.20E-01	1.60E+00	5.27E-01	-2.98E-02	-1.14E+00	-3.28E-03	bad-chisq
group_3802	2.00E-02	1.53E-01	1.00E+00	-8.60E+00	5.44E-01	1.80E-01	7.18E+00	3.59E-02	bad-chisq
group_3781	2.00E-02	1.53E-01	1.00E+00	-8.60E+00	5.44E-01	1.80E-01	7.18E+00	3.59E-02	bad-chisq
group_3772	2.00E-02	1.53E-01	1.00E+00	-8.60E+00	5.44E-01	1.80E-01	7.18E+00	3.59E-02	bad-chisq
group_3771	2.00E-02	1.53E-01	4.20E-01	1.60E+00	5.27E-01	-2.98E-02	-1.14E+00	-3.28E-03	bad-chisq
group_3764	2.00E-02	1.53E-01	1.00E+00	-1.20E+00	5.59E-01	3.91E-02	-6.13E-01	-6.47E-02	bad-chisq
group_3718	2.00E-02	1.53E-01	1.00E+00	-8.60E+00	5.44E-01	1.80E-01	7.18E+00	3.59E-02	bad-chisq
group_3694	2.00E-02	1.53E-01	3.85E-01	-1.66E+00	5.27E-01	4.91E-02	-1.16E+00	2.16E-01	bad-chisq
group_3686	2.00E-02	1.53E-01	4.20E-01	1.60E+00	5.27E-01	-2.98E-02	-1.14E+00	-3.28E-03	bad-chisq
group_3680	2.00E-02	1.53E-01	4.20E-01	1.60E+00	5.27E-01	-2.98E-02	-1.14E+00	-3.28E-03	bad-chisq
group_3670	2.00E-02	1.53E-01	4.20E-01	1.60E+00	5.27E-01	-2.98E-02	-1.14E+00	-3.28E-03	bad-chisq
group_3642	2.00E-02	1.53E-01	4.20E-01	1.60E+00	5.27E-01	-2.98E-02	-1.14E+00	-3.28E-03	bad-chisq
group_3633	2.00E-02	1.53E-01	1.00E+00	-8.60E+00	5.44E-01	1.80E-01	7.18E+00	3.59E-02	bad-chisq
group_3624	2.00E-02	1.53E-01	3.94E-01	1.64E+00	5.27E-01	-3.07E-02	-1.21E+00	-3.76E-02	bad-chisq
group_3619	2.00E-02	1.53E-01	1.00E+00	-8.60E+00	5.44E-01	1.80E-01	7.18E+00	3.59E-02	bad-chisq
group_3598	2.00E-02	1.53E-01	4.20E-01	1.60E+00	5.27E-01	-2.98E-02	-1.14E+00	-3.28E-03	bad-chisq
group_3587	2.00E-02	1.53E-01	1.00E+00	-8.60E+00	5.44E-01	1.80E-01	7.18E+00	3.59E-02	bad-chisq
group_3580	2.00E-02	1.53E-01	4.20E-01	1.60E+00	5.27E-01	-2.98E-02	-1.14E+00	-3.28E-03	bad-chisq
group_3576	2.00E-02	1.53E-01	1.00E+00	-8.60E+00	5.44E-01	1.80E-01	7.18E+00	3.59E-02	bad-chisq
group_3547	2.00E-02	1.53E-01	1.00E+00	-8.60E+00	5.44E-01	1.80E-01	7.18E+00	3.59E-02	bad-chisq
group_3542	2.00E-02	1.53E-01	4.20E-01	1.60E+00	5.27E-01	-2.98E-02	-1.14E+00	-3.28E-03	bad-chisq
group_3534	2.00E-02	1.53E-01	1.00E+00	-8.60E+00	5.44E-01	1.80E-01	7.18E+00	3.59E-02	bad-chisq
group_3531	2.00E-02	1.53E-01	1.00E+00	-8.60E+00	5.44E-01	1.80E-01	7.18E+00	3.59E-02	bad-chisq
group_3516	2.00E-02	1.53E-01	4.20E-01	1.60E+00	5.27E-01	-2.98E-02	-1.14E+00	-3.28E-03	bad-chisq
group_3515	2.00E-02	1.53E-01	4.20E-01	1.60E+00	5.27E-01	-2.98E-02	-1.14E+00	-3.28E-03	bad-chisq
group_3496	2.00E-02	1.53E-01	1.00E+00	-8.60E+00	5.44E-01	1.80E-01	7.18E+00	3.59E-02	bad-chisq
group_3461	2.00E-02	1.53E-01	1.00E+00	-8.60E+00	5.44E-01	1.80E-01	7.18E+00	3.59E-02	bad-chisq
group_3453	2.00E-02	1.53E-01	3.61E-01	-1.68E+00	5.27E-01	4.98E-02	-1.25E+00	8.14E-02	bad-chisq
group_3446	2.00E-02	1.53E-01	1.00E+00	-8.60E+00	5.44E-01	1.80E-01	7.18E+00	3.59E-02	bad-chisq
group_3445	2.00E-02	1.53E-01	4.20E-01	1.60E+00	5.27E-01	-2.98E-02	-1.14E+00	-3.28E-03	bad-chisq
essA	2.00E-02	1.53E-01	1.00E+00	-8.60E+00	5.44E-01	1.80E-01	7.18E+00	3.59E-02	bad-chisq
group_3399	2.00E-02	1.53E-01	1.00E+00	-1.16E+00	5.60E-01	3.83E-02	-6.47E-01	-1.19E-02	bad-chisq
group_3385	2.00E-02	1.53E-01	1.00E+00	-8.60E+00	5.44E-01	1.80E-01	7.18E+00	3.59E-02	bad-chisq
group_3383	2.00E-02	1.53E-01	4.12E-01	1.61E+00	5.27E-01	-3.01E-02	-1.16E+00	-2.42E-02	bad-chisq
group_3335	2.00E-02	1.53E-01	1.00E+00	-8.60E+00	5.44E-01	1.80E-01	7.18E+00	3.59E-02	bad-chisq
group_3316	2.00E-02	1.53E-01	4.20E-01	1.60E+00	5.27E-01	-2.98E-02	-1.14E+00	-3.28E-03	bad-chisq
group_3312	2.00E-02	1.53E-01	1.00E+00	-8.60E+00	5.44E-01	1.80E-01	7.18E+00	3.59E-02	bad-chisq
group_3247	2.00E-02	1.53E-01	1.00E+00	-8.60E+00	5.44E-01	1.80E-01	7.18E+00	3.59E-02	bad-chisq
group_3245	2.00E-02	1.53E-01	4.20E-01	1.60E+00	5.27E-01	-2.98E-02	-1.14E+00	-3.28E-03	bad-chisq
group_3232	2.00E-02	1.53E-01	1.00E+00	-8.60E+00	5.44E-01	1.80E-01	7.18E+00	3.59E-02	bad-chisq
group_3206	2.00E-02	1.53E-01	3.64E-01	-1.72E+00	5.27E-01	5.01E-02	-1.19E+00	2.80E-01	bad-chisq
group_3178	2.00E-02	1.53E-01	4.20E-01	1.60E+00	5.27E-01	-2.98E-02	-1.14E+00	-3.28E-03	bad-chisq
group_3165	2.00E-02	1.53E-01	1.00E+00	-8.60E+00	5.44E-01	1.80E-01	7.18E+00	3.59E-02	bad-chisq
group_3164	2.00E-02	1.53E-01	1.00E+00	-8.60E+00	5.44E-01	1.80E-01	7.18E+00	3.59E-02	bad-chisq
group_3151	2.00E-02	1.53E-01	1.00E+00	-8.60E+00	5.44E-01	1.80E-01	7.18E+00	3.59E-02	bad-chisq
group_3140	2.00E-02	1.53E-01	4.20E-01	1.60E+00	5.27E-01	-2.98E-02	-1.14E+00	-3.28E-03	bad-chisq
group_3137	2.00E-02	1.53E-01	1.00E+00	-8.60E+00	5.44E-01	1.80E-01	7.18E+00	3.59E-02	bad-chisq
group_3085	2.00E-02	1.53E-01	1.00E+00	-8.60E+00	5.44E-01	1.80E-01	7.18E+00	3.59E-02	bad-chisq
group_3081	2.00E-02	1.53E-01	1.00E+00	-8.60E+00	5.44E-01	1.80E-01	7.18E+00	3.59E-02	bad-chisq
group_3080	2.00E-02	1.53E-01	1.00E+00	-8.60E+00	5.44E-01	1.80E-01	7.18E+00	3.59E-02	bad-chisq
group_3070	2.00E-02	1.53E-01	4.16E-01	1.62E+00	5.27E-01	-3.03E-02	-1.16E+00	-5.71E-02	bad-chisq
group_3068	2.00E-02	1.53E-01	1.00E+00	-8.60E+00	5.44E-01	1.80E-01	7.18E+00	3.59E-02	bad-chisq
group_3058	2.00E-02	1.53E-01	1.00E+00	-8.60E+00	5.44E-01	1.80E-01	7.18E+00	3.59E-02	bad-chisq
group_3052	2.00E-02	1.53E-01	3.39E-01	-1.73E+00	5.27E-01	5.07E-02	-1.28E+00	2.10E-01	bad-chisq
group_2995	2.00E-02	1.53E-01	4.20E-01	1.60E+00	5.27E-01	-2.98E-02	-1.14E+00	-3.28E-03	bad-chisq
group_2986	2.00E-02	1.53E-01	3.61E-01	-1.68E+00	5.27E-01	4.98E-02	-1.25E+00	8.14E-02	bad-chisq
group_2982	2.00E-02	1.53E-01	1.00E+00	-8.60E+00	5.44E-01	1.80E-01	7.18E+00	3.59E-02	bad-chisq
group_2973	2.00E-02	1.53E-01	4.20E-01	1.58E+00	5.29E-01	-2.98E-02	-1.13E+00	1.05E-01	bad-chisq
group_2972	2.00E-02	1.53E-01	1.00E+00	-8.60E+00	5.44E-01	1.80E-01	7.18E+00	3.59E-02	bad-chisq
group_2954	2.00E-02	1.53E-01	4.20E-01	1.60E+00	5.27E-01	-2.98E-02	-1.14E+00	-3.28E-03	bad-chisq
group_2952	2.00E-02	1.53E-01	3.41E-01	-1.72E+00	5.27E-01	5.05E-02	-1.29E+00	1.65E-01	bad-chisq
group_2940	2.00E-02	1.53E-01	1.00E+00	-8.60E+00	5.44E-01	1.80E-01	7.18E+00	3.59E-02	bad-chisq
group_2928	2.00E-02	1.53E-01	4.20E-01	1.60E+00	5.27E-01	-2.98E-02	-1.14E+00	-3.28E-03	bad-chisq
group_2926	2.00E-02	1.53E-01	4.16E-01	1.62E+00	5.27E-01	-3.03E-02	-1.16E+00	-5.71E-02	bad-chisq
group_2925	2.00E-02	1.53E-01	1.00E+00	-8.60E+00	5.44E-01	1.80E-01	7.18E+00	3.59E-02	bad-chisq
group_2919	2.00E-02	1.53E-01	1.00E+00	-8.60E+00	5.44E-01	1.80E-01	7.18E+00	3.59E-02	bad-chisq
group_2916	2.00E-02	1.53E-01	4.20E-01	1.60E+00	5.27E-01	-2.98E-02	-1.14E+00	-3.28E-03	bad-chisq
group_2914	2.00E-02	1.53E-01	1.00E+00	-8.60E+00	5.44E-01	1.80E-01	7.18E+00	3.59E-02	bad-chisq
group_2902	2.00E-02	1.53E-01	1.00E+00	-8.60E+00	5.44E-01	1.80E-01	7.18E+00	3.59E-02	bad-chisq
group_2891	2.00E-02	1.53E-01	1.00E+00	-1.16E+00	5.60E-01	3.83E-02	-6.47E-01	-1.19E-02	bad-chisq
group_2880	2.00E-02	1.53E-01	4.20E-01	1.60E+00	5.27E-01	-2.98E-02	-1.14E+00	-3.28E-03	bad-chisq
group_2874	2.00E-02	1.53E-01	4.20E-01	1.60E+00	5.27E-01	-2.98E-02	-1.14E+00	-3.28E-03	bad-chisq
group_2872	2.00E-02	1.53E-01	4.20E-01	1.60E+00	5.27E-01	-2.98E-02	-1.14E+00	-3.28E-03	bad-chisq
group_2854	2.00E-02	1.53E-01	1.00E+00	-8.60E+00	5.44E-01	1.80E-01	7.18E+00	3.59E-02	bad-chisq
group_2843	2.00E-02	1.53E-01	4.20E-01	1.60E+00	5.27E-01	-2.98E-02	-1.14E+00	-3.28E-03	bad-chisq
group_2841	2.00E-02	1.53E-01	1.00E+00	-8.60E+00	5.44E-01	1.80E-01	7.18E+00	3.59E-02	bad-chisq
amyC	2.00E-02	1.53E-01	4.20E-01	1.60E+00	5.27E-01	-2.98E-02	-1.14E+00	-3.28E-03	bad-chisq
group_2830	2.00E-02	1.53E-01	4.20E-01	1.60E+00	5.27E-01	-2.98E-02	-1.14E+00	-3.28E-03	bad-chisq
group_2829	2.00E-02	1.53E-01	4.20E-01	1.60E+00	5.27E-01	-2.98E-02	-1.14E+00	-3.28E-03	bad-chisq
group_2828	2.00E-02	1.53E-01	4.20E-01	1.60E+00	5.27E-01	-2.98E-02	-1.14E+00	-3.28E-03	bad-chisq
group_2825	2.00E-02	1.53E-01	3.61E-01	-1.68E+00	5.27E-01	4.98E-02	-1.25E+00	8.14E-02	bad-chisq
group_2822	2.00E-02	1.53E-01	4.20E-01	1.60E+00	5.27E-01	-2.98E-02	-1.14E+00	-3.28E-03	bad-chisq
group_2806	2.00E-02	1.00E+00	1.00E+00	7.54E-01	6.53E-01	-9.45E-03	-1.48E+00	1.83E-01	bad-chisq
group_2805	2.00E-02	1.00E+00	1.00E+00	6.83E-01	6.55E-01	-8.01E-03	-1.43E+00	1.46E-01	bad-chisq
group_2787	2.00E-02	1.53E-01	1.00E+00	-8.60E+00	5.44E-01	1.80E-01	7.18E+00	3.59E-02	bad-chisq
group_2781	2.00E-02	1.53E-01	4.20E-01	1.60E+00	5.27E-01	-2.98E-02	-1.14E+00	-3.28E-03	bad-chisq
group_2772	2.00E-02	1.00E+00	1.00E+00	6.83E-01	6.55E-01	-8.01E-03	-1.43E+00	1.46E-01	bad-chisq
group_2763	2.00E-02	1.53E-01	4.20E-01	1.60E+00	5.27E-01	-2.98E-02	-1.14E+00	-3.28E-03	bad-chisq
group_2706	2.00E-02	1.53E-01	4.20E-01	1.60E+00	5.27E-01	-2.98E-02	-1.14E+00	-3.28E-03	bad-chisq
group_2681	2.00E-02	1.53E-01	4.20E-01	1.60E+00	5.27E-01	-2.98E-02	-1.14E+00	-3.28E-03	bad-chisq
group_2679	2.00E-02	1.53E-01	4.20E-01	1.60E+00	5.27E-01	-2.98E-02	-1.14E+00	-3.28E-03	bad-chisq
group_2671	2.00E-02	1.53E-01	1.00E+00	-8.60E+00	5.44E-01	1.80E-01	7.18E+00	3.59E-02	bad-chisq
group_2665	2.00E-02	1.53E-01	1.00E+00	-8.60E+00	5.44E-01	1.80E-01	7.18E+00	3.59E-02	bad-chisq
group_2638	2.00E-02	1.53E-01	1.00E+00	-8.60E+00	5.44E-01	1.80E-01	7.18E+00	3.59E-02	bad-chisq
yxlF	2.00E-02	1.53E-01	1.00E+00	-8.60E+00	5.44E-01	1.80E-01	7.18E+00	3.59E-02	bad-chisq
amyD	2.00E-02	1.53E-01	4.20E-01	1.60E+00	5.27E-01	-2.98E-02	-1.14E+00	-3.28E-03	bad-chisq
group_2593	2.00E-02	1.53E-01	1.00E+00	-8.60E+00	5.44E-01	1.80E-01	7.18E+00	3.59E-02	bad-chisq
group_2584	2.00E-02	1.53E-01	3.30E-01	-1.77E+00	5.27E-01	5.13E-02	-1.30E+00	2.55E-01	bad-chisq
group_2570	2.00E-02	1.53E-01	1.00E+00	-8.60E+00	5.44E-01	1.80E-01	7.18E+00	3.59E-02	bad-chisq
group_2525	2.00E-02	1.53E-01	4.20E-01	1.60E+00	5.27E-01	-2.98E-02	-1.14E+00	-3.28E-03	bad-chisq
group_2522	2.00E-02	1.00E+00	1.00E+00	6.83E-01	6.55E-01	-8.01E-03	-1.43E+00	1.46E-01	bad-chisq
group_2518	2.00E-02	1.00E+00	1.00E+00	-4.68E-02	7.07E-01	1.01E-02	-1.22E+00	8.96E-02	bad-chisq
group_2486	2.00E-02	1.53E-01	1.00E+00	-8.60E+00	5.44E-01	1.80E-01	7.18E+00	3.59E-02	bad-chisq
group_2479	2.00E-02	1.53E-01	4.20E-01	1.60E+00	5.27E-01	-2.98E-02	-1.14E+00	-3.28E-03	bad-chisq
group_2478	2.00E-02	1.53E-01	4.20E-01	1.60E+00	5.27E-01	-2.98E-02	-1.14E+00	-3.28E-03	bad-chisq
group_2475	2.00E-02	1.53E-01	4.20E-01	1.60E+00	5.27E-01	-2.98E-02	-1.14E+00	-3.28E-03	bad-chisq
group_2472	2.00E-02	1.00E+00	1.00E+00	6.83E-01	6.55E-01	-8.01E-03	-1.43E+00	1.46E-01	bad-chisq
group_2464	2.00E-02	1.53E-01	1.00E+00	-8.60E+00	5.44E-01	1.80E-01	7.18E+00	3.59E-02	bad-chisq
group_2459	2.00E-02	1.53E-01	4.20E-01	1.60E+00	5.27E-01	-2.98E-02	-1.14E+00	-3.28E-03	bad-chisq
group_2456	2.00E-02	1.53E-01	1.00E+00	-8.60E+00	5.44E-01	1.80E-01	7.18E+00	3.59E-02	bad-chisq
group_2415	2.00E-02	1.53E-01	1.00E+00	-8.60E+00	5.44E-01	1.80E-01	7.18E+00	3.59E-02	bad-chisq
group_2381	2.00E-02	1.53E-01	1.00E+00	-8.60E+00	5.44E-01	1.80E-01	7.18E+00	3.59E-02	bad-chisq
group_2326	2.00E-02	1.53E-01	1.00E+00	-8.60E+00	5.44E-01	1.80E-01	7.18E+00	3.59E-02	bad-chisq
group_2321	2.00E-02	1.53E-01	1.00E+00	-8.60E+00	5.44E-01	1.80E-01	7.18E+00	3.59E-02	bad-chisq
group_2319	2.00E-02	1.53E-01	1.00E+00	-8.60E+00	5.44E-01	1.80E-01	7.18E+00	3.59E-02	bad-chisq
group_2314	2.00E-02	1.53E-01	3.39E-01	-1.73E+00	5.27E-01	5.07E-02	-1.28E+00	2.10E-01	bad-chisq
group_2294	2.00E-02	1.53E-01	4.20E-01	1.60E+00	5.27E-01	-2.98E-02	-1.14E+00	-3.28E-03	bad-chisq
group_2273	2.00E-02	1.53E-01	3.34E-01	-1.74E+00	5.27E-01	5.09E-02	-1.30E+00	2.12E-01	bad-chisq
group_2263	2.00E-02	1.53E-01	4.20E-01	1.60E+00	5.27E-01	-2.98E-02	-1.14E+00	-3.28E-03	bad-chisq
group_2250	2.00E-02	1.53E-01	3.94E-01	1.64E+00	5.27E-01	-3.07E-02	-1.21E+00	-3.76E-02	bad-chisq
group_2244	2.00E-02	1.53E-01	3.41E-01	-1.72E+00	5.27E-01	5.05E-02	-1.29E+00	1.65E-01	bad-chisq
group_2241	2.00E-02	1.53E-01	1.00E+00	-1.47E+00	5.66E-01	4.52E-02	-3.95E-01	3.86E-01	bad-chisq
group_2187	2.00E-02	1.53E-01	3.64E-01	-1.72E+00	5.27E-01	5.01E-02	-1.19E+00	2.80E-01	bad-chisq
group_2164	2.00E-02	1.53E-01	4.20E-01	1.60E+00	5.27E-01	-2.98E-02	-1.14E+00	-3.28E-03	bad-chisq
group_2156	2.00E-02	1.53E-01	1.00E+00	-8.60E+00	5.44E-01	1.80E-01	7.18E+00	3.59E-02	bad-chisq
group_2143	2.00E-02	1.53E-01	4.20E-01	1.60E+00	5.27E-01	-2.98E-02	-1.14E+00	-3.28E-03	bad-chisq
group_2140	2.00E-02	1.53E-01	4.16E-01	1.62E+00	5.27E-01	-3.03E-02	-1.16E+00	-5.71E-02	bad-chisq
group_2110	2.00E-02	1.53E-01	4.20E-01	1.60E+00	5.27E-01	-2.98E-02	-1.14E+00	-3.28E-03	bad-chisq
group_2102	2.00E-02	1.53E-01	4.20E-01	1.60E+00	5.27E-01	-2.98E-02	-1.14E+00	-3.28E-03	bad-chisq
group_2095	2.00E-02	1.53E-01	1.00E+00	-8.60E+00	5.44E-01	1.80E-01	7.18E+00	3.59E-02	bad-chisq
group_2079	2.00E-02	1.53E-01	4.20E-01	1.60E+00	5.27E-01	-2.98E-02	-1.14E+00	-3.28E-03	bad-chisq
group_2038	2.00E-02	1.53E-01	4.06E-01	1.61E+00	5.27E-01	-3.03E-02	-1.15E+00	1.43E-01	bad-chisq
group_2030	2.00E-02	1.53E-01	3.79E-01	-1.65E+00	5.28E-01	4.93E-02	-1.22E+00	3.31E-02	bad-chisq
essB	2.00E-02	1.53E-01	1.00E+00	-8.60E+00	5.44E-01	1.80E-01	7.18E+00	3.59E-02	bad-chisq
group_1971	2.00E-02	1.53E-01	3.61E-01	-1.68E+00	5.27E-01	4.98E-02	-1.25E+00	8.14E-02	bad-chisq
group_1866	2.00E-02	1.53E-01	1.00E+00	-1.36E+00	5.67E-01	4.31E-02	-4.42E-01	3.14E-01	bad-chisq
group_1850	2.00E-02	1.53E-01	1.00E+00	-8.60E+00	5.44E-01	1.80E-01	7.18E+00	3.59E-02	bad-chisq
group_1721	2.00E-02	1.53E-01	1.00E+00	-8.60E+00	5.44E-01	1.80E-01	7.18E+00	3.59E-02	bad-chisq
group_1713	2.00E-02	1.53E-01	1.00E+00	-1.36E+00	5.67E-01	4.31E-02	-4.42E-01	3.14E-01	bad-chisq
group_1643	2.00E-02	1.53E-01	1.00E+00	-8.60E+00	5.44E-01	1.80E-01	7.18E+00	3.59E-02	bad-chisq
group_1635	2.00E-02	1.53E-01	3.41E-01	-1.72E+00	5.27E-01	5.05E-02	-1.29E+00	1.65E-01	bad-chisq
group_1587	2.00E-02	1.53E-01	1.00E+00	-1.16E+00	5.60E-01	3.83E-02	-6.47E-01	-1.19E-02	bad-chisq
group_1566	2.00E-02	1.53E-01	1.00E+00	-8.60E+00	5.44E-01	1.80E-01	7.18E+00	3.59E-02	bad-chisq
group_1543	2.00E-02	1.53E-01	1.00E+00	-1.36E+00	5.67E-01	4.31E-02	-4.42E-01	3.14E-01	bad-chisq
group_1524	2.00E-02	1.53E-01	1.00E+00	-1.36E+00	5.67E-01	4.31E-02	-4.42E-01	3.14E-01	bad-chisq
group_1522	2.00E-02	1.53E-01	3.85E-01	-1.66E+00	5.27E-01	4.91E-02	-1.16E+00	2.16E-01	bad-chisq
group_1511	2.00E-02	1.00E+00	1.00E+00	-1.90E-02	7.07E-01	9.53E-03	-1.22E+00	8.80E-02	bad-chisq
group_1461	2.00E-02	1.53E-01	1.00E+00	-8.60E+00	5.44E-01	1.80E-01	7.18E+00	3.59E-02	bad-chisq
group_1456	2.00E-02	1.53E-01	3.61E-01	-1.68E+00	5.27E-01	4.98E-02	-1.25E+00	8.14E-02	bad-chisq
group_1257	2.00E-02	1.53E-01	3.30E-01	-1.77E+00	5.27E-01	5.13E-02	-1.30E+00	2.55E-01	bad-chisq
group_1228	2.00E-02	1.53E-01	1.00E+00	-8.60E+00	5.44E-01	1.80E-01	7.18E+00	3.59E-02	bad-chisq
group_1204	2.00E-02	1.53E-01	4.20E-01	1.60E+00	5.27E-01	-2.98E-02	-1.14E+00	-3.28E-03	bad-chisq
yukD	2.00E-02	1.53E-01	1.00E+00	-8.60E+00	5.44E-01	1.80E-01	7.18E+00	3.59E-02	bad-chisq
group_1122	2.00E-02	1.53E-01	1.00E+00	-8.60E+00	5.44E-01	1.80E-01	7.18E+00	3.59E-02	bad-chisq
group_1066	2.00E-02	1.53E-01	1.00E+00	-8.60E+00	5.44E-01	1.80E-01	7.18E+00	3.59E-02	bad-chisq
group_1052	2.00E-02	1.53E-01	1.00E+00	-8.60E+00	5.44E-01	1.80E-01	7.18E+00	3.59E-02	bad-chisq
group_976	2.00E-02	1.53E-01	1.00E+00	-8.60E+00	5.44E-01	1.80E-01	7.18E+00	3.59E-02	bad-chisq
group_970	2.00E-02	1.53E-01	1.00E+00	-1.47E+00	5.66E-01	4.52E-02	-3.95E-01	3.86E-01	bad-chisq
group_960	2.00E-02	1.53E-01	1.00E+00	-1.20E+00	5.59E-01	3.91E-02	-6.13E-01	-6.47E-02	bad-chisq
group_941	2.00E-02	1.53E-01	1.00E+00	-1.36E+00	5.67E-01	4.31E-02	-4.42E-01	3.14E-01	bad-chisq
group_927	2.00E-02	1.53E-01	1.00E+00	-8.60E+00	5.44E-01	1.80E-01	7.18E+00	3.59E-02	bad-chisq
group_925	2.00E-02	1.53E-01	1.00E+00	-8.60E+00	5.44E-01	1.80E-01	7.18E+00	3.59E-02	bad-chisq
group_922	2.00E-02	1.53E-01	1.00E+00	-8.60E+00	5.44E-01	1.80E-01	7.18E+00	3.59E-02	bad-chisq
group_920	2.00E-02	1.53E-01	1.00E+00	-8.60E+00	5.44E-01	1.80E-01	7.18E+00	3.59E-02	bad-chisq
group_884	2.00E-02	1.53E-01	4.20E-01	1.60E+00	5.27E-01	-2.98E-02	-1.14E+00	-3.28E-03	bad-chisq
group_823	2.00E-02	1.53E-01	1.00E+00	-8.60E+00	5.44E-01	1.80E-01	7.18E+00	3.59E-02	bad-chisq
group_804	2.00E-02	1.53E-01	1.00E+00	-8.60E+00	5.44E-01	1.80E-01	7.18E+00	3.59E-02	bad-chisq
group_781	2.00E-02	1.53E-01	4.20E-01	1.60E+00	5.27E-01	-2.98E-02	-1.14E+00	-3.28E-03	bad-chisq
group_780	2.00E-02	1.53E-01	1.00E+00	-8.60E+00	5.44E-01	1.80E-01	7.18E+00	3.59E-02	bad-chisq
group_774	2.00E-02	1.53E-01	1.00E+00	-8.60E+00	5.44E-01	1.80E-01	7.18E+00	3.59E-02	bad-chisq
group_773	2.00E-02	1.53E-01	1.00E+00	-8.60E+00	5.44E-01	1.80E-01	7.18E+00	3.59E-02	bad-chisq
group_761	2.00E-02	1.53E-01	1.00E+00	-8.60E+00	5.44E-01	1.80E-01	7.18E+00	3.59E-02	bad-chisq
group_750	2.00E-02	1.53E-01	4.20E-01	1.60E+00	5.27E-01	-2.98E-02	-1.14E+00	-3.28E-03	bad-chisq
group_701	2.00E-02	1.53E-01	1.00E+00	-8.60E+00	5.44E-01	1.80E-01	7.18E+00	3.59E-02	bad-chisq
group_698	2.00E-02	1.53E-01	1.00E+00	-8.60E+00	5.44E-01	1.80E-01	7.18E+00	3.59E-02	bad-chisq
group_671	2.00E-02	1.53E-01	1.00E+00	-1.47E+00	5.66E-01	4.52E-02	-3.95E-01	3.86E-01	bad-chisq
group_589	2.00E-02	1.53E-01	4.12E-01	1.61E+00	5.27E-01	-3.01E-02	-1.16E+00	-2.42E-02	bad-chisq
group_532	2.00E-02	1.53E-01	3.41E-01	-1.72E+00	5.27E-01	5.05E-02	-1.29E+00	1.65E-01	bad-chisq
group_526	2.00E-02	1.53E-01	1.00E+00	-8.60E+00	5.44E-01	1.80E-01	7.18E+00	3.59E-02	bad-chisq
group_477	2.00E-02	1.53E-01	1.00E+00	-8.60E+00	5.44E-01	1.80E-01	7.18E+00	3.59E-02	bad-chisq
group_464	2.00E-02	1.53E-01	3.41E-01	-1.72E+00	5.27E-01	5.05E-02	-1.29E+00	1.65E-01	bad-chisq
group_432	2.00E-02	1.53E-01	1.00E+00	-8.60E+00	5.44E-01	1.80E-01	7.18E+00	3.59E-02	bad-chisq
group_416	2.00E-02	1.53E-01	1.00E+00	-8.60E+00	5.44E-01	1.80E-01	7.18E+00	3.59E-02	bad-chisq
group_331	2.00E-02	1.53E-01	4.16E-01	1.62E+00	5.27E-01	-3.03E-02	-1.16E+00	-5.71E-02	bad-chisq
group_223	2.00E-02	1.53E-01	3.33E-01	-1.77E+00	5.27E-01	5.12E-02	-1.29E+00	2.66E-01	bad-chisq
group_207	2.00E-02	1.53E-01	3.64E-01	-1.72E+00	5.27E-01	5.01E-02	-1.19E+00	2.80E-01	bad-chisq
group_148	2.00E-02	1.53E-01	4.20E-01	1.60E+00	5.27E-01	-2.98E-02	-1.14E+00	-3.28E-03	bad-chisq
ftsK	2.00E-02	1.53E-01	4.20E-01	1.60E+00	5.27E-01	-2.98E-02	-1.14E+00	-3.28E-03	bad-chisq
group_94	2.00E-02	1.53E-01	1.00E+00	-8.60E+00	5.44E-01	1.80E-01	7.18E+00	3.59E-02	bad-chisq
group_85	2.00E-02	1.53E-01	1.00E+00	-8.60E+00	5.44E-01	1.80E-01	7.18E+00	3.59E-02	bad-chisq
group_82	2.00E-02	1.53E-01	1.00E+00	-8.60E+00	5.44E-01	1.80E-01	7.18E+00	3.59E-02	bad-chisq
group_81	2.00E-02	1.53E-01	1.00E+00	-8.60E+00	5.44E-01	1.80E-01	7.18E+00	3.59E-02	bad-chisq
group_75	2.00E-02	1.53E-01	4.20E-01	1.60E+00	5.27E-01	-2.98E-02	-1.14E+00	-3.28E-03	bad-chisq
group_74	2.00E-02	1.53E-01	4.20E-01	1.60E+00	5.27E-01	-2.98E-02	-1.14E+00	-3.28E-03	bad-chisq
group_70	2.00E-02	1.53E-01	1.00E+00	-8.60E+00	5.44E-01	1.80E-01	7.18E+00	3.59E-02	bad-chisq
group_69	2.00E-02	1.53E-01	1.00E+00	-1.16E+00	5.60E-01	3.83E-02	-6.47E-01	-1.19E-02	bad-chisq
group_47	2.00E-02	1.53E-01	1.00E+00	-8.60E+00	5.44E-01	1.80E-01	7.18E+00	3.59E-02	bad-chisq
group_43	2.00E-02	1.53E-01	1.00E+00	-8.60E+00	5.44E-01	1.80E-01	7.18E+00	3.59E-02	bad-chisq
esaA	2.00E-02	1.53E-01	1.00E+00	-8.60E+00	5.44E-01	1.80E-01	7.18E+00	3.59E-02	bad-chisq
group_38	2.00E-02	1.53E-01	1.00E+00	-1.47E+00	5.66E-01	4.52E-02	-3.95E-01	3.86E-01	bad-chisq
group_4739	1.00E-02	3.15E-01	1.00E+00	-1.22E+00	4.33E-01	2.99E-02	-1.26E+00	1.78E-01	bad-chisq
group_4737	1.00E-02	3.15E-01	1.00E+00	1.09E+00	4.33E-01	-1.04E-02	-1.19E+00	1.24E-01	bad-chisq
group_4736	1.00E-02	3.15E-01	1.00E+00	1.09E+00	4.33E-01	-1.04E-02	-1.19E+00	1.24E-01	bad-chisq
group_4733	1.00E-02	3.15E-01	1.00E+00	1.09E+00	4.33E-01	-1.05E-02	-1.20E+00	1.24E-01	bad-chisq
group_4732	1.00E-02	3.15E-01	1.00E+00	1.18E+00	4.33E-01	-1.12E-02	-1.26E+00	1.13E-01	bad-chisq
group_4730	1.00E-02	3.15E-01	1.00E+00	1.10E+00	4.33E-01	-1.04E-02	-1.21E+00	4.15E-02	bad-chisq
group_4723	1.00E-02	3.15E-01	1.00E+00	-4.60E-01	4.33E-01	1.92E-02	-7.41E-01	-2.57E-02	bad-chisq
group_4722	1.00E-02	3.15E-01	1.00E+00	-4.60E-01	4.33E-01	1.92E-02	-7.41E-01	-2.57E-02	bad-chisq
group_4720	1.00E-02	3.15E-01	1.00E+00	-4.60E-01	4.33E-01	1.92E-02	-7.41E-01	-2.57E-02	bad-chisq
group_4719	1.00E-02	3.15E-01	1.00E+00	-4.60E-01	4.33E-01	1.92E-02	-7.41E-01	-2.57E-02	bad-chisq
group_4718	1.00E-02	3.15E-01	1.00E+00	-4.60E-01	4.33E-01	1.92E-02	-7.41E-01	-2.57E-02	bad-chisq
group_4717	1.00E-02	3.15E-01	1.00E+00	-4.60E-01	4.33E-01	1.92E-02	-7.41E-01	-2.57E-02	bad-chisq
group_4716	1.00E-02	3.15E-01	1.00E+00	-4.60E-01	4.33E-01	1.92E-02	-7.41E-01	-2.57E-02	bad-chisq
group_4715	1.00E-02	3.15E-01	1.00E+00	-4.60E-01	4.33E-01	1.92E-02	-7.41E-01	-2.57E-02	bad-chisq
group_4714	1.00E-02	3.15E-01	1.00E+00	-4.60E-01	4.33E-01	1.92E-02	-7.41E-01	-2.57E-02	bad-chisq
group_4713	1.00E-02	3.15E-01	1.00E+00	-4.60E-01	4.33E-01	1.92E-02	-7.41E-01	-2.57E-02	bad-chisq
group_4712	1.00E-02	3.15E-01	1.00E+00	-4.60E-01	4.33E-01	1.92E-02	-7.41E-01	-2.57E-02	bad-chisq
group_4711	1.00E-02	3.15E-01	1.00E+00	-4.60E-01	4.33E-01	1.92E-02	-7.41E-01	-2.57E-02	bad-chisq
group_4709	1.00E-02	3.15E-01	1.00E+00	-4.60E-01	4.33E-01	1.92E-02	-7.41E-01	-2.57E-02	bad-chisq
group_4708	1.00E-02	3.15E-01	1.00E+00	-4.60E-01	4.33E-01	1.92E-02	-7.41E-01	-2.57E-02	bad-chisq
group_4707	1.00E-02	3.15E-01	1.00E+00	-4.60E-01	4.33E-01	1.92E-02	-7.41E-01	-2.57E-02	bad-chisq
group_4706	1.00E-02	3.15E-01	1.00E+00	-4.60E-01	4.33E-01	1.92E-02	-7.41E-01	-2.57E-02	bad-chisq
group_4705	1.00E-02	3.15E-01	1.00E+00	-4.60E-01	4.33E-01	1.92E-02	-7.41E-01	-2.57E-02	bad-chisq
group_4704	1.00E-02	3.15E-01	1.00E+00	-4.60E-01	4.33E-01	1.92E-02	-7.41E-01	-2.57E-02	bad-chisq
group_4703	1.00E-02	3.15E-01	1.00E+00	-4.60E-01	4.33E-01	1.92E-02	-7.41E-01	-2.57E-02	bad-chisq
group_4702	1.00E-02	3.15E-01	1.00E+00	-4.60E-01	4.33E-01	1.92E-02	-7.41E-01	-2.57E-02	bad-chisq
group_4701	1.00E-02	3.15E-01	1.00E+00	-4.60E-01	4.33E-01	1.92E-02	-7.41E-01	-2.57E-02	bad-chisq
group_4700	1.00E-02	3.15E-01	1.00E+00	-4.60E-01	4.33E-01	1.92E-02	-7.41E-01	-2.57E-02	bad-chisq
group_4699	1.00E-02	3.15E-01	1.00E+00	-4.60E-01	4.33E-01	1.92E-02	-7.41E-01	-2.57E-02	bad-chisq
group_4698	1.00E-02	3.15E-01	1.00E+00	-4.60E-01	4.33E-01	1.92E-02	-7.41E-01	-2.57E-02	bad-chisq
group_4697	1.00E-02	3.15E-01	1.00E+00	-4.60E-01	4.33E-01	1.92E-02	-7.41E-01	-2.57E-02	bad-chisq
group_4696	1.00E-02	3.15E-01	1.00E+00	-4.60E-01	4.33E-01	1.92E-02	-7.41E-01	-2.57E-02	bad-chisq
group_4695	1.00E-02	3.15E-01	1.00E+00	-4.60E-01	4.33E-01	1.92E-02	-7.41E-01	-2.57E-02	bad-chisq
group_4694	1.00E-02	3.15E-01	1.00E+00	-4.60E-01	4.33E-01	1.92E-02	-7.41E-01	-2.57E-02	bad-chisq
group_4693	1.00E-02	3.15E-01	1.00E+00	-4.60E-01	4.33E-01	1.92E-02	-7.41E-01	-2.57E-02	bad-chisq
group_4692	1.00E-02	3.15E-01	1.00E+00	-4.60E-01	4.33E-01	1.92E-02	-7.41E-01	-2.57E-02	bad-chisq
group_4691	1.00E-02	3.15E-01	1.00E+00	-4.60E-01	4.33E-01	1.92E-02	-7.41E-01	-2.57E-02	bad-chisq
group_4690	1.00E-02	3.15E-01	1.00E+00	-4.60E-01	4.33E-01	1.92E-02	-7.41E-01	-2.57E-02	bad-chisq
group_4689	1.00E-02	3.15E-01	1.00E+00	-4.60E-01	4.33E-01	1.92E-02	-7.41E-01	-2.57E-02	bad-chisq
group_4688	1.00E-02	3.15E-01	1.00E+00	-4.60E-01	4.33E-01	1.92E-02	-7.41E-01	-2.57E-02	bad-chisq
group_4687	1.00E-02	3.15E-01	1.00E+00	-4.60E-01	4.33E-01	1.92E-02	-7.41E-01	-2.57E-02	bad-chisq
group_4686	1.00E-02	3.15E-01	1.00E+00	-4.60E-01	4.33E-01	1.92E-02	-7.41E-01	-2.57E-02	bad-chisq
group_4685	1.00E-02	3.15E-01	1.00E+00	-4.60E-01	4.33E-01	1.92E-02	-7.41E-01	-2.57E-02	bad-chisq
group_4684	1.00E-02	3.15E-01	1.00E+00	-4.60E-01	4.33E-01	1.92E-02	-7.41E-01	-2.57E-02	bad-chisq
group_4683	1.00E-02	3.15E-01	1.00E+00	-4.60E-01	4.33E-01	1.92E-02	-7.41E-01	-2.57E-02	bad-chisq
group_4682	1.00E-02	3.15E-01	1.00E+00	-4.60E-01	4.33E-01	1.92E-02	-7.41E-01	-2.57E-02	bad-chisq
group_4681	1.00E-02	3.15E-01	1.00E+00	-4.60E-01	4.33E-01	1.92E-02	-7.41E-01	-2.57E-02	bad-chisq
group_4680	1.00E-02	3.15E-01	1.00E+00	-4.60E-01	4.33E-01	1.92E-02	-7.41E-01	-2.57E-02	bad-chisq
group_4679	1.00E-02	3.15E-01	1.00E+00	-4.60E-01	4.33E-01	1.92E-02	-7.41E-01	-2.57E-02	bad-chisq
group_4677	1.00E-02	3.15E-01	1.00E+00	-4.60E-01	4.33E-01	1.92E-02	-7.41E-01	-2.57E-02	bad-chisq
group_4676	1.00E-02	3.15E-01	1.00E+00	-4.60E-01	4.33E-01	1.92E-02	-7.41E-01	-2.57E-02	bad-chisq
group_4675	1.00E-02	3.15E-01	1.00E+00	-4.60E-01	4.33E-01	1.92E-02	-7.41E-01	-2.57E-02	bad-chisq
group_4674	1.00E-02	3.15E-01	1.00E+00	-4.60E-01	4.33E-01	1.92E-02	-7.41E-01	-2.57E-02	bad-chisq
group_4673	1.00E-02	3.15E-01	1.00E+00	-4.60E-01	4.33E-01	1.92E-02	-7.41E-01	-2.57E-02	bad-chisq
group_4672	1.00E-02	3.15E-01	1.00E+00	-4.60E-01	4.33E-01	1.92E-02	-7.41E-01	-2.57E-02	bad-chisq
group_4671	1.00E-02	3.15E-01	1.00E+00	-4.60E-01	4.33E-01	1.92E-02	-7.41E-01	-2.57E-02	bad-chisq
group_4670	1.00E-02	3.15E-01	1.00E+00	-4.60E-01	4.33E-01	1.92E-02	-7.41E-01	-2.57E-02	bad-chisq
group_4668	1.00E-02	3.15E-01	1.00E+00	-4.60E-01	4.33E-01	1.92E-02	-7.41E-01	-2.57E-02	bad-chisq
group_4667	1.00E-02	3.15E-01	1.00E+00	-4.60E-01	4.33E-01	1.92E-02	-7.41E-01	-2.57E-02	bad-chisq
group_4666	1.00E-02	3.15E-01	1.00E+00	-4.60E-01	4.33E-01	1.92E-02	-7.41E-01	-2.57E-02	bad-chisq
group_4665	1.00E-02	3.15E-01	1.00E+00	-4.60E-01	4.33E-01	1.92E-02	-7.41E-01	-2.57E-02	bad-chisq
group_4664	1.00E-02	3.15E-01	1.00E+00	-4.60E-01	4.33E-01	1.92E-02	-7.41E-01	-2.57E-02	bad-chisq
group_4663	1.00E-02	3.15E-01	1.00E+00	-4.60E-01	4.33E-01	1.92E-02	-7.41E-01	-2.57E-02	bad-chisq
group_4662	1.00E-02	3.15E-01	1.00E+00	-4.60E-01	4.33E-01	1.92E-02	-7.41E-01	-2.57E-02	bad-chisq
group_4661	1.00E-02	3.15E-01	1.00E+00	-4.60E-01	4.33E-01	1.92E-02	-7.41E-01	-2.57E-02	bad-chisq
group_4660	1.00E-02	3.15E-01	1.00E+00	-4.60E-01	4.33E-01	1.92E-02	-7.41E-01	-2.57E-02	bad-chisq
group_4659	1.00E-02	3.15E-01	1.00E+00	-4.60E-01	4.33E-01	1.92E-02	-7.41E-01	-2.57E-02	bad-chisq
group_4658	1.00E-02	3.15E-01	1.00E+00	-4.60E-01	4.33E-01	1.92E-02	-7.41E-01	-2.57E-02	bad-chisq
group_4657	1.00E-02	3.15E-01	1.00E+00	-4.60E-01	4.33E-01	1.92E-02	-7.41E-01	-2.57E-02	bad-chisq
group_4655	1.00E-02	3.15E-01	1.00E+00	-1.11E+00	4.33E-01	2.90E-02	-1.21E+00	3.17E-02	bad-chisq
group_4654	1.00E-02	3.15E-01	1.00E+00	-1.15E+00	4.33E-01	2.93E-02	-1.23E+00	1.99E-02	bad-chisq
group_4653	1.00E-02	3.15E-01	1.00E+00	-1.15E+00	4.33E-01	2.93E-02	-1.23E+00	1.99E-02	bad-chisq
group_4652	1.00E-02	3.15E-01	1.00E+00	-1.15E+00	4.33E-01	2.93E-02	-1.23E+00	1.99E-02	bad-chisq
group_4651	1.00E-02	3.15E-01	1.00E+00	-1.15E+00	4.33E-01	2.93E-02	-1.23E+00	1.99E-02	bad-chisq
group_4650	1.00E-02	3.15E-01	1.00E+00	-1.15E+00	4.33E-01	2.93E-02	-1.23E+00	1.99E-02	bad-chisq
group_4649	1.00E-02	3.15E-01	1.00E+00	-1.15E+00	4.33E-01	2.93E-02	-1.23E+00	1.99E-02	bad-chisq
group_4648	1.00E-02	3.15E-01	1.00E+00	-1.15E+00	4.33E-01	2.93E-02	-1.23E+00	1.99E-02	bad-chisq
group_4647	1.00E-02	3.15E-01	1.00E+00	-1.15E+00	4.33E-01	2.93E-02	-1.23E+00	1.99E-02	bad-chisq
group_4640	1.00E-02	3.15E-01	1.00E+00	-1.14E+00	4.33E-01	2.93E-02	-1.23E+00	3.74E-02	bad-chisq
group_4639	1.00E-02	3.15E-01	1.00E+00	-1.14E+00	4.33E-01	2.93E-02	-1.23E+00	3.74E-02	bad-chisq
group_4638	1.00E-02	3.15E-01	1.00E+00	-1.14E+00	4.33E-01	2.93E-02	-1.23E+00	3.74E-02	bad-chisq
group_4636	1.00E-02	3.15E-01	1.00E+00	1.09E+00	4.33E-01	-1.04E-02	-1.21E+00	8.28E-02	bad-chisq
group_4635	1.00E-02	3.15E-01	1.00E+00	1.09E+00	4.33E-01	-1.04E-02	-1.21E+00	8.28E-02	bad-chisq
group_4634	1.00E-02	3.15E-01	1.00E+00	1.08E+00	4.33E-01	-1.05E-02	-1.17E+00	1.63E-01	bad-chisq
group_4633	1.00E-02	3.15E-01	1.00E+00	1.08E+00	4.33E-01	-1.05E-02	-1.17E+00	1.63E-01	bad-chisq
group_4632	1.00E-02	3.15E-01	1.00E+00	1.08E+00	4.33E-01	-1.05E-02	-1.17E+00	1.63E-01	bad-chisq
group_4631	1.00E-02	3.15E-01	1.00E+00	1.12E+00	4.33E-01	-1.08E-02	-1.21E+00	1.50E-01	bad-chisq
group_4630	1.00E-02	3.15E-01	1.00E+00	1.12E+00	4.33E-01	-1.08E-02	-1.21E+00	1.50E-01	bad-chisq
group_4629	1.00E-02	3.15E-01	1.00E+00	1.12E+00	4.33E-01	-1.08E-02	-1.21E+00	1.50E-01	bad-chisq
group_4628	1.00E-02	3.15E-01	1.00E+00	1.12E+00	4.33E-01	-1.08E-02	-1.21E+00	1.50E-01	bad-chisq
group_4627	1.00E-02	3.15E-01	1.00E+00	1.12E+00	4.33E-01	-1.08E-02	-1.21E+00	1.50E-01	bad-chisq
group_4625	1.00E-02	3.15E-01	1.00E+00	1.04E+00	4.33E-01	-9.84E-03	-1.16E+00	2.13E-02	bad-chisq
group_4624	1.00E-02	3.15E-01	1.00E+00	1.04E+00	4.33E-01	-9.84E-03	-1.16E+00	2.13E-02	bad-chisq
group_4623	1.00E-02	3.15E-01	1.00E+00	1.04E+00	4.33E-01	-9.84E-03	-1.16E+00	2.13E-02	bad-chisq
group_4622	1.00E-02	3.15E-01	1.00E+00	1.04E+00	4.33E-01	-9.84E-03	-1.16E+00	2.13E-02	bad-chisq
group_4621	1.00E-02	3.15E-01	1.00E+00	1.04E+00	4.33E-01	-9.84E-03	-1.16E+00	2.13E-02	bad-chisq
group_4620	1.00E-02	3.15E-01	1.00E+00	1.04E+00	4.33E-01	-9.84E-03	-1.16E+00	2.13E-02	bad-chisq
group_4619	1.00E-02	3.15E-01	1.00E+00	1.04E+00	4.33E-01	-9.84E-03	-1.16E+00	2.13E-02	bad-chisq
group_4618	1.00E-02	3.15E-01	1.00E+00	1.04E+00	4.33E-01	-9.84E-03	-1.16E+00	2.13E-02	bad-chisq
group_4617	1.00E-02	3.15E-01	1.00E+00	1.04E+00	4.33E-01	-9.84E-03	-1.16E+00	2.13E-02	bad-chisq
group_4616	1.00E-02	3.15E-01	1.00E+00	1.04E+00	4.33E-01	-9.84E-03	-1.16E+00	2.13E-02	bad-chisq
group_4615	1.00E-02	3.15E-01	1.00E+00	1.04E+00	4.33E-01	-9.84E-03	-1.16E+00	2.13E-02	bad-chisq
group_4614	1.00E-02	3.15E-01	1.00E+00	1.04E+00	4.33E-01	-9.84E-03	-1.16E+00	2.13E-02	bad-chisq
group_4613	1.00E-02	3.15E-01	1.00E+00	1.04E+00	4.33E-01	-9.84E-03	-1.16E+00	2.13E-02	bad-chisq
group_4612	1.00E-02	3.15E-01	1.00E+00	1.04E+00	4.33E-01	-9.84E-03	-1.16E+00	2.13E-02	bad-chisq
group_4611	1.00E-02	3.15E-01	1.00E+00	1.04E+00	4.33E-01	-9.84E-03	-1.16E+00	2.13E-02	bad-chisq
group_4610	1.00E-02	3.15E-01	1.00E+00	1.04E+00	4.33E-01	-9.84E-03	-1.16E+00	2.13E-02	bad-chisq
group_4609	1.00E-02	3.15E-01	1.00E+00	1.04E+00	4.33E-01	-9.84E-03	-1.16E+00	2.13E-02	bad-chisq
group_4608	1.00E-02	3.15E-01	1.00E+00	1.04E+00	4.33E-01	-9.84E-03	-1.16E+00	2.13E-02	bad-chisq
group_4607	1.00E-02	3.15E-01	1.00E+00	1.04E+00	4.33E-01	-9.84E-03	-1.16E+00	2.13E-02	bad-chisq
group_4606	1.00E-02	3.15E-01	1.00E+00	1.04E+00	4.33E-01	-9.84E-03	-1.16E+00	2.13E-02	bad-chisq
group_4605	1.00E-02	3.15E-01	1.00E+00	1.04E+00	4.33E-01	-9.84E-03	-1.16E+00	2.13E-02	bad-chisq
group_4604	1.00E-02	3.15E-01	1.00E+00	1.04E+00	4.33E-01	-9.84E-03	-1.16E+00	2.13E-02	bad-chisq
group_4603	1.00E-02	3.15E-01	1.00E+00	1.04E+00	4.33E-01	-9.84E-03	-1.16E+00	2.13E-02	bad-chisq
group_4602	1.00E-02	3.15E-01	1.00E+00	1.04E+00	4.33E-01	-9.84E-03	-1.16E+00	2.13E-02	bad-chisq
group_4601	1.00E-02	3.15E-01	1.00E+00	1.04E+00	4.33E-01	-9.84E-03	-1.16E+00	2.13E-02	bad-chisq
group_4600	1.00E-02	3.15E-01	1.00E+00	1.04E+00	4.33E-01	-9.84E-03	-1.16E+00	2.13E-02	bad-chisq
group_4599	1.00E-02	3.15E-01	1.00E+00	1.04E+00	4.33E-01	-9.84E-03	-1.16E+00	2.13E-02	bad-chisq
group_4598	1.00E-02	3.15E-01	1.00E+00	1.04E+00	4.33E-01	-9.84E-03	-1.16E+00	2.13E-02	bad-chisq
group_4597	1.00E-02	3.15E-01	1.00E+00	1.04E+00	4.33E-01	-9.84E-03	-1.16E+00	2.13E-02	bad-chisq
group_4596	1.00E-02	3.15E-01	1.00E+00	1.04E+00	4.33E-01	-9.84E-03	-1.16E+00	2.13E-02	bad-chisq
group_4595	1.00E-02	3.15E-01	1.00E+00	1.04E+00	4.33E-01	-9.84E-03	-1.16E+00	2.13E-02	bad-chisq
group_4594	1.00E-02	3.15E-01	1.00E+00	1.04E+00	4.33E-01	-9.84E-03	-1.16E+00	2.13E-02	bad-chisq
group_4593	1.00E-02	3.15E-01	1.00E+00	1.04E+00	4.33E-01	-9.84E-03	-1.16E+00	2.13E-02	bad-chisq
group_4592	1.00E-02	3.15E-01	1.00E+00	1.04E+00	4.33E-01	-9.84E-03	-1.16E+00	2.13E-02	bad-chisq
group_4591	1.00E-02	3.15E-01	1.00E+00	1.04E+00	4.33E-01	-9.84E-03	-1.16E+00	2.13E-02	bad-chisq
group_4590	1.00E-02	3.15E-01	1.00E+00	1.04E+00	4.33E-01	-9.84E-03	-1.16E+00	2.13E-02	bad-chisq
group_4589	1.00E-02	3.15E-01	1.00E+00	1.04E+00	4.33E-01	-9.84E-03	-1.16E+00	2.13E-02	bad-chisq
group_4588	1.00E-02	3.15E-01	1.00E+00	1.04E+00	4.33E-01	-9.84E-03	-1.16E+00	2.13E-02	bad-chisq
group_4587	1.00E-02	3.15E-01	1.00E+00	1.04E+00	4.33E-01	-9.84E-03	-1.16E+00	2.13E-02	bad-chisq
group_4586	1.00E-02	3.15E-01	1.00E+00	1.04E+00	4.33E-01	-9.84E-03	-1.16E+00	2.13E-02	bad-chisq
group_4585	1.00E-02	3.15E-01	1.00E+00	1.04E+00	4.33E-01	-9.84E-03	-1.16E+00	2.13E-02	bad-chisq
group_4584	1.00E-02	3.15E-01	1.00E+00	1.04E+00	4.33E-01	-9.84E-03	-1.16E+00	2.13E-02	bad-chisq
group_4583	1.00E-02	3.15E-01	1.00E+00	1.04E+00	4.33E-01	-9.84E-03	-1.16E+00	2.13E-02	bad-chisq
group_4582	1.00E-02	3.15E-01	1.00E+00	1.04E+00	4.33E-01	-9.84E-03	-1.16E+00	2.13E-02	bad-chisq
group_4581	1.00E-02	3.15E-01	1.00E+00	1.04E+00	4.33E-01	-9.84E-03	-1.16E+00	2.13E-02	bad-chisq
group_4580	1.00E-02	3.15E-01	1.00E+00	1.04E+00	4.33E-01	-9.84E-03	-1.16E+00	2.13E-02	bad-chisq
group_4579	1.00E-02	3.15E-01	1.00E+00	1.04E+00	4.33E-01	-9.84E-03	-1.16E+00	2.13E-02	bad-chisq
group_4578	1.00E-02	3.15E-01	1.00E+00	1.04E+00	4.33E-01	-9.84E-03	-1.16E+00	2.13E-02	bad-chisq
group_4577	1.00E-02	3.15E-01	1.00E+00	1.04E+00	4.33E-01	-9.84E-03	-1.16E+00	2.13E-02	bad-chisq
group_4576	1.00E-02	3.15E-01	1.00E+00	1.04E+00	4.33E-01	-9.84E-03	-1.16E+00	2.13E-02	bad-chisq
group_4575	1.00E-02	3.15E-01	1.00E+00	1.04E+00	4.33E-01	-9.84E-03	-1.16E+00	2.13E-02	bad-chisq
group_4574	1.00E-02	3.15E-01	1.00E+00	1.04E+00	4.33E-01	-9.84E-03	-1.16E+00	2.13E-02	bad-chisq
group_4573	1.00E-02	3.15E-01	1.00E+00	1.04E+00	4.33E-01	-9.84E-03	-1.16E+00	2.13E-02	bad-chisq
group_4572	1.00E-02	3.15E-01	1.00E+00	1.04E+00	4.33E-01	-9.84E-03	-1.16E+00	2.13E-02	bad-chisq
group_4571	1.00E-02	3.15E-01	1.00E+00	1.04E+00	4.33E-01	-9.84E-03	-1.16E+00	2.13E-02	bad-chisq
group_4570	1.00E-02	3.15E-01	1.00E+00	1.04E+00	4.33E-01	-9.84E-03	-1.16E+00	2.13E-02	bad-chisq
group_4569	1.00E-02	3.15E-01	1.00E+00	1.04E+00	4.33E-01	-9.84E-03	-1.16E+00	2.13E-02	bad-chisq
group_4568	1.00E-02	3.15E-01	1.00E+00	1.04E+00	4.33E-01	-9.84E-03	-1.16E+00	2.13E-02	bad-chisq
group_4567	1.00E-02	3.15E-01	1.00E+00	1.04E+00	4.33E-01	-9.84E-03	-1.16E+00	2.13E-02	bad-chisq
group_4566	1.00E-02	3.15E-01	1.00E+00	1.04E+00	4.33E-01	-9.84E-03	-1.16E+00	2.13E-02	bad-chisq
group_4565	1.00E-02	3.15E-01	1.00E+00	1.04E+00	4.33E-01	-9.84E-03	-1.16E+00	2.13E-02	bad-chisq
group_4564	1.00E-02	3.15E-01	1.00E+00	1.04E+00	4.33E-01	-9.84E-03	-1.16E+00	2.13E-02	bad-chisq
group_4563	1.00E-02	3.15E-01	1.00E+00	1.04E+00	4.33E-01	-9.84E-03	-1.16E+00	2.13E-02	bad-chisq
group_4562	1.00E-02	3.15E-01	1.00E+00	1.04E+00	4.33E-01	-9.84E-03	-1.16E+00	2.13E-02	bad-chisq
group_4561	1.00E-02	3.15E-01	1.00E+00	1.04E+00	4.33E-01	-9.84E-03	-1.16E+00	2.13E-02	bad-chisq
traE1	1.00E-02	3.15E-01	1.00E+00	1.04E+00	4.33E-01	-9.84E-03	-1.16E+00	2.13E-02	bad-chisq
group_4560	1.00E-02	3.15E-01	1.00E+00	1.10E+00	4.33E-01	-1.04E-02	-1.21E+00	1.23E-02	bad-chisq
group_4537	1.00E-02	3.15E-01	1.00E+00	-1.16E+00	4.33E-01	2.95E-02	-1.24E+00	4.84E-03	bad-chisq
group_4527	1.00E-02	3.15E-01	1.00E+00	-7.41E-01	4.33E-01	2.18E-02	-5.80E-01	2.14E-01	bad-chisq
group_4526	1.00E-02	3.15E-01	1.00E+00	-7.41E-01	4.33E-01	2.18E-02	-5.80E-01	2.14E-01	bad-chisq
group_4525	1.00E-02	3.15E-01	1.00E+00	-7.41E-01	4.33E-01	2.18E-02	-5.80E-01	2.14E-01	bad-chisq
group_4524	1.00E-02	3.15E-01	1.00E+00	-7.41E-01	4.33E-01	2.18E-02	-5.80E-01	2.14E-01	bad-chisq
group_4523	1.00E-02	3.15E-01	1.00E+00	-7.41E-01	4.33E-01	2.18E-02	-5.80E-01	2.14E-01	bad-chisq
group_4522	1.00E-02	3.15E-01	1.00E+00	-7.41E-01	4.33E-01	2.18E-02	-5.80E-01	2.14E-01	bad-chisq
group_4521	1.00E-02	3.15E-01	1.00E+00	-7.41E-01	4.33E-01	2.18E-02	-5.80E-01	2.14E-01	bad-chisq
group_4520	1.00E-02	3.15E-01	1.00E+00	-7.41E-01	4.33E-01	2.18E-02	-5.80E-01	2.14E-01	bad-chisq
group_4519	1.00E-02	3.15E-01	1.00E+00	-7.41E-01	4.33E-01	2.18E-02	-5.80E-01	2.14E-01	bad-chisq
group_4518	1.00E-02	3.15E-01	1.00E+00	-7.41E-01	4.33E-01	2.18E-02	-5.80E-01	2.14E-01	bad-chisq
group_4517	1.00E-02	3.15E-01	1.00E+00	-7.41E-01	4.33E-01	2.18E-02	-5.80E-01	2.14E-01	bad-chisq
group_4515	1.00E-02	3.15E-01	1.00E+00	-7.41E-01	4.33E-01	2.18E-02	-5.80E-01	2.14E-01	bad-chisq
spw	1.00E-02	3.15E-01	1.00E+00	-7.41E-01	4.33E-01	2.18E-02	-5.80E-01	2.14E-01	bad-chisq
lsaE	1.00E-02	3.15E-01	1.00E+00	-7.41E-01	4.33E-01	2.18E-02	-5.80E-01	2.14E-01	bad-chisq
group_4514	1.00E-02	3.15E-01	1.00E+00	-7.41E-01	4.33E-01	2.18E-02	-5.80E-01	2.14E-01	bad-chisq
group_4513	1.00E-02	3.15E-01	1.00E+00	-7.41E-01	4.33E-01	2.18E-02	-5.80E-01	2.14E-01	bad-chisq
group_4512	1.00E-02	3.15E-01	1.00E+00	-7.41E-01	4.33E-01	2.18E-02	-5.80E-01	2.14E-01	bad-chisq
group_4511	1.00E-02	3.15E-01	1.00E+00	-7.41E-01	4.33E-01	2.18E-02	-5.80E-01	2.14E-01	bad-chisq
group_4510	1.00E-02	3.15E-01	1.00E+00	-7.41E-01	4.33E-01	2.18E-02	-5.80E-01	2.14E-01	bad-chisq
group_4508	1.00E-02	3.15E-01	1.00E+00	-7.41E-01	4.33E-01	2.18E-02	-5.80E-01	2.14E-01	bad-chisq
group_4506	1.00E-02	3.15E-01	1.00E+00	-7.41E-01	4.33E-01	2.18E-02	-5.80E-01	2.14E-01	bad-chisq
group_4505	1.00E-02	3.15E-01	1.00E+00	-7.41E-01	4.33E-01	2.18E-02	-5.80E-01	2.14E-01	bad-chisq
group_4504	1.00E-02	3.15E-01	1.00E+00	-7.41E-01	4.33E-01	2.18E-02	-5.80E-01	2.14E-01	bad-chisq
group_4503	1.00E-02	3.15E-01	1.00E+00	-7.41E-01	4.33E-01	2.18E-02	-5.80E-01	2.14E-01	bad-chisq
group_4502	1.00E-02	3.15E-01	1.00E+00	-7.41E-01	4.33E-01	2.18E-02	-5.80E-01	2.14E-01	bad-chisq
group_4501	1.00E-02	3.15E-01	1.00E+00	-7.41E-01	4.33E-01	2.18E-02	-5.80E-01	2.14E-01	bad-chisq
group_4499	1.00E-02	3.15E-01	1.00E+00	-7.41E-01	4.33E-01	2.18E-02	-5.80E-01	2.14E-01	bad-chisq
group_4498	1.00E-02	3.15E-01	1.00E+00	-7.41E-01	4.33E-01	2.18E-02	-5.80E-01	2.14E-01	bad-chisq
group_4497	1.00E-02	3.15E-01	1.00E+00	-7.41E-01	4.33E-01	2.18E-02	-5.80E-01	2.14E-01	bad-chisq
group_4496	1.00E-02	3.15E-01	1.00E+00	-7.41E-01	4.33E-01	2.18E-02	-5.80E-01	2.14E-01	bad-chisq
group_4495	1.00E-02	3.15E-01	1.00E+00	-7.41E-01	4.33E-01	2.18E-02	-5.80E-01	2.14E-01	bad-chisq
group_4494	1.00E-02	3.15E-01	1.00E+00	-7.41E-01	4.33E-01	2.18E-02	-5.80E-01	2.14E-01	bad-chisq
group_4493	1.00E-02	3.15E-01	1.00E+00	-7.41E-01	4.33E-01	2.18E-02	-5.80E-01	2.14E-01	bad-chisq
group_4492	1.00E-02	3.15E-01	1.00E+00	-7.41E-01	4.33E-01	2.18E-02	-5.80E-01	2.14E-01	bad-chisq
group_4490	1.00E-02	3.15E-01	1.00E+00	-7.41E-01	4.33E-01	2.18E-02	-5.80E-01	2.14E-01	bad-chisq
group_4489	1.00E-02	3.15E-01	1.00E+00	-7.41E-01	4.33E-01	2.18E-02	-5.80E-01	2.14E-01	bad-chisq
group_4486	1.00E-02	3.15E-01	1.00E+00	-7.41E-01	4.33E-01	2.18E-02	-5.80E-01	2.14E-01	bad-chisq
group_4485	1.00E-02	3.15E-01	1.00E+00	-7.41E-01	4.33E-01	2.18E-02	-5.80E-01	2.14E-01	bad-chisq
group_4484	1.00E-02	3.15E-01	1.00E+00	-7.41E-01	4.33E-01	2.18E-02	-5.80E-01	2.14E-01	bad-chisq
group_4483	1.00E-02	3.15E-01	1.00E+00	-7.41E-01	4.33E-01	2.18E-02	-5.80E-01	2.14E-01	bad-chisq
group_4482	1.00E-02	3.15E-01	1.00E+00	-7.41E-01	4.33E-01	2.18E-02	-5.80E-01	2.14E-01	bad-chisq
group_4481	1.00E-02	3.15E-01	1.00E+00	-7.41E-01	4.33E-01	2.18E-02	-5.80E-01	2.14E-01	bad-chisq
group_4480	1.00E-02	3.15E-01	1.00E+00	-7.41E-01	4.33E-01	2.18E-02	-5.80E-01	2.14E-01	bad-chisq
group_4475	1.00E-02	3.15E-01	1.00E+00	-7.41E-01	4.33E-01	2.18E-02	-5.80E-01	2.14E-01	bad-chisq
group_4460	1.00E-02	3.15E-01	1.00E+00	-1.20E+00	4.33E-01	2.97E-02	-1.26E+00	1.48E-01	bad-chisq
group_4393	1.00E-02	3.15E-01	1.00E+00	-1.19E+00	4.33E-01	2.97E-02	-1.26E+00	1.24E-01	bad-chisq
group_4392	1.00E-02	3.15E-01	1.00E+00	-1.19E+00	4.33E-01	2.97E-02	-1.26E+00	1.24E-01	bad-chisq
group_4391	1.00E-02	3.15E-01	1.00E+00	-1.19E+00	4.33E-01	2.97E-02	-1.26E+00	1.24E-01	bad-chisq
group_4390	1.00E-02	3.15E-01	1.00E+00	-1.19E+00	4.33E-01	2.97E-02	-1.26E+00	1.24E-01	bad-chisq
group_4389	1.00E-02	3.15E-01	1.00E+00	-1.19E+00	4.33E-01	2.97E-02	-1.26E+00	1.24E-01	bad-chisq
group_4388	1.00E-02	3.15E-01	1.00E+00	-1.19E+00	4.33E-01	2.97E-02	-1.26E+00	1.24E-01	bad-chisq
group_4386	1.00E-02	3.15E-01	1.00E+00	-1.24E+00	4.33E-01	3.01E-02	-1.27E+00	1.86E-01	bad-chisq
group_4385	1.00E-02	3.15E-01	1.00E+00	-1.24E+00	4.33E-01	3.01E-02	-1.27E+00	1.86E-01	bad-chisq
group_4384	1.00E-02	3.15E-01	1.00E+00	-1.19E+00	4.33E-01	2.97E-02	-1.26E+00	1.24E-01	bad-chisq
group_4356	1.00E-02	3.15E-01	1.00E+00	-1.09E+00	4.33E-01	2.86E-02	-1.18E+00	1.23E-01	bad-chisq
group_4355	1.00E-02	3.15E-01	1.00E+00	-1.09E+00	4.33E-01	2.86E-02	-1.18E+00	1.23E-01	bad-chisq
group_4354	1.00E-02	3.15E-01	1.00E+00	-1.09E+00	4.33E-01	2.86E-02	-1.18E+00	1.23E-01	bad-chisq
group_4353	1.00E-02	3.15E-01	1.00E+00	-1.09E+00	4.33E-01	2.86E-02	-1.18E+00	1.23E-01	bad-chisq
group_4352	1.00E-02	3.15E-01	1.00E+00	-1.09E+00	4.33E-01	2.86E-02	-1.18E+00	1.23E-01	bad-chisq
group_4351	1.00E-02	3.15E-01	1.00E+00	-1.09E+00	4.33E-01	2.86E-02	-1.18E+00	1.23E-01	bad-chisq
group_4350	1.00E-02	3.15E-01	1.00E+00	-1.09E+00	4.33E-01	2.86E-02	-1.18E+00	1.23E-01	bad-chisq
group_4348	1.00E-02	3.15E-01	1.00E+00	-1.09E+00	4.33E-01	2.86E-02	-1.18E+00	1.23E-01	bad-chisq
group_4347	1.00E-02	3.15E-01	1.00E+00	-1.09E+00	4.33E-01	2.86E-02	-1.18E+00	1.23E-01	bad-chisq
group_4346	1.00E-02	3.15E-01	1.00E+00	-1.09E+00	4.33E-01	2.86E-02	-1.18E+00	1.23E-01	bad-chisq
group_4345	1.00E-02	3.15E-01	1.00E+00	-1.09E+00	4.33E-01	2.86E-02	-1.18E+00	1.23E-01	bad-chisq
group_4344	1.00E-02	3.15E-01	1.00E+00	-1.09E+00	4.33E-01	2.86E-02	-1.18E+00	1.23E-01	bad-chisq
group_4343	1.00E-02	3.15E-01	1.00E+00	-1.09E+00	4.33E-01	2.86E-02	-1.18E+00	1.23E-01	bad-chisq
group_4342	1.00E-02	3.15E-01	1.00E+00	-1.09E+00	4.33E-01	2.86E-02	-1.18E+00	1.23E-01	bad-chisq
group_4341	1.00E-02	3.15E-01	1.00E+00	-1.09E+00	4.33E-01	2.86E-02	-1.18E+00	1.23E-01	bad-chisq
group_4340	1.00E-02	3.15E-01	1.00E+00	-1.09E+00	4.33E-01	2.86E-02	-1.18E+00	1.23E-01	bad-chisq
group_4242	1.00E-02	3.15E-01	1.00E+00	-4.60E-01	4.33E-01	1.92E-02	-7.41E-01	-2.57E-02	bad-chisq
group_4239	1.00E-02	3.15E-01	1.00E+00	-4.60E-01	4.33E-01	1.92E-02	-7.41E-01	-2.57E-02	bad-chisq
group_4229	1.00E-02	3.15E-01	1.00E+00	-4.60E-01	4.33E-01	1.92E-02	-7.41E-01	-2.57E-02	bad-chisq
group_4228	1.00E-02	3.15E-01	1.00E+00	-4.60E-01	4.33E-01	1.92E-02	-7.41E-01	-2.57E-02	bad-chisq
merA	1.00E-02	3.15E-01	1.00E+00	-4.60E-01	4.33E-01	1.92E-02	-7.41E-01	-2.57E-02	bad-chisq
group_4226	1.00E-02	3.15E-01	1.00E+00	-4.60E-01	4.33E-01	1.92E-02	-7.41E-01	-2.57E-02	bad-chisq
group_4223	1.00E-02	3.15E-01	1.00E+00	-1.14E+00	4.33E-01	2.90E-02	-1.19E+00	1.81E-01	bad-chisq
group_4222	1.00E-02	3.15E-01	1.00E+00	-1.14E+00	4.33E-01	2.90E-02	-1.19E+00	1.81E-01	bad-chisq
group_4221	1.00E-02	3.15E-01	1.00E+00	-1.14E+00	4.33E-01	2.90E-02	-1.19E+00	1.81E-01	bad-chisq
group_4220	1.00E-02	3.15E-01	1.00E+00	-1.14E+00	4.33E-01	2.90E-02	-1.19E+00	1.81E-01	bad-chisq
group_4152	1.00E-02	3.15E-01	1.00E+00	-4.60E-01	4.33E-01	1.92E-02	-7.41E-01	-2.57E-02	bad-chisq
group_4150	1.00E-02	3.15E-01	1.00E+00	-4.60E-01	4.33E-01	1.92E-02	-7.41E-01	-2.57E-02	bad-chisq
group_4133	1.00E-02	3.15E-01	1.00E+00	-4.60E-01	4.33E-01	1.92E-02	-7.41E-01	-2.57E-02	bad-chisq
group_4130	1.00E-02	3.15E-01	1.00E+00	-1.14E+00	4.33E-01	2.93E-02	-1.23E+00	3.74E-02	bad-chisq
group_4124	1.00E-02	3.15E-01	1.00E+00	-7.41E-01	4.33E-01	2.18E-02	-5.80E-01	2.14E-01	bad-chisq
group_4116	1.00E-02	3.15E-01	1.00E+00	1.13E+00	4.33E-01	-1.10E-02	-1.19E+00	1.83E-01	bad-chisq
group_4098	1.00E-02	3.15E-01	1.00E+00	-4.60E-01	4.33E-01	1.92E-02	-7.41E-01	-2.57E-02	bad-chisq
group_4028	1.00E-02	3.15E-01	1.00E+00	1.04E+00	4.33E-01	-9.84E-03	-1.16E+00	2.13E-02	bad-chisq
group_4014	1.00E-02	3.15E-01	1.00E+00	1.04E+00	4.33E-01	-9.84E-03	-1.16E+00	2.13E-02	bad-chisq
group_3983	1.00E-02	3.15E-01	1.00E+00	1.06E+00	4.33E-01	-1.01E-02	-1.18E+00	4.39E-02	bad-chisq
fosXCC	1.00E-02	3.15E-01	1.00E+00	-1.20E+00	4.33E-01	2.97E-02	-1.25E+00	1.50E-01	bad-chisq
group_3962	1.00E-02	3.15E-01	1.00E+00	-4.60E-01	4.33E-01	1.92E-02	-7.41E-01	-2.57E-02	bad-chisq
group_3932	1.00E-02	3.15E-01	1.00E+00	-1.18E+00	4.33E-01	2.97E-02	-1.26E+00	-3.79E-03	bad-chisq
group_3902	1.00E-02	3.15E-01	1.00E+00	-4.60E-01	4.33E-01	1.92E-02	-7.41E-01	-2.57E-02	bad-chisq
group_3856	1.00E-02	3.15E-01	1.00E+00	-4.60E-01	4.33E-01	1.92E-02	-7.41E-01	-2.57E-02	bad-chisq
group_3767	1.00E-02	3.15E-01	1.00E+00	-4.60E-01	4.33E-01	1.92E-02	-7.41E-01	-2.57E-02	bad-chisq
group_3734	1.00E-02	3.15E-01	1.00E+00	1.04E+00	4.33E-01	-9.84E-03	-1.16E+00	2.13E-02	bad-chisq
group_3733	1.00E-02	3.15E-01	1.00E+00	-4.60E-01	4.33E-01	1.92E-02	-7.41E-01	-2.57E-02	bad-chisq
group_3682	1.00E-02	3.15E-01	1.00E+00	1.04E+00	4.33E-01	-9.84E-03	-1.16E+00	2.13E-02	bad-chisq
group_3591	1.00E-02	3.15E-01	1.00E+00	1.13E+00	4.33E-01	-1.10E-02	-1.19E+00	1.83E-01	bad-chisq
group_3586	1.00E-02	3.15E-01	1.00E+00	-1.22E+00	4.33E-01	2.99E-02	-1.26E+00	1.78E-01	bad-chisq
group_3548	1.00E-02	3.15E-01	1.00E+00	-1.19E+00	4.33E-01	2.97E-02	-1.26E+00	1.24E-01	bad-chisq
group_3427	1.00E-02	3.15E-01	1.00E+00	-1.09E+00	4.33E-01	2.86E-02	-1.18E+00	1.23E-01	bad-chisq
group_3361	1.00E-02	3.15E-01	1.00E+00	-4.60E-01	4.33E-01	1.92E-02	-7.41E-01	-2.57E-02	bad-chisq
group_3350	1.00E-02	3.15E-01	1.00E+00	-4.60E-01	4.33E-01	1.92E-02	-7.41E-01	-2.57E-02	bad-chisq
group_3337	1.00E-02	3.15E-01	1.00E+00	-7.41E-01	4.33E-01	2.18E-02	-5.80E-01	2.14E-01	bad-chisq
group_3289	1.00E-02	3.15E-01	1.00E+00	-1.20E+00	4.33E-01	2.97E-02	-1.25E+00	1.50E-01	bad-chisq
group_3261	1.00E-02	3.15E-01	1.00E+00	-4.60E-01	4.33E-01	1.92E-02	-7.41E-01	-2.57E-02	bad-chisq
group_3256	1.00E-02	3.15E-01	1.00E+00	1.04E+00	4.33E-01	-9.84E-03	-1.16E+00	2.13E-02	bad-chisq
group_3241	1.00E-02	3.15E-01	1.00E+00	1.04E+00	4.33E-01	-9.84E-03	-1.16E+00	2.13E-02	bad-chisq
group_3233	1.00E-02	3.15E-01	1.00E+00	1.04E+00	4.33E-01	-9.84E-03	-1.16E+00	2.13E-02	bad-chisq
group_3231	1.00E-02	3.15E-01	1.00E+00	-7.41E-01	4.33E-01	2.18E-02	-5.80E-01	2.14E-01	bad-chisq
group_3230	1.00E-02	3.15E-01	1.00E+00	-7.41E-01	4.33E-01	2.18E-02	-5.80E-01	2.14E-01	bad-chisq
group_3202	1.00E-02	3.15E-01	1.00E+00	-4.60E-01	4.33E-01	1.92E-02	-7.41E-01	-2.57E-02	bad-chisq
group_3195	1.00E-02	3.15E-01	1.00E+00	-4.60E-01	4.33E-01	1.92E-02	-7.41E-01	-2.57E-02	bad-chisq
group_3188	1.00E-02	3.15E-01	1.00E+00	-4.60E-01	4.33E-01	1.92E-02	-7.41E-01	-2.57E-02	bad-chisq
group_3133	1.00E-02	3.15E-01	1.00E+00	-1.14E+00	4.33E-01	2.93E-02	-1.23E+00	3.74E-02	bad-chisq
group_3108	1.00E-02	3.15E-01	1.00E+00	-7.41E-01	4.33E-01	2.18E-02	-5.80E-01	2.14E-01	bad-chisq
ddcY	1.00E-02	3.15E-01	1.00E+00	-1.09E+00	4.33E-01	2.86E-02	-1.18E+00	1.23E-01	bad-chisq
vanR	1.00E-02	3.15E-01	1.00E+00	-1.09E+00	4.33E-01	2.86E-02	-1.18E+00	1.23E-01	bad-chisq
group_3027	1.00E-02	3.15E-01	1.00E+00	-7.41E-01	4.33E-01	2.18E-02	-5.80E-01	2.14E-01	bad-chisq
group_3011	1.00E-02	3.15E-01	1.00E+00	1.04E+00	4.33E-01	-9.84E-03	-1.16E+00	2.13E-02	bad-chisq
group_2946	1.00E-02	3.15E-01	1.00E+00	1.06E+00	4.33E-01	-1.02E-02	-1.18E+00	1.06E-01	bad-chisq
group_2945	1.00E-02	3.15E-01	1.00E+00	-7.41E-01	4.33E-01	2.18E-02	-5.80E-01	2.14E-01	bad-chisq
group_2935	1.00E-02	3.15E-01	1.00E+00	-1.19E+00	4.33E-01	2.97E-02	-1.26E+00	1.24E-01	bad-chisq
group_2812	1.00E-02	3.15E-01	1.00E+00	-1.09E+00	4.33E-01	2.86E-02	-1.18E+00	1.23E-01	bad-chisq
group_2798	1.00E-02	3.15E-01	1.00E+00	1.06E+00	4.33E-01	-1.01E-02	-1.19E+00	6.66E-02	bad-chisq
group_2789	1.00E-02	3.15E-01	1.00E+00	1.04E+00	4.33E-01	-9.84E-03	-1.16E+00	2.13E-02	bad-chisq
group_2760	1.00E-02	3.15E-01	1.00E+00	-4.60E-01	4.33E-01	1.92E-02	-7.41E-01	-2.57E-02	bad-chisq
group_2730	1.00E-02	3.15E-01	1.00E+00	1.04E+00	4.33E-01	-9.84E-03	-1.16E+00	2.13E-02	bad-chisq
group_2686	1.00E-02	3.15E-01	1.00E+00	-4.60E-01	4.33E-01	1.92E-02	-7.41E-01	-2.57E-02	bad-chisq
group_2660	1.00E-02	3.15E-01	1.00E+00	-4.60E-01	4.33E-01	1.92E-02	-7.41E-01	-2.57E-02	bad-chisq
group_2648	1.00E-02	3.15E-01	1.00E+00	-4.60E-01	4.33E-01	1.92E-02	-7.41E-01	-2.57E-02	bad-chisq
group_2626	1.00E-02	3.15E-01	1.00E+00	-4.60E-01	4.33E-01	1.92E-02	-7.41E-01	-2.57E-02	bad-chisq
group_2612	1.00E-02	3.15E-01	1.00E+00	-7.41E-01	4.33E-01	2.18E-02	-5.80E-01	2.14E-01	bad-chisq
drrA	1.00E-02	3.15E-01	1.00E+00	-7.41E-01	4.33E-01	2.18E-02	-5.80E-01	2.14E-01	bad-chisq
group_2517	1.00E-02	3.15E-01	1.00E+00	-7.41E-01	4.33E-01	2.18E-02	-5.80E-01	2.14E-01	bad-chisq
group_2514	1.00E-02	3.15E-01	1.00E+00	1.12E+00	4.33E-01	-1.09E-02	-1.19E+00	1.74E-01	bad-chisq
group_2513	1.00E-02	3.15E-01	1.00E+00	-1.19E+00	4.33E-01	2.97E-02	-1.26E+00	1.24E-01	bad-chisq
group_2505	1.00E-02	3.15E-01	1.00E+00	-1.09E+00	4.33E-01	2.86E-02	-1.18E+00	1.23E-01	bad-chisq
group_2504	1.00E-02	3.15E-01	1.00E+00	-1.09E+00	4.33E-01	2.86E-02	-1.18E+00	1.23E-01	bad-chisq
group_2447	1.00E-02	3.15E-01	1.00E+00	-4.60E-01	4.33E-01	1.92E-02	-7.41E-01	-2.57E-02	bad-chisq
group_2437	1.00E-02	3.15E-01	1.00E+00	-4.60E-01	4.33E-01	1.92E-02	-7.41E-01	-2.57E-02	bad-chisq
group_2404	1.00E-02	3.15E-01	1.00E+00	-1.09E+00	4.33E-01	2.86E-02	-1.18E+00	1.23E-01	bad-chisq
group_2387	1.00E-02	3.15E-01	1.00E+00	-4.60E-01	4.33E-01	1.92E-02	-7.41E-01	-2.57E-02	bad-chisq
group_2372	1.00E-02	3.15E-01	1.00E+00	-4.60E-01	4.33E-01	1.92E-02	-7.41E-01	-2.57E-02	bad-chisq
group_2366	1.00E-02	3.15E-01	1.00E+00	1.12E+00	4.33E-01	-1.09E-02	-1.19E+00	1.74E-01	bad-chisq
group_2355	1.00E-02	3.15E-01	1.00E+00	1.06E+00	4.33E-01	-1.01E-02	-1.19E+00	6.66E-02	bad-chisq
group_2324	1.00E-02	3.15E-01	1.00E+00	-4.60E-01	4.33E-01	1.92E-02	-7.41E-01	-2.57E-02	bad-chisq
group_2313	1.00E-02	3.15E-01	1.00E+00	-1.09E+00	4.33E-01	2.86E-02	-1.18E+00	1.23E-01	bad-chisq
group_2305	1.00E-02	3.15E-01	1.00E+00	-1.09E+00	4.33E-01	2.86E-02	-1.18E+00	1.23E-01	bad-chisq
group_2295	1.00E-02	3.15E-01	1.00E+00	-1.19E+00	4.33E-01	2.97E-02	-1.26E+00	1.24E-01	bad-chisq
group_2275	1.00E-02	3.15E-01	1.00E+00	-4.60E-01	4.33E-01	1.92E-02	-7.41E-01	-2.57E-02	bad-chisq
group_2258	1.00E-02	3.15E-01	1.00E+00	-4.60E-01	4.33E-01	1.92E-02	-7.41E-01	-2.57E-02	bad-chisq
group_2249	1.00E-02	3.15E-01	1.00E+00	-7.41E-01	4.33E-01	2.18E-02	-5.80E-01	2.14E-01	bad-chisq
group_2232	1.00E-02	3.15E-01	1.00E+00	-1.14E+00	4.33E-01	2.93E-02	-1.23E+00	3.74E-02	bad-chisq
group_2215	1.00E-02	3.15E-01	1.00E+00	-4.60E-01	4.33E-01	1.92E-02	-7.41E-01	-2.57E-02	bad-chisq
group_2199	1.00E-02	3.15E-01	1.00E+00	-4.60E-01	4.33E-01	1.92E-02	-7.41E-01	-2.57E-02	bad-chisq
group_2196	1.00E-02	3.15E-01	1.00E+00	-4.60E-01	4.33E-01	1.92E-02	-7.41E-01	-2.57E-02	bad-chisq
group_2185	1.00E-02	3.15E-01	1.00E+00	-4.60E-01	4.33E-01	1.92E-02	-7.41E-01	-2.57E-02	bad-chisq
group_2182	1.00E-02	3.15E-01	1.00E+00	-4.60E-01	4.33E-01	1.92E-02	-7.41E-01	-2.57E-02	bad-chisq
group_2150	1.00E-02	3.15E-01	1.00E+00	-1.09E+00	4.33E-01	2.86E-02	-1.18E+00	1.23E-01	bad-chisq
group_2141	1.00E-02	3.15E-01	1.00E+00	-1.09E+00	4.33E-01	2.86E-02	-1.18E+00	1.23E-01	bad-chisq
group_2067	1.00E-02	3.15E-01	1.00E+00	-4.60E-01	4.33E-01	1.92E-02	-7.41E-01	-2.57E-02	bad-chisq
group_2008	1.00E-02	3.15E-01	1.00E+00	1.04E+00	4.33E-01	-9.84E-03	-1.16E+00	2.13E-02	bad-chisq
group_1996	1.00E-02	3.15E-01	1.00E+00	-4.60E-01	4.33E-01	1.92E-02	-7.41E-01	-2.57E-02	bad-chisq
group_1993	1.00E-02	3.15E-01	1.00E+00	-4.60E-01	4.33E-01	1.92E-02	-7.41E-01	-2.57E-02	bad-chisq
group_1932	1.00E-02	3.15E-01	1.00E+00	-1.20E+00	4.33E-01	2.97E-02	-1.26E+00	1.48E-01	bad-chisq
group_1918	1.00E-02	3.15E-01	1.00E+00	-4.60E-01	4.33E-01	1.92E-02	-7.41E-01	-2.57E-02	bad-chisq
group_1912	1.00E-02	3.15E-01	1.00E+00	-7.41E-01	4.33E-01	2.18E-02	-5.80E-01	2.14E-01	bad-chisq
group_1905	1.00E-02	3.15E-01	1.00E+00	-1.22E+00	4.33E-01	2.99E-02	-1.26E+00	1.78E-01	bad-chisq
group_1891	1.00E-02	3.15E-01	1.00E+00	-4.60E-01	4.33E-01	1.92E-02	-7.41E-01	-2.57E-02	bad-chisq
group_1821	1.00E-02	3.15E-01	1.00E+00	-4.60E-01	4.33E-01	1.92E-02	-7.41E-01	-2.57E-02	bad-chisq
group_1803	1.00E-02	3.15E-01	1.00E+00	-1.14E+00	4.33E-01	2.92E-02	-1.23E+00	5.15E-02	bad-chisq
group_1783	1.00E-02	3.15E-01	1.00E+00	-4.60E-01	4.33E-01	1.92E-02	-7.41E-01	-2.57E-02	bad-chisq
group_1765	1.00E-02	3.15E-01	1.00E+00	-1.19E+00	4.33E-01	2.97E-02	-1.26E+00	1.24E-01	bad-chisq
group_1759	1.00E-02	3.15E-01	1.00E+00	1.06E+00	4.33E-01	-1.02E-02	-1.18E+00	1.06E-01	bad-chisq
group_1754	1.00E-02	3.15E-01	1.00E+00	-4.60E-01	4.33E-01	1.92E-02	-7.41E-01	-2.57E-02	bad-chisq
group_1738	1.00E-02	3.15E-01	1.00E+00	-4.60E-01	4.33E-01	1.92E-02	-7.41E-01	-2.57E-02	bad-chisq
group_1679	1.00E-02	3.15E-01	1.00E+00	-4.60E-01	4.33E-01	1.92E-02	-7.41E-01	-2.57E-02	bad-chisq
group_1569	1.00E-02	3.15E-01	1.00E+00	1.04E+00	4.33E-01	-9.84E-03	-1.16E+00	2.13E-02	bad-chisq
group_1492	1.00E-02	3.15E-01	1.00E+00	-4.60E-01	4.33E-01	1.92E-02	-7.41E-01	-2.57E-02	bad-chisq
group_1459	1.00E-02	3.15E-01	1.00E+00	1.04E+00	4.33E-01	-9.84E-03	-1.16E+00	2.13E-02	bad-chisq
group_1445	1.00E-02	3.15E-01	1.00E+00	-4.60E-01	4.33E-01	1.92E-02	-7.41E-01	-2.57E-02	bad-chisq
group_1432	1.00E-02	3.15E-01	1.00E+00	-7.41E-01	4.33E-01	2.18E-02	-5.80E-01	2.14E-01	bad-chisq
group_1420	1.00E-02	3.15E-01	1.00E+00	-1.09E+00	4.33E-01	2.86E-02	-1.18E+00	1.23E-01	bad-chisq
group_1368	1.00E-02	3.15E-01	1.00E+00	-4.60E-01	4.33E-01	1.92E-02	-7.41E-01	-2.57E-02	bad-chisq
group_1301	1.00E-02	3.15E-01	1.00E+00	-4.60E-01	4.33E-01	1.92E-02	-7.41E-01	-2.57E-02	bad-chisq
group_1178	1.00E-02	3.15E-01	1.00E+00	-1.09E+00	4.33E-01	2.86E-02	-1.18E+00	1.23E-01	bad-chisq
group_1129	1.00E-02	3.15E-01	1.00E+00	-1.19E+00	4.33E-01	2.97E-02	-1.26E+00	1.24E-01	bad-chisq
group_1085	1.00E-02	3.15E-01	1.00E+00	-4.60E-01	4.33E-01	1.92E-02	-7.41E-01	-2.57E-02	bad-chisq
group_999	1.00E-02	3.15E-01	1.00E+00	-1.09E+00	4.33E-01	2.86E-02	-1.18E+00	1.23E-01	bad-chisq
group_994	1.00E-02	3.15E-01	1.00E+00	1.04E+00	4.33E-01	-9.84E-03	-1.16E+00	2.13E-02	bad-chisq
group_985	1.00E-02	3.15E-01	1.00E+00	1.13E+00	4.33E-01	-1.10E-02	-1.19E+00	1.83E-01	bad-chisq
group_918	1.00E-02	3.15E-01	1.00E+00	-4.60E-01	4.33E-01	1.92E-02	-7.41E-01	-2.57E-02	bad-chisq
group_901	1.00E-02	3.15E-01	1.00E+00	-1.13E+00	4.33E-01	2.91E-02	-1.22E+00	1.88E-02	bad-chisq
radD	1.00E-02	3.15E-01	1.00E+00	-4.60E-01	4.33E-01	1.92E-02	-7.41E-01	-2.57E-02	bad-chisq
group_868	1.00E-02	3.15E-01	1.00E+00	-1.19E+00	4.33E-01	2.97E-02	-1.26E+00	1.24E-01	bad-chisq
group_791	1.00E-02	3.15E-01	1.00E+00	-1.09E+00	4.33E-01	2.86E-02	-1.18E+00	1.23E-01	bad-chisq
group_785	1.00E-02	3.15E-01	1.00E+00	-1.14E+00	4.33E-01	2.90E-02	-1.19E+00	1.81E-01	bad-chisq
group_768	1.00E-02	3.15E-01	1.00E+00	-7.41E-01	4.33E-01	2.18E-02	-5.80E-01	2.14E-01	bad-chisq
group_702	1.00E-02	3.15E-01	1.00E+00	1.04E+00	4.33E-01	-9.84E-03	-1.16E+00	2.13E-02	bad-chisq
group_700	1.00E-02	3.15E-01	1.00E+00	-4.60E-01	4.33E-01	1.92E-02	-7.41E-01	-2.57E-02	bad-chisq
group_673	1.00E-02	3.15E-01	1.00E+00	-1.11E+00	4.33E-01	2.88E-02	-1.18E+00	1.56E-01	bad-chisq
group_546	1.00E-02	3.15E-01	1.00E+00	1.04E+00	4.33E-01	-9.84E-03	-1.16E+00	2.13E-02	bad-chisq
yjgF	1.00E-02	3.15E-01	1.00E+00	1.04E+00	4.33E-01	-9.84E-03	-1.16E+00	2.13E-02	bad-chisq
group_456	1.00E-02	3.15E-01	1.00E+00	-4.60E-01	4.33E-01	1.92E-02	-7.41E-01	-2.57E-02	bad-chisq
group_450	1.00E-02	3.15E-01	1.00E+00	-7.41E-01	4.33E-01	2.18E-02	-5.80E-01	2.14E-01	bad-chisq
group_422	1.00E-02	3.15E-01	1.00E+00	-1.14E+00	4.33E-01	2.90E-02	-1.19E+00	1.81E-01	bad-chisq
group_415	1.00E-02	3.15E-01	1.00E+00	-1.19E+00	4.33E-01	2.97E-02	-1.26E+00	1.24E-01	bad-chisq
group_396	1.00E-02	3.15E-01	1.00E+00	-1.19E+00	4.33E-01	2.97E-02	-1.26E+00	1.24E-01	bad-chisq
group_370	1.00E-02	3.15E-01	1.00E+00	1.04E+00	4.33E-01	-9.84E-03	-1.16E+00	2.13E-02	bad-chisq
group_332	1.00E-02	3.15E-01	1.00E+00	-4.60E-01	4.33E-01	1.92E-02	-7.41E-01	-2.57E-02	bad-chisq
group_313	1.00E-02	3.15E-01	1.00E+00	-1.14E+00	4.33E-01	2.90E-02	-1.19E+00	1.81E-01	bad-chisq
group_258	1.00E-02	3.15E-01	1.00E+00	-4.60E-01	4.33E-01	1.92E-02	-7.41E-01	-2.57E-02	bad-chisq
group_240	1.00E-02	3.15E-01	1.00E+00	1.09E+00	4.33E-01	-1.04E-02	-1.21E+00	8.28E-02	bad-chisq
group_166	1.00E-02	3.15E-01	1.00E+00	1.04E+00	4.33E-01	-9.84E-03	-1.16E+00	2.13E-02	bad-chisq
group_137	1.00E-02	3.15E-01	1.00E+00	-7.41E-01	4.33E-01	2.18E-02	-5.80E-01	2.14E-01	bad-chisq
group_99	1.00E-02	3.15E-01	1.00E+00	-4.60E-01	4.33E-01	1.92E-02	-7.41E-01	-2.57E-02	bad-chisq
group_76	1.00E-02	3.15E-01	1.00E+00	1.06E+00	4.33E-01	-1.02E-02	-1.18E+00	1.06E-01	bad-chisq
group_62	1.00E-02	3.15E-01	1.00E+00	-7.41E-01	4.33E-01	2.18E-02	-5.80E-01	2.14E-01	bad-chisq
group_35	1.00E-02	3.15E-01	1.00E+00	1.04E+00	4.33E-01	-9.84E-03	-1.16E+00	2.13E-02	bad-chisq
group_5	1.00E-02	3.15E-01	1.00E+00	1.06E+00	4.33E-01	-1.01E-02	-1.19E+00	6.66E-02	bad-chisq
